Strategy,Tier,Ticker,Signal Date,rows,pnl,risk,gap_atr,size_mult,any_eodd,all_tgt,all_time,far_time,far_R,entry,R,year,era,path_gap,path_size,exit_pos,rank_2d,rank_5d,rank_10d,rank_21d,extremity,cell,sector,semis,megacap_tech,theme
Overbot Vol Spike,Overflow,WGO,2003-04-22,2,945.0,900.0,0.10359692255594871,0.2,False,False,False,True,1.0827901271401204,2003-04-23,1.05,2003,pre,P2,P2,Mixed,92.00968523002422,96.11178614823815,95.59902200488997,91.07806691449815,93.69964007441261,bottom,Consumer Cyclical,False,False,False
Overbot Vol Spike,Overflow,OI,2003-05-15,1,-1086.0,900.0,0.019774109135688448,0.2,True,False,False,False,,2003-05-16,-1.2066666666666668,2003,pre,P2,P2,EOD-DD,90.39145907473309,96.9047619047619,96.52694610778443,93.3252427184466,94.28710245143151,top,Consumer Cyclical,False,False,False
Overbot Vol Spike,Liquid,REGN,2003-05-23,2,-1761.0,900.0,0.04439863306066065,0.2,False,False,True,True,-1.9563093944326464,2003-05-27,-1.9566666666666668,2003,pre,P2,P2,Time,91.16607773851591,99.40898345153664,98.69203329369797,97.34939759036145,96.654123018528,top,Healthcare,False,False,False
Overbot Vol Spike,Overflow,FITB,2003-05-29,1,-454.0,900.0,0.11735499190120138,0.2,True,False,False,False,,2003-05-30,-0.5044444444444445,2003,pre,P2,P2,EOD-DD,91.07981220657277,92.93286219081273,92.41706161137441,93.51740696278512,92.48678574288625,bottom,Financial Services,False,False,False
Overbot Vol Spike,Overflow,AEIS,2003-05-30,2,-1416.0,4500.0,0.5682051752172423,1.0,False,False,False,True,-1.1912178764115733,2003-06-02,-0.31466666666666665,2003,pre,P1,P1,Mixed,97.06916764361078,99.41176470588235,91.9526627218935,93.04556354916068,95.36978965513683,top,Industrials,False,False,False
Overbot Vol Spike,Overflow,DHI,2003-06-04,2,1178.0,900.0,0.01159151387697878,0.2,False,False,False,True,1.5160937932386616,2003-06-05,1.308888888888889,2003,pre,P2,P2,Mixed,88.78504672897196,90.2696365767878,96.10849056603774,92.1146953405018,91.81946730307483,bottom,Consumer Cyclical,False,False,False
Overbot Vol Spike,Liquid,WHR,2003-06-11,2,-759.0,900.0,0.08478799706120405,0.2,False,False,True,True,-0.8440827735919313,2003-06-12,-0.8433333333333334,2003,pre,P2,P2,Time,92.79907084785134,88.34498834498834,95.54513481828839,90.61757719714964,91.82669280206943,bottom,Consumer Cyclical,False,False,False
Overbot Vol Spike,Liquid,HUM,2003-06-11,2,-1372.0,900.0,8.873600004732587e-06,0.2,False,False,True,True,-1.5237737035448662,2003-06-12,-1.5244444444444445,2003,pre,P2,P2,Time,94.13472706155633,94.17249417249417,90.38686987104337,92.04275534441805,92.684211612378,bottom,Healthcare,False,False,False
Overbot Vol Spike,Overflow,BJRI,2003-07-07,2,7200.0,4500.0,0.33052104866566473,1.0,False,True,False,False,1.9997923347079132,2003-07-08,1.6,2003,pre,P1,P1,Target,94.76082004555809,94.28571428571428,89.02298850574712,86.37951105937137,91.1122584740977,bottom,Consumer Cyclical,False,False,False
Overbot Vol Spike,Overflow,EHC,2003-11-28,2,-7449.0,4500.0,0.4811034954270498,1.0,False,False,True,True,-1.6555232389076318,2003-12-01,-1.6553333333333333,2003,pre,P1,P1,Time,85.61224489795919,94.16581371545547,90.94650205761316,89.69823100936524,90.10569792009827,bottom,Healthcare,False,False,False
Overbot Vol Spike,Overflow,CMI,2004-04-06,2,680.0,900.0,0.05470817447969509,0.2,False,False,False,True,0.592662959486988,2004-04-07,0.7555555555555555,2004,pre,P2,P2,Mixed,97.09737827715355,94.83568075117371,96.1320754716981,94.18493803622498,95.56251813406259,top,Industrials,False,False,False
Overbot Vol Spike,Overflow,INGR,2004-11-30,2,42.0,900.0,2.0718161781095973e-05,0.2,False,False,True,True,0.0470724481860696,2004-12-01,0.04666666666666667,2004,pre,P2,P2,Time,86.52597402597402,91.29373474369406,85.7843137254902,92.74525968672712,89.08732054547134,bottom,Consumer Defensive,False,False,False
Overbot Vol Spike,Liquid,MRK,2004-12-14,2,-9676.0,4500.0,0.5836278221183974,1.0,False,False,True,True,-2.1504349680609147,2004-12-15,-2.1502222222222223,2004,pre,P1,P1,Time,89.69404186795491,93.62389023405973,91.65316045380875,94.6852003270646,92.414073220722,bottom,Healthcare,False,False,False
Overbot Vol Spike,Liquid,MRK,2004-12-15,2,-86.0,900.0,0.11489050845516086,0.2,False,False,False,True,-0.8248303407479884,2004-12-16,-0.09555555555555556,2004,pre,P2,P2,Mixed,96.94288012872083,93.62903225806451,96.92307692307692,95.01633986928104,95.62783229478583,top,Healthcare,False,False,False
Overbot Vol Spike,Liquid,VLO,2005-02-24,1,-1101.0,900.0,0.004877784416084727,0.2,True,False,False,False,,2005-02-25,-1.2233333333333334,2005,pre,P2,P2,EOD-DD,85.67002323780015,93.09006211180125,97.66173031956352,99.60691823899371,94.00718347703966,top,Energy,False,False,False
Overbot Vol Spike,Liquid,XOM,2005-02-24,1,-3410.0,4500.0,0.3169983344799382,1.0,True,False,False,False,,2005-02-25,-0.7577777777777778,2005,pre,P1,P1,EOD-DD,98.06351665375678,94.02173913043478,99.14263445050663,99.92138364779875,97.78731847062423,top,Energy,False,False,False
Overbot Vol Spike,Overflow,CMC,2005-02-24,2,870.0,900.0,0.1701025078629675,0.2,False,False,False,True,0.9459954744167386,2005-02-25,0.9666666666666667,2005,pre,P2,P2,Mixed,97.90859798605732,92.85714285714286,98.28526890101324,99.29245283018868,97.08586564360051,top,Industrials,False,False,False
Overbot Vol Spike,Overflow,IMO,2005-03-03,2,2825.0,4500.0,0.4258680254609864,1.0,False,False,False,True,0.37959524725475274,2005-03-04,0.6277777777777778,2005,pre,P1,P1,Mixed,89.73765432098766,86.6202629543697,98.36956521739131,98.82537196554424,93.38821361457323,bottom,Energy,False,False,False
Overbot Vol Spike,Overflow,SU,2005-06-15,2,-4565.0,4500.0,0.3072613488286253,1.0,False,False,True,True,-1.0143073453993123,2005-06-16,-1.0144444444444445,2005,pre,P1,P1,Time,87.5,99.12087912087912,98.16176470588235,99.9258710155671,96.17712871058215,top,Energy,False,False,False
Overbot Vol Spike,Overflow,GVA,2005-07-11,2,594.0,900.0,6.708897579573516e-06,0.2,False,False,False,True,0.4342276042003388,2005-07-12,0.66,2005,pre,P2,P2,Mixed,94.07942238267148,86.32416787264833,95.93318809005083,95.68081991215227,93.00439956438073,bottom,Industrials,False,False,False
Overbot Vol Spike,Overflow,OVV,2005-08-31,2,7199.0,4500.0,0.4310723516754142,1.0,False,True,False,False,1.9996712698379897,2005-09-01,1.5997777777777777,2005,pre,P1,P1,Target,99.88331388564761,99.76580796252928,99.76442873969376,97.01670644391407,99.10756425794618,top,Energy,False,False,False
Overbot Vol Spike,Overflow,WTRG,2005-09-08,2,5540.0,4500.0,0.8805681929902841,1.0,False,False,False,True,1.3854317936083478,2005-09-09,1.231111111111111,2005,pre,P1,P1,Mixed,89.83882270497547,94.66292134831461,94.29175475687104,91.1221590909091,92.47891447526754,bottom,Utilities,False,False,False
Overbot Vol Spike,Overflow,IMO,2005-09-08,2,5331.0,4500.0,0.25776126736362576,1.0,False,False,False,True,1.3078634146086574,2005-09-09,1.1846666666666668,2005,pre,P1,P1,Mixed,92.36159775753329,88.90449438202246,97.74489076814659,92.04545454545455,92.76410936328922,bottom,Energy,False,False,False
Overbot Vol Spike,Overflow,IMO,2005-09-20,2,7199.0,4500.0,0.43675739940547215,1.0,False,True,False,False,1.999987136306971,2005-09-21,1.5997777777777777,2005,pre,P1,P1,Target,93.58885017421603,95.81005586592178,95.30483531885073,99.85875706214689,96.14062460528386,top,Energy,False,False,False
Overbot Vol Spike,Overflow,PKG,2005-11-15,2,-2183.0,900.0,4.016523979652289e-06,0.2,False,False,True,True,-2.4259389508579945,2005-11-16,-2.4255555555555555,2005,pre,P2,P2,Time,93.54838709677419,96.56121045392022,85.71428571428571,95.13212795549374,92.73900280511846,bottom,Consumer Cyclical,False,False,False
Overbot Vol Spike,Overflow,NDAQ,2005-11-18,2,-749.0,900.0,0.19360185509930017,0.2,False,False,True,True,-0.8315460817764139,2005-11-21,-0.8322222222222222,2005,pre,P2,P2,Time,97.07259953161592,87.89659224441834,88.65248226950354,95.08982035928145,92.17787360120482,bottom,Financial Services,False,False,False
Overbot Vol Spike,Overflow,NDAQ,2005-11-22,2,999.0,900.0,0.04276367969236011,0.2,False,False,False,True,1.1832769131165664,2005-11-23,1.11,2005,pre,P2,P2,Mixed,97.7803738317757,96.48300117233293,93.98584905660378,97.9689366786141,96.55454018483164,top,Financial Services,False,False,False
Overbot Vol Spike,Overflow,NDAQ,2005-11-21,2,-922.0,900.0,0.23199005685318233,0.2,False,False,True,True,-1.0243919806108572,2005-11-22,-1.0244444444444445,2005,pre,P2,P2,Time,97.77777777777777,90.02347417840375,89.728453364817,97.60765550239235,93.78434020584771,bottom,Financial Services,False,False,False
Overbot Vol Spike,Liquid,IP,2005-12-01,2,611.0,900.0,0.2096639523944793,0.2,False,False,False,True,0.46555526822715365,2005-12-02,0.6788888888888889,2005,pre,P2,P2,Mixed,88.22341857335128,88.40188806473364,91.94857916102842,96.18268575323789,91.1891428880878,bottom,Consumer Cyclical,False,False,False
Overbot Vol Spike,Overflow,AEM,2005-12-07,2,-807.0,4500.0,0.35591545506409344,1.0,False,False,True,True,-0.17925868421059515,2005-12-08,-0.17933333333333334,2005,pre,P1,P1,Time,97.58389261744966,98.92400806993948,91.43049932523617,97.48470428280082,96.35577607385653,top,Basic Materials,False,False,False
Overbot Vol Spike,Overflow,AEM,2005-12-08,2,4609.0,4500.0,0.6971071234498545,1.0,False,False,False,True,1.0403615415063405,2005-12-09,1.0242222222222221,2005,pre,P1,P1,Mixed,93.62843729040911,97.17741935483872,95.75185434929197,98.4375,96.24880274863496,top,Basic Materials,False,False,False
Overbot Vol Spike,Overflow,PZZA,2006-01-05,2,-118.0,675.0,0.2073875503343839,0.15,False,False,True,True,-0.17553525160009892,2006-01-06,-0.1748148148148148,2006,pre,P2,P2,Time,94.23459244532803,97.47675962815406,96.93537641572286,96.3758389261745,96.25564185384486,top,Consumer Cyclical,False,False,False
Overbot Vol Spike,Overflow,BLK,2006-02-14,2,5396.0,3375.0,2.00747701805142,0.75,False,True,False,False,1.9989616086390132,2006-02-15,1.598814814814815,2006,pre,P1,P1,Target,99.34895833333334,97.26027397260275,92.08115183246073,99.0112063282795,96.92539761666907,top,Financial Services,False,False,False
Overbot Vol Spike,Liquid,ITW,2006-03-14,2,-3647.0,3375.0,0.762767971330906,0.75,False,False,True,True,-1.0806538702572581,2006-03-15,-1.0805925925925925,2006,pre,P1,P1,Time,88.10289389067523,85.24484536082474,96.89722042663219,94.01041666666666,91.06384408619971,bottom,Industrials,False,False,False
Overbot Vol Spike,Liquid,ITW,2006-03-15,2,639.0,675.0,0.025604725143986224,0.15,False,False,False,True,0.909197923251073,2006-03-16,0.9466666666666667,2006,pre,P2,P2,Mixed,96.46529562982005,97.81068898905345,97.02842377260981,97.65777488614184,97.2405458194063,top,Industrials,False,False,False
Overbot Vol Spike,Overflow,AEM,2006-04-18,2,465.0,675.0,0.18443907785861324,0.15,False,False,False,True,0.48136272497707433,2006-04-19,0.6888888888888889,2006,pre,P2,P2,Mixed,88.15706143128563,87.81725888324873,86.7600254614895,98.26923076923076,90.25089413631365,bottom,Basic Materials,False,False,False
Overbot Vol Spike,Overflow,B,2006-05-04,2,-1866.0,3375.0,0.27295830440275487,0.75,False,False,True,True,-0.552997084793552,2006-05-05,-0.5528888888888889,2006,pre,P1,P1,Time,97.04588309239472,99.43324937027708,96.58875552747946,97.83715012722645,97.72625952934442,top,Basic Materials,False,False,False
Overbot Vol Spike,Overflow,FTI,2006-05-09,2,1352.0,3375.0,0.26321859491744526,0.75,False,False,True,True,0.4006129905704577,2006-05-10,0.4005925925925926,2006,pre,P1,P1,Time,99.7557003257329,99.59183673469387,99.59016393442623,99.75186104218362,99.67239050925916,top,Energy,False,False,False
Overbot Vol Spike,Overflow,PRMB,2006-08-09,2,833.0,675.0,0.09695226319438395,0.15,False,False,False,True,1.390456754251412,2006-08-10,1.234074074074074,2006,pre,P2,P2,Mixed,93.66706875753921,92.38670694864048,97.63636363636363,95.30201342281879,94.74803819134053,top,Consumer Defensive,False,False,False
Overbot Vol Spike,Overflow,EAT,2006-09-12,2,2437.0,3375.0,0.3909953868139071,0.75,False,False,True,True,0.7221267434396701,2006-09-13,0.7220740740740741,2006,pre,P1,P1,Time,91.07674003569304,90.40524433849822,96.17453676031081,94.28399518652226,92.98512908025609,bottom,Consumer Cyclical,False,False,False
Overbot Vol Spike,Liquid,BMY,2006-09-12,2,-538.0,3375.0,0.3595150610531706,0.75,False,False,True,True,-0.1594498016487575,2006-09-13,-0.15940740740740741,2006,pre,P1,P1,Time,96.54967281380131,94.99404052443386,98.26658696951583,98.97713598074608,97.19685907212427,top,Healthcare,False,False,False
Overbot Vol Spike,Overflow,HAS,2006-09-13,2,247.0,675.0,0.02748625601689399,0.15,False,False,True,True,0.36452205188837133,2006-09-14,0.36592592592592593,2006,pre,P2,P2,Time,86.74197384066588,94.28231089934485,90.62126642771804,94.2273000601323,91.46821280696525,bottom,Consumer Cyclical,False,False,False
Overbot Vol Spike,Overflow,CAR,2007-02-01,2,-605.0,900.0,3.5711707547643886e-06,0.2,False,False,True,True,-0.6731493910295842,2007-02-02,-0.6722222222222223,2007,pre,P2,P2,Time,87.96400449943758,92.0,86.55367231638418,95.05400795906766,90.39292119372234,bottom,Industrials,False,False,False
Overbot Vol Spike,Liquid,PSA,2007-02-06,2,1439.0,900.0,0.060507649481185366,0.2,False,True,False,False,1.9994885788811576,2007-02-07,1.5988888888888888,2007,pre,P2,P2,Target,86.35597978663671,89.87626546681665,97.63113367174282,99.37570942111236,93.30977208657714,bottom,Real Estate,False,False,False
Overbot Vol Spike,Overflow,CCJ,2007-04-05,2,1088.0,900.0,0.05508055066159715,0.2,False,False,False,True,1.3475971644808291,2007-04-09,1.208888888888889,2007,pre,P2,P2,Mixed,93.68825466520308,99.01044529961517,98.51157662624036,96.28397115917915,96.87356193755943,top,Energy,False,False,False
Overbot Vol Spike,Overflow,CP,2007-05-17,2,595.0,900.0,0.10455943596333267,0.2,False,False,True,True,0.6608945909469017,2007-05-18,0.6611111111111111,2007,pre,P2,P2,Time,95.51593733117234,95.508658008658,93.21758003255562,95.36026200873363,94.9006093452799,top,Industrials,False,False,False
Overbot Vol Spike,Overflow,IMO,2007-05-21,2,1094.0,900.0,2.9798556437312973e-05,0.2,False,False,False,True,1.3596045294925618,2007-05-22,1.2155555555555555,2007,pre,P2,P2,Mixed,97.24770642201835,99.94594594594595,99.83739837398375,99.23664122137404,99.06692299083053,top,Energy,False,False,False
Overbot Vol Spike,Overflow,JEF,2007-05-31,2,392.0,900.0,0.06007040030502664,0.2,False,False,False,True,0.0593457550862193,2007-06-01,0.43555555555555553,2007,pre,P2,P2,Mixed,90.32258064516128,89.49919224555735,87.41900647948164,98.53340575774035,91.44354628198516,bottom,Financial Services,False,False,False
Overbot Vol Spike,Overflow,GLNG,2007-07-06,2,-1359.0,900.0,0.054681040003545955,0.2,False,False,True,True,-1.5097940461070323,2007-07-09,-1.51,2007,pre,P2,P2,Time,96.8,99.49849548645938,97.98387096774194,96.3302752293578,97.65316042088978,top,Energy,False,False,False
Overbot Vol Spike,Liquid,CVX,2007-07-12,2,1439.0,900.0,0.09406438363866096,0.2,False,True,False,False,1.999066370696832,2007-07-13,1.5988888888888888,2007,pre,P2,P2,Target,98.8353626257279,99.25768822905621,99.41520467836257,99.41176470588235,99.23000505975725,top,Energy,False,False,False
Overbot Vol Spike,Overflow,FTI,2007-09-14,2,728.0,900.0,0.028325957055116754,0.2,False,False,False,True,0.6814747540210617,2007-09-17,0.8088888888888889,2007,pre,P2,P2,Mixed,97.25765306122449,98.21086261980831,99.23076923076923,99.48353776630084,98.54570566952572,top,Energy,False,False,False
Overbot Vol Spike,Overflow,RDN,2007-09-18,2,404.0,468.75000000000006,0.17742679116348353,0.2,False,False,False,True,0.7727965620592501,2007-09-19,0.8618666666666666,2007,pre,P2,P2,Mixed,99.69008264462809,99.68960165545784,99.84439834024896,97.65258215962442,99.21916619998981,top,Financial Services,False,False,False
Overbot Vol Spike,Overflow,BHP,2007-09-28,2,5478.0,4500.0,0.44222480369984973,1.0,False,False,False,True,1.362452892120648,2007-10-01,1.2173333333333334,2007,pre,P1,P1,Mixed,90.07201646090535,97.06336939721793,99.89669421487604,99.79220779220779,96.70607196630178,top,Basic Materials,False,False,False
Overbot Vol Spike,Overflow,TROW,2007-10-01,2,1138.0,852.2727272727273,0.07723388644758482,0.2,False,False,False,True,1.560886589631957,2007-10-02,1.3352533333333334,2007,pre,P2,P2,Mixed,91.61953727506426,94.23274974253347,95.71502323180175,96.00207684319834,94.39234677314946,top,ETF/Index,False,False,False
Overbot Vol Spike,Overflow,RDN,2007-10-01,2,1364.0,852.2727272727273,8.305472510443266e-06,0.2,False,True,False,False,1.9993885957755348,2007-10-02,1.6004266666666667,2007,pre,P2,P2,Target,98.45758354755783,96.96189495365603,98.91584925141971,100.0,98.5838319381584,top,Financial Services,False,False,False
Overbot Vol Spike,Overflow,GLNG,2007-10-01,2,2397.0,4261.363636363636,0.44334605105490565,1.0,False,False,True,True,0.5629747994485333,2007-10-02,0.562496,2007,pre,P1,P1,Time,98.77358490566037,94.98580889309366,100.0,99.42363112391931,98.29575623066833,top,Energy,False,False,False
Overbot Vol Spike,Overflow,SCCO,2007-10-10,2,5758.0,4464.285714285715,0.6613624610367618,1.0,False,False,False,True,1.482742900286468,2007-10-11,1.2897919999999998,2007,pre,P1,P1,Mixed,98.82172131147541,91.84197024114931,88.37448559670781,93.27470253491981,93.0782199210631,bottom,Basic Materials,False,False,False
Overbot Vol Spike,Overflow,UCB,2008-01-31,2,1434.0,900.0,0.03771314855002284,0.2,False,True,False,False,1.9965764679936344,2008-02-01,1.5933333333333333,2008,pre,P2,P2,Target,98.77966101694915,97.62228260869566,99.93183367416496,100.0,99.08344432495244,top,Financial Services,False,False,False
Overbot Vol Spike,Overflow,MEOH,2008-02-25,2,-255.0,900.0,5.908625221177779e-06,0.2,False,False,True,True,-0.2838398007882873,2008-02-26,-0.2833333333333333,2008,pre,P2,P2,Time,92.42053789731052,94.4662095984329,90.5252822778596,85.38993089832182,90.70049016798121,bottom,Basic Materials,False,False,False
Overbot Vol Spike,Overflow,TECK,2008-02-27,2,419.0,900.0,0.1999351085425637,0.2,False,False,False,True,0.10881804536809894,2008-02-28,0.46555555555555556,2008,pre,P2,P2,Mixed,94.89723600283487,96.80397727272727,99.35851746258018,96.62356321839081,96.92082348913328,top,Basic Materials,False,False,False
Overbot Vol Spike,Overflow,MTH,2008-04-02,2,862.0,900.0,0.11912937414444522,0.2,False,False,False,True,0.9314832636131536,2008-04-03,0.9577777777777777,2008,pre,P2,P2,Mixed,98.21342346692418,96.13152804642166,99.22443044110518,98.83040935672514,98.09994782779404,top,Consumer Cyclical,False,False,False
Overbot Vol Spike,Liquid,MRSH,2008-04-17,2,4249.0,4500.0,0.35311412825959787,1.0,False,False,False,True,0.9069421384873219,2008-04-18,0.9442222222222222,2008,pre,P1,P1,Mixed,96.70094258783205,96.86829686829687,91.96044711951849,91.87904967602591,94.35218406291833,top,Financial Services,False,False,False
Overbot Vol Spike,Overflow,CX,2008-05-16,2,4591.0,4500.0,0.3600284579986777,1.0,False,False,False,True,1.0336393236047667,2008-05-19,1.0202222222222221,2008,pre,P1,P1,Mixed,98.05040418449835,95.66666666666667,97.3747016706444,98.84836852207293,97.48503526097059,top,Basic Materials,False,False,False
Overbot Vol Spike,Overflow,PKG,2008-05-16,2,1781.0,4500.0,0.7893850475191599,1.0,False,False,False,True,-0.007222871889842603,2008-05-19,0.3957777777777778,2008,pre,P1,P1,Mixed,94.91606714628298,97.21421709894332,98.0259990370727,98.54791868344628,97.17605049143631,top,Consumer Cyclical,False,False,False
Overbot Vol Spike,Overflow,MTZ,2008-05-20,2,1238.0,900.0,0.20505924780124768,0.2,False,False,False,True,1.6256022073431897,2008-05-21,1.3755555555555556,2008,pre,P2,P2,Mixed,97.62470308788599,94.24357754519505,96.23271340009538,97.41131351869608,96.37807688796813,top,Industrials,False,False,False
Overbot Vol Spike,Overflow,MOH,2008-05-29,1,-2356.0,4500.0,0.49704110457528927,1.0,True,False,False,False,,2008-05-30,-0.5235555555555556,2008,pre,P1,P1,EOD-DD,87.60129659643437,85.05280259951259,96.3295269168026,96.70781893004116,91.42286126069769,bottom,Healthcare,False,False,False
Overbot Vol Spike,Overflow,GRMN,2008-06-03,2,1439.0,900.0,0.04841740492328657,0.2,False,True,False,False,1.9987654646952822,2008-06-04,1.5988888888888888,2008,pre,P2,P2,Target,97.38945125199787,95.5709711846318,89.7271268057785,95.15608180839612,94.46090776270108,top,Technology,False,False,False
Overbot Vol Spike,Overflow,CRK,2008-06-18,2,-252.0,900.0,0.07413713620410595,0.2,False,False,True,True,-0.28041078516402645,2008-06-19,-0.28,2008,pre,P2,P2,Time,97.2235294117647,94.3449575871819,99.0552668871044,97.76828110161443,97.09800874691635,top,Energy,False,False,False
Overbot Vol Spike,Overflow,MKC,2008-08-05,2,599.0,900.0,0.020470791043392916,0.2,False,False,False,True,0.44334582031670877,2008-08-06,0.6655555555555556,2008,pre,P2,P2,Mixed,95.78313253012048,87.70301624129931,88.23255813953489,99.11173445535297,92.70761034157691,bottom,Consumer Defensive,False,False,False
Overbot Vol Spike,Overflow,HOG,2008-08-08,2,1053.0,900.0,0.0470339042959628,0.2,False,False,False,True,1.284462864592746,2008-08-11,1.17,2008,pre,P2,P2,Mixed,85.05321610365571,98.00741427247452,97.02740362285184,99.15966386554622,94.81192446613207,top,Consumer Cyclical,False,False,False
Overbot Vol Spike,Overflow,RNST,2008-08-08,2,-220.0,900.0,0.008511586430892438,0.2,False,False,True,True,-0.2453358776642975,2008-08-11,-0.24444444444444444,2008,pre,P2,P2,Time,87.043035631652,97.59036144578313,97.86344635392476,99.6265172735761,95.530840176234,top,Financial Services,False,False,False
Overbot Vol Spike,Overflow,BC,2008-08-08,2,1050.0,900.0,0.02828054399546673,0.2,False,False,False,True,1.2773946050250087,2008-08-11,1.1666666666666667,2008,pre,P2,P2,Mixed,95.7889865802869,98.60982391102873,98.97816999535532,100.0,98.34424512166774,top,Consumer Cyclical,False,False,False
Overbot Vol Spike,Overflow,HNI,2008-08-14,2,7200.0,4500.0,0.28071593245191534,1.0,False,True,False,False,1.999887129212083,2008-08-15,1.6,2008,pre,P1,P1,Target,93.53348729792148,97.87234042553192,85.39638386648123,99.53401677539608,94.08405709133268,top,Consumer Cyclical,False,False,False
Overbot Vol Spike,Overflow,TOL,2008-08-14,2,6881.0,4500.0,0.4646716300512596,1.0,False,False,False,True,1.8816070808490217,2008-08-15,1.529111111111111,2008,pre,P1,P1,Mixed,96.76674364896074,96.3922294172063,88.27074640704683,92.12488350419385,93.38865074435193,bottom,Consumer Cyclical,False,False,False
Overbot Vol Spike,Liquid,MAS,2008-08-27,2,-433.0,900.0,0.10862577442354489,0.2,False,False,True,True,-0.4807744042484068,2008-08-28,-0.4811111111111111,2008,pre,P2,P2,Time,90.43238270469182,85.44449562413634,93.90581717451524,93.1322505800464,90.72873652084745,bottom,Consumer Cyclical,False,False,False
Overbot Vol Spike,Overflow,CLX,2008-09-08,2,709.0,900.0,0.09575359583581099,0.2,False,False,False,True,0.646881874793907,2008-09-09,0.7877777777777778,2008,pre,P2,P2,Mixed,86.15314076111875,97.2910927456382,91.44040497008744,96.80851063829788,92.92328727878557,bottom,Consumer Defensive,False,False,False
Overbot Vol Spike,Overflow,ONB,2008-09-18,2,3659.0,2286.585365853659,0.9529619549611673,1.0,False,True,False,False,1.9998705496756801,2008-09-19,1.6002026666666664,2008,pre,P1,P1,Target,99.68021927820922,99.67978042086003,100.0,99.95391705069125,99.82847918744012,top,Financial Services,False,False,False
Overbot Vol Spike,Overflow,ASB,2008-09-18,2,3658.0,2286.585365853659,2.3981796825309827,1.0,False,True,False,False,2.000021263670621,2008-09-19,1.599765333333333,2008,pre,P1,P1,Target,99.49748743718592,99.95425434583714,100.0,100.0,99.86293544575577,top,Financial Services,False,False,False
Overbot Vol Spike,Overflow,MTB,2008-09-18,2,3657.0,2286.585365853659,1.8699289988905559,1.0,False,True,False,False,1.999397270795685,2008-09-19,1.5993279999999996,2008,pre,P1,P1,Target,99.8172681589767,99.90850869167429,99.86244841815682,99.86175115207374,99.86249410522039,top,Financial Services,False,False,False
Overbot Vol Spike,Overflow,UNFI,2008-09-18,2,3658.0,2286.585365853659,0.5774528156336143,1.0,False,True,False,False,1.9996862344242434,2008-09-19,1.599765333333333,2008,pre,P1,P1,Target,87.80264961169483,94.3732845379689,99.58734525447042,99.44700460829493,95.30257100310727,top,Consumer Defensive,False,False,False
Overbot Vol Spike,Overflow,ZION,2008-09-18,2,3657.0,2286.585365853659,0.9227801271977207,1.0,False,True,False,False,1.9996618202770278,2008-09-19,1.5993279999999996,2008,pre,P1,P1,Target,99.49748743718592,99.90850869167429,100.0,100.0,99.85149903221506,top,Financial Services,False,False,False
Overbot Vol Spike,Overflow,GVA,2008-11-24,2,-4829.0,4500.0,0.2734888623340763,1.0,False,False,True,True,-1.073212219553416,2008-11-25,-1.0731111111111111,2008,pre,P1,P1,Time,99.86583184257603,98.11912225705329,90.79892280071813,100.0,97.19596922508686,top,Industrials,False,False,False
Overbot Vol Spike,Liquid,VMC,2008-12-05,2,3856.0,4500.0,0.608651765481877,1.0,False,False,False,True,0.7628460875260549,2008-12-08,0.8568888888888889,2008,pre,P1,P1,Mixed,95.98930481283422,98.34895136099956,100.0,98.65168539325843,98.24748539177305,top,Basic Materials,False,False,False
Overbot Vol Spike,Overflow,RBA,2008-12-12,2,549.0,900.0,0.017371913607998994,0.2,False,False,False,True,0.3501153890955731,2008-12-15,0.61,2008,pre,P2,P2,Mixed,98.31036016007114,100.0,99.8661311914324,99.95515695067265,99.53291207554403,top,Industrials,False,False,False
Overbot Vol Spike,Overflow,B,2008-12-16,2,1439.0,900.0,0.036326011947051845,0.2,False,True,False,False,1.9999688346498186,2008-12-17,1.5988888888888888,2008,pre,P2,P2,Target,99.42247889826744,99.68861209964413,99.33125278644673,100.0,99.61058594608957,top,Basic Materials,False,False,False
Overbot Vol Spike,Overflow,SSRM,2008-12-16,2,4819.0,4500.0,0.2932391245315484,1.0,False,False,False,True,1.1185610315066814,2008-12-17,1.0708888888888888,2008,pre,P1,P1,Mixed,99.64460239893381,99.95551601423487,99.7770842621489,98.74551971326166,99.53068059714481,top,Basic Materials,False,False,False
Overbot Vol Spike,Overflow,DXC,2008-12-31,1,-211.0,602.6785714285714,0.22286925627614765,0.1339,True,False,False,False,,2009-01-02,-0.3501037037037037,2008,pre,P2,P2,EOD-DD,95.17912428129146,98.13994685562444,91.16733244562805,99.95539696699376,96.11045013738443,top,Technology,False,False,False
Overbot Vol Spike,Overflow,EPC,2008-12-31,1,-394.0,602.6785714285714,0.13584558854190124,0.1339,True,False,False,False,,2009-01-02,-0.6537481481481481,2008,pre,P2,P2,EOD-DD,98.04811620517476,99.0,98.90660592255125,99.95421245421245,98.97723364548462,top,Consumer Defensive,False,False,False
Overbot Vol Spike,Overflow,RCL,2008-12-31,1,-173.0,602.6785714285714,0.18116351584846277,0.1339,True,False,False,False,,2009-01-02,-0.28705185185185184,2008,pre,P2,P2,EOD-DD,98.80583812472358,93.22409211691762,98.84598313359965,99.46476360392506,97.58516924479147,top,Consumer Cyclical,False,False,False
Overbot Vol Spike,Overflow,AMP,2008-12-30,2,-357.0,900.0,0.10691710218689278,0.2,False,False,True,True,-0.3975186517288423,2008-12-31,-0.39666666666666667,2008,pre,P2,P2,Time,98.0652962515115,93.56796116504854,98.9010989010989,97.89603960396039,97.10759898040483,top,Financial Services,False,False,False
Overbot Vol Spike,Overflow,ARW,2008-12-31,2,-1043.0,602.6785714285714,0.01117343607743315,0.1339,False,False,True,True,-1.729367904190073,2009-01-02,-1.7306074074074074,2008,pre,P2,P2,Time,92.43697478991596,91.71833480956599,90.72347980470484,99.64317573595004,93.6304912850342,bottom,Technology,False,False,False
Overbot Vol Spike,Liquid,NOC,2008-12-31,2,-5876.0,4500.0,0.4955358378114376,1.0,False,False,True,True,-1.3060147308102934,2009-01-02,-1.3057777777777777,2008,pre,P1,P1,Time,96.2406015037594,94.90699734278122,91.4780292942743,96.61016949152543,94.80894940808508,top,Industrials,False,False,False
Overbot Vol Spike,Overflow,OII,2009-01-05,2,580.0,588.2352941176468,0.5335452922582542,1.0,False,False,False,True,0.9772078921640606,2009-01-06,0.9860000000000003,2009,pre,P1,P1,Mixed,97.26027397260275,98.09734513274336,99.51219512195122,100.0,98.71745355682432,top,Energy,False,False,False
Overbot Vol Spike,Overflow,ARW,2009-01-05,2,941.0,588.2352941176468,0.250424685433842,1.0,False,True,False,False,2.0002961633445,2009-01-06,1.5997000000000006,2009,pre,P1,P1,Target,96.81838267786125,98.36283185840709,96.36363636363636,99.28698752228165,97.70795960554659,top,Technology,False,False,False
Overbot Vol Spike,Liquid,WHR,2009-01-05,2,92.0,58.04953560371514,0.17858761635503523,0.0987,False,True,False,False,1.9907188706050352,2009-01-06,1.5848533333333341,2009,pre,P2,P2,Target,99.51391957578436,99.42477876106194,94.01330376940133,97.95008912655972,97.72552280820183,top,Consumer Cyclical,False,False,False
Overbot Vol Spike,Liquid,LIN,2009-01-05,2,719.0,588.2352941176468,0.3483165104325974,1.0,False,False,False,True,1.371806372731797,2009-01-06,1.2223000000000004,2009,pre,P1,P1,Mixed,98.76270437472382,99.38053097345133,96.98447893569845,98.3957219251337,98.38085905225182,top,Basic Materials,False,False,False
Overbot Vol Spike,Liquid,FCX,2009-01-05,2,941.0,588.2352941176468,0.6966200343346196,1.0,False,True,False,False,2.0005187979458525,2009-01-06,1.5997000000000006,2009,pre,P1,P1,Target,99.46973044631021,99.60176991150442,98.80266075388026,100.0,99.46854027792372,top,Basic Materials,False,False,False
Overbot Vol Spike,Overflow,BKR,2009-01-05,2,358.0,588.2352941176468,0.30243391360412636,1.0,False,False,False,True,0.3484809071467554,2009-01-06,0.6086000000000003,2009,pre,P1,P1,Mixed,99.51391957578436,99.91150442477877,99.95565410199556,99.15329768270945,99.63359394631703,top,Energy,False,False,False
Overbot Vol Spike,Overflow,MAR,2009-01-05,2,65.0,58.04953560371515,0.1271977764814011,0.0987,False,False,False,True,1.1999509491654878,2009-01-06,1.1197333333333337,2009,pre,P2,P2,Mixed,98.01148917366328,99.38053097345133,99.60088691796008,99.8217468805704,99.20366348641127,top,Consumer Cyclical,False,False,False
Overbot Vol Spike,Overflow,TEX,2009-01-05,2,93.0,58.04953560371515,0.2329676848869944,0.0987,False,True,False,False,2.0067911179962428,2009-01-06,1.6020800000000006,2009,pre,P2,P2,Target,97.92311091471498,98.89380530973452,95.32150776053216,99.33155080213903,97.86749369678017,top,Industrials,False,False,False
Overbot Vol Spike,Overflow,LNC,2009-01-05,2,82.0,58.04953560371515,0.11069083504629838,0.0987,False,False,False,True,1.6817376990469017,2009-01-06,1.412586666666667,2009,pre,P2,P2,Mixed,99.46973044631021,99.64601769911503,99.15742793791574,99.8217468805704,99.52373074097785,top,Financial Services,False,False,False
Overbot Vol Spike,Overflow,RSG,2009-01-05,2,54.0,58.04953560371514,0.11924299495706914,0.0987,False,False,False,True,0.8754069241954322,2009-01-06,0.9302400000000004,2009,pre,P2,P2,Mixed,91.91338930623067,98.89380530973452,97.91574279379157,97.05882352941177,96.44544023479213,top,ETF/Index,False,False,False
Overbot Vol Spike,Overflow,DXC,2009-01-05,2,75.0,58.04953560371514,0.22983853371482607,0.0987,False,False,False,True,1.497112758275796,2009-01-06,1.2920000000000007,2009,pre,P2,P2,Mixed,97.26027397260275,99.38053097345133,95.1219512195122,99.19786096256684,97.74015428203327,top,Technology,False,False,False
Overbot Vol Spike,Liquid,NOC,2009-01-02,2,488.0,900.0,0.19293009373688383,0.2,False,False,True,True,0.542614553047983,2009-01-05,0.5422222222222223,2009,pre,P2,P2,Time,96.64014146772767,98.3178397521027,98.04791481810116,97.45876058849755,97.61616415660727,top,Industrials,False,False,False
Overbot Vol Spike,Overflow,CNI,2009-01-05,2,469.0,588.2352941176468,0.31370372663077434,1.0,False,False,False,True,0.6635534331955674,2009-01-06,0.7973000000000003,2009,pre,P1,P1,Mixed,98.40919133893063,98.8495575221239,95.3880266075388,96.92513368983957,97.39297728960823,top,Industrials,False,False,False
Overbot Vol Spike,Overflow,CHH,2009-01-02,2,883.0,900.0,0.03650146883636601,0.2,False,False,False,True,0.9690438927814792,2009-01-05,0.9811111111111112,2009,pre,P2,P2,Mixed,95.8001768346596,87.73793714032759,90.50576752440107,98.26125724476148,93.07628468603744,bottom,Consumer Cyclical,False,False,False
Overbot Vol Spike,Overflow,ATI,2009-01-05,2,27.0,58.04953560371516,0.12323402225932444,0.0987,False,False,False,True,0.12706004161644022,2009-01-06,0.4651200000000001,2009,pre,P2,P2,Mixed,98.36500220945648,98.58407079646018,93.88026607538804,96.79144385026738,96.90519573289302,top,Industrials,False,False,False
Overbot Vol Spike,Liquid,MS,2009-01-05,2,309.0,588.2352941176468,0.32474988667271887,1.0,False,False,False,True,0.20911753413400783,2009-01-06,0.5253000000000002,2009,pre,P1,P1,Mixed,97.83473265576667,99.15929203539822,89.40133037694014,98.2620320855615,96.16434678841662,top,Financial Services,False,False,False
Overbot Vol Spike,Liquid,APD,2009-01-05,2,-145.0,588.2352941176468,0.3293385226173872,1.0,False,False,True,True,-0.2481241790132194,2009-01-06,-0.24650000000000008,2009,pre,P1,P1,Time,99.42554131683606,99.91150442477877,99.82261640798225,99.50980392156863,99.66736651779142,top,Basic Materials,False,False,False
Overbot Vol Spike,Overflow,CE,2009-01-05,2,53.0,588.2352941176468,0.41103085230342384,1.0,False,False,True,True,0.08921326216499322,2009-01-06,0.09010000000000003,2009,pre,P1,P1,Time,98.39034205231388,99.39455095862765,97.87018255578094,99.6923076923077,98.83684581475754,top,Basic Materials,False,False,False
Overbot Vol Spike,Liquid,TMO,2009-01-15,2,1438.0,900.0,0.04280882761239871,0.2,False,True,False,False,1.9995863075531923,2009-01-16,1.5977777777777777,2009,pre,P2,P2,Target,89.38793483047117,98.67724867724867,96.7741935483871,99.24511545293073,96.02112312725943,top,Healthcare,False,False,False
Overbot Vol Spike,Overflow,MIDD,2009-03-24,2,-305.0,900.0,0.05934523901399972,0.2,False,False,True,True,-0.3401297058749255,2009-03-25,-0.3388888888888889,2009,pre,P2,P2,Time,98.79154078549848,98.70354364736387,99.43698570809875,99.60835509138381,99.13510630808624,top,Industrials,False,False,False
Overbot Vol Spike,Liquid,WHR,2009-03-25,2,7199.0,4500.0,0.2573136108114247,1.0,False,True,False,False,1.9999389114224109,2009-03-26,1.5997777777777777,2009,pre,P1,P1,Target,97.28213977566867,98.48812095032397,99.82683982683983,98.60809047411918,98.55129775673791,top,Consumer Cyclical,False,False,False
Overbot Vol Spike,Overflow,RL,2009-03-25,2,4370.0,4500.0,0.3429955291170726,1.0,False,False,False,True,0.9519678250154627,2009-03-26,0.9711111111111111,2009,pre,P1,P1,Mixed,85.76358930112166,86.26349892008639,98.48484848484848,94.51935624184428,91.2578232369752,bottom,Consumer Cyclical,False,False,False
Overbot Vol Spike,Overflow,UPS,2009-04-01,2,-39.0,1994.6808510638298,0.4764358910597331,1.0,False,False,True,True,-0.019315634921821465,2009-04-02,-0.019552,2009,pre,P1,P1,Time,93.71502367628068,93.92241379310344,97.53779697624189,100.0,96.2938086114065,top,Industrials,False,False,False
Overbot Vol Spike,Overflow,THO,2009-04-01,2,1005.0,1994.6808510638298,0.4381625578295985,1.0,False,False,True,True,0.5041351958186259,2009-04-02,0.50384,2009,pre,P1,P1,Time,99.05294877313818,91.8103448275862,96.97624190064795,99.95659722222221,96.94903318089864,top,Consumer Cyclical,False,False,False
Overbot Vol Spike,Overflow,MAN,2009-04-01,2,1991.0,1994.6808510638298,0.5072074644752042,1.0,False,False,False,True,0.9975921383244104,2009-04-02,0.9981546666666666,2009,pre,P1,P1,Mixed,95.73826947912183,85.99137931034483,96.7170626349892,99.43576388888889,94.47061882833617,top,Industrials,False,False,False
Overbot Vol Spike,Overflow,EFX,2009-04-01,2,-1170.0,1994.6808510638296,0.29959154257296106,1.0,False,False,True,True,-0.5865709898308821,2009-04-02,-0.5865600000000001,2009,pre,P1,P1,Time,93.62892811020232,87.02586206896552,96.1987041036717,97.74305555555556,93.64913745959876,bottom,Industrials,False,False,False
Overbot Vol Spike,Overflow,CE,2009-04-01,2,167.0,1994.6808510638296,0.35826810644741564,1.0,False,False,False,True,-0.5269891924372125,2009-04-02,0.08372266666666668,2009,pre,P1,P1,Mixed,96.39468690702088,92.10275927687917,98.2791586998088,100.0,96.69415122092721,top,Basic Materials,False,False,False
Overbot Vol Spike,Liquid,ADSK,2009-04-01,2,-128.0,1994.6808510638298,0.41238603898669374,1.0,False,False,True,True,-0.06424726263804746,2009-04-02,-0.06417066666666667,2009,pre,P1,P1,Time,99.09599655617735,95.77586206896552,98.48812095032397,99.609375,98.2423386438667,top,Technology,False,False,False
Overbot Vol Spike,Overflow,WYNN,2009-04-03,2,7200.0,4500.0,0.5340381031723003,1.0,False,True,False,False,1.9997717740576766,2009-04-06,1.6,2009,pre,P1,P1,Target,99.87646695491044,99.81435643564357,99.87585350713843,100.0,99.89166922442311,top,Consumer Cyclical,False,False,False
Overbot Vol Spike,Overflow,MD,2009-04-03,2,1032.0,900.0,0.021817294034090908,0.2,False,False,False,True,1.2444822859766618,2009-04-06,1.1466666666666667,2009,pre,P2,P2,Mixed,99.44086021505376,97.67441860465115,98.05783340526543,96.74761491760624,97.98018178564415,top,Healthcare,False,False,False
Overbot Vol Spike,Overflow,ORA,2009-04-08,2,2790.0,2929.6875,0.504646662420022,1.0,False,False,False,True,0.9208314495525424,2009-04-09,0.95232,2009,pre,P1,P1,Mixed,85.09485094850947,91.93840579710145,87.89808917197452,95.68014705882352,90.15287324410224,bottom,Utilities,False,False,False
Overbot Vol Spike,Liquid,ALL,2009-04-08,2,110.0,2929.6875,0.307238892001081,1.0,False,False,True,True,0.03770479906284192,2009-04-09,0.037546666666666666,2009,pre,P1,P1,Time,95.06013745704468,95.44086021505377,92.62931034482759,99.6535296665223,95.6959594208621,top,Financial Services,False,False,False
Overbot Vol Spike,Overflow,CI,2009-04-08,2,1837.0,2929.6875,0.31110478173836226,1.0,False,False,True,True,0.6272650499007469,2009-04-09,0.6270293333333333,2009,pre,P1,P1,Time,96.606529209622,91.74193548387096,86.55172413793103,97.74794283239497,93.16203291595474,bottom,Healthcare,False,False,False
Overbot Vol Spike,Liquid,ROK,2009-04-08,2,196.0,585.9375,0.18944299306945803,0.2,False,False,True,True,0.3336964453565953,2009-04-09,0.3345066666666667,2009,pre,P2,P2,Time,99.39862542955326,99.78494623655914,96.16379310344828,99.91338241663058,98.81518679654783,top,Industrials,False,False,False
Overbot Vol Spike,Overflow,SCCO,2009-04-13,2,3986.0,4500.0,0.32301461050794456,1.0,False,False,False,True,0.8094317097184389,2009-04-14,0.8857777777777778,2009,pre,P1,P1,Mixed,99.48497854077253,95.48775247099269,91.38673557278209,97.49026395499783,95.96243263488628,top,Basic Materials,False,False,False
Overbot Vol Spike,Liquid,AIG,2009-04-13,2,-1716.0,4500.0,0.7777817346639571,1.0,False,False,True,True,-0.3813139176734823,2009-04-14,-0.38133333333333336,2009,pre,P1,P1,Time,99.69957081545064,99.18349806617964,99.44013781223083,100.0,99.58080167346527,top,Financial Services,False,False,False
Overbot Vol Spike,Liquid,TAP,2009-04-16,1,-77.0,272.00193423597676,0.008190839656808127,0.0852,True,False,False,False,,2009-04-17,-0.28308622222222224,2009,pre,P2,P2,EOD-DD,97.68538362623231,96.26609442060085,89.80645161290323,97.0181503889369,95.19402001216832,top,Consumer Defensive,False,False,False
Overbot Vol Spike,Overflow,UCB,2009-04-15,2,3946.0,2467.105263157895,0.47267106328927505,1.0,False,True,False,False,1.9997947800708364,2009-04-16,1.5994453333333332,2009,pre,P1,P1,Target,98.4251968503937,99.71830985915493,99.49152542372882,99.94314951677089,99.39454541251209,top,Financial Services,False,False,False
Overbot Vol Spike,Overflow,DD,2009-04-16,2,435.0,272.0019342359768,0.0874135545515498,0.0852,False,True,False,False,1.999316903531473,2009-04-17,1.5992533333333332,2009,pre,P2,P2,Target,99.57136733819118,99.52789699570815,99.87096774193547,99.78392394122731,99.68853900426554,top,Basic Materials,False,False,False
Overbot Vol Spike,Liquid,SPG,2009-04-16,2,434.0,272.0019342359768,6.095029122811028e-06,0.0852,False,True,False,False,1.9981656677685344,2009-04-17,1.5955768888888888,2009,pre,P2,P2,Target,99.78568366909558,99.8283261802575,99.95698924731182,99.82713915298184,99.84953456241168,top,Real Estate,False,False,False
Overbot Vol Spike,Liquid,VMC,2009-04-15,2,400.0,493.42105263157896,0.187140940002111,0.2,False,False,True,True,0.8114184225095633,2009-04-16,0.8106666666666666,2009,pre,P2,P2,Time,86.53516295025729,98.2825246887076,93.80378657487091,98.65974924340684,94.32030586431065,top,Basic Materials,False,False,False
Overbot Vol Spike,Liquid,DE,2009-05-01,2,-3888.0,4500.0,0.2503903376899461,1.0,False,False,True,True,-0.8640633348066864,2009-05-04,-0.864,2009,pre,P1,P1,Time,96.67235494880546,88.38103374626229,90.49657534246576,98.9247311827957,93.61867380508231,bottom,Industrials,False,False,False
Overbot Vol Spike,Overflow,VGK,2009-05-01,2,-3103.0,4500.0,0.3104792710810242,1.0,False,False,True,True,-0.6894402923354045,2009-05-04,-0.6895555555555556,2009,pre,P1,P1,Time,93.28214971209214,91.72281039461019,93.23017408123792,97.84946236559139,94.02114913838292,top,UNKNOWN,False,False,False
Overbot Vol Spike,Overflow,TD,2009-05-04,2,327.0,900.0,0.0203253657366696,0.2,False,False,True,True,0.3641594750159619,2009-05-05,0.36333333333333334,2009,pre,P2,P2,Time,98.25159914712154,96.66951323654996,96.53401797175867,97.46345657781599,97.22964673331154,top,Financial Services,False,False,False
Overbot Vol Spike,Overflow,BMO,2009-05-05,2,83.0,2038.0434782608695,0.5308080420231907,1.0,False,False,False,True,-0.5988628117880465,2009-05-06,0.040725333333333336,2009,pre,P1,P1,Mixed,99.40323955669224,99.27443448570209,98.84516680923866,99.69918349806618,99.30550608742479,top,Financial Services,False,False,False
Overbot Vol Spike,Overflow,THC,2009-05-20,2,4701.0,4500.0,0.4329901518990625,1.0,False,False,False,True,1.0746741759296476,2009-05-21,1.0446666666666666,2009,pre,P1,P1,Mixed,99.95757318625371,99.49022939677145,99.21243082162621,98.93071000855433,99.39773585330144,top,Healthcare,False,False,False
Overbot Vol Spike,Overflow,BVN,2009-05-21,2,947.0,900.0,0.11736656210258234,0.2,False,False,False,True,1.0888022524655567,2009-05-22,1.0522222222222222,2009,pre,P2,P2,Mixed,89.2281594571671,85.13800424628451,92.29787234042554,99.48696023941855,91.53774907082393,bottom,Basic Materials,False,False,False
Overbot Vol Spike,Overflow,RCI,2009-05-22,2,-800.0,4500.0,0.45793634631382224,1.0,False,False,True,True,-0.17752455721013893,2009-05-26,-0.17777777777777778,2009,pre,P1,P1,Time,91.86095803306486,97.83531409168081,87.87749893662271,96.7948717948718,93.59216071406004,bottom,Communication Services,False,False,False
Overbot Vol Spike,Overflow,THC,2009-05-29,2,496.0,427.35042735042725,0.5197210602313346,1.0,False,False,False,True,1.2702214968790715,2009-06-01,1.1606400000000003,2009,pre,P1,P1,Mixed,98.39187473550571,94.0677966101695,99.57537154989384,98.93344709897612,97.74212249863629,top,Healthcare,False,False,False
Overbot Vol Spike,Overflow,TRP,2009-06-01,2,237.0,444.07894736842104,0.054325582251567035,0.0987,False,False,False,True,0.2211136882160926,2009-06-02,0.5336888888888889,2009,pre,P2,P2,Mixed,96.7005076142132,98.22109275730622,99.66044142614601,99.70149253731343,98.5708835837447,top,Energy,False,False,False
Overbot Vol Spike,Liquid,FCX,2009-05-29,2,684.0,427.35042735042725,0.7886418204551403,1.0,False,True,False,False,2.000082145187862,2009-06-01,1.6005600000000004,2009,pre,P1,P1,Target,97.3338975878121,96.31355932203391,97.15498938428875,98.42150170648463,97.30598700015486,top,Basic Materials,False,False,False
Overbot Vol Spike,Liquid,SPG,2009-05-29,2,385.0,427.35042735042725,0.25240541592117605,1.0,False,False,False,True,0.8357349158702906,2009-06-01,0.9009000000000003,2009,pre,P1,P1,Mixed,97.84172661870504,97.20338983050848,91.50743099787687,87.79863481228669,93.58779556484428,bottom,Real Estate,False,False,False
Overbot Vol Spike,Liquid,XLE,2009-05-29,2,684.0,427.35042735042725,0.6121468307986652,1.0,False,True,False,False,2.0000133216048748,2009-06-01,1.6005600000000004,2009,pre,P1,P1,Target,98.05332204824376,96.94915254237289,85.30785562632697,93.98464163822526,93.57374296379221,bottom,Energy,False,False,False
Overbot Vol Spike,Liquid,OIH,2009-05-29,2,682.0,427.35042735042725,0.6581199177530097,1.0,False,True,False,False,1.9976790488287954,2009-06-01,1.5958800000000004,2009,pre,P1,P1,Target,97.58919961427193,97.82713664896185,95.40174249757986,96.35036496350365,96.79211093107932,top,Energy,False,False,False
Overbot Vol Spike,Overflow,CCJ,2009-05-29,2,684.0,427.35042735042725,0.33593873974859795,1.0,False,True,False,False,1.9999429109968272,2009-06-01,1.6005600000000004,2009,pre,P1,P1,Target,96.44519678374948,85.21186440677965,86.07218683651806,93.98464163822526,90.42847241631812,bottom,Energy,False,False,False
Overbot Vol Spike,Liquid,XOP,2009-05-29,2,683.0,427.35042735042725,0.5921176596577408,1.0,False,True,False,False,2.0000133216048748,2009-06-01,1.5982200000000004,2009,pre,P1,P1,Target,94.16553595658074,94.82288828337875,88.47736625514403,94.28969359331477,92.93887102210458,bottom,Energy,False,False,False
Overbot Vol Spike,Overflow,BG,2009-05-29,2,34.0,61.637080867850095,0.18805032529258367,0.1442,False,False,True,True,0.5510535596360981,2009-06-01,0.551616,2009,pre,P2,P2,Time,87.9837067209776,90.26007139214687,94.6319018404908,99.58868894601542,93.11609222490767,bottom,Consumer Defensive,False,False,False
Overbot Vol Spike,Overflow,BKH,2009-05-29,2,-313.0,427.35042735042725,0.3941358461975947,1.0,False,False,True,True,-0.7314702762520142,2009-06-01,-0.7324200000000002,2009,pre,P1,P1,Time,95.59881506559458,98.64406779661017,91.50743099787687,86.64675767918088,93.09926788481563,bottom,Utilities,False,False,False
Overbot Vol Spike,Overflow,BP,2009-05-29,2,418.0,427.35042735042725,1.2874882031499477,1.0,False,False,False,True,0.9647017024701845,2009-06-01,0.9781200000000002,2009,pre,P1,P1,Mixed,91.57850190435887,90.67796610169492,94.01273885350318,99.10409556313992,93.84332560567424,bottom,Energy,False,False,False
Overbot Vol Spike,Liquid,CL,2009-05-29,2,-1193.0,427.35042735042725,0.26471908787963955,1.0,False,False,True,True,-2.793345129129881,2009-06-01,-2.7916200000000004,2009,pre,P1,P1,Time,96.14896318239526,87.37288135593221,85.85987261146497,96.37372013651877,91.4388593215778,bottom,Consumer Defensive,False,False,False
Overbot Vol Spike,Overflow,MFC,2009-05-29,2,519.0,427.35042735042725,0.32942814589536196,1.0,False,False,False,True,1.356872115656276,2009-06-01,1.2144600000000003,2009,pre,P1,P1,Mixed,97.50317393144307,98.4322033898305,98.34394904458598,98.63481228668942,98.22853466313725,top,Financial Services,False,False,False
Overbot Vol Spike,Overflow,CRS,2009-05-29,2,229.0,427.35042735042725,0.38138431397179345,1.0,False,False,True,True,0.5353054314496566,2009-06-01,0.5358600000000001,2009,pre,P1,P1,Time,87.68514600084639,88.4322033898305,93.33333333333333,85.2815699658703,88.68306317247013,bottom,Industrials,False,False,False
Overbot Vol Spike,Overflow,DBC,2009-05-29,2,684.0,427.35042735042725,0.7949575531906187,1.0,False,True,False,False,2.000064716011186,2009-06-01,1.6005600000000004,2009,pre,P1,P1,Target,96.9951923076923,96.86369119420989,93.93203883495146,99.2619926199262,96.76322873919497,top,Commodity,False,False,False
Overbot Vol Spike,Overflow,FISV,2009-05-29,2,-75.0,61.637080867850095,0.017146746925583274,0.1442,False,False,True,True,-1.2248956071321684,2009-06-01,-1.2168,2009,pre,P2,P2,Time,86.8387642826915,86.61016949152543,88.74734607218684,94.24061433447099,89.10922354521868,bottom,Technology,False,False,False
Overbot Vol Spike,Overflow,NRG,2009-05-29,2,99.0,61.63708086785009,0.05520566683728212,0.1442,False,True,False,False,1.9964011060370226,2009-06-01,1.6061760000000003,2009,pre,P2,P2,Target,92.31884057971016,99.20116194625999,93.73177842565597,99.63262307127113,96.22110100572431,top,ETF/Index,False,False,False
Overbot Vol Spike,Overflow,OI,2009-05-29,2,342.0,427.35042735042725,0.45869877372243634,1.0,False,False,False,True,0.6661160896991603,2009-06-01,0.8002800000000002,2009,pre,P1,P1,Mixed,94.24460431654677,92.45762711864407,86.11464968152866,97.95221843003414,92.69227488668841,bottom,Consumer Cyclical,False,False,False
Overbot Vol Spike,Overflow,VGK,2009-05-29,2,431.0,427.35042735042725,0.41594612225812894,1.0,False,False,False,True,1.0141225866084307,2009-06-01,1.0085400000000002,2009,pre,P1,P1,Mixed,93.49670122525919,88.84688090737241,97.15099715099716,98.17658349328215,94.41779069422773,top,UNKNOWN,False,False,False
Overbot Vol Spike,Overflow,VECO,2009-05-29,2,684.0,427.35042735042725,0.3723403650908182,1.0,False,True,False,False,2.0001034528947175,2009-06-01,1.6005600000000004,2009,pre,P1,P1,Target,94.32924248836225,94.32203389830508,96.64543524416136,97.31228668941979,95.65224958006213,top,Technology,False,False,False
Overbot Vol Spike,Liquid,XLP,2009-06-01,2,290.0,444.07894736842104,0.07582173429511901,0.0987,False,False,False,True,0.421796147402126,2009-06-02,0.6530370370370371,2009,pre,P2,P2,Mixed,97.96954314720813,94.07030919102075,97.28353140916808,97.69722814498934,96.75515297309659,top,Consumer Defensive,False,False,False
Overbot Vol Spike,Liquid,BA,2009-06-01,2,-539.0,444.07894736842104,2.050031507031852e-05,0.0987,False,False,True,True,-1.2167347276692373,2009-06-02,-1.2137481481481482,2009,pre,P2,P2,Time,98.98477157360406,98.6869970351546,96.47707979626486,98.29424307036247,98.1107728688465,top,Industrials,False,False,False
Overbot Vol Spike,Overflow,WERN,2009-06-01,2,253.0,444.07894736842104,0.09141177353211247,0.0987,False,False,False,True,0.28059205171100055,2009-06-02,0.5697185185185185,2009,pre,P2,P2,Mixed,96.95431472081218,98.05167301990681,96.09507640067912,91.76972281449893,95.71769673897425,top,Industrials,False,False,False
Overbot Vol Spike,Overflow,OSK,2009-06-10,2,1440.0,900.0,0.07636679437844811,0.2,False,True,False,False,1.999432024682158,2009-06-11,1.6,2009,pre,P2,P2,Target,94.89666807254324,98.26858108108108,99.06898011002963,97.91666666666666,97.53772398258013,top,Industrials,False,False,False
Overbot Vol Spike,Liquid,MSFT,2009-06-11,2,-137.0,900.0,0.11474494995603199,0.2,False,False,True,True,-0.15178143243477812,2009-06-12,-0.15222222222222223,2009,pre,P2,P2,Time,90.64080944350759,88.30730265934994,96.02368866328257,95.28261793455164,92.56360467517293,bottom,Technology,False,True,True
Overbot Vol Spike,Overflow,NFG,2009-06-17,2,1439.0,900.0,0.06268953264791081,0.2,False,True,False,False,1.9993937873816932,2009-06-18,1.5988888888888888,2009,pre,P2,P2,Target,97.3063973063973,87.10493046776233,95.98817567567568,98.51506151887993,94.72864124217881,top,Energy,False,False,False
Overbot Vol Spike,Overflow,OSK,2009-07-02,2,223.0,900.0,0.2356137449416557,0.2,False,False,True,True,0.24801041281554612,2009-07-06,0.2477777777777778,2009,pre,P2,P2,Time,99.91621281943863,99.70637583892618,99.57965531736023,99.2820945945946,99.6210846425799,top,Industrials,False,False,False
Overbot Vol Spike,Overflow,BNS,2009-07-23,1,-437.0,900.0,0.13060027014310271,0.2,True,False,False,False,,2009-07-24,-0.4855555555555556,2009,pre,P2,P2,EOD-DD,93.41885108756274,91.34078212290503,99.2156862745098,97.35062006764375,95.33148488815533,top,Financial Services,False,False,False
Overbot Vol Spike,Overflow,RY,2009-07-23,2,217.0,900.0,0.02421529502797751,0.2,False,False,True,True,0.24125854759615328,2009-07-24,0.2411111111111111,2009,pre,P2,P2,Time,95.21032902957101,96.16346955796497,99.58211450062683,98.9504617968094,97.47659372124305,top,Financial Services,False,False,False
Overbot Vol Spike,Overflow,NVRI,2009-07-24,2,1440.0,900.0,0.009928419475208686,0.2,False,True,False,False,1.999870266992559,2009-07-27,1.6,2009,pre,P2,P2,Target,91.3405495420483,94.70612755314714,98.99749373433583,97.48216533780948,95.63158404183518,top,Industrials,False,False,False
Overbot Vol Spike,Overflow,TD,2009-07-24,2,1013.0,900.0,0.03186653774942886,0.2,False,False,False,True,1.2088355169298457,2009-07-27,1.1255555555555556,2009,pre,P2,P2,Mixed,96.79433805162365,95.74822842851188,99.12280701754386,97.85984053713807,97.38130350870438,top,Financial Services,False,False,False
Overbot Vol Spike,Liquid,PPG,2009-07-31,2,-640.0,4500.0,0.3545837996040286,1.0,False,False,True,True,-0.14230329083187965,2009-08-03,-0.14222222222222222,2009,pre,P1,P1,Time,98.00581636892397,90.22462562396007,96.66527719883284,99.41373534338358,96.07736363377511,top,Basic Materials,False,False,False
Overbot Vol Spike,Overflow,AA,2009-08-04,2,3234.0,3906.25,0.31062106937298506,1.0,False,False,False,True,0.713386210830143,2009-08-05,0.827904,2009,pre,P1,P1,Mixed,98.00747198007473,98.21280133000832,99.4585589337776,99.5397489539749,98.80464529945887,top,Basic Materials,False,False,False
Overbot Vol Spike,Liquid,VNQ,2009-08-04,2,-1585.0,781.25,0.017270912352986615,0.2,False,False,True,True,-2.02943798704897,2009-08-05,-2.0288,2009,pre,P2,P2,Time,97.7850697292863,97.61513157894737,98.43104872006606,98.08333333333333,97.97864584040826,top,Real Estate,False,False,False
Overbot Vol Spike,Liquid,VNQ,2009-08-05,2,1324.0,2083.3333333333335,0.4481301241275393,1.0,False,False,False,True,0.3933548412898805,2009-08-06,0.63552,2009,pre,P1,P1,Mixed,98.44262295081967,99.0961380443714,99.17491749174917,99.16736053288926,98.97025975495737,top,Real Estate,False,False,False
Overbot Vol Spike,Liquid,BAC,2009-08-04,2,547.0,3906.25,0.6100596461843346,1.0,False,False,True,True,0.13989799359242655,2009-08-05,0.140032,2009,pre,P1,P1,Time,94.85263594852637,98.21280133000832,98.62557267805082,97.78242677824268,97.36835918370704,top,Financial Services,False,False,False
Overbot Vol Spike,Liquid,JPM,2009-08-04,2,-830.0,781.25,0.11668267795981273,0.2,False,False,True,True,-1.062268518316417,2009-08-05,-1.0624,2009,pre,P2,P2,Time,89.87131589871315,87.69742310889444,89.83756768013328,97.48953974895397,91.22396160917371,bottom,Financial Services,False,False,False
Overbot Vol Spike,Liquid,IYR,2009-08-04,2,-1440.0,781.25,0.0765050827196426,0.2,False,False,True,True,-1.841799639021731,2009-08-05,-1.8432,2009,pre,P2,P2,Time,98.7352812908853,98.5589519650655,99.21225382932167,99.0325417766051,98.8847572154694,top,Real Estate,False,False,False
Overbot Vol Spike,Liquid,IYR,2009-08-05,2,1525.0,2083.3333333333335,0.4331604574247566,1.0,False,False,False,True,0.5538722489752396,2009-08-06,0.732,2009,pre,P1,P1,Mixed,99.08456843940715,99.51986032300304,99.5188101487314,99.64835164835165,99.44289763987331,top,Real Estate,False,False,False
Overbot Vol Spike,Liquid,C,2009-08-06,2,7198.0,4500.0,0.7522438635642097,1.0,False,True,False,False,1.9998702240882806,2009-08-07,1.5995555555555556,2009,pre,P1,P1,Target,98.96308585649109,98.46345514950167,99.25093632958801,99.33110367892976,99.00214525362763,top,Financial Services,False,False,False
Overbot Vol Spike,Overflow,BFH,2009-08-06,2,4501.0,4500.0,0.38873735221371813,1.0,False,False,False,True,1.0006387054215822,2009-08-07,1.0002222222222221,2009,pre,P1,P1,Mixed,85.52567237163814,94.61312438785504,91.70348551791851,99.90128331688055,92.93589139857306,bottom,Financial Services,False,False,False
Overbot Vol Spike,Liquid,GE,2009-08-06,2,7199.0,4500.0,0.4790171986082436,1.0,False,True,False,False,1.999925017850851,2009-08-07,1.5997777777777777,2009,pre,P1,P1,Target,91.87059311489008,96.92691029900332,98.95963379109448,99.74916387959865,96.87657527114663,top,Industrials,False,False,False
Overbot Vol Spike,Liquid,KRE,2009-08-07,2,1439.0,900.0,0.1337905237056355,0.2,False,True,False,False,1.9998338621071625,2009-08-10,1.5988888888888888,2009,pre,P2,P2,Target,90.71246819338423,95.40229885057471,98.58611825192803,98.69621903520208,95.84927608277226,top,Financial Services,False,False,False
Overbot Vol Spike,Overflow,ZION,2009-08-07,2,1173.0,900.0,0.026666660083769018,0.2,False,False,False,True,1.505108074339043,2009-08-10,1.3033333333333332,2009,pre,P2,P2,Mixed,98.13432835820896,99.16977999169781,99.66722129783693,99.4985374007522,99.11746676212397,top,Financial Services,False,False,False
Overbot Vol Spike,Overflow,TFC,2009-08-06,2,2135.0,4500.0,0.3086582744693154,1.0,False,False,True,True,0.47433292293941887,2009-08-07,0.47444444444444445,2009,pre,P1,P1,Time,93.65408544172541,96.13787375415282,97.33666250520183,97.15719063545151,96.0714530841329,top,Financial Services,False,False,False
Overbot Vol Spike,Liquid,NSC,2009-08-12,2,1352.0,900.0,0.13757743327166846,0.2,False,False,False,True,1.8380251129046101,2009-08-13,1.5022222222222221,2009,pre,P2,P2,Mixed,88.03312629399585,93.1592039800995,92.23099293726631,97.20367278797997,92.6567489998354,bottom,Industrials,False,False,False
Overbot Vol Spike,Liquid,C,2009-08-13,2,7199.0,4500.0,0.356238717866363,1.0,False,True,False,False,1.99993066952308,2009-08-14,1.5997777777777777,2009,pre,P1,P1,Target,97.59933774834437,92.58184832159138,98.87873754152824,98.28952857738841,96.8373630472131,top,Financial Services,False,False,False
Overbot Vol Spike,Liquid,C,2009-08-20,2,1470.0,4500.0,0.5289696506438235,1.0,False,False,True,True,0.3267597004075192,2009-08-21,0.32666666666666666,2009,pre,P1,P1,Time,96.77819083023545,95.7816377171216,97.18193120596767,99.45878434637801,97.30013602492568,top,Financial Services,False,False,False
Overbot Vol Spike,Overflow,AVY,2009-08-20,2,40.0,4500.0,0.47822836040268724,1.0,False,False,True,True,0.008811436815722728,2009-08-21,0.008888888888888889,2009,pre,P1,P1,Time,94.01073936389922,98.71794871794873,97.63779527559055,96.79433805162365,96.79020535226553,top,Consumer Cyclical,False,False,False
Overbot Vol Spike,Liquid,HIG,2009-08-21,2,-2493.0,4261.363636363637,0.5609510443620055,1.0,False,False,True,True,-0.5851432734996828,2009-08-24,-0.5850239999999999,2009,pre,P1,P1,Time,96.53179190751445,89.45845390657297,88.35956917978459,97.17020391177694,92.88000472641222,bottom,Financial Services,False,False,False
Overbot Vol Spike,Overflow,KMPR,2009-08-24,2,471.0,900.0,0.07769255861024917,0.2,False,False,False,True,0.20577687311087917,2009-08-25,0.5233333333333333,2009,pre,P2,P2,Mixed,92.44737928188196,97.19008264462809,94.53416149068323,98.91846921797006,95.77252315879085,top,Financial Services,False,False,False
Overbot Vol Spike,Liquid,RTX,2009-08-24,2,263.0,900.0,0.08393936956028761,0.2,False,False,True,True,0.29255649192107025,2009-08-25,0.2922222222222222,2009,pre,P2,P2,Time,92.65373503920759,95.12396694214877,91.75983436853002,97.96173044925125,94.37481669978442,top,Industrials,False,False,False
Overbot Vol Spike,Liquid,HIG,2009-08-24,2,-3547.0,4500.0,0.38641201018638976,1.0,False,False,True,True,-0.7881622830415173,2009-08-25,-0.7882222222222223,2009,pre,P1,P1,Time,95.0474618241849,96.81818181818181,95.19668737060042,97.00499168053244,96.01683067337488,top,Financial Services,False,False,False
Overbot Vol Spike,Liquid,AIG,2009-08-26,2,-3739.0,4500.0,0.8446333054984937,1.0,False,False,True,True,-0.8311701325490551,2009-08-27,-0.8308888888888889,2009,pre,P1,P1,Time,97.97938144329898,99.17423616845582,98.96565990897808,99.66749792186201,98.94669386064871,top,Financial Services,False,False,False
Overbot Vol Spike,Overflow,TXT,2009-09-08,2,-268.0,900.0,0.19051664654384576,0.2,False,False,True,True,-0.29758727838795773,2009-09-09,-0.29777777777777775,2009,pre,P2,P2,Time,96.75297986025483,98.72427983539094,98.0618556701031,97.05882352941177,97.64948472379017,top,Industrials,False,False,False
Overbot Vol Spike,Overflow,LVS,2009-09-08,2,-26.0,900.0,0.1797944232184293,0.2,False,False,True,True,-0.028973525106338324,2009-09-09,-0.028888888888888888,2009,pre,P2,P2,Time,94.3650126156434,89.20741989881957,85.01270110076207,88.37606837606837,89.24030049782334,bottom,Consumer Cyclical,False,False,False
Overbot Vol Spike,Overflow,MGM,2009-09-14,2,1008.0,4076.0869565217395,0.4790267808454818,1.0,False,False,False,True,-0.2543640562818382,2009-09-15,0.247296,2009,pre,P1,P1,Mixed,96.9224456298728,99.21939194741168,99.1766158913133,98.05624483043837,98.34367457475904,top,Consumer Cyclical,False,False,False
Overbot Vol Spike,Overflow,LVS,2009-09-14,2,3121.0,4076.086956521739,0.8635280962076158,1.0,False,False,False,True,0.6096738547915893,2009-09-15,0.7656853333333333,2009,pre,P1,P1,Mixed,94.38390611902766,93.10924369747899,92.65822784810128,90.45996592844975,92.65283589826441,bottom,Consumer Cyclical,False,False,False
Overbot Vol Spike,Overflow,FTI,2009-09-14,2,1510.0,4076.086956521739,0.30983090933935,1.0,False,False,True,True,0.37057594143581946,2009-09-15,0.37045333333333336,2009,pre,P1,P1,Time,93.38483824239498,96.95357833655706,87.15462918080465,90.39961013645225,91.97316397405223,bottom,Energy,False,False,False
Overbot Vol Spike,Overflow,WWD,2009-09-16,2,800.0,703.125,0.011707106808671134,0.1562,False,False,False,True,1.2310784038171092,2009-09-17,1.1377777777777778,2009,pre,P2,P2,Mixed,97.2939729397294,95.36124794745484,97.44960921431509,96.8595041322314,96.74108355843268,top,Industrials,False,False,False
Overbot Vol Spike,Liquid,IYR,2009-09-16,2,910.0,703.125,0.030333000059152557,0.1562,False,False,False,True,1.4932928481092989,2009-09-17,1.2942222222222222,2009,pre,P2,P2,Mixed,98.01980198019803,98.62068965517241,99.30885529157666,98.61111111111111,98.64011450951455,top,Real Estate,False,False,False
Overbot Vol Spike,Liquid,GE,2009-09-16,2,1122.0,703.125,0.12430059214188911,0.1562,False,True,False,False,1.998588625506514,2009-09-17,1.5957333333333332,2009,pre,P2,P2,Target,99.3849938499385,99.09688013136288,99.71205265322912,99.46280991735537,99.41418413797146,top,Industrials,False,False,False
Overbot Vol Spike,Overflow,WWD,2009-09-15,2,-40.0,815.2173913043479,0.21232686201644463,0.2,False,False,True,True,-0.04912204639830426,2009-09-16,-0.04906666666666666,2009,pre,P2,P2,Time,92.12469237079574,93.67556468172484,94.23868312757202,92.39355105415461,93.1081228085618,bottom,Industrials,False,False,False
Overbot Vol Spike,Overflow,CRS,2009-09-15,2,3126.0,4076.0869565217395,0.2589458698874396,1.0,False,False,False,True,0.6118561756798222,2009-09-16,0.7669119999999999,2009,pre,P1,P1,Mixed,88.02296964725184,93.10061601642711,95.02057613168724,96.89954526663911,93.26092676550132,bottom,Industrials,False,False,False
Overbot Vol Spike,Overflow,BPOP,2009-09-22,2,1438.0,900.0,0.169356281308893,0.2,False,True,False,False,1.9991475368807659,2009-09-23,1.5977777777777777,2009,pre,P2,P2,Target,90.70814572247237,97.78688524590164,96.0164271047228,99.00990099009901,95.88033976579896,top,Financial Services,False,False,False
Overbot Vol Spike,Overflow,AEIS,2009-09-21,2,-88.0,900.0,0.018035875463565942,0.2,False,False,True,True,-0.09821199266152661,2009-09-22,-0.09777777777777778,2009,pre,P2,P2,Time,89.63963963963964,87.61787617876179,90.42728019720624,91.82831200990508,89.87827700637818,bottom,Industrials,False,False,False
Overbot Vol Spike,Overflow,FLG,2009-12-04,2,7200.0,4500.0,3.0863659156183028,1.0,False,True,False,False,2.000028172409798,2009-12-07,1.6,2009,pre,P1,P1,Target,94.14829659318637,94.82343499197432,88.66103739445114,97.0113085621971,93.66101938545222,bottom,Financial Services,False,False,False
Overbot Vol Spike,Overflow,SPGI,2009-12-10,1,-353.0,900.0,0.2218325965828809,0.2,True,False,False,False,,2009-12-11,-0.39222222222222225,2009,pre,P2,P2,EOD-DD,87.03481392557023,98.4775641025641,91.36892814130871,95.52419354838709,93.10137492945753,bottom,Financial Services,False,False,False
Overbot Vol Spike,Overflow,AEE,2009-12-11,2,904.0,900.0,0.11884884294864856,0.2,False,False,False,True,1.0077908133326283,2009-12-14,1.0044444444444445,2009,pre,P2,P2,Mixed,97.32,94.99399279134963,99.15730337078652,96.2515114873035,96.93070191235991,top,Utilities,False,False,False
Overbot Vol Spike,Overflow,NYT,2010-01-04,2,-828.0,675.0,0.034394618887583675,0.15,False,False,True,True,-1.2273674732513271,2010-01-05,-1.2266666666666666,2010,base,P2,P2,Time,89.18058870326173,93.38908801274393,99.16201117318437,99.67935871743488,95.35276165165622,top,Communication Services,False,False,False
Overbot Vol Spike,Overflow,NYT,2010-01-05,2,-210.0,675.0,0.016568180634008944,0.15,False,False,True,True,-0.3099631144316306,2010-01-06,-0.3111111111111111,2010,base,P2,P2,Time,98.05168986083498,96.37738853503186,99.20223374551257,99.71955128205127,98.33771585585767,top,Communication Services,False,False,False
Overbot Vol Spike,Liquid,HIG,2010-01-12,2,780.0,675.0,0.12448442544139887,0.15,False,False,False,True,1.2587954566025479,2010-01-13,1.1555555555555554,2010,base,P2,P2,Mixed,88.61111111111111,88.71672626142232,95.46178343949045,89.68412634946021,90.61843679037102,bottom,Financial Services,False,False,False
Overbot Vol Spike,Overflow,BCE,2010-03-09,2,231.0,675.0,0.149864029171143,0.15,False,False,False,True,-0.09590700586632883,2010-03-10,0.3422222222222222,2010,base,P2,P2,Mixed,87.37294761532446,87.67123287671232,94.86274509803921,95.15557306025994,91.26562466258399,bottom,Communication Services,False,False,False
Overbot Vol Spike,Overflow,BC,2010-03-09,2,-940.0,675.0,0.09320750163796682,0.15,False,False,True,True,-1.3932672306763043,2010-03-10,-1.3925925925925926,2010,base,P2,P2,Time,98.43627834245504,98.63013698630137,98.07843137254902,97.71563607719574,98.21512069462528,top,Consumer Cyclical,False,False,False
Overbot Vol Spike,Liquid,SPG,2010-03-16,2,478.0,407.6086956521739,0.13785633500565495,0.15,False,False,False,True,1.2892172051352018,2010-03-17,1.1726933333333334,2010,base,P2,P2,Mixed,87.20249707374171,87.3828125,93.26810176125244,97.44496855345912,91.32459497211332,bottom,Real Estate,False,False,False
Overbot Vol Spike,Liquid,IYR,2010-03-16,2,388.0,407.60869565217394,0.14395855049995226,0.15,False,False,False,True,0.9192176485044712,2010-03-17,0.9518933333333333,2010,base,P2,P2,Mixed,89.78340825500612,92.71685761047463,96.84296842968429,98.18780889621087,94.38276079784397,top,Real Estate,False,False,False
Overbot Vol Spike,Overflow,GL,2010-03-16,2,80.0,407.60869565217394,0.08664278288906374,0.15,False,False,True,True,0.1980075752281644,2010-03-17,0.19626666666666664,2010,base,P2,P2,Time,90.01170503316426,90.1953125,96.63405088062622,97.0125786163522,93.46341175753567,bottom,Financial Services,False,False,False
Overbot Vol Spike,Overflow,LNC,2010-03-16,2,2355.0,2038.0434782608695,0.9293250061063096,0.75,False,False,False,True,1.2594623204603095,2010-03-17,1.15552,2010,base,P1,P1,Mixed,90.55793991416309,85.078125,91.35029354207437,94.10377358490565,90.27253301028577,bottom,Financial Services,False,False,False
Overbot Vol Spike,Overflow,PFG,2010-03-16,2,230.0,2038.0434782608695,0.29406934236936294,0.75,False,False,True,True,0.11302189332339846,2010-03-17,0.11285333333333333,2010,base,P1,P1,Time,93.27333017527238,93.26375711574953,95.19733713742274,95.93690248565966,94.41783172852607,top,Financial Services,False,False,False
Overbot Vol Spike,Overflow,TFC,2010-03-16,2,187.0,407.60869565217394,0.08703846924241075,0.15,False,False,True,True,0.45967169823640147,2010-03-17,0.4587733333333333,2010,base,P2,P2,Time,89.19235271166602,96.6015625,96.51663405088063,95.67610062893081,94.49666247286936,top,Financial Services,False,False,False
Overbot Vol Spike,Overflow,IFF,2010-03-29,2,498.0,675.0,0.14965574646097224,0.15,False,False,False,True,0.562711060733538,2010-03-30,0.7377777777777778,2010,base,P2,P2,Mixed,97.62830482115086,94.16115219929934,93.29173166926678,96.78809244026635,95.46732028249582,top,Basic Materials,False,False,False
Overbot Vol Spike,Overflow,MAR,2010-03-29,2,-220.0,675.0,3.958471114046663e-06,0.15,False,False,True,True,-0.3256936752059515,2010-03-30,-0.32592592592592595,2010,base,P2,P2,Time,90.39657853810264,90.93032308291164,93.13572542901716,94.63376419898158,92.27409781225325,bottom,Consumer Cyclical,False,False,False
Overbot Vol Spike,Overflow,RDN,2010-03-30,2,-1235.0,675.0,0.12343575369555522,0.15,False,False,True,True,-1.830894425361965,2010-03-31,-1.8296296296296297,2010,base,P2,P2,Time,87.01904391760591,95.91439688715954,95.28265107212476,95.57556773688331,93.44791490344339,bottom,Financial Services,False,False,False
Overbot Vol Spike,Liquid,AIG,2010-04-06,2,-1439.0,3375.0,0.4429382037414664,0.75,False,False,True,True,-0.42641690822462575,2010-04-07,-0.42637037037037034,2010,base,P1,P1,Time,93.55840124175397,85.85858585858585,90.22966134682756,96.36434714620798,91.50274889834385,bottom,Financial Services,False,False,False
Overbot Vol Spike,Overflow,IFF,2010-04-09,2,134.0,675.0,0.090401262394576,0.15,False,False,False,True,-0.3345528164665946,2010-04-12,0.1985185185185185,2010,base,P2,P2,Mixed,85.42635658914729,86.26309662398137,96.11197511664075,96.21241702459976,91.00346133859229,bottom,Basic Materials,False,False,False
Overbot Vol Spike,Overflow,MOD,2010-04-14,2,1079.0,675.0,0.018135129469313616,0.15,False,True,False,False,1.9995941169219587,2010-04-15,1.5985185185185184,2010,base,P2,P2,Target,89.15989159891599,91.74418604651163,95.02912621359224,92.12168486739469,92.01372218160364,bottom,Consumer Cyclical,False,False,False
Overbot Vol Spike,Overflow,LPX,2010-04-22,2,4186.0,3375.0,0.3693446297811536,0.75,False,False,False,True,1.4007621627141038,2010-04-23,1.2402962962962962,2010,base,P1,P1,Mixed,91.46388567014291,90.52590873936582,90.77876791941108,97.70428015564202,92.61821062114046,bottom,Industrials,False,False,False
Overbot Vol Spike,Overflow,MOD,2010-04-23,2,679.0,675.0,0.016355515546786308,0.15,False,False,False,True,1.0112684895481265,2010-04-26,1.005925925925926,2010,base,P2,P2,Mixed,86.77606177606178,94.08581368380364,92.4864446165763,93.89342668222481,91.81043668966663,bottom,Consumer Cyclical,False,False,False
Overbot Vol Spike,Overflow,RBA,2010-09-30,1,-194.0,675.0,0.1698069814155259,0.15,True,False,False,False,,2010-10-01,-0.2874074074074074,2010,base,P2,P2,EOD-DD,89.0040725657164,98.99925871015567,92.01633865577423,95.48844146159581,93.87702784831053,bottom,Industrials,False,False,False
Overbot Vol Spike,Overflow,CVSA,2010-09-30,2,513.0,675.0,0.10238893107321917,0.15,False,False,False,True,0.6010266548899497,2010-10-01,0.76,2010,base,P2,P2,Mixed,95.49610565526582,94.91525423728814,93.92190152801359,98.05725971370143,95.59763028356724,top,ETF/Index,False,False,False
Overbot Vol Spike,Liquid,BAC,2010-12-21,2,33.0,675.0,0.08093377523716856,0.15,False,False,True,True,0.04865492491323428,2010-12-22,0.04888888888888889,2010,base,P2,P2,Time,89.34010152284264,87.87658802177857,94.83636363636364,91.31069733479372,90.84093762894464,bottom,Financial Services,False,False,False
Overbot Vol Spike,Overflow,RBA,2010-12-29,2,679.0,675.0,0.043144013400222475,0.15,False,False,False,True,1.0084324667009752,2010-12-30,1.005925925925926,2010,base,P2,P2,Mixed,86.68114368440102,95.32608695652173,97.4228675136116,98.21428571428571,94.41109596720501,top,Industrials,False,False,False
Overbot Vol Spike,Liquid,COP,2011-02-18,2,4505.0,4500.0,0.7555179071336726,1.0,False,False,False,True,1.0018113205073629,2011-02-22,1.001111111111111,2011,base,P1,P1,Mixed,90.1036084315827,98.10443490701002,92.29666786098173,96.79856115107913,94.3258180876634,top,Energy,False,False,False
Overbot Vol Spike,Liquid,CEF,2011-02-22,2,1440.0,900.0,0.05099656055095415,0.2,False,True,False,False,1.9996146445072354,2011-02-23,1.6,2011,base,P2,P2,Target,89.30357142857143,91.7053986414015,95.5945558739255,97.339086659475,93.48565315084336,bottom,Commodity,False,False,False
Overbot Vol Spike,Overflow,OLED,2011-04-05,2,1440.0,900.0,0.23940502052937931,0.2,False,True,False,False,1.9997171034684877,2011-04-06,1.6,2011,base,P2,P2,Target,91.80212014134275,88.50371418464805,90.99929128277817,96.33582355033796,91.91023728977675,bottom,Technology,False,False,False
Overbot Vol Spike,Overflow,AG,2011-04-04,2,-723.0,900.0,0.054866134056454456,0.2,False,False,True,True,-0.8046668231245346,2011-04-05,-0.8033333333333333,2011,base,P2,P2,Time,94.05306495882891,95.3211009174312,95.02304147465438,93.20297951582867,94.40004671668581,top,Basic Materials,False,False,False
Overbot Vol Spike,Liquid,GLD,2011-08-19,2,7200.0,4500.0,0.5272075246407391,1.0,False,True,False,False,1.9996379421184205,2011-08-22,1.6,2011,base,P1,P1,Target,96.40965273690406,97.58254716981132,99.11295091661738,99.3452380952381,98.11259722964272,top,Commodity,False,False,False
3x ETF Overbot Fade,Liquid,ERX,2011-10-27,1,13418.0,4500.0,-0.4720585346442255,1.0,False,False,True,False,,2011-10-28,2.981777777777778,2011,base,P2,P1,Time,99.18809201623816,95.92391304347827,98.49521203830369,100.0,98.40180427450503,top,Energy,False,False,False
Overbot Vol Spike,Liquid,GE,2011-12-21,2,255.0,4500.0,0.40260899943109385,1.0,False,False,True,True,0.05663912607239818,2011-12-22,0.056666666666666664,2011,base,P1,P1,Time,95.48322816340087,93.98271276595744,87.27938727938728,96.12299465240642,93.217080715288,bottom,Industrials,False,False,False
Overbot Vol Spike,Overflow,DD,2012-01-11,2,-2857.0,4500.0,0.29382368934918557,1.0,False,False,True,True,-0.6350147589369306,2012-01-12,-0.6348888888888888,2012,base,P1,P1,Time,89.8478835978836,86.95796094008607,93.0371352785146,95.60732113144759,91.36257523698296,bottom,Basic Materials,False,False,False
Overbot Vol Spike,Overflow,YPF,2012-01-20,2,-454.0,900.0,0.19984430057391234,0.2,False,False,True,True,-0.5044942506371657,2012-01-23,-0.5044444444444445,2012,base,P2,P2,Time,88.67986798679868,87.41328047571854,91.13170086035738,95.11790102955828,90.58568758810821,bottom,Energy,False,False,False
Overbot Vol Spike,Overflow,TDS,2012-01-24,2,881.0,900.0,0.12461684027566079,0.2,False,False,False,True,0.9654504210057314,2012-01-25,0.9788888888888889,2012,base,P2,P2,Mixed,85.98284960422163,88.74215912842523,97.15608465608466,96.41553269166944,92.07415652010025,bottom,Communication Services,False,False,False
Overbot Vol Spike,Overflow,TEX,2012-01-25,2,7200.0,4500.0,0.30956591107399156,1.0,False,True,False,False,1.9999558045455135,2012-01-26,1.6,2012,base,P1,P1,Target,98.3184965380811,97.62376237623762,99.6694214876033,99.46914399469145,98.77020609915337,top,Industrials,False,False,False
Overbot Vol Spike,Overflow,ECHO,2012-02-02,1,-2050.0,4500.0,0.25834683900985395,1.0,True,False,False,False,,2012-02-03,-0.45555555555555555,2012,base,P1,P1,EOD-DD,95.33527696793003,94.9317738791423,95.88638589618022,96.93069306930693,95.77103245313987,top,ETF/Index,False,False,False
Overbot Vol Spike,Overflow,ECHO,2012-02-06,2,-1449.0,900.0,0.03373478669710115,0.2,False,False,True,True,-1.6113605080450233,2012-02-07,-1.61,2012,base,P2,P2,Time,94.66537342386033,99.12451361867704,96.96969696969697,99.80237154150198,97.64048888843408,top,ETF/Index,False,False,False
Overbot Vol Spike,Overflow,MUX,2012-06-18,2,1437.0,900.0,0.14,0.2,False,True,False,False,2.0001744864246755,2012-06-19,1.5966666666666667,2012,base,P2,P2,Target,89.65847430577722,96.10223642172524,86.24000000000001,86.9942196531792,89.74873259517041,bottom,Basic Materials,False,False,False
Overbot Vol Spike,Liquid,MS,2012-09-06,1,-2691.0,4500.0,0.6148676411541635,1.0,True,False,False,False,,2012-09-07,-0.598,2012,base,P1,P1,EOD-DD,89.84007525870179,94.00502197112367,89.18579063187677,88.67507886435331,90.42649168151388,bottom,Financial Services,False,False,False
Overbot Vol Spike,Overflow,IAG,2012-09-13,1,-5356.0,3906.25,0.4713821258877588,1.0,True,False,False,False,,2012-09-14,-1.371136,2012,base,P1,P1,EOD-DD,87.05067128627111,89.24544666088465,89.91742720556279,96.76855895196506,90.74552602617091,bottom,Basic Materials,False,False,False
Overbot Vol Spike,Overflow,SEE,2012-09-13,2,865.0,781.25,0.15025373660263022,0.2,False,False,False,True,1.179309897348336,2012-09-14,1.1072,2012,base,P2,P2,Mixed,93.17470256731372,95.33061736132873,94.97802887633397,96.25196850393701,94.93382932722835,top,UNKNOWN,False,False,False
Overbot Vol Spike,Overflow,PHM,2012-09-13,2,5236.0,3906.25,0.31154741415365866,1.0,False,False,False,True,1.5678082831246063,2012-09-14,1.340416,2012,base,P1,P1,Mixed,96.74389480275516,91.91476026324035,96.23352165725048,95.37007874015748,95.06556386585086,top,Consumer Cyclical,False,False,False
Overbot Vol Spike,Overflow,BPOP,2012-09-13,2,927.0,781.25,0.2011511171262956,0.2,False,False,False,True,1.3133893103095309,2012-09-14,1.18656,2012,base,P2,P2,Mixed,94.95929868503444,93.92040112817298,94.44444444444444,93.32283464566929,94.16174472583029,top,Financial Services,False,False,False
Overbot Vol Spike,Liquid,MAS,2012-09-13,2,135.0,781.25,0.11570107854512524,0.2,False,False,True,True,0.1717620333533493,2012-09-14,0.1728,2012,base,P2,P2,Time,95.55416405760802,96.1454089627076,92.68675455116133,94.07874015748031,94.61626693223931,top,Consumer Cyclical,False,False,False
Overbot Vol Spike,Liquid,HIG,2012-09-13,2,963.0,781.25,0.1799131069357446,0.2,False,False,False,True,1.3896824096681974,2012-09-14,1.23264,2012,base,P2,P2,Mixed,88.29054477144646,90.88060169225948,94.47583176396735,92.91338582677166,91.64009101361124,bottom,Financial Services,False,False,False
Overbot Vol Spike,Overflow,GDX,2012-09-13,2,-1252.0,3906.2500000000005,0.42324083578242566,1.0,False,False,True,True,-0.3205019913781991,2012-09-14,-0.32051199999999996,2012,base,P1,P1,Time,93.45911949685535,88.72085696282294,94.94310998735777,96.11712285168682,93.31005232468073,bottom,Basic Materials,False,False,False
Overbot Vol Spike,Overflow,YPF,2012-12-13,1,-1017.0,900.0,0.21329835868290356,0.2,True,False,False,False,,2012-12-14,-1.13,2012,base,P2,P2,EOD-DD,85.61117936117935,98.83184752536121,95.35098522167488,98.54803830707445,94.58551260382248,top,Energy,False,False,False
Overbot Vol Spike,Overflow,YPF,2012-12-17,2,377.0,900.0,0.14070291764547718,0.2,False,False,False,True,0.032461035168695945,2012-12-18,0.41888888888888887,2012,base,P2,P2,Mixed,99.6623695518723,99.01689708141322,99.53846153846155,99.84563136770608,99.51583988486328,top,Energy,False,False,False
Overbot Vol Spike,Overflow,TRGP,2013-01-08,2,882.0,900.0,0.0908704591361995,0.2,False,False,False,True,0.9665778226331392,2013-01-09,0.98,2013,base,P2,P2,Mixed,85.8508604206501,95.57692307692308,97.0873786407767,97.81746031746032,94.08315561395254,top,Energy,False,False,False
Overbot Vol Spike,Liquid,KMB,2013-02-22,2,479.0,900.0,0.10042354076178867,0.2,False,False,False,True,0.22048255880134873,2013-02-25,0.5322222222222223,2013,base,P2,P2,Mixed,96.27611262488647,97.12121212121212,88.28528072837632,95.34104750304506,94.25591324438,top,Consumer Defensive,False,False,False
Overbot Vol Spike,Overflow,BBY,2013-03-19,2,3219.0,4500.0,0.3416403385817518,1.0,False,False,False,True,0.5257795974692124,2013-03-20,0.7153333333333334,2013,base,P1,P1,Mixed,89.57831325301204,94.57340970756708,97.46376811594203,97.42502272038777,94.76012844922724,top,Consumer Cyclical,False,False,False
Overbot Vol Spike,Liquid,CPB,2013-03-25,2,-2230.0,900.0,0.13367629594054542,0.2,False,False,True,True,-2.4776375101678325,2013-03-26,-2.477777777777778,2013,base,P2,P2,Time,90.19253910950663,94.27883167720566,91.43546441495778,93.70650529500757,92.4033351241694,bottom,Consumer Defensive,False,False,False
Overbot Vol Spike,Liquid,CPB,2013-03-27,2,-1077.0,900.0,0.1416170508539321,0.2,False,False,True,True,-1.1968459133488059,2013-03-28,-1.1966666666666668,2013,base,P2,P2,Time,94.52796151533374,94.37255492025278,96.56419529837251,97.03658905352283,95.62532519687046,top,Consumer Defensive,False,False,False
Overbot Vol Spike,Liquid,CPB,2013-04-01,2,1331.0,900.0,0.13742680279147415,0.2,False,False,False,True,1.7979509230059008,2013-04-02,1.478888888888889,2013,base,P2,P2,Mixed,89.7235576923077,96.90225563909775,98.67469879518073,97.12904200664853,95.60738853330868,top,Consumer Defensive,False,False,False
Overbot Vol Spike,Overflow,LDOS,2013-04-24,2,-310.0,900.0,0.03773474963975527,0.2,False,False,True,True,-0.3441650354232443,2013-04-25,-0.34444444444444444,2013,base,P2,P2,Time,91.02564102564102,86.36085626911316,85.21472392638036,99.38233477455219,90.49588899892169,bottom,Technology,False,False,False
Overbot Vol Spike,Overflow,WWW,2013-05-06,2,485.0,900.0,0.008826490331797504,0.2,False,False,True,True,0.538004489179186,2013-05-07,0.5388888888888889,2013,base,P2,P2,Time,87.71249627199524,89.07462686567165,89.0881913303438,92.98140371925615,89.71417954681671,bottom,Consumer Cyclical,False,False,False
Overbot Vol Spike,Overflow,SAIA,2013-05-20,2,1440.0,900.0,0.015408900348377191,0.2,False,True,False,False,1.9999246689906525,2013-05-21,1.6,2013,base,P2,P2,Target,88.73187058386017,91.39985107967237,92.09250279746364,97.64044943820225,92.46616847479962,bottom,Industrials,False,False,False
Overbot Vol Spike,Overflow,HLF,2013-05-20,2,7199.0,4500.0,0.8356104667020534,1.0,False,True,False,False,1.9999662250281518,2013-05-21,1.5997777777777777,2013,base,P1,P1,Target,98.63078375826251,97.49408983451536,96.58767772511848,98.90424011434015,97.90419785805912,top,Consumer Defensive,False,False,False
Overbot Vol Spike,Liquid,BMY,2013-05-24,2,1008.0,900.0,0.17027459064453812,0.2,False,False,False,True,1.2016157087416566,2013-05-28,1.12,2013,base,P2,P2,Mixed,85.06088506088506,98.66230677764565,99.70229234891337,98.89486260454002,95.58008669799604,top,Healthcare,False,False,False
Overbot Vol Spike,Overflow,CME,2013-06-07,2,795.0,900.0,0.20589808249061264,0.2,False,False,False,True,0.8079790515544933,2013-06-10,0.8833333333333333,2013,base,P2,P2,Mixed,92.31351760696705,90.14404852160727,94.79680972274971,94.0884820747521,92.83571448151905,bottom,Financial Services,False,False,False
Overbot Vol Spike,Overflow,AAON,2013-07-12,2,1440.0,900.0,0.186936192044428,0.2,False,True,False,False,1.9999341080714703,2013-07-15,1.6,2013,base,P2,P2,Target,90.5,91.3158669414189,96.63915094339622,95.20851818988464,93.41588401867494,bottom,Industrials,False,False,False
Overbot Vol Spike,Overflow,CLF,2013-08-09,2,4321.0,4500.0,0.48458370773084325,1.0,False,False,False,True,0.9338351302439859,2013-08-12,0.9602222222222222,2013,base,P1,P1,Mixed,99.61988304093568,98.0392156862745,97.45017584994137,98.26521611290798,98.34362267251488,top,Basic Materials,False,False,False
Overbot Vol Spike,Overflow,OLN,2013-12-18,2,1439.0,900.0,0.01436850715884957,0.2,False,True,False,False,1.999731188119644,2013-12-19,1.5988888888888888,2013,base,P2,P2,Target,90.00284819139847,89.79475484606614,92.63488438481302,95.1890034364261,91.90537271467593,bottom,Basic Materials,False,False,False
Overbot Vol Spike,Overflow,TKO,2014-01-16,2,-788.0,675.0,0.013994945584992435,0.15,False,False,True,True,-1.1680271662741575,2014-01-17,-1.1674074074074074,2014,base,P2,P2,Time,98.61189801699717,98.72412815423873,98.55195911413969,99.401879806323,98.82246627292466,top,Communication Services,False,False,False
Overbot Vol Spike,Overflow,GDXJ,2014-02-10,2,559.0,3375.0,0.39240845434816535,0.75,False,False,False,True,-0.3910000407719087,2014-02-11,0.16562962962962963,2014,base,P1,P1,Mixed,98.59287054409006,98.6829727187206,97.82608695652173,99.61795606494746,98.67997157106997,top,Basic Materials,False,False,False
Overbot Vol Spike,Overflow,CPAY,2014-02-24,2,-569.0,675.0,0.1604250107525035,0.15,False,False,True,True,-0.8451916290637727,2014-02-25,-0.8429629629629629,2014,base,P2,P2,Time,94.625,93.97741530740275,85.98484848484848,95.64660691421255,92.55846767661595,bottom,Technology,False,False,False
Overbot Vol Spike,Overflow,ET,2014-06-05,2,345.0,675.0,0.06986015521287225,0.15,False,False,True,True,0.5104498773203762,2014-06-06,0.5111111111111111,2014,base,P2,P2,Time,96.61259541984732,92.88103201146679,89.89463601532567,95.32980259990372,93.67951651163587,bottom,Energy,False,False,False
Overbot Vol Spike,Overflow,PBA,2014-09-02,2,1064.0,3375.0,0.6956488942106354,0.75,False,False,True,True,0.3152051796837939,2014-09-03,0.31525925925925924,2014,base,P1,P1,Time,93.47604485219165,95.60327198364008,94.55292908530318,99.7920997920998,95.85608642830867,top,Energy,False,False,False
Overbot Vol Spike,Overflow,CENX,2014-09-03,2,-200.0,675.0,0.12520182237150201,0.15,False,False,True,True,-0.29712898130316373,2014-09-04,-0.2962962962962963,2014,base,P2,P2,Time,94.84815618221259,93.62279511533242,96.46739130434783,93.62224039247752,94.64014574859259,top,Basic Materials,False,False,False
Overbot Vol Spike,Overflow,LDOS,2014-11-07,2,-457.0,675.0,9.82791668875023e-06,0.15,False,False,True,True,-0.6760135121226888,2014-11-10,-0.677037037037037,2014,base,P2,P2,Time,86.43984220907298,97.28395061728395,98.51485148514851,96.913887506222,94.78813295443187,top,Technology,False,False,False
Overbot Vol Spike,Overflow,AEE,2014-12-24,2,363.0,675.0,0.11666225368118234,0.15,False,False,True,True,0.5377567313325803,2014-12-26,0.5377777777777778,2014,base,P2,P2,Time,96.15078311653836,98.21997874601487,98.72306464485236,97.81216648879403,97.72649824904991,top,Utilities,False,False,False
Overbot Vol Spike,Overflow,AEM,2015-01-09,2,5196.0,4500.0,0.2644162943076334,1.0,False,False,False,True,1.257908558597827,2015-01-12,1.1546666666666667,2015,base,P1,P1,Mixed,87.76806989674346,93.03126656067833,99.12443618997081,87.70622671633848,91.90749984093276,bottom,Basic Materials,False,False,False
Overbot Vol Spike,Overflow,LULU,2015-01-12,2,819.0,900.0,0.05999255487436536,0.2,False,False,False,True,0.8533083374353172,2015-01-13,0.91,2015,base,P2,P2,Mixed,89.29142248268514,91.40875133404482,88.49652220438738,95.47900968783638,91.16892642723842,bottom,Consumer Cyclical,False,False,False
Overbot Vol Spike,Overflow,AEM,2015-01-15,2,45.0,900.0,0.10442837731270728,0.2,False,False,True,True,0.04980096408117773,2015-01-16,0.05,2015,base,P2,P2,Time,90.47870933615447,95.18263631551085,99.09886032335012,99.57469431153642,96.08372507163796,top,Basic Materials,False,False,False
Overbot Vol Spike,Overflow,NOG,2015-02-06,2,839.0,900.0,0.2468488539385235,0.2,False,False,False,True,0.8907128525460037,2015-02-09,0.9322222222222222,2015,base,P2,P2,Mixed,90.29471544715447,99.08396946564886,97.60204081632654,99.28168291431503,96.56560216086122,top,Energy,False,False,False
Overbot Vol Spike,Overflow,TKO,2015-02-12,1,-1784.0,900.0,0.037269161578333466,0.2,True,False,False,False,,2015-02-13,-1.9822222222222223,2015,base,P2,P2,EOD-DD,98.76315789473684,97.73505398999211,96.51898734177216,98.86273472626289,97.969983488191,top,Communication Services,False,False,False
Overbot Vol Spike,Overflow,BKU,2015-02-12,2,-270.0,900.0,0.08905117084222126,0.2,False,False,True,True,-0.30089077602822917,2015-02-13,-0.3,2015,base,P2,P2,Time,94.8768472906404,94.1699604743083,99.30486593843099,99.29718875502009,96.91221561459994,top,Financial Services,False,False,False
Overbot Vol Spike,Overflow,TKO,2015-02-13,2,837.0,900.0,0.06158235277717555,0.2,False,False,False,True,0.8834098776988345,2015-02-17,0.93,2015,base,P2,P2,Mixed,100.0,99.86835176408636,99.92090693382548,99.97355896351137,99.9407044153558,top,Communication Services,False,False,False
Overbot Vol Spike,Overflow,BBAR,2015-03-16,2,-2681.0,4500.0,0.4558138384971526,1.0,False,False,True,True,-0.5957341180630698,2015-03-17,-0.5957777777777777,2015,base,P1,P1,Time,95.5509029049987,96.67365112624411,96.9840020980855,96.37033140452394,96.39472188346306,top,Financial Services,False,False,False
3x ETF Overbot Fade,Liquid,ERX,2015-04-15,1,3204.0,4500.0,-0.1850072794469352,1.0,False,False,True,False,,2015-04-16,0.712,2015,base,P2,P1,Time,96.76616915422885,94.33021806853581,95.75,96.66456891126495,95.8777390335074,top,Energy,False,False,False
3x ETF Overbot Fade,Liquid,TMV,2015-05-04,1,481.0,4500.0,0.040312252565349316,1.0,False,False,True,False,,2015-05-05,0.1068888888888889,2015,base,P2,P1,Time,95.00328731097963,98.88010540184453,98.61202908129543,96.60452729693742,97.27498727276425,top,UNKNOWN,False,False,False
3x ETF Overbot Fade,Liquid,TMV,2015-05-12,1,5106.0,4500.0,-0.5411741238789273,1.0,False,False,True,False,,2015-05-13,1.1346666666666667,2015,base,P2,P1,Time,94.30255402750491,87.5984251968504,98.61751152073732,98.87267904509284,94.84779244754637,top,UNKNOWN,False,False,False
3x ETF Overbot Fade,Liquid,NUGT,2015-10-07,1,-1053.0,4500.0,-0.5220001833463547,1.0,False,False,True,False,,2015-10-08,-0.234,2015,base,P2,P1,Time,89.53871499176277,99.58711808422791,99.25373134328358,94.64435146443515,95.75597897092734,top,UNKNOWN,False,False,False
3x ETF Overbot Fade,Liquid,NUGT,2015-10-14,1,8996.0,4500.0,-0.5171867119149218,1.0,False,False,True,False,,2015-10-15,1.999111111111111,2015,base,P2,P1,Time,97.3748974569319,94.90131578947368,99.91742361684558,99.66666666666667,97.96507588247947,top,UNKNOWN,False,False,False
Overbot Vol Spike,Overflow,TCOM,2015-10-30,2,33.0,900.0,0.008299514165082077,0.2,False,False,True,True,0.036198685683513636,2015-11-02,0.03666666666666667,2015,base,P2,P2,Time,88.20581356498496,99.46488294314382,99.16247906197655,99.89912575655683,96.68307533166555,top,Consumer Cyclical,False,False,False
Overbot Vol Spike,Liquid,CEF,2016-02-05,2,2636.0,4500.0,0.5874147452802874,1.0,False,False,False,True,0.309434349649585,2016-02-08,0.5857777777777777,2016,base,P1,P1,Mixed,89.54781319495922,96.76063303659743,97.59841544936866,90.88877855014896,93.69891005776857,bottom,Commodity,False,False,False
Overbot Vol Spike,Liquid,GLD,2016-02-05,2,2193.0,4500.0,1.0327864068279373,1.0,False,False,False,True,0.14560684227691403,2016-02-08,0.48733333333333334,2016,base,P1,P1,Mixed,95.88798298475719,97.37402413058906,96.16068254532527,89.47180585296218,94.72362387840842,top,Commodity,False,False,False
Overbot Vol Spike,Overflow,ATI,2016-02-26,2,-10383.0,4500.0,0.2749408252980664,1.0,False,False,True,True,-2.3072944956133425,2016-02-29,-2.3073333333333332,2016,base,P1,P1,Time,85.1514405318887,89.30507639231149,99.4078460399704,98.54032657100446,93.10117238379377,bottom,Industrials,False,False,False
Overbot Vol Spike,Liquid,XME,2016-03-01,2,-2232.0,900.0,0.19107856254621747,0.2,False,False,True,True,-2.480551242963837,2016-03-02,-2.48,2016,base,P2,P2,Time,96.10176446450554,94.49465899753491,93.61877315767806,97.22911497105045,95.36107789769224,top,Basic Materials,False,False,False
Overbot Vol Spike,Overflow,ATI,2016-03-01,2,-1087.0,900.0,0.10937510767405637,0.2,False,False,True,True,-1.207798544625911,2016-03-02,-1.2077777777777778,2016,base,P2,P2,Time,98.10484863401427,96.77339901477833,95.43773119605426,98.34322453016814,97.16480084375375,top,Industrials,False,False,False
Overbot Vol Spike,Overflow,GRPN,2016-03-03,2,1051.0,843.75,0.06412279902491665,0.1875,False,False,False,True,1.4110951167028738,2016-03-04,1.2456296296296296,2016,base,P2,P2,Mixed,86.58986175115207,96.02587800369686,97.12163416898792,100.0,94.93434348095921,top,Communication Services,False,False,False
Overbot Vol Spike,Overflow,CG,2016-03-02,2,150.0,900.0,0.07605861710549491,0.2,False,False,True,True,0.1668505741411542,2016-03-03,0.16666666666666666,2016,base,P2,P2,Time,95.42143600416233,98.95615866388309,97.27177334732424,99.15074309978769,97.70002777878933,top,Financial Services,False,False,False
Overbot Vol Spike,Overflow,HOG,2016-03-02,2,-878.0,900.0,0.04401606949543027,0.2,False,False,True,True,-0.9758173498038911,2016-03-03,-0.9755555555555555,2016,base,P2,P2,Time,91.83070866141733,92.12016744644176,90.53254437869822,90.33374536464771,91.20429146280125,bottom,Consumer Cyclical,False,False,False
Overbot Vol Spike,Liquid,XME,2016-03-04,2,7143.0,4464.285714285715,0.4104904273176882,1.0,False,True,False,False,1.9999612450028728,2016-03-07,1.600032,2016,base,P1,P1,Target,86.92622950819671,99.42552318424292,99.54769736842105,99.62825278810409,96.38192571224118,top,Basic Materials,False,False,False
Overbot Vol Spike,Overflow,BHP,2016-03-04,2,7143.0,4464.285714285714,0.3408480561349526,1.0,False,True,False,False,1.9999761429444793,2016-03-07,1.6000320000000001,2016,base,P1,P1,Target,99.16379734382686,99.85232586758552,98.10251355347461,99.4810971089696,99.14993346846416,top,Basic Materials,False,False,False
Overbot Vol Spike,Overflow,EGO,2016-03-04,2,7143.0,4464.285714285714,0.3809522689720067,1.0,False,True,False,False,1.9999908454754618,2016-03-07,1.6000320000000001,2016,base,P1,P1,Target,99.57575757575758,98.93842887473461,95.89914945321992,99.20755867113685,98.40522364371223,top,Basic Materials,False,False,False
Overbot Vol Spike,Overflow,RIO,2016-03-04,2,7143.0,4464.285714285714,0.697758304547723,1.0,False,True,False,False,1.9999715159090525,2016-03-07,1.6000320000000001,2016,base,P1,P1,Target,95.6222331529759,99.16317991631799,96.91966485953671,98.49271064986411,97.54944714467368,top,ETF/Index,False,False,False
Overbot Vol Spike,Liquid,CAT,2016-03-03,2,802.0,843.75,0.15872884876105564,0.1875,False,False,False,True,0.9177285985583694,2016-03-04,0.9505185185185185,2016,base,P2,P2,Mixed,91.5129151291513,95.19940915805022,90.90460931722947,96.34206623826,93.48974996067275,bottom,Industrials,False,False,False
Overbot Vol Spike,Overflow,KEX,2016-03-03,2,1349.0,843.75,0.11083254986326693,0.1875,False,True,False,False,1.9998964460135058,2016-03-04,1.598814814814815,2016,base,P2,P2,Target,98.25338253382535,92.63909404234367,90.16514666009367,97.87444389520515,94.73301678286697,top,Industrials,False,False,False
Overbot Vol Spike,Liquid,XME,2016-03-03,2,945.0,843.75,0.2416332421784821,0.1875,False,False,False,True,1.2030232245403758,2016-03-04,1.12,2016,base,P2,P2,Mixed,99.0159901599016,99.46633825944171,98.72480460715755,99.87603305785125,99.27079152108803,top,Basic Materials,False,False,False
Overbot Vol Spike,Overflow,PVH,2016-03-03,2,950.0,843.75,0.0036382390361174993,0.1875,False,False,False,True,1.2143698060780415,2016-03-04,1.125925925925926,2016,base,P2,P2,Mixed,87.40467404674047,89.43870014771049,93.0736997781612,88.92733564013841,89.71110240318765,bottom,Consumer Cyclical,False,False,False
Overbot Vol Spike,Overflow,RIO,2016-03-03,2,4985.0,4500.0,0.5040656161351981,1.0,False,False,False,True,1.1796935966345354,2016-03-04,1.1077777777777778,2016,base,P1,P1,Mixed,96.9249692496925,98.00590841949779,91.61942321912744,98.96193771626297,96.37805965114518,top,ETF/Index,False,False,False
3x ETF Overbot Fade,Liquid,RETL,2016-03-14,1,1318.0,4500.0,-0.31434741037318353,1.0,False,False,True,False,,2016-03-15,0.29288888888888887,2016,base,P2,P1,Time,91.9298245614035,88.46694796061885,93.29569513055752,100.0,93.42311691314497,bottom,UNKNOWN,False,False,False
Overbot Vol Spike,Overflow,SON,2016-03-16,2,156.0,446.42857142857144,0.06507041421865313,0.1875,False,False,False,True,-0.08271387364376595,2016-03-17,0.34944,2016,base,P2,P2,Mixed,91.70348551791851,91.57455170719724,94.93359567142154,98.86559802712699,94.26930773091607,top,ETF/Index,False,False,False
Overbot Vol Spike,Liquid,BA,2016-03-17,1,-22.0,56.306306306306276,0.22514680507870016,0.0507,True,False,False,False,,2016-03-18,-0.39072000000000023,2016,base,P2,P2,EOD-DD,91.68098159509202,93.762278978389,94.93484140644209,92.48027613412229,93.21459452851136,bottom,Industrials,False,False,False
Overbot Vol Spike,Overflow,CHTR,2016-03-16,2,-105.0,446.42857142857144,0.01326121986937766,0.1875,False,False,True,True,-0.23590252768509443,2016-03-17,-0.2352,2016,base,P2,P2,Time,98.33119383825417,92.86173633440514,93.48387096774194,97.79077322936972,95.61689359244275,top,Communication Services,False,False,False
Overbot Vol Spike,Overflow,BN,2016-03-16,2,194.0,446.4285714285714,0.10900295113161795,0.1875,False,False,True,True,0.4349792542391406,2016-03-17,0.43456000000000006,2016,base,P2,P2,Time,91.16347569955818,92.58167526406288,94.1957697983276,96.15289765721332,93.52345460479049,bottom,Financial Services,False,False,False
Overbot Vol Spike,Liquid,COP,2016-03-16,2,1543.0,2380.9523809523807,0.29931261555881655,1.0,False,False,True,True,0.6483771116863738,2016-03-17,0.6480600000000001,2016,base,P1,P1,Time,96.759941089838,97.17514124293785,99.36055090998525,99.95067817509248,98.3115778544634,top,Energy,False,False,False
Overbot Vol Spike,Overflow,IYT,2016-03-17,2,25.0,56.306306306306276,0.09609068811623968,0.0507,False,False,True,True,0.43553018950026323,2016-03-18,0.44400000000000023,2016,base,P2,P2,Time,96.8739824161511,96.9361147327249,87.26738491674828,93.90563564875491,93.7457794285948,bottom,UNKNOWN,False,False,False
Overbot Vol Spike,Overflow,RBA,2016-03-29,2,331.0,900.0,0.227209678873048,0.2,False,False,False,True,-0.05401006581692117,2016-03-30,0.36777777777777776,2016,base,P2,P2,Mixed,91.96472317491425,88.03628340279481,88.5861561119293,94.8806300762983,90.86694819148417,bottom,Industrials,False,False,False
Overbot Vol Spike,Overflow,OVV,2016-04-11,2,-2989.0,4500.0,0.28283123591506054,1.0,False,False,True,True,-0.6641220631138461,2016-04-12,-0.6642222222222223,2016,base,P1,P1,Time,97.10720363017583,90.54782855520862,88.85730528709495,96.49272882805818,93.2512665751344,bottom,Energy,False,False,False
Overbot Vol Spike,Overflow,MPLX,2016-04-11,2,744.0,900.0,0.06389003762082397,0.2,False,False,False,True,0.7117247373507546,2016-04-12,0.8266666666666667,2016,base,P2,P2,Mixed,88.09248554913295,91.76334106728538,91.48191365227538,96.45390070921985,91.94791024447838,bottom,Energy,False,False,False
Overbot Vol Spike,Overflow,RRC,2016-04-12,2,995.0,900.0,2.1488741549456453e-06,0.2,False,False,False,True,1.1778673398215067,2016-04-13,1.1055555555555556,2016,base,P2,P2,Mixed,97.48289345063539,99.04622157006602,94.66209598432908,95.35968573533023,96.63772418509018,top,Energy,False,False,False
Overbot Vol Spike,Overflow,MT,2016-04-13,2,566.0,900.0,0.22046840988655747,0.2,False,False,False,True,0.3825116630095328,2016-04-14,0.6288888888888889,2016,base,P2,P2,Mixed,96.701685805033,97.87286063569682,97.7233782129743,96.36720667648503,97.16628283254728,top,Basic Materials,False,False,False
Overbot Vol Spike,Overflow,CAR,2016-06-06,2,-294.0,900.0,0.23306610330400124,0.2,False,False,True,True,-0.32684088543742684,2016-06-07,-0.32666666666666666,2016,base,P2,P2,Time,87.79661016949153,95.34771020111461,95.12372634643377,95.23230357577232,93.37508757320306,bottom,Industrials,False,False,False
Overbot Vol Spike,Overflow,DBA,2016-06-07,2,370.0,3750.0,0.5788114524755291,1.0,False,False,True,True,0.09880672044502235,2016-06-08,0.09866666666666667,2016,base,P1,P1,Time,88.05907172995781,97.33840304182509,97.6714648602879,91.23777116120799,93.5766776983197,bottom,Commodity,False,False,False
Overbot Vol Spike,Overflow,GAP,2016-07-25,2,765.0,900.0,0.16568372939270895,0.2,False,False,False,True,0.7499935017254605,2016-07-26,0.85,2016,base,P2,P2,Mixed,89.67339097022095,86.92621965873587,90.95283926852743,96.74306393244873,91.07387845748326,bottom,Consumer Cyclical,False,False,False
Overbot Vol Spike,Overflow,NVRI,2016-08-05,2,936.0,900.0,0.0679605777477787,0.2,False,False,False,True,1.0670621516175143,2016-08-08,1.04,2016,base,P2,P2,Mixed,98.99352983465133,97.38609112709831,94.54981992797119,99.97592681752528,97.72634192681153,top,Industrials,False,False,False
Overbot Vol Spike,Overflow,ACGL,2016-08-15,2,-3397.0,4500.0,1.36893380933801,1.0,False,False,True,True,-0.7548320635910251,2016-08-16,-0.7548888888888889,2016,base,P1,P1,Time,92.12730318257957,90.56513409961686,91.7286022536562,95.64903846153847,92.51751949934777,bottom,Financial Services,False,False,False
Overbot Vol Spike,Overflow,HSBC,2016-09-01,2,7200.0,4500.0,1.5721857498106635,1.0,False,True,False,False,1.9999937239978995,2016-09-02,1.6,2016,base,P1,P1,Target,94.94274809160305,95.36882310814036,90.0812619502868,97.38797028516655,94.4452008587992,top,Financial Services,False,False,False
Overbot Vol Spike,Overflow,ECHO,2016-10-05,2,-5022.0,4500.0,0.4278277035314664,1.0,False,False,True,True,-1.1160665383185002,2016-10-06,-1.116,2016,base,P1,P1,Time,86.16780045351474,92.188919164396,95.26627218934911,91.99451052150046,91.40437558219007,bottom,ETF/Index,False,False,False
Overbot Vol Spike,Overflow,MTCH,2016-10-18,2,-345.0,900.0,0.19167808447507112,0.2,False,False,True,True,-0.3827049820571628,2016-10-19,-0.38333333333333336,2016,base,P2,P2,Time,91.78503787878788,89.95498696991234,88.73339658444023,96.33769322235433,91.7027786638737,bottom,Communication Services,False,False,False
Overbot Vol Spike,Overflow,MTB,2016-11-11,2,1378.0,1616.3793103448274,0.27493229647574535,1.0,False,False,False,True,0.7536343449790317,2016-11-14,0.8525226666666668,2016,base,P1,P1,Mixed,93.37576614804337,98.8204765274829,97.3547472838923,98.36609045702107,96.9792701041099,top,Financial Services,False,False,False
Overbot Vol Spike,Liquid,MS,2016-11-11,2,1076.0,1616.3793103448274,0.3871087318000143,1.0,False,False,False,True,0.4423209701985461,2016-11-14,0.6656853333333334,2016,base,P1,P1,Mixed,93.42291371994342,98.8204765274829,96.31554085970713,96.96897939853186,96.38197762641633,top,Financial Services,False,False,False
Overbot Vol Spike,Overflow,TXT,2016-11-11,2,299.0,323.27586206896547,0.03881628147145757,0.2,False,False,False,True,0.8759065099325416,2016-11-14,0.9249066666666668,2016,base,P2,P2,Mixed,92.29137199434228,98.74970511913187,95.53613604156826,95.52450864314469,95.52543044954677,top,Industrials,False,False,False
Overbot Vol Spike,Liquid,BNY,2016-11-11,2,1291.0,1616.3793103448274,0.3058562718113274,1.0,False,False,False,True,0.6643309727350527,2016-11-14,0.7986986666666668,2016,base,P1,P1,Mixed,85.95905651980418,96.92718770875084,91.70753455193936,98.65921787709497,93.31324916439735,bottom,Financial Services,False,False,False
Overbot Vol Spike,Overflow,AXS,2016-11-11,2,2069.0,1616.3793103448274,0.3222536461775164,1.0,False,False,False,True,1.4661726947477902,2016-11-14,1.2800213333333335,2016,base,P1,P1,Mixed,90.73083778966132,96.13440380612548,97.26027397260275,91.09650433223783,93.80550497515685,bottom,Financial Services,False,False,False
Overbot Vol Spike,Overflow,HOMB,2016-11-11,2,2586.0,1616.3793103448274,0.9550847931315887,1.0,False,True,False,False,2.000035315954986,2016-11-14,1.5998720000000002,2016,base,P1,P1,Target,98.24091778202677,99.69372128637059,99.07940161104717,98.9984591679507,99.00312496184881,top,Financial Services,False,False,False
Overbot Vol Spike,Overflow,MAN,2016-11-11,2,487.0,1616.3793103448274,0.42407204011103866,1.0,False,False,False,True,-0.1650483096054817,2016-11-14,0.3012906666666667,2016,base,P1,P1,Mixed,92.55068363979255,94.43264920971927,89.9149740198394,94.34051622069619,92.80970577251186,bottom,Industrials,False,False,False
Overbot Vol Spike,Liquid,BAC,2016-11-11,2,-64.0,1616.3793103448274,0.9054688203269629,1.0,False,False,True,True,-0.03944518112007753,2016-11-14,-0.03959466666666667,2016,base,P1,P1,Time,95.59170202734559,98.39584807737674,96.55172413793103,96.44802273265452,96.74682424382698,top,Financial Services,False,False,False
Overbot Vol Spike,Liquid,GS,2016-11-11,2,86.0,323.27586206896547,0.048095170741871265,0.2,False,False,True,True,0.2664272093079849,2016-11-14,0.2660266666666667,2016,base,P2,P2,Time,96.60537482319661,99.2686954470394,97.92158715162967,97.67937485200095,97.86875806846666,top,Financial Services,False,False,False
Overbot Vol Spike,Liquid,AXP,2016-11-11,2,-98.0,1616.3793103448274,0.27630523511420585,1.0,False,False,True,True,-0.06055068170818519,2016-11-14,-0.06062933333333334,2016,base,P1,P1,Time,86.16218764733617,95.98962019344185,87.529522909778,97.44257636751125,91.78097677951682,bottom,Financial Services,False,False,False
Overbot Vol Spike,Overflow,NTRS,2016-11-11,2,761.0,1616.3793103448274,0.4919266906554988,1.0,False,False,True,True,0.4708034062316859,2016-11-14,0.47080533333333335,2016,base,P1,P1,Time,92.64497878359265,98.5373908940788,96.55172413793103,97.0163390954298,96.18760822775806,top,Financial Services,False,False,False
Overbot Vol Spike,Overflow,LRN,2016-12-05,2,825.0,4500.0,0.3589754677831738,1.0,False,False,True,True,0.18321421665589785,2016-12-06,0.18333333333333332,2016,base,P1,P1,Time,94.15670650730412,94.0159574468085,95.33540648600622,99.33035714285714,95.709606895744,top,Consumer Defensive,False,False,False
Overbot Vol Spike,Liquid,DIS,2016-12-08,1,-178.0,427.4316109422493,0.09365379732774762,0.1339,True,False,False,False,,2016-12-09,-0.41644088888888886,2016,base,P2,P2,EOD-DD,92.69953051643192,92.62391355414611,88.66415804327376,92.07734024994106,91.51623559094821,bottom,Communication Services,False,False,False
Overbot Vol Spike,Overflow,TDS,2016-12-06,2,-2908.0,4500.0,0.2830260063616192,1.0,False,False,True,True,-0.6462162977344188,2016-12-07,-0.6462222222222223,2016,base,P1,P1,Time,87.15359323626114,86.98002350176263,87.74117647058823,92.8756782259967,88.68761785865217,bottom,Communication Services,False,False,False
Overbot Vol Spike,Overflow,DAN,2016-12-06,2,-1034.0,900.0,0.17258659912613739,0.2,False,False,True,True,-1.1485054380719217,2016-12-07,-1.1488888888888888,2016,base,P2,P2,Time,94.30604982206405,91.26948775055679,85.35714285714285,92.28353521758636,90.80405391183751,bottom,Consumer Cyclical,False,False,False
Overbot Vol Spike,Liquid,TRV,2016-12-07,2,-820.0,1724.1379310344828,0.34062220796108567,1.0,False,False,False,True,-1.4596124456901924,2016-12-08,-0.47559999999999997,2016,base,P1,P1,Mixed,88.80018783752055,91.77631578947368,88.42625264643613,95.25943396226415,91.06554755892363,bottom,Financial Services,False,False,False
Overbot Vol Spike,Overflow,BC,2016-12-06,2,-1833.0,900.0,0.05429537254291422,0.2,False,False,True,True,-2.0373143381229797,2016-12-07,-2.0366666666666666,2016,base,P2,P2,Time,88.02254579614842,90.27027027027027,92.47058823529412,96.36706770464733,91.78261800159004,bottom,Consumer Cyclical,False,False,False
Overbot Vol Spike,Overflow,CVI,2016-12-07,2,-1277.0,1724.1379310344828,0.6671648089967359,1.0,False,False,True,True,-0.7406505259862683,2016-12-08,-0.74066,2016,base,P1,P1,Time,99.30343926861123,99.3025283347864,94.5391000436872,99.86830553116769,98.25334329456314,top,Energy,False,False,False
Overbot Vol Spike,Overflow,AGCO,2016-12-07,2,111.0,248.67374005305044,0.09221127996223213,0.1442,False,False,True,True,0.4480778955589334,2016-12-08,0.44636799999999993,2016,base,P2,P2,Time,88.84714721765673,89.73214285714286,89.36720771583157,93.27830188679245,90.3061999193559,bottom,Industrials,False,False,False
Overbot Vol Spike,Overflow,CBRE,2016-12-07,2,257.0,248.67374005305044,0.07936385393345172,0.1442,False,False,False,True,1.0511930446152258,2016-12-08,1.0334826666666665,2016,base,P2,P2,Mixed,93.4181240063593,96.02164226607256,88.26904686005737,95.00959692898272,93.17960251536799,bottom,Real Estate,False,False,False
Overbot Vol Spike,Overflow,BKU,2016-12-07,2,2074.0,1724.1379310344828,0.42602373494178203,1.0,False,False,False,True,1.3375630682875943,2016-12-08,1.20292,2016,base,P1,P1,Mixed,94.9796472184532,96.73691366417403,91.7462482946794,99.86254295532646,95.83133803315826,top,Financial Services,False,False,False
Overbot Vol Spike,Liquid,RHI,2016-12-07,2,92.0,248.67374005305044,0.22837499966389344,0.1442,False,False,True,True,0.36954421341837745,2016-12-08,0.3699626666666666,2016,base,P2,P2,Time,88.89410659779291,92.57518796992481,87.4852975770407,97.68867924528301,91.66081784751036,bottom,Industrials,False,False,False
Overbot Vol Spike,Overflow,DK,2016-12-07,2,742.0,1724.1379310344828,0.5368746447648797,1.0,False,False,True,True,0.4304263347041469,2016-12-08,0.43035999999999996,2016,base,P1,P1,Time,94.41319835020623,97.86036036036036,93.68183527641972,99.58459214501511,96.38499653300036,top,Energy,False,False,False
Overbot Vol Spike,Overflow,WT,2016-12-07,2,227.0,248.67374005305044,2.354169696959506e-06,0.1442,False,False,False,True,0.852843898965457,2016-12-08,0.9128426666666665,2016,base,P2,P2,Mixed,94.10659779290913,89.77913533834587,88.73206304398965,95.4245283018868,92.01058111928285,bottom,Financial Services,False,False,False
Overbot Vol Spike,Overflow,SAIA,2016-12-07,2,85.0,248.67374005305047,0.1224471002742578,0.1442,False,False,True,True,0.34184558943945353,2016-12-08,0.34181333333333325,2016,base,P2,P2,Time,93.22175732217573,95.14237855946399,91.50125803746157,95.26079641054402,93.78154758241132,bottom,Industrials,False,False,False
Overbot Vol Spike,Overflow,KMPR,2016-12-07,2,-210.0,248.67374005305044,0.23588930723037482,0.1442,False,False,True,True,-0.8423899405655073,2016-12-08,-0.8444799999999999,2016,base,P2,P2,Time,94.90490725522423,93.7265037593985,92.00188191013879,98.72641509433963,94.83992700477529,top,Financial Services,False,False,False
Overbot Vol Spike,Overflow,FLG,2016-12-07,2,2026.0,1724.1379310344828,0.27070913705093935,1.0,False,False,False,True,1.291380671286377,2016-12-08,1.17508,2016,base,P1,P1,Mixed,94.90490725522423,93.23308270676691,88.3086332627617,98.5377358490566,93.74608976845236,bottom,Financial Services,False,False,False
Overbot Vol Spike,Overflow,EGBN,2016-12-07,2,55.0,248.67374005305047,0.030912080538795704,0.1442,False,False,True,True,0.2244378172021778,2016-12-08,0.22117333333333328,2016,base,P2,P2,Time,86.54613759098379,88.58082706766918,92.51940719830628,98.41981132075472,91.5165457944285,bottom,Financial Services,False,False,False
Overbot Vol Spike,Overflow,KKR,2016-12-08,2,471.0,427.4316109422492,0.052540644567683495,0.1339,False,False,False,True,1.170393801185845,2016-12-09,1.1019306666666666,2016,base,P2,P2,Mixed,98.44913151364764,95.77377252952144,93.07980049875312,98.9956057752668,96.57457757929726,top,Financial Services,False,False,False
Overbot Vol Spike,Overflow,OII,2016-12-08,2,-802.0,427.4316109422493,0.13712878495826344,0.1339,False,False,True,True,-1.8783650764478923,2016-12-09,-1.8763235555555553,2016,base,P2,P2,Time,91.26760563380282,88.56001879257693,92.92097836312324,98.77387408630041,92.88061921895084,bottom,Energy,False,False,False
Overbot Vol Spike,Overflow,URA,2016-12-09,2,7200.0,4500.0,0.7088488486049636,1.0,False,True,False,False,2.0000054406151886,2016-12-12,1.6,2016,base,P1,P1,Target,95.955642530985,97.12418300653594,96.72131147540983,96.96169088507266,96.69070697450086,top,UNKNOWN,False,False,False
Overbot Vol Spike,Overflow,OII,2016-12-09,2,6726.0,4500.0,0.9771806252557459,1.0,False,False,False,True,1.8248709770273974,2016-12-12,1.4946666666666666,2016,base,P1,P1,Mixed,97.39497770476414,96.17191169563175,96.94333411709381,98.86845827439888,97.34467044797213,top,Energy,False,False,False
Overbot Vol Spike,Liquid,TRV,2016-12-12,2,1067.0,900.0,0.14024845593597077,0.2,False,False,False,True,1.3110442585164679,2016-12-13,1.1855555555555555,2016,base,P2,P2,Mixed,86.83716564992962,92.79173514909603,92.40714621532675,93.68371435305208,91.42994034185112,bottom,Financial Services,False,False,False
Overbot Vol Spike,Overflow,OII,2016-12-12,2,7199.0,4500.0,0.405503110308197,1.0,False,True,False,False,1.9999719021798208,2016-12-13,1.5997777777777777,2016,base,P1,P1,Target,93.35992491787893,96.85372153087579,98.96567936060178,98.58590619844449,96.94130800195025,top,Energy,False,False,False
Overbot Vol Spike,Overflow,GSAT,2016-12-20,2,-2452.0,900.0,0.08695629853693726,0.2,False,False,True,True,-2.7282060671780863,2016-12-21,-2.7244444444444444,2016,base,P2,P2,Time,99.52922714790114,99.56794972505891,99.17355371900827,97.82608695652173,99.02420438712252,top,Communication Services,False,False,False
Overbot Vol Spike,Overflow,GSAT,2016-12-21,2,7197.0,4500.0,2.7317078201018328,1.0,False,True,False,False,1.9999256083005592,2016-12-22,1.5993333333333333,2016,base,P1,P1,Target,90.70588235294117,99.4503337259521,99.33123524783635,98.49861714737258,96.99651711852556,top,Communication Services,False,False,False
Overbot Vol Spike,Overflow,EGO,2017-01-04,2,6067.0,4500.0,0.415254855190588,1.0,False,False,False,True,1.5804922756078619,2017-01-05,1.3482222222222222,2017,base,P1,P1,Mixed,89.57561948162916,87.71379703534777,97.00256922637739,87.0561282932417,90.33702850914901,bottom,Basic Materials,False,False,False
Overbot Vol Spike,Overflow,URA,2017-01-04,2,-1720.0,4500.0,0.8937450247954327,1.0,False,False,True,True,-0.3820689389713161,2017-01-05,-0.38222222222222224,2017,base,P1,P1,Time,97.3531310522918,93.46701164294954,86.50227125243349,96.27450980392157,93.39923093789909,bottom,UNKNOWN,False,False,False
Overbot Vol Spike,Overflow,CENX,2017-01-23,2,2072.0,4500.0,0.3436357026849484,1.0,False,False,False,True,0.10091420643941307,2017-01-24,0.46044444444444443,2017,base,P1,P1,Mixed,91.8862205642341,97.73681754549696,99.55617846297594,97.16627634660422,96.5863732298278,top,Basic Materials,False,False,False
Overbot Vol Spike,Liquid,KMB,2017-02-16,1,-10137.0,4500.0,0.7667317293797444,1.0,True,False,False,False,,2017-02-17,-2.252666666666667,2017,base,P1,P1,EOD-DD,96.79591362897608,86.47769516728626,90.67224936031634,95.40578358208955,92.33791043466707,bottom,Consumer Defensive,False,False,False
Overbot Vol Spike,Liquid,CL,2017-02-22,2,7199.0,4500.0,0.3277611727563623,1.0,False,True,False,False,1.9999806080750762,2017-02-23,1.5997777777777777,2017,base,P1,P1,Target,90.8584686774942,99.09449732992802,98.88423988842399,95.47890934514099,96.0790288102468,top,Consumer Defensive,False,False,False
Overbot Vol Spike,Overflow,IFF,2017-03-20,2,696.0,900.0,0.02482761722335452,0.2,False,False,False,True,0.6233749042005008,2017-03-21,0.7733333333333333,2017,base,P2,P2,Mixed,98.33641404805915,97.80346820809248,96.9675925925926,91.27407751218381,96.095388090232,top,Basic Materials,False,False,False
Overbot Vol Spike,Overflow,MNRO,2017-09-25,2,1439.0,900.0,0.03833287876945725,0.2,False,True,False,False,1.9999615365040913,2017-09-26,1.5988888888888888,2017,base,P2,P2,Target,97.17425431711146,91.78635547576302,94.74275443720512,97.5,95.3008410575199,top,Consumer Cyclical,False,False,False
Overbot Vol Spike,Overflow,URA,2017-11-21,2,6837.0,4500.0,0.3414621787300373,1.0,False,False,False,True,1.8654279233216395,2017-11-22,1.5193333333333334,2017,base,P1,P1,Mixed,91.70428893905192,95.98643301300169,98.4126984126984,95.72162007986309,95.45626011115377,top,UNKNOWN,False,False,False
Overbot Vol Spike,Overflow,WBD,2017-12-20,2,1341.0,4500.0,0.9387415535046285,1.0,False,False,True,True,0.29800505500758173,2017-12-21,0.298,2017,base,P1,P1,Time,90.74960127591707,99.23371647509579,99.13655260633195,99.90372272143773,97.25589826969562,top,Communication Services,False,False,False
Overbot Vol Spike,Overflow,NOG,2017-12-29,2,-8653.0,4500.0,0.7035162590047818,1.0,False,False,True,True,-1.9233231061590847,2018-01-02,-1.9228888888888889,2017,base,P1,P1,Time,96.9236471460341,96.28942486085343,96.57992565055761,97.49906681597611,96.82301611835531,top,Energy,False,False,False
Overbot Vol Spike,Overflow,RBA,2018-01-03,2,180.0,675.0,0.017212529625082094,0.15,False,False,True,True,0.26790372080385616,2018-01-04,0.26666666666666666,2018,base,P2,P2,Time,94.32420494699647,88.08839779005525,90.33185840707965,99.09070747394101,92.9587921545181,bottom,Industrials,False,False,False
Overbot Vol Spike,Overflow,KWEB,2018-01-05,2,613.0,675.0,0.04876542658922009,0.15,False,False,False,True,0.8474988422146486,2018-01-08,0.9081481481481481,2018,base,P2,P2,Mixed,87.17488789237669,98.11151079136691,95.6639566395664,96.98905109489051,94.48485160455012,top,UNKNOWN,False,False,False
Overbot Vol Spike,Overflow,SM,2018-01-10,2,4166.0,3375.0,0.31541237591209315,0.75,False,False,False,True,1.3909919998956148,2018-01-11,1.2343703703703703,2018,base,P1,P1,Mixed,94.74961394220162,95.18763796909492,95.49171270718232,95.05981391227293,95.12219463268795,top,Energy,False,False,False
Overbot Vol Spike,Overflow,CAH,2018-01-11,1,-446.0,675.0,0.22720172834278798,0.15,True,False,False,False,,2018-01-12,-0.6607407407407407,2018,base,P2,P2,EOD-DD,91.9497132774592,98.45508717722356,98.63013698630137,97.74086378737542,96.69395030708988,top,Healthcare,False,False,False
Overbot Vol Spike,Liquid,TGT,2018-01-11,1,-1674.0,3375.0,0.29774480647995144,0.75,True,False,False,False,,2018-01-12,-0.496,2018,base,P1,P1,EOD-DD,98.16938685487429,98.98477157360406,98.27662395050818,98.56035437430786,98.49778418832359,top,Consumer Defensive,False,False,False
Overbot Vol Spike,Liquid,BA,2018-01-11,1,-1565.0,3375.0,0.47069612338474365,0.75,True,False,False,False,,2018-01-12,-0.46370370370370373,2018,base,P1,P1,EOD-DD,89.96471107190119,98.83028029132642,97.1277065841803,97.12070874861573,95.76085167400592,top,Industrials,False,False,False
Overbot Vol Spike,Overflow,PAA,2018-01-11,2,1080.0,675.0,0.09345733554066131,0.15,False,True,False,False,1.9999647438991628,2018-01-12,1.6,2018,base,P2,P2,Target,96.7137185707984,94.50452438755241,98.58594785682722,98.33887043189368,97.03576531176792,top,Energy,False,False,False
Overbot Vol Spike,Liquid,BA,2018-01-10,2,-7505.0,3375.0,0.42708163010504857,0.75,False,False,True,True,-2.225862202011399,2018-01-11,-2.2237037037037037,2018,base,P1,P1,Time,91.21994264284139,96.46799116997794,93.4585635359116,91.69251218431546,93.20975238326159,bottom,Industrials,False,False,False
Overbot Vol Spike,Liquid,TGT,2018-01-10,2,-1160.0,675.0,0.1034399175113064,0.15,False,False,True,True,-1.7200240047750601,2018-01-11,-1.7185185185185186,2018,base,P2,P2,Time,96.51444959188176,92.18543046357615,91.33701657458563,96.2560921577315,94.07324719694375,top,Consumer Defensive,False,False,False
Overbot Vol Spike,Overflow,DVA,2018-01-10,2,-37.0,675.0,0.16091985382349203,0.15,False,False,True,True,-0.05453227642829412,2018-01-11,-0.054814814814814816,2018,base,P2,P2,Time,91.19788219722038,94.96688741721854,92.7513812154696,94.61674789543642,93.38322468133623,bottom,Healthcare,False,False,False
Overbot Vol Spike,Liquid,BA,2018-01-12,2,2764.0,3375.0,0.7203125488357556,0.75,False,False,False,True,0.6991482699734791,2018-01-16,0.818962962962963,2018,base,P1,P1,Mixed,96.5600882028666,97.81553398058253,98.89551579412415,97.14348981399469,97.60365694789199,top,Industrials,False,False,False
Overbot Vol Spike,Overflow,CAH,2018-01-12,2,545.0,675.0,0.07048086453594951,0.15,False,False,False,True,0.6793276148119294,2018-01-16,0.8074074074074075,2018,base,P2,P2,Mixed,97.86108048511576,99.53662842012356,99.51402694941463,99.1585473870682,99.01757081043054,top,Healthcare,False,False,False
Overbot Vol Spike,Overflow,THC,2018-01-19,2,-2033.0,3375.0,0.26125155390852156,0.75,False,False,True,True,-0.602335965868656,2018-01-22,-0.6023703703703703,2018,base,P1,P1,Time,91.40779907468605,95.83333333333334,91.52504965791216,90.81858407079646,92.39619153418201,bottom,Healthcare,False,False,False
Overbot Vol Spike,Overflow,BPOP,2018-01-23,2,4632.0,3375.0,0.6507261662697852,0.75,False,False,False,True,1.6207884230368401,2018-01-24,1.3724444444444444,2018,base,P1,P1,Mixed,94.89099317330985,91.07536359629793,95.91881756011472,93.18885448916409,93.76850720472166,bottom,Financial Services,False,False,False
Overbot Vol Spike,Overflow,EWZ,2018-01-24,2,558.0,675.0,0.12692842196548973,0.15,False,False,True,True,0.8260053886489451,2018-01-25,0.8266666666666667,2018,base,P2,P2,Time,89.88203266787659,87.94551645856981,92.43181818181819,94.41786283891547,91.16930753679502,bottom,UNKNOWN,False,False,False
Overbot Vol Spike,Overflow,THC,2018-01-26,2,645.0,675.0,0.044351590168636185,0.15,False,False,False,True,0.9272981541622599,2018-01-29,0.9555555555555556,2018,base,P2,P2,Mixed,86.17957746478874,93.59171988548778,98.14814814814815,96.70718232044199,93.65665695471667,bottom,Healthcare,False,False,False
Overbot Vol Spike,Overflow,ULTA,2018-04-27,2,680.0,675.0,0.20307585493483438,0.15,False,False,False,True,1.0123700496570613,2018-04-30,1.0074074074074073,2018,base,P2,P2,Mixed,92.62202043132804,85.79545454545455,92.25806451612904,94.55030487804879,91.30646109274011,bottom,Consumer Cyclical,False,False,False
Overbot Vol Spike,Overflow,CHDN,2018-05-14,2,-994.0,675.0,0.10108155147540358,0.15,False,False,True,True,-1.473781156402389,2018-05-15,-1.4725925925925927,2018,base,P2,P2,Time,94.78129060199221,90.07583965330444,87.44034707158352,99.19547727766906,92.87323865113731,bottom,Consumer Cyclical,False,False,False
Overbot Vol Spike,Overflow,CHDN,2018-05-15,2,-385.0,675.0,0.2041552389066682,0.15,False,False,True,True,-0.5705393698502624,2018-05-16,-0.5703703703703704,2018,base,P2,P2,Time,97.7700801039186,93.95580589254766,89.98048145738451,98.95652173913044,95.16572229824531,top,Consumer Cyclical,False,False,False
Overbot Vol Spike,Overflow,DINO,2018-05-18,2,2569.0,3375.0,0.3695976622257999,0.75,False,False,False,True,0.6026742807487141,2018-05-21,0.7611851851851852,2018,base,P1,P1,Mixed,93.8987451319775,91.0803204156744,87.90637191157347,95.15533347816641,92.01019273434795,bottom,Energy,False,False,False
Overbot Vol Spike,Overflow,TKO,2018-05-18,2,-1736.0,675.0,0.2337347197228451,0.15,False,False,True,True,-2.577352435802285,2018-05-21,-2.571851851851852,2018,base,P2,P2,Time,99.84855041107745,99.19896081402901,99.04638058084092,98.60960243319575,99.17587355978577,top,Communication Services,False,False,False
Overbot Vol Spike,Overflow,KMPR,2018-05-18,2,1790.0,3375.0,0.2820016019223067,0.75,False,False,True,True,0.5306662240703919,2018-05-21,0.5303703703703704,2018,base,P1,P1,Time,86.23972306360884,86.46893266940896,91.41742522756827,99.10927655876603,90.80883937983802,bottom,Financial Services,False,False,False
Overbot Vol Spike,Overflow,IRDM,2018-05-31,1,-1565.0,3375.0,0.3034692230443649,0.75,True,False,False,False,,2018-06-01,-0.46370370370370373,2018,base,P1,P1,EOD-DD,99.5323460639127,99.29769801014436,99.96090695856138,99.84295249312916,99.65847588143691,top,Communication Services,False,False,False
Overbot Vol Spike,Overflow,DK,2018-06-01,2,1078.0,675.0,0.07197597565594033,0.15,False,True,False,False,1.999804015349217,2018-06-04,1.597037037037037,2018,base,P2,P2,Target,95.16288252714709,95.25691699604744,92.01583635763775,93.57615894039735,94.0029487053074,top,Energy,False,False,False
Overbot Vol Spike,Overflow,VICR,2018-06-05,2,-4232.0,3375.0,0.5010229080701109,0.75,False,False,True,True,-1.2540734946168648,2018-06-06,-1.2539259259259259,2018,base,P1,P1,Time,90.95618389812216,95.26997840172785,95.41621621621623,98.02774165583008,94.91753004297408,top,Technology,False,False,False
Overbot Vol Spike,Overflow,MAT,2018-06-11,2,-599.0,675.0,0.07330013724261185,0.15,False,False,True,True,-0.8870392874735757,2018-06-12,-0.8874074074074074,2018,base,P2,P2,Time,95.557472503774,96.09408718170047,97.47245625405056,97.72628843655262,96.71257609401941,top,Consumer Cyclical,False,False,False
Overbot Vol Spike,Liquid,PEP,2018-06-11,2,-594.0,675.0,0.017186587744988678,0.15,False,False,True,True,-0.8818407398112192,2018-06-12,-0.88,2018,base,P2,P2,Time,91.76191503127022,91.54078549848943,89.34975156621302,94.28323949761803,91.73392289839767,bottom,Consumer Defensive,False,False,False
Overbot Vol Spike,Overflow,DPZ,2018-06-18,2,-560.0,675.0,2.345311523332185e-05,0.15,False,False,True,True,-0.8341931258906659,2018-06-19,-0.8296296296296296,2018,base,P2,P2,Time,87.96692329626461,86.7865296803653,93.39811374678479,91.71444954128441,89.96650406617478,bottom,Consumer Cyclical,False,False,False
Overbot Vol Spike,Overflow,TKO,2018-06-19,2,426.0,675.0,0.22083563897398717,0.15,False,False,False,True,0.38955542336817567,2018-06-20,0.6311111111111111,2018,base,P2,P2,Mixed,94.96015507215164,91.68103448275862,86.77454153182309,97.62110726643598,92.75920958829232,bottom,Communication Services,False,False,False
Overbot Vol Spike,Liquid,CPB,2018-06-22,2,4347.0,3375.0,2.1354218460196988,0.75,False,False,False,True,1.4799799229985342,2018-06-25,1.288,2018,base,P1,P1,Mixed,97.41713301764959,93.58173594658626,99.74126778783958,98.44391614437001,97.29601322411135,top,Consumer Defensive,False,False,False
Overbot Vol Spike,Overflow,DIN,2018-09-05,2,1078.0,675.0,0.10332719113732484,0.15,False,True,False,False,1.9996657334281005,2018-09-06,1.597037037037037,2018,base,P2,P2,Target,95.1671279540132,92.96974861525351,92.89827255278311,95.12612227447627,94.04031784913153,top,Consumer Cyclical,False,False,False
Overbot Vol Spike,Overflow,SBH,2018-09-12,2,-4356.0,3375.0,0.37966074079174705,0.75,False,False,True,True,-1.290675043709818,2018-09-13,-1.2906666666666666,2018,base,P1,P1,Time,93.23687752355316,91.10811721118222,95.34412955465586,95.49610565526582,93.79630748616427,bottom,Consumer Cyclical,False,False,False
Overbot Vol Spike,Overflow,TKO,2018-09-25,2,-148.0,675.0,0.12232945763172115,0.15,False,False,True,True,-0.22044961541294747,2018-09-26,-0.21925925925925926,2018,base,P2,P2,Time,91.93377202292507,85.98130841121495,88.77312353816713,89.81244671781756,89.12516267253118,bottom,Communication Services,False,False,False
Overbot Vol Spike,Liquid,UNG,2018-11-13,2,5392.0,3375.0,2.6207849478866043,0.75,False,True,False,False,1.9998881884439264,2018-11-14,1.5976296296296297,2018,base,P1,P1,Target,99.14236706689536,99.38186813186813,99.82800137598899,98.72237569060773,99.26865306634006,top,Energy,False,False,False
Overbot Vol Spike,Liquid,VZ,2018-11-16,2,960.0,675.0,0.03503020019427068,0.15,False,False,False,True,1.7042992567508253,2018-11-19,1.4222222222222223,2018,base,P2,P2,Mixed,88.56601389766267,86.4306784660767,92.5754060324826,94.20718816067654,90.44482163922463,bottom,Communication Services,False,False,False
Overbot Vol Spike,Overflow,STNG,2018-11-27,2,297.0,675.0,0.08536764868580422,0.15,False,False,False,True,0.06705199227248886,2018-11-28,0.44,2018,base,P2,P2,Mixed,99.81651376146789,98.39228295819936,90.37753222836096,98.4729291994447,96.76481453686823,top,Energy,False,False,False
Overbot Vol Spike,Overflow,VICR,2019-01-17,2,546.0,4500.0,0.3544902677552164,1.0,False,False,True,True,0.12136434093195504,2019-01-18,0.12133333333333333,2019,base,P1,P1,Time,88.34829818333681,89.82448809026326,97.2599874503242,96.72955974842768,93.040583368088,bottom,Technology,False,False,False
Overbot Vol Spike,Liquid,VNQ,2019-01-29,2,-210.0,852.2727272727273,0.031089045419401915,0.2,False,False,True,True,-0.24630310692979368,2019-01-30,-0.2464,2019,base,P2,P2,Time,85.52412645590682,89.56425201221204,93.27404113396331,96.06913855589629,91.10788953949462,bottom,Real Estate,False,False,False
Overbot Vol Spike,Liquid,IYR,2019-01-29,2,248.0,852.2727272727274,0.0973905724809368,0.2,False,False,False,True,-0.1804705795811736,2019-01-30,0.2909866666666666,2019,base,P2,P2,Mixed,86.73076923076923,90.54949754115886,94.62756849315068,96.95344346706716,92.21531968303648,bottom,Real Estate,False,False,False
Overbot Vol Spike,Overflow,FLG,2019-01-31,1,-597.0,900.0,0.13247731084105505,0.2,True,False,False,False,,2019-02-01,-0.6633333333333333,2019,base,P2,P2,EOD-DD,98.66611087953314,98.22732012513035,98.74739039665971,99.12115505335845,98.69049411367041,top,Financial Services,False,False,False
Overbot Vol Spike,Overflow,FLG,2019-01-30,2,-1015.0,900.0,1.5974554816256963e-05,0.2,False,False,True,True,-1.128497927860477,2019-01-31,-1.1277777777777778,2019,base,P2,P2,Time,97.35251198665833,97.01710471422612,98.14157444142828,99.30933444956048,97.9551313979683,top,Financial Services,False,False,False
3x ETF Overbot Fade,Liquid,EDC,2019-01-30,1,2076.0,4500.0,0.15094972027842357,1.0,False,False,True,False,,2019-01-31,0.4613333333333333,2019,base,P2,P1,Time,88.44637223974765,88.43268851164628,88.96360759493672,92.53079062375843,89.59336474252227,bottom,UNKNOWN,False,False,False
Overbot Vol Spike,Overflow,LBTYA,2019-02-01,2,-23.0,900.0,0.07056391569515964,0.2,False,False,True,True,-0.026147910101928535,2019-02-04,-0.025555555555555557,2019,base,P2,P2,Time,93.44173441734416,94.11445619745051,97.47419880499729,95.94116044674476,95.24288746663419,top,Communication Services,False,False,False
Overbot Vol Spike,Overflow,DPZ,2019-02-05,2,751.0,900.0,0.08653114342986952,0.2,False,False,False,True,0.7301685669639554,2019-02-06,0.8344444444444444,2019,base,P2,P2,Mixed,92.47135842880525,89.2983892983893,92.29086932750137,95.77735124760078,92.45949207557418,bottom,Consumer Cyclical,False,False,False
3x ETF Overbot Fade,Liquid,UDOW,2019-02-15,1,1577.0,4500.0,-0.2817458466383674,1.0,False,False,True,False,,2019-02-19,0.35044444444444445,2019,base,P2,P1,Time,89.4133215703573,95.273851590106,89.9070385126162,97.2864768683274,92.97017213535172,bottom,UNKNOWN,False,False,False
3x ETF Overbot Fade,Liquid,TNA,2019-02-15,1,-1113.0,4500.0,-0.39627626493761764,1.0,False,False,True,False,,2019-02-19,-0.24733333333333332,2019,base,P2,P1,Time,85.43689320388349,93.50699844479004,88.27425009738995,92.37089201877934,89.8972584412107,bottom,UNKNOWN,False,False,False
Overbot Vol Spike,Overflow,ENTG,2019-02-25,2,7199.0,4500.0,0.34999018892829165,1.0,False,True,False,False,1.9999828002998037,2019-02-26,1.5997777777777777,2019,base,P1,P1,Target,86.67520819987188,90.5982905982906,88.02139037433156,92.23842195540308,89.38332778197429,bottom,Technology,False,False,False
Overbot Vol Spike,Overflow,JBTM,2019-02-26,2,651.0,900.0,0.14563233663049374,0.2,False,False,True,True,0.7246826557104108,2019-02-27,0.7233333333333334,2019,base,P2,P2,Time,97.03675918979745,93.54111903867818,99.09706546275395,95.69323762750284,96.34204532968312,top,Industrials,False,False,False
Overbot Vol Spike,Overflow,MSCI,2019-02-28,1,-1472.0,4500.0,0.8940283701721696,1.0,True,False,False,False,,2019-03-01,-0.32711111111111113,2019,base,P1,P1,EOD-DD,91.57857646229739,92.663139329806,85.08833922261483,95.35296204327776,91.17075426449898,bottom,Financial Services,False,False,False
Overbot Vol Spike,Overflow,IRDM,2019-03-15,2,-943.0,900.0,0.15311230531873232,0.2,False,False,True,True,-1.048995817091012,2019-03-18,-1.0477777777777777,2019,base,P2,P2,Time,94.50072358900144,96.8851865266208,85.99419448476053,96.32058287795992,93.42517186958567,bottom,Communication Services,False,False,False
Overbot Vol Spike,Overflow,IRDM,2019-03-19,2,666.0,900.0,0.009442856671541556,0.2,False,False,True,True,0.7405451042483452,2019-03-20,0.74,2019,base,P2,P2,Time,95.19161243673175,98.47991313789359,98.47715736040608,98.32544594102657,97.6185322190145,top,Communication Services,False,False,False
Overbot Vol Spike,Overflow,PZZA,2019-03-28,2,875.0,900.0,0.07483199947448517,0.2,False,False,False,True,0.9541141459951327,2019-03-29,0.9722222222222222,2019,base,P2,P2,Mixed,96.17531527806491,98.65535788167149,97.74280389314558,98.69240348692404,97.81647013495152,top,Consumer Cyclical,False,False,False
Overbot Vol Spike,Overflow,PZZA,2019-03-27,2,-147.0,900.0,0.08429042019269185,0.2,False,False,True,True,-0.16320199474279848,2019-03-28,-0.16333333333333333,2019,base,P2,P2,Time,90.96360628618693,94.723774053383,93.45484672742337,98.546813369317,94.42226010907757,top,Consumer Cyclical,False,False,False
Overbot Vol Spike,Overflow,EFX,2019-04-04,2,1012.0,900.0,0.14827104990779993,0.2,False,False,False,True,1.2105425406990826,2019-04-05,1.1244444444444444,2019,base,P2,P2,Mixed,88.14539446509707,93.51105600330646,91.93214729002896,95.62512958739374,92.30343183645657,bottom,Industrials,False,False,False
Overbot Vol Spike,Overflow,JBTM,2019-04-30,2,-20.0,4500.0,0.30885326093670007,1.0,False,False,False,True,-0.674914393415583,2019-05-01,-0.0044444444444444444,2019,base,P1,P1,Mixed,98.85608856088561,91.68821573697821,86.26943005181347,95.94946116685247,93.19079887913244,bottom,Industrials,False,False,False
Overbot Vol Spike,Liquid,HSY,2019-06-06,2,1010.0,900.0,0.22498973730654429,0.2,False,False,False,True,1.2054933990541647,2019-06-07,1.1222222222222222,2019,base,P2,P2,Mixed,95.88536335721597,95.43219991806636,89.97334426901784,95.8898479243732,94.29518886716835,top,Consumer Defensive,False,False,False
Overbot Vol Spike,Overflow,CHDN,2019-06-07,2,421.0,900.0,0.14341637302975793,0.2,False,False,False,True,0.1137605744854873,2019-06-10,0.4677777777777778,2019,base,P2,P2,Mixed,88.436348751535,99.24226909686668,99.30299302993029,97.37004314772962,96.08791350651539,top,Consumer Cyclical,False,False,False
Overbot Vol Spike,Overflow,BMA,2019-06-11,2,-576.0,900.0,0.014188158854339323,0.2,False,False,True,True,-0.6400046104541289,2019-06-12,-0.64,2019,base,P2,P2,Time,97.98374962383389,96.86746987951807,98.46153846153847,97.09443099273608,97.60179723940662,top,Financial Services,False,False,False
Overbot Vol Spike,Liquid,DE,2019-06-21,2,1929.0,4500.0,0.27591393709405904,1.0,False,False,True,True,0.4286243782211957,2019-06-24,0.42866666666666664,2019,base,P1,P1,Time,86.21323529411765,96.05558961782138,95.17184942716858,97.90855033832274,93.83730616935759,bottom,Industrials,False,False,False
Overbot Vol Spike,Liquid,GLD,2019-06-21,2,3397.0,4500.0,0.6248661621778194,1.0,False,False,False,True,0.5917989017392686,2019-06-24,0.7548888888888889,2019,base,P1,P1,Mixed,97.71117166212534,95.93673302427052,88.44893500819224,95.48069022185702,94.39438247911127,top,Commodity,False,False,False
Overbot Vol Spike,Liquid,SMH,2019-07-23,2,3588.0,4500.0,0.4749887355069772,1.0,False,False,True,True,0.7975075369989945,2019-07-24,0.7973333333333333,2019,base,P1,P1,Time,89.25379339014758,91.5765391014975,93.83718509265042,94.61602671118531,92.32088607387021,bottom,Technology,True,False,True
Overbot Vol Spike,Overflow,FLG,2019-07-31,2,1062.0,900.0,0.1966249709290645,0.2,False,False,False,True,1.3005756480106627,2019-08-01,1.18,2019,base,P2,P2,Mixed,97.80621572212065,93.88211382113822,94.8118006103764,94.80016313213703,95.32507332144307,top,Financial Services,False,False,False
Overbot Vol Spike,Overflow,TNL,2019-09-09,2,-159.0,900.0,0.05882388126480048,0.2,False,False,True,True,-0.17657957818092662,2019-09-10,-0.17666666666666667,2019,base,P2,P2,Time,92.83121597096189,90.34211323039662,94.11764705882352,94.12838454517798,92.85484020134001,bottom,Consumer Cyclical,False,False,False
Overbot Vol Spike,Overflow,VAC,2019-09-10,2,-902.0,900.0,0.19152486034958396,0.2,False,False,True,True,-1.0025830099520818,2019-09-11,-1.0022222222222221,2019,base,P2,P2,Time,95.37836465210768,95.42217700915565,86.23151453340132,95.23076923076923,93.06570635635846,bottom,Consumer Cyclical,False,False,False
Overbot Vol Spike,Overflow,ECHO,2019-09-11,2,-586.0,900.0,0.2146737606393246,0.2,False,False,True,True,-0.651608495131531,2019-09-12,-0.6511111111111111,2019,base,P2,P2,Time,98.57239972807615,97.99251446070092,98.3640081799591,95.03934314060896,97.49206637733627,top,ETF/Index,False,False,False
Overbot Vol Spike,Overflow,VAC,2019-09-11,2,97.0,900.0,0.0033949998790739136,0.2,False,False,True,True,0.10810726478223562,2019-09-12,0.10777777777777778,2019,base,P2,P2,Time,97.15736040609137,98.16980172852058,95.82059123343527,97.69349051768323,97.21031097143262,top,Consumer Cyclical,False,False,False
Overbot Vol Spike,Overflow,UNFI,2019-09-16,2,1216.0,900.0,0.16739078537051127,0.2,False,False,False,True,1.5869647191048961,2019-09-17,1.3511111111111112,2019,base,P2,P2,Mixed,88.9606458123108,99.81825525040388,99.97978572872448,100.0,97.1896716978598,top,Consumer Defensive,False,False,False
Overbot Vol Spike,Overflow,MPC,2019-09-26,2,5298.0,4500.0,0.2996979652876545,1.0,False,False,False,True,1.295865290231514,2019-09-27,1.1773333333333333,2019,base,P1,P1,Mixed,99.56647398843931,99.08345393150024,97.00193423597679,99.70831307729703,98.84004380830334,top,Energy,False,False,False
Overbot Vol Spike,Overflow,BEP,2019-09-27,2,-3660.0,4500.0,0.47428342280212377,1.0,False,False,True,True,-0.8133515195130521,2019-09-30,-0.8133333333333334,2019,base,P1,P1,Time,87.24197247706422,96.04017216642755,97.32758620689656,90.57365234938023,92.79584579994214,bottom,Utilities,False,False,False
Overbot Vol Spike,Overflow,STRL,2019-10-10,2,736.0,900.0,0.14432970179377957,0.2,False,False,False,True,0.695897760029037,2019-10-11,0.8177777777777778,2019,base,P2,P2,Mixed,95.35491654936658,95.25150905432595,95.20644511581068,92.45054501412999,94.56585393340829,top,Industrials,False,False,False
Overbot Vol Spike,Overflow,STRL,2019-10-09,2,-3247.0,4500.0,0.4716979264789368,1.0,False,False,True,True,-0.7217022743499968,2019-10-10,-0.7215555555555555,2019,base,P1,P1,Time,92.2164119066774,94.38518816663313,90.290088638195,90.93478699777913,91.95661892732116,bottom,Industrials,False,False,False
Overbot Vol Spike,Liquid,MS,2019-11-04,2,938.0,900.0,0.1447112608985352,0.2,False,False,False,True,1.0705010046960979,2019-11-05,1.0422222222222222,2019,base,P2,P2,Mixed,95.37074148296594,85.84319229997995,91.26856684062625,96.53993160329914,92.25560805671782,bottom,Financial Services,False,False,False
Overbot Vol Spike,Liquid,BNY,2019-11-04,2,237.0,900.0,0.23264038271702914,0.2,False,False,True,True,0.26356117733790774,2019-11-05,0.2633333333333333,2019,base,P2,P2,Time,94.27699351392597,85.45523954953237,91.99465036301108,97.54930116791117,92.31904614859515,bottom,Financial Services,False,False,False
Overbot Vol Spike,Liquid,WFC,2019-11-06,2,2740.0,4500.0,0.729011760432189,1.0,False,False,False,True,0.3483075368857537,2019-11-07,0.6088888888888889,2019,base,P1,P1,Mixed,85.09615384615384,86.32992583684104,89.92776886035313,95.87773979489242,89.30789708456011,bottom,Financial Services,False,False,False
Overbot Vol Spike,Overflow,CI,2019-11-15,2,889.0,4500.0,0.29903993263052187,1.0,False,False,True,True,0.19775608267946693,2019-11-18,0.19755555555555557,2019,base,P1,P1,Time,88.9377875575115,85.5084067253803,93.76878381085955,97.34939759036145,91.39109392102819,bottom,Healthcare,False,False,False
Overbot Vol Spike,Liquid,PCG,2019-12-09,2,75.0,900.0,0.025663476475508675,0.2,False,False,True,True,0.08271411162235091,2019-12-10,0.08333333333333333,2019,base,P2,P2,Time,99.26206621459912,99.80043903412492,99.84019176987616,99.85985985985985,99.69063921961501,top,Utilities,False,False,False
Overbot Vol Spike,Overflow,TDW,2019-12-18,2,-679.0,900.0,0.015680735000774607,0.2,False,False,True,True,-0.7549817520072118,2019-12-19,-0.7544444444444445,2019,base,P2,P2,Time,87.59211312487552,93.16460741331207,98.52383802114502,98.76049580167933,94.51026359025299,top,Energy,False,False,False
Overbot Vol Spike,Overflow,BMA,2019-12-23,2,699.0,900.0,0.08688813247375582,0.2,False,False,True,True,0.777144999594433,2019-12-24,0.7766666666666666,2019,base,P2,P2,Time,95.95258745302111,98.72685185185185,98.4352361634309,98.86627906976744,97.99523863451782,top,Financial Services,False,False,False
Overbot Vol Spike,Liquid,OXY,2020-01-03,2,-1806.0,4500.0,0.42597989597460184,1.0,False,False,True,True,-0.4013195470061453,2020-01-06,-0.4013333333333333,2020,base,P1,P1,Time,97.69429536871397,97.65314240254574,98.18833366514036,97.64565043894653,97.79535546883665,top,Energy,False,False,False
Overbot Vol Spike,Overflow,M,2020-01-07,2,7200.0,4500.0,0.7965794766901857,1.0,False,True,False,False,2.0000080976768047,2020-01-08,1.6,2020,base,P1,P1,Target,96.80111265646731,86.441351888668,90.02985074626866,96.35021938571998,92.40563366928099,bottom,Consumer Cyclical,False,False,False
Overbot Vol Spike,Overflow,OI,2020-01-06,2,-803.0,900.0,0.1669992359885381,0.2,False,False,True,True,-0.8921860193551335,2020-01-07,-0.8922222222222222,2020,base,P2,P2,Time,97.07869634340223,89.00377808709486,87.99761146496814,95.89068422102534,92.49269252912265,bottom,Consumer Cyclical,False,False,False
Overbot Vol Spike,Overflow,OI,2020-01-13,2,1440.0,900.0,0.08722805187800305,0.2,False,True,False,False,1.9999888703394075,2020-01-14,1.6,2020,base,P2,P2,Target,89.25947984911654,94.17957886372665,96.24179757407039,97.15025906735751,94.20777883856778,top,Consumer Cyclical,False,False,False
Overbot Vol Spike,Overflow,ALB,2020-01-14,2,-1193.0,4500.0,0.36547411102873106,1.0,False,False,True,True,-0.26522601940934654,2020-01-15,-0.26511111111111113,2020,base,P1,P1,Time,98.76935291782453,95.29294935451837,91.39165009940358,93.90316796174537,94.83928008337296,top,Basic Materials,False,False,False
Overbot Vol Spike,Liquid,SO,2020-01-16,1,-2938.0,4500.0,0.28976676626519254,1.0,True,False,False,False,,2020-01-17,-0.6528888888888889,2020,base,P1,P1,EOD-DD,90.1984126984127,96.68453444510622,95.92607313195548,89.9223262298347,93.18283662632727,bottom,Utilities,False,False,False
Overbot Vol Spike,Liquid,PCG,2020-01-17,2,1440.0,900.0,0.1410969471223123,0.2,False,True,False,False,1.999962047282878,2020-01-21,1.6,2020,base,P2,P2,Target,90.68637175163659,99.52362048431918,98.84760580170872,96.55515730784549,96.4031888363775,top,Utilities,False,False,False
Overbot Vol Spike,Liquid,SO,2020-01-17,2,-1393.0,900.0,0.11348257497071887,0.2,False,False,True,True,-1.547890826512106,2020-01-21,-1.5477777777777777,2020,base,P2,P2,Time,94.96131719896846,98.1341802302501,97.79455593085635,87.29589804858622,94.54648785216528,top,Utilities,False,False,False
Overbot Vol Spike,Overflow,GDOT,2020-02-03,2,-6075.0,4500.0,0.4429909887411292,1.0,False,False,True,True,-1.3503761762356898,2020-02-04,-1.35,2020,base,P1,P1,Time,96.83069224353628,93.69519832985385,98.8702928870293,99.91593106347206,97.32802863097287,top,Financial Services,False,False,False
Overbot Vol Spike,Overflow,MSCI,2020-02-18,2,1431.0,900.0,0.1821906214916952,0.2,False,True,False,False,1.9995963300766546,2020-02-19,1.59,2020,base,P2,P2,Target,94.12719013627515,96.52484572913284,96.58425504229018,97.29023832843617,96.13163230903359,top,Financial Services,False,False,False
Overbot Vol Spike,Liquid,AMZN,2020-04-15,2,1895.0,4500.0,0.5756593914790564,1.0,False,False,False,True,0.034787086066807124,2020-04-16,0.4211111111111111,2020,base,P1,P1,Mixed,94.49127622034895,97.21459395841507,96.09267622226587,98.54388036206217,96.58560669077302,top,Consumer Cyclical,False,True,True
3x ETF Overbot Fade,Liquid,CURE,2020-04-17,1,3978.0,3750.0,-0.435088567923069,1.0,False,False,True,False,,2020-04-20,1.0608,2020,base,P2,P1,Time,99.50517318938371,99.27927927927928,99.90970654627539,100.0,99.6735397537346,top,Healthcare,False,False,False
3x ETF Overbot Fade,Liquid,LABU,2020-04-17,1,-1972.0,3750.0,-0.2676982523481548,1.0,False,False,True,False,,2020-04-20,-0.5258666666666667,2020,base,P2,P1,Time,99.34959349593497,97.96251018744906,99.67266775777414,100.0,99.24619286028954,top,UNKNOWN,False,False,False
Overbot Vol Spike,Overflow,EQT,2020-04-20,2,1439.0,900.0,0.1402338076207094,0.2,False,True,False,False,1.9999870920098382,2020-04-21,1.5988888888888888,2020,base,P2,P2,Target,99.8628526645768,99.76475200940992,99.94113029827315,100.0,99.89218374306498,top,Energy,False,False,False
Overbot Vol Spike,Overflow,SSRM,2020-04-22,2,439.0,721.1538461538462,0.18567250724351733,0.2,False,False,False,True,0.350737894673598,2020-04-23,0.6087466666666667,2020,base,P2,P2,Mixed,94.49667058362711,88.79090730942582,96.76343664182032,98.82052290151367,94.71788435909673,top,Basic Materials,False,False,False
Overbot Vol Spike,Overflow,GRPN,2020-04-22,2,-4231.0,3605.769230769231,0.427481499538469,1.0,False,False,True,True,-1.1736515140740682,2020-04-23,-1.1733973333333332,2020,base,P1,P1,Time,94.96707431796801,98.49269901083373,94.47592067988668,98.67109634551495,96.65169758855085,top,Communication Services,False,False,False
Overbot Vol Spike,Overflow,AU,2020-04-22,2,-56.0,721.1538461538462,0.1460159513169655,0.2,False,False,True,True,-0.07938865448270084,2020-04-23,-0.07765333333333332,2020,base,P2,P2,Time,98.08068938503722,94.23868312757202,99.5880737544135,99.90171024179281,97.95228912720387,top,Basic Materials,False,False,False
Overbot Vol Spike,Overflow,WSM,2020-04-23,2,-649.0,646.5517241379309,0.18086057846928721,0.2,False,False,True,True,-1.0053423303216567,2020-04-24,-1.0037866666666668,2020,base,P2,P2,Time,94.0082240062659,97.59012539184953,96.35222592665228,97.93632075471697,96.47172401987117,top,Consumer Cyclical,False,False,False
Overbot Vol Spike,Overflow,THO,2020-04-23,2,-1144.0,646.5517241379309,0.1885897555738539,0.2,False,False,True,True,-1.775913656948365,2020-04-24,-1.7693866666666669,2020,base,P2,P2,Time,88.15351478363031,94.49451410658307,94.5675622671112,99.68553459119497,94.2252814371299,top,Consumer Cyclical,False,False,False
Overbot Vol Spike,Overflow,WSM,2020-04-24,2,-832.0,900.0,0.22319764208026097,0.2,False,False,True,True,-0.9251866274746706,2020-04-27,-0.9244444444444444,2020,base,P2,P2,Time,98.06186374314801,97.23800195886386,95.15686274509804,98.44763214776971,97.22609014871989,top,Consumer Cyclical,False,False,False
Overbot Vol Spike,Overflow,GRPN,2020-04-27,2,1579.0,986.8421052631578,1.2320004272460936,1.0,False,True,False,False,2.000006661999119,2020-04-28,1.6000533333333335,2020,base,P1,P1,Target,98.77876937529356,99.38852304797742,98.86845827439888,91.4691943127962,97.12623625261652,top,Communication Services,False,False,False
Overbot Vol Spike,Overflow,THO,2020-04-24,2,-1663.0,900.0,0.2028351280808965,0.2,False,False,True,True,-1.852122568352393,2020-04-27,-1.8477777777777777,2020,base,P2,P2,Time,98.96241190289741,93.47698334965719,93.3921568627451,99.50874435056004,96.33507411646494,top,Consumer Cyclical,False,False,False
Overbot Vol Spike,Overflow,GRPN,2020-04-24,2,-1194.0,900.0,0.10937437252142469,0.2,False,False,True,True,-1.328015050670765,2020-04-27,-1.3266666666666667,2020,base,P2,P2,Time,95.39473684210526,97.55294117647058,96.74528301886792,93.97818871503083,95.91778743811864,top,Communication Services,False,False,False
Overbot Vol Spike,Overflow,RH,2020-04-28,2,393.0,246.71052631578948,0.18754301747306243,0.2,False,True,False,False,1.998952570107225,2020-04-29,1.59296,2020,base,P2,P2,Target,97.87347155768208,98.45580404685836,89.32194340630005,94.14607948442534,94.94932462381645,top,Consumer Cyclical,False,False,False
Overbot Vol Spike,Overflow,FLR,2020-04-28,2,1973.0,1233.5526315789475,0.5361699202310375,1.0,False,True,False,False,1.9999521292950915,2020-04-29,1.5994453333333332,2020,base,P1,P1,Target,99.7129971299713,99.87692307692308,99.91786447638604,99.97941963366948,99.87180107923747,top,Industrials,False,False,False
Overbot Vol Spike,Liquid,XLE,2020-04-28,2,1604.0,1233.5526315789475,0.5884825436252331,1.0,False,False,False,True,1.5016500252566034,2020-04-29,1.300309333333333,2020,base,P1,P1,Mixed,97.26027397260275,99.56921871940474,95.70756566052529,99.92142997446474,98.11462208174937,top,Energy,False,False,False
3x ETF Overbot Fade,Liquid,TNA,2020-04-28,1,11863.0,4500.0,1.0135939354111214,1.0,False,False,True,False,,2020-04-29,2.636222222222222,2020,base,P1,P1,Time,98.95688456189151,99.33867037939436,88.80753138075313,98.03990199509975,96.28574707928469,top,UNKNOWN,False,False,False
Overbot Vol Spike,Overflow,PRGS,2020-04-28,2,1820.0,1233.5526315789475,0.5424750326364162,1.0,False,False,False,True,1.7931920871510294,2020-04-29,1.4754133333333332,2020,base,P1,P1,Mixed,92.64187866927594,95.28098688075191,87.24029792238338,97.26969161264978,93.10821377126524,bottom,Technology,False,False,False
Overbot Vol Spike,Overflow,KBH,2020-04-28,2,1972.0,1233.5526315789475,0.6118394165800362,1.0,False,True,False,False,1.9999330861911797,2020-04-29,1.5986346666666664,2020,base,P1,P1,Target,99.21722113502935,99.3538280791071,97.86358290866328,98.95894716165783,98.84839482111438,top,Consumer Cyclical,False,False,False
3x ETF Overbot Fade,Liquid,TNA,2020-05-08,1,7134.0,3125.0,-0.4480722303467891,1.0,False,False,True,False,,2020-05-11,2.28288,2020,base,P2,P1,Time,98.75173370319001,96.80666435265533,96.9749652294854,96.3001745200698,97.20838445135014,top,UNKNOWN,False,False,False
3x ETF Overbot Fade,Liquid,SPXL,2020-05-08,1,6003.0,3125.0,-0.37369607214758577,1.0,False,False,True,False,,2020-05-11,1.92096,2020,base,P2,P1,Time,96.89011748445058,94.25804219993083,85.48163548163548,93.07826086956523,92.42701400889553,bottom,UNKNOWN,False,False,False
3x ETF Overbot Fade,Liquid,MIDU,2020-05-08,1,7894.0,3125.0,-0.5468192999878055,1.0,False,False,True,False,,2020-05-11,2.52608,2020,base,P2,P1,Time,99.43879340582252,97.82303370786516,98.17094618360886,94.17372881355932,97.40162552771396,top,UNKNOWN,False,False,False
3x ETF Overbot Fade,Liquid,TECL,2020-05-08,1,5102.0,3125.0,-0.31757884220946236,1.0,False,False,True,False,,2020-05-11,1.63264,2020,base,P2,P1,Time,96.70983549177458,98.80868955851436,97.54299754299754,97.70965468639888,97.69279431992133,top,UNKNOWN,False,False,False
Overbot Vol Spike,Overflow,EPD,2020-05-19,2,4026.0,4500.0,0.3235601251847659,1.0,False,False,False,True,0.8246720222001572,2020-05-20,0.8946666666666667,2020,base,P1,P1,Mixed,99.1219512195122,94.78719250292855,94.43033027164354,99.37328632980807,96.9281900809731,top,Energy,False,False,False
Overbot Vol Spike,Overflow,HOG,2020-05-21,2,880.0,4500.0,0.2609211312069448,1.0,False,False,True,True,0.19555203305784544,2020-05-22,0.19555555555555557,2020,base,P1,P1,Time,98.30310122878878,99.5511319281811,97.67532721234616,98.88410336726703,98.60341593414577,top,Consumer Cyclical,False,False,False
Overbot Vol Spike,Overflow,APTV,2020-05-26,2,334.0,208.79732739420933,0.8405744877669017,1.0,False,True,False,False,1.9998816475036747,2020-05-27,1.5996373333333336,2020,base,P1,P1,Target,97.75700934579439,96.0692559663079,98.07692307692307,98.01980198019803,97.48074759230585,top,Consumer Cyclical,False,False,False
Overbot Vol Spike,Overflow,WWD,2020-05-26,2,244.0,208.79732739420933,0.7350446259264891,1.0,False,False,False,True,1.287299630136608,2020-05-27,1.1685973333333335,2020,base,P1,P1,Mixed,98.14778709300059,96.93718298868514,94.94239406365944,98.31702544031312,97.08609739641456,top,Industrials,False,False,False
Overbot Vol Spike,Overflow,CPRI,2020-05-26,2,334.0,208.79732739420933,0.7576107135795591,1.0,False,True,False,False,1.99982137528625,2020-05-27,1.5996373333333336,2020,base,P1,P1,Target,97.97265440829797,97.68649669499528,95.22006625650734,97.62131303520457,97.12513259875129,top,Consumer Cyclical,False,False,False
Overbot Vol Spike,Overflow,SBH,2020-05-26,2,171.0,208.79732739420936,0.4654419475180439,1.0,False,False,False,True,0.7009187037083764,2020-05-27,0.8189759999999999,2020,base,P1,P1,Mixed,98.47013827596352,98.32155477031802,99.05632556767915,99.14201183431952,98.74750761207005,top,Consumer Cyclical,False,False,False
Overbot Vol Spike,Overflow,SBGI,2020-05-26,2,197.0,208.79732739420933,0.6072796681220342,1.0,False,False,False,True,0.9093470224844072,2020-05-27,0.9434986666666667,2020,base,P1,P1,Mixed,92.72762721778123,88.17791650409677,88.32259324350713,90.27397260273973,89.87552739203122,bottom,Communication Services,False,False,False
Overbot Vol Spike,Overflow,PNR,2020-05-26,2,257.0,208.79732739420933,0.6727782235422203,1.0,False,False,False,True,1.3774803884150169,2020-05-27,1.2308586666666668,2020,base,P1,P1,Mixed,99.0836420354845,97.83456886461178,98.00820152314002,99.08023483365949,98.50166181422395,top,Industrials,False,False,False
Overbot Vol Spike,Overflow,XPO,2020-05-22,2,1498.0,1442.3076923076924,1.0552255721446735,1.0,False,False,False,True,1.0648063611805267,2020-05-26,1.0386133333333334,2020,base,P1,P1,Mixed,88.45602294455067,97.58430997369051,85.70402298850574,88.13925570228092,89.97090290225697,bottom,Industrials,False,False,False
Overbot Vol Spike,Overflow,SPSC,2020-05-22,2,-105.0,1442.3076923076924,0.2933349609375,1.0,False,False,True,True,-0.07222784045426642,2020-05-26,-0.07279999999999999,2020,base,P1,P1,Time,88.17966903073287,96.84418145956607,85.29644268774703,99.48392219134577,92.45105384234793,bottom,Technology,False,False,False
Overbot Vol Spike,Overflow,EL,2020-05-27,2,2.0,9.892371003482122,0.12827582531773735,0.0231,False,False,False,True,-0.3633023660429125,2020-05-28,0.20217599999999986,2020,base,P2,P2,Mixed,99.23976608187135,98.61517456602301,98.57477547832877,97.5151633731168,98.48621987483499,top,Consumer Defensive,False,False,False
Overbot Vol Spike,Overflow,FIX,2020-05-26,2,249.0,208.79732739420933,0.5625114487009613,1.0,False,False,False,True,1.3181932276311363,2020-05-27,1.192544,2020,base,P1,P1,Mixed,98.10879313706376,91.29925868123293,94.96192149970709,94.99021526418787,94.84004714554791,top,Industrials,False,False,False
Overbot Vol Spike,Overflow,FFIN,2020-05-26,2,154.0,208.79732739420933,0.5258529431465834,1.0,False,False,False,True,0.5656146318529855,2020-05-27,0.7375573333333334,2020,base,P1,P1,Mixed,96.25658023006434,95.10339445961765,97.71528998242532,97.41682974559687,96.62302360442605,top,Financial Services,False,False,False
Overbot Vol Spike,Overflow,KBH,2020-05-26,2,137.0,208.79732739420933,0.5805491940609551,1.0,False,False,True,True,0.6576298722980295,2020-05-27,0.6561386666666668,2020,base,P1,P1,Time,96.43205303178007,94.4791260241904,92.03280609256005,99.08023483365949,95.50605499554752,top,Consumer Cyclical,False,False,False
3x ETF Overbot Fade,Liquid,TNA,2020-05-26,1,5579.0,4500.0,0.7175979712997148,1.0,False,False,True,False,,2020-05-27,1.2397777777777779,2020,base,P1,P1,Time,95.993091537133,93.91424619640387,88.25770696224454,97.28789986091793,93.86323613917483,bottom,UNKNOWN,False,False,False
Overbot Vol Spike,Overflow,RRX,2020-05-26,2,39.0,41.75946547884187,0.04482722253989566,0.2,False,False,False,True,0.8785217401512262,2020-05-27,0.9339200000000001,2020,base,P2,P2,Mixed,90.93390524468707,88.8997268825595,90.33391915641477,98.27788649706459,92.11135944518148,bottom,Industrials,False,False,False
Overbot Vol Spike,Overflow,LKQ,2020-05-26,2,172.0,208.79732739420936,0.2579311797180691,1.0,False,False,False,True,0.7071001848381919,2020-05-27,0.8237653333333333,2020,base,P1,P1,Mixed,96.53607262302914,86.61247908199856,85.25610339875539,99.2320614350852,91.90917913471706,bottom,Consumer Cyclical,False,False,False
Overbot Vol Spike,Overflow,PSKY,2020-05-26,2,216.0,208.79732739420933,0.5845858250676712,1.0,False,False,False,True,1.0573855225992281,2020-05-27,1.034496,2020,base,P1,P1,Mixed,85.54945054945054,92.93373659609568,96.36563876651982,98.45346589339961,93.32557295136641,bottom,Communication Services,False,False,False
Overbot Vol Spike,Overflow,CHRW,2020-05-28,2,472.0,900.0,0.025746528339590347,0.2,False,False,False,True,0.209553075588048,2020-05-29,0.5244444444444445,2020,base,P2,P2,Mixed,91.75599298382382,87.20748829953197,97.83330080031232,87.85211267605634,91.16222368993111,bottom,Industrials,False,False,False
Overbot Vol Spike,Overflow,CALX,2020-05-27,2,-4.0,9.892371003482124,0.05115668175625264,0.0231,False,False,True,True,-0.3779478961555937,2020-05-28,-0.4043519999999996,2020,base,P2,P2,Time,94.3359375,95.81540868204928,92.47648902821317,98.03227075954348,95.16502649245149,top,Technology,False,False,False
Overbot Vol Spike,Overflow,ACN,2020-05-27,2,1.0,9.892371003482122,0.015021664056130951,0.0231,False,False,True,True,0.11320672291439142,2020-05-28,0.10108799999999993,2020,base,P2,P2,Time,92.13246150601138,92.42296327564374,93.6826537080076,94.47268106734434,93.17768988925177,bottom,Technology,False,False,False
Overbot Vol Spike,Overflow,BWXT,2020-05-27,2,10.0,9.892371003482124,0.23515803402045315,0.0231,False,False,True,True,0.9214388503817659,2020-05-28,1.0108799999999991,2020,base,P2,P2,Time,99.59514170040485,97.81110660721524,98.33468724614136,97.87841697266421,98.40483813160643,top,Industrials,False,False,False
Overbot Vol Spike,Overflow,ROP,2020-05-27,2,0.0,9.892371003482122,0.07623417754911611,0.0231,False,False,True,True,0.007579751283562485,2020-05-28,0.0,2020,base,P2,P2,Time,91.98830409356725,93.30992783304076,88.07106598984772,99.39346507532773,93.19069074794587,bottom,ETF/Index,False,False,False
Overbot Vol Spike,Overflow,VRSK,2020-05-28,2,283.0,900.0,0.18832123492877384,0.2,False,False,True,True,0.3137833849568245,2020-05-29,0.31444444444444447,2020,base,P2,P2,Time,98.72944693572497,97.00710811821924,98.38830584707647,97.51599548362815,97.9102140961622,top,Technology,False,False,False
Overbot Vol Spike,Overflow,WCC,2020-06-02,2,2.0,1233.5526315789475,0.47104554131900445,1.0,False,False,False,True,-0.6631239567480959,2020-06-03,0.0016213333333333331,2020,base,P1,P1,Mixed,96.88352162056876,98.40187098031573,99.23917284432305,98.55327468230693,98.26946003187862,top,Industrials,False,False,False
Overbot Vol Spike,Overflow,BHP,2020-06-01,2,-1061.0,2286.585365853659,0.5031329416781914,1.0,False,False,True,True,-0.4639219553509802,2020-06-02,-0.46401066666666657,2020,base,P1,P1,Time,86.86927722579388,89.74658869395712,98.49756097560976,96.87133359405553,92.99619012235408,bottom,Basic Materials,False,False,False
Overbot Vol Spike,Liquid,PSA,2020-06-02,2,394.0,246.71052631578954,0.1770081161905858,0.2,False,True,False,False,1.9997781897534088,2020-06-03,1.597013333333333,2020,base,P2,P2,Target,90.02726918582002,98.16799844084973,99.16113928989465,97.34115347018573,96.17439009668755,top,Real Estate,False,False,False
Overbot Vol Spike,Overflow,SBGI,2020-06-04,1,-75.0,148.8095238095238,1.0164298218718122,1.0,True,False,False,False,,2020-06-05,-0.504,2020,base,P1,P1,EOD-DD,96.3006230529595,98.36353009935709,97.65990639625585,98.67109634551495,97.74878897352185,top,Communication Services,False,False,False
Overbot Vol Spike,Overflow,MUR,2020-06-04,1,-77.0,148.8095238095238,1.4000016604715266,1.0,True,False,False,False,,2020-06-05,-0.51744,2020,base,P1,P1,EOD-DD,98.32554517133957,99.20124683421001,98.01092043681747,99.25737736955247,98.69877245297988,top,Energy,False,False,False
Overbot Vol Spike,Overflow,MEOH,2020-06-04,1,-57.0,148.8095238095238,0.9269242181303601,1.0,True,False,False,False,,2020-06-05,-0.38304000000000005,2020,base,P1,P1,EOD-DD,99.78582554517133,99.84414572374828,99.16146645865834,99.66777408637874,99.61480295348919,top,Basic Materials,False,False,False
Overbot Vol Spike,Overflow,ACGL,2020-06-02,2,-2238.0,1233.5526315789475,0.47592175034095935,1.0,False,False,True,True,-1.8146802233983592,2020-06-03,-1.8142719999999999,2020,base,P1,P1,Time,99.43513829372809,89.37828883258624,99.66835739367929,99.58944281524926,97.01780683381071,top,Financial Services,False,False,False
Overbot Vol Spike,Liquid,OIH,2020-06-04,1,-50.0,148.8095238095238,1.5865068241984015,1.0,True,False,False,False,,2020-06-05,-0.336,2020,base,P1,P1,EOD-DD,99.05095935630287,98.78199834847233,99.54536061169664,99.89643744821872,99.31868894117264,top,Energy,False,False,False
Overbot Vol Spike,Liquid,PPL,2020-06-02,2,123.0,1233.5526315789475,0.30389450418890707,1.0,False,False,True,True,0.10030231205221075,2020-06-03,0.099712,2020,base,P1,P1,Time,97.50681729645501,99.29838238160202,98.1076863051112,98.04496578690127,98.23946294251738,top,Utilities,False,False,False
Overbot Vol Spike,Overflow,SBH,2020-06-02,2,-1055.0,1233.5526315789475,0.5082503451758125,1.0,False,False,True,True,-0.8556269122273313,2020-06-03,-0.8552533333333332,2020,base,P1,P1,Time,95.12338425381903,95.11908262275801,99.14605418138987,99.49778434268833,97.22157635016382,top,Consumer Cyclical,False,False,False
Overbot Vol Spike,Liquid,XLY,2020-06-02,2,-206.0,246.71052631578948,0.23453584432025365,0.2,False,False,True,True,-0.8349079618405175,2020-06-03,-0.8349866666666667,2020,base,P2,P2,Time,87.35878457343202,85.36347690508673,92.91845493562232,97.98631476050831,90.90675779366235,bottom,Consumer Cyclical,False,False,False
Overbot Vol Spike,Overflow,SPSC,2020-06-02,2,-25.0,246.7105263157895,0.06694393331007577,0.2,False,False,True,True,-0.09929582898770269,2020-06-03,-0.10133333333333332,2020,base,P2,P2,Time,88.48270440251572,87.40653286107832,98.698738170347,99.44554455445544,93.50837999709913,bottom,Technology,False,False,False
Overbot Vol Spike,Overflow,CLB,2020-06-04,1,-187.0,148.8095238095238,0.800208921712502,1.0,True,False,False,False,,2020-06-05,-1.2566400000000002,2020,base,P1,P1,EOD-DD,98.05295950155764,98.53886616014027,96.60686427457098,99.21829196794997,98.1042454760547,top,Energy,False,False,False
Overbot Vol Spike,Overflow,SEE,2020-06-04,2,214.0,148.8095238095238,0.917784427070447,1.0,False,False,False,True,1.7217884773053258,2020-06-05,1.43808,2020,base,P1,P1,Mixed,96.18380062305296,91.75920514319111,96.97737909516381,95.09478209888607,95.0037917400735,top,UNKNOWN,False,False,False
Overbot Vol Spike,Liquid,TXN,2020-06-04,2,101.0,148.8095238095238,0.6023050382774864,1.0,False,False,False,True,0.4564160571904296,2020-06-05,0.6787200000000001,2020,base,P1,P1,Mixed,93.38006230529595,97.23358659653223,93.07722308892356,94.7234707836623,94.60358569360352,top,Technology,True,False,True
Overbot Vol Spike,Overflow,AA,2020-06-04,2,139.0,148.8095238095238,1.4485633085279084,1.0,False,False,False,True,0.888141092019198,2020-06-05,0.9340800000000001,2020,base,P1,P1,Mixed,99.78582554517133,99.70777323202805,99.9804992199688,99.84365839358999,99.82943909768954,top,Basic Materials,False,False,False
Overbot Vol Spike,Overflow,AER,2020-06-04,2,239.0,148.8095238095238,1.5527463980864842,1.0,False,True,False,False,1.9998028956948926,2020-06-05,1.6060800000000002,2020,base,P1,P1,Target,98.91304347826086,97.794766245222,98.7926972909305,97.1344165435746,98.158730889497,top,Industrials,False,False,False
Overbot Vol Spike,Overflow,HXL,2020-06-04,2,238.0,148.8095238095238,1.6352320570658236,1.0,False,True,False,False,1.9997955200494726,2020-06-05,1.5993600000000001,2020,base,P1,P1,Target,99.45482866043614,99.2596921878044,99.64898595943838,99.39417627516123,99.43942077071003,top,Industrials,False,False,False
Overbot Vol Spike,Overflow,ANGI,2020-06-04,2,108.0,148.8095238095238,0.271514892578125,1.0,False,False,False,True,0.5463162580477035,2020-06-05,0.7257600000000001,2020,base,P1,P1,Mixed,93.19981369352584,95.19589552238806,91.6783543712015,98.26127819548873,94.58383544565102,top,Communication Services,False,False,False
Overbot Vol Spike,Overflow,LYB,2020-06-04,2,132.0,148.8095238095238,0.9847165251356738,1.0,False,False,False,True,0.801042865043442,2020-06-05,0.88704,2020,base,P1,P1,Mixed,98.54445318646735,99.17290271760535,99.72375690607734,99.92072929052715,99.34046052516929,top,Basic Materials,False,False,False
Overbot Vol Spike,Overflow,MAR,2020-06-04,2,238.0,148.8095238095238,1.8032864792867909,1.0,False,True,False,False,1.9998582452796902,2020-06-05,1.5993600000000001,2020,base,P1,P1,Target,99.3380062305296,99.37658289499318,97.64040561622464,99.23783466875122,98.89820735262467,top,Consumer Cyclical,False,False,False
Overbot Vol Spike,Overflow,MXL,2020-06-04,2,160.0,148.8095238095238,1.0839901371019918,1.0,False,False,False,True,1.1359015459562665,2020-06-05,1.0752000000000002,2020,base,P1,P1,Mixed,95.32346063912705,97.85407725321889,92.37685691946834,94.14998036906164,94.92609379521897,top,Technology,False,False,False
Overbot Vol Spike,Overflow,ATI,2020-06-03,2,-934.0,767.0454545454546,0.10675479253767571,0.1705,False,False,True,True,-1.2173201461525316,2020-06-04,-1.2176592592592592,2020,base,P2,P2,Time,99.16260954235638,96.37568199532346,99.64891749561147,98.33854573885849,98.38143869303745,top,Industrials,False,False,False
Overbot Vol Spike,Overflow,CAR,2020-06-03,2,-781.0,767.0454545454546,0.21064353797420224,0.1705,False,False,True,True,-1.0209843370811797,2020-06-04,-1.0181925925925925,2020,base,P2,P2,Time,97.5462512171373,98.40218238503508,99.70743124634289,99.15949960906958,98.70384111439621,top,Industrials,False,False,False
Overbot Vol Spike,Overflow,TXT,2020-06-03,2,-1940.0,767.0454545454546,0.01704456993186117,0.1705,False,False,True,True,-2.5340891462495554,2020-06-04,-2.529185185185185,2020,base,P2,P2,Time,98.83154819863681,96.88230709275136,99.45387165984006,99.00312744331508,98.54271359863583,top,Industrials,False,False,False
Overbot Vol Spike,Overflow,AA,2020-06-03,2,-1773.0,767.0454545454547,0.11501322426659595,0.1705,False,False,True,True,-2.312122857630109,2020-06-04,-2.311466666666666,2020,base,P2,P2,Time,99.31840311587146,95.86905689789556,99.98049541642285,99.53088350273651,98.6747097332316,top,Basic Materials,False,False,False
Overbot Vol Spike,Overflow,TRGP,2020-06-03,2,-2506.0,767.0454545454545,0.21630251945454562,0.1705,False,False,True,True,-3.270049139205333,2020-06-04,-3.2670814814814815,2020,base,P2,P2,Time,98.99413243922884,96.39110365086026,97.7291841883936,99.15504858470638,98.06736721579728,top,Energy,False,False,False
3x ETF Overbot Fade,Liquid,MIDU,2020-06-03,1,-10408.0,4500.0,-0.3687825691708105,1.0,False,False,True,False,,2020-06-04,-2.3128888888888888,2020,base,P2,P1,Time,97.83821478382147,88.23734729493891,99.58041958041957,99.43839943839944,96.27359527439484,top,UNKNOWN,False,False,False
Overbot Vol Spike,Overflow,HAS,2020-06-05,2,152.0,95.2380952380953,0.3250881008418384,1.0,False,True,False,False,1.9997227115090666,2020-06-08,1.595999999999999,2020,base,P1,P1,Target,95.91201090130427,98.01324503311258,99.06414505751609,99.02305588120359,98.00311421828414,top,Consumer Cyclical,False,False,False
Overbot Vol Spike,Overflow,FLR,2020-06-05,2,152.0,95.2380952380953,0.5127388788936164,1.0,False,True,False,False,1.999740335743674,2020-06-08,1.595999999999999,2020,base,P1,P1,Target,99.18450560652396,99.57160342717259,99.55074535429856,99.77486696684404,99.52043033870979,top,Industrials,False,False,False
Overbot Vol Spike,Overflow,NVRI,2020-06-05,2,152.0,95.2380952380953,0.7810649761827275,1.0,False,True,False,False,1.9997353305242147,2020-06-08,1.595999999999999,2020,base,P1,P1,Target,97.06054117189021,99.00662251655629,99.80503022031584,99.98046111762407,98.96316375659661,top,Industrials,False,False,False
Overbot Vol Spike,Overflow,LRN,2020-06-05,2,3.0,3.07881773399015,0.05087326359866275,0.0323,False,False,False,True,1.141945528628045,2020-06-08,0.9743999999999994,2020,base,P2,P2,Mixed,86.90665817139217,93.01658163265306,90.70584477802619,91.9551282051282,90.6460531967999,bottom,Consumer Defensive,False,False,False
Overbot Vol Spike,Liquid,RTX,2020-06-05,2,5.0,3.07881773399015,0.13562225021110236,0.0323,False,True,False,False,1.9971084317043888,2020-06-08,1.6239999999999988,2020,base,P2,P2,Target,99.0656024917267,99.37670432411375,99.80503022031584,99.80461117624073,99.51298705309925,top,Industrials,False,False,False
Overbot Vol Spike,Overflow,CAR,2020-06-04,2,199.0,148.8095238095238,1.0530626395983183,1.0,False,False,False,True,1.5657463843685748,2020-06-05,1.33728,2020,base,P1,P1,Mixed,99.12383177570094,99.4155464640561,99.57098283931357,99.23783466875122,99.33704893695545,top,Industrials,False,False,False
3x ETF Overbot Fade,Liquid,DFEN,2020-06-04,1,1845.0,2343.75,2.280264996088436,1.0,False,False,True,False,,2020-06-05,0.7872,2020,base,P1,P1,Time,99.22680412371135,97.67141009055628,99.86979166666666,99.73579920739762,99.12595127208299,top,Industrials,False,False,False
Overbot Vol Spike,Overflow,MTDR,2020-06-05,2,152.0,95.2380952380953,1.128599451398274,1.0,False,True,False,False,1.9997391916879894,2020-06-08,1.595999999999999,2020,base,P1,P1,Target,99.66618979494515,99.52244508118434,98.32455720440402,98.70067372473532,99.0534664513172,top,Energy,False,False,False
Overbot Vol Spike,Overflow,CBRE,2020-06-04,2,137.0,148.8095238095238,1.4462247202949203,1.0,False,False,False,True,0.8597357103308924,2020-06-05,0.9206400000000001,2020,base,P1,P1,Mixed,97.78717056190949,97.88504603135108,99.05331340308918,98.30127404446665,98.2567010102041,top,Real Estate,False,False,False
Overbot Vol Spike,Overflow,BEN,2020-06-04,2,-5.0,148.8095238095238,1.668067353107508,1.0,False,False,True,True,-0.03632668653919206,2020-06-05,-0.033600000000000005,2020,base,P1,P1,Time,99.06542056074767,99.31813754139878,99.23946957878314,98.45612663670119,99.01978857940769,top,Financial Services,False,False,False
Overbot Vol Spike,Overflow,MD,2020-06-05,2,152.0,95.2380952380953,0.26605404881798483,1.0,False,True,False,False,1.999747492884819,2020-06-08,1.595999999999999,2020,base,P1,P1,Target,99.49386801635197,99.53252824308532,99.200623903295,99.39429464634622,99.40532870226963,top,Healthcare,False,False,False
Overbot Vol Spike,Overflow,WPP,2020-06-05,2,152.0,95.2380952380953,0.5249985067016233,1.0,False,True,False,False,1.999741922044191,2020-06-08,1.595999999999999,2020,base,P1,P1,Target,90.9090909090909,99.53252824308532,99.80503022031584,98.7495115279406,97.24904022510816,top,Communication Services,False,False,False
Overbot Vol Spike,Liquid,WHR,2020-06-05,2,121.0,95.2380952380953,0.29512546511473936,1.0,False,False,False,True,1.4546191586345407,2020-06-08,1.2704999999999993,2020,base,P1,P1,Mixed,94.91921354876386,98.28593689131282,97.03645934880095,98.37827276279796,97.15497063791891,top,Consumer Cyclical,False,False,False
Overbot Vol Spike,Liquid,OIH,2020-06-05,2,152.0,95.2380952380953,1.3986907420796661,1.0,False,True,False,False,1.999696150756767,2020-06-08,1.595999999999999,2020,base,P1,P1,Target,99.97937293729373,100.0,100.0,100.0,99.99484323432344,top,Energy,False,False,False
Overbot Vol Spike,Overflow,CPRI,2020-06-05,2,152.0,95.2380952380953,0.9189861844416307,1.0,False,True,False,False,1.9997257385473794,2020-06-08,1.595999999999999,2020,base,P1,P1,Target,99.10756223579145,99.7648165569144,99.76426214049977,99.81042654028435,99.6117668683725,top,Consumer Cyclical,False,False,False
Overbot Vol Spike,Overflow,CAR,2020-06-05,2,152.0,95.2380952380953,0.6493255842016794,1.0,False,True,False,False,1.999719901658151,2020-06-08,1.595999999999999,2020,base,P1,P1,Target,98.67627019661282,99.45461628359953,99.62955741860011,99.70691676436107,99.36684016579338,top,Industrials,False,False,False
Overbot Vol Spike,Overflow,CLH,2020-06-05,2,152.0,95.2380952380953,0.253835025429098,1.0,False,True,False,False,1.9997524742966055,2020-06-08,1.595999999999999,2020,base,P1,P1,Target,91.88242164687561,96.22126996493961,95.73016182491713,97.18640093786635,95.25506359364968,top,Industrials,False,False,False
Overbot Vol Spike,Liquid,RHI,2020-06-05,2,5.0,3.0788177339901504,0.232263928019631,0.0323,False,True,False,False,1.998065588872711,2020-06-08,1.6239999999999986,2020,base,P2,P2,Target,94.76348063071832,98.7534086482275,98.75219341002145,99.14028917545916,97.8523429661066,top,Industrials,False,False,False
Overbot Vol Spike,Liquid,AIG,2020-06-05,2,150.0,95.2380952380953,0.5339206652137164,1.0,False,False,False,True,1.9582198646254008,2020-06-08,1.574999999999999,2020,base,P1,P1,Mixed,98.11173836869769,98.87027658745617,98.8106843439267,98.96443923407581,98.6892846335391,top,Financial Services,False,False,False
Overbot Vol Spike,Liquid,BA,2020-06-05,2,152.0,95.2380952380953,1.5174260501151422,1.0,False,True,False,False,1.9998640964823942,2020-06-08,1.595999999999999,2020,base,P1,P1,Target,99.90266692622153,99.92208804051423,100.0,100.0,99.95618874168395,top,Industrials,False,False,False
Overbot Vol Spike,Liquid,CAT,2020-06-05,2,3.0,3.0788177339901504,0.04264651038943825,0.0323,False,False,False,True,1.3650363504362297,2020-06-08,0.9743999999999992,2020,base,P2,P2,Mixed,97.60560638504964,99.02610050642774,99.29810879313706,99.27706135209066,98.80171925917628,top,Industrials,False,False,False
Overbot Vol Spike,Liquid,FDX,2020-06-05,2,128.0,95.2380952380953,0.5008492280384317,1.0,False,False,False,True,1.5825627379857123,2020-06-08,1.3439999999999992,2020,base,P1,P1,Mixed,89.78002725326066,97.58472925594079,99.90251511015794,99.35521688159437,96.65562212523844,top,Industrials,False,False,False
Overbot Vol Spike,Liquid,GD,2020-06-05,2,152.0,95.2380952380953,0.4022056230981495,1.0,False,True,False,False,1.9997820860849003,2020-06-08,1.595999999999999,2020,base,P1,P1,Target,97.21627408993577,99.22088040514218,99.70754533047378,99.94138335287221,99.02152079460598,top,Industrials,False,False,False
Overbot Vol Spike,Liquid,MET,2020-06-05,2,152.0,95.2380952380953,0.5519261368088894,1.0,False,True,False,False,1.9997197146069081,2020-06-08,1.595999999999999,2020,base,P1,P1,Target,98.06782334384859,98.59932925626357,99.40758293838863,99.0500692657827,98.78120120107087,top,Financial Services,False,False,False
Overbot Vol Spike,Liquid,GPC,2020-06-05,2,5.0,3.0788177339901504,0.12697520199283696,0.0323,False,False,False,True,1.9970727612509114,2020-06-08,1.6239999999999986,2020,base,P2,P2,Mixed,97.62507299980533,99.59096221269965,99.76603626437903,99.70691676436107,99.17224706031126,top,Consumer Cyclical,False,False,False
Overbot Vol Spike,Liquid,HAL,2020-06-05,2,152.0,95.2380952380953,1.2441204131583736,1.0,False,True,False,False,1.9997432807307707,2020-06-08,1.595999999999999,2020,base,P1,P1,Target,99.0656024917267,99.68835216205687,99.200623903295,99.76553341148886,99.43002799214185,top,Energy,False,False,False
Overbot Vol Spike,Liquid,IBM,2020-06-05,2,4.0,3.0788177339901504,0.06969728377592925,0.0323,False,False,False,True,1.5501267184474514,2020-06-08,1.299199999999999,2020,base,P2,P2,Mixed,89.85789371228343,95.03311258278146,98.14778709300059,90.66041422430638,93.42480190309297,bottom,Technology,False,False,False
Overbot Vol Spike,Overflow,OGE,2020-06-05,2,4.0,3.0788177339901504,0.19916812856388197,0.0323,False,False,False,True,1.6718507988526765,2020-06-08,1.299199999999999,2020,base,P2,P2,Mixed,85.94510414638894,98.5781067393845,98.61571456424254,98.80812817506839,95.48676340627108,top,Utilities,False,False,False
Overbot Vol Spike,Overflow,OLN,2020-06-05,2,152.0,95.2380952380953,0.47479676456574404,1.0,False,True,False,False,1.9997315330777077,2020-06-08,1.595999999999999,2020,base,P1,P1,Target,98.59840373759003,99.70783015192832,99.82452719828426,99.70691676436107,99.45941946304092,top,Basic Materials,False,False,False
Overbot Vol Spike,Overflow,ON,2020-06-05,2,140.0,95.2380952380953,0.35048733214953054,1.0,False,False,False,True,1.7822346173180035,2020-06-08,1.469999999999999,2020,base,P1,P1,Mixed,92.77799762564307,98.45575133636903,97.97859690844233,94.79642502482622,96.00219272382017,top,Technology,False,False,False
Overbot Vol Spike,Overflow,TRGP,2020-06-05,2,152.0,95.2380952380953,1.0111127437858034,1.0,False,True,False,False,1.9997423551499474,2020-06-08,1.595999999999999,2020,base,P1,P1,Target,99.20435510887772,99.53878406708596,99.2016806722689,99.7889404812157,99.43344008236207,top,Energy,False,False,False
Overbot Vol Spike,Overflow,UAL,2020-06-05,2,152.0,95.2380952380953,0.9847097131993116,1.0,False,True,False,False,1.9997548773237894,2020-06-08,1.595999999999999,2020,base,P1,P1,Target,99.52856350526899,99.6946988620594,99.47192884936075,99.44243100083635,99.53440555438138,top,Industrials,False,False,False
Overbot Vol Spike,Overflow,JCI,2020-06-05,2,5.0,3.0788177339901504,0.11742526438135399,0.0323,False,True,False,False,1.9977263587217988,2020-06-08,1.6239999999999986,2020,base,P2,P2,Target,98.20907144247614,99.16244643552785,99.51257555078963,99.3747557639703,99.06471229819098,top,Industrials,False,False,False
Overbot Vol Spike,Overflow,CUK,2020-06-04,2,-150.0,148.8095238095238,1.2756826978695266,1.0,False,False,True,True,-1.0050288055879297,2020-06-05,-1.008,2020,base,P1,P1,Time,98.661800486618,98.41752891052951,99.71567831031682,99.55220842662325,99.0868040335219,top,Consumer Cyclical,False,False,False
Overbot Vol Spike,Overflow,L,2020-06-04,2,158.0,148.8095238095238,1.6279241314141393,1.0,False,False,False,True,1.0930495571993573,2020-06-05,1.06176,2020,base,P1,P1,Mixed,98.20872274143302,97.83752191700759,98.5569422776911,98.26069962868868,98.2159716412051,top,Financial Services,False,False,False
3x ETF Overbot Fade,Liquid,TMV,2020-06-04,1,6904.0,2343.75,1.621514442815311,1.0,False,False,True,False,,2020-06-05,2.9457066666666667,2020,base,P1,P1,Time,98.75089221984297,95.92711682743837,95.95561918396565,95.40064678404599,96.50856875382324,top,UNKNOWN,False,False,False
Overbot Vol Spike,Overflow,ORI,2020-06-04,2,42.0,148.8095238095238,1.5625991652751854,1.0,False,False,True,True,0.2845578409780999,2020-06-05,0.28224000000000005,2020,base,P1,P1,Time,94.11993769470405,96.84395090590297,98.5569422776911,95.68106312292359,96.30047350030543,top,Financial Services,False,False,False
Overbot Vol Spike,Overflow,PII,2020-06-04,2,120.0,148.8095238095238,0.8833272430064059,1.0,False,False,False,True,0.6888163705846573,2020-06-05,0.8064000000000001,2020,base,P1,P1,Mixed,97.702492211838,94.73991817650497,98.04992199687987,99.45280437756497,97.48628419069696,top,Consumer Cyclical,False,False,False
Overbot Vol Spike,Overflow,TKR,2020-06-04,2,67.0,148.8095238095238,0.7604075417828778,1.0,False,False,True,True,0.4522198029384559,2020-06-05,0.45024000000000003,2020,base,P1,P1,Time,98.4423676012461,91.33060588349893,93.68174726989079,97.85030291186241,95.32625591662455,top,Industrials,False,False,False
Overbot Vol Spike,Overflow,WWD,2020-06-04,2,149.0,148.8095238095238,1.1511605183691753,1.0,False,False,False,True,1.0008218269499753,2020-06-05,1.0012800000000002,2020,base,P1,P1,Mixed,99.16277258566979,98.49990259107734,99.37597503900156,99.47234707836623,99.12774932352873,top,Industrials,False,False,False
Overbot Vol Spike,Overflow,MMYT,2020-06-04,2,179.0,148.8095238095238,0.922810359996761,1.0,False,False,False,True,1.332900627820616,2020-06-05,1.2028800000000002,2020,base,P1,P1,Mixed,96.3128038897893,93.99594320486815,94.71544715447155,94.28338097182524,94.82689380523856,top,Consumer Cyclical,False,False,False
Overbot Vol Spike,Overflow,FLR,2020-06-04,2,80.0,148.8095238095238,0.7062651281341762,1.0,False,False,True,True,0.5337218271549644,2020-06-05,0.5376000000000001,2020,base,P1,P1,Time,98.91924959216965,98.95939604162416,99.18300653594771,99.52917093142273,99.14770577529106,top,Industrials,False,False,False
Overbot Vol Spike,Overflow,MIDD,2020-06-04,2,183.0,148.8095238095238,0.9151135069902552,1.0,False,False,False,True,1.383671508269982,2020-06-05,1.2297600000000002,2020,base,P1,P1,Mixed,99.0070093457944,98.4219754529515,99.27847113884556,99.66777408637874,99.09380750599256,top,Industrials,False,False,False
Overbot Vol Spike,Overflow,LII,2020-06-04,2,88.0,148.8095238095238,0.8415392220339767,1.0,False,False,True,True,0.589608929474856,2020-06-05,0.5913600000000001,2020,base,P1,P1,Time,92.95171339563862,89.26553672316385,98.67394695787831,96.24780144615987,94.28474963071017,top,Industrials,False,False,False
Overbot Vol Spike,Overflow,GVA,2020-06-04,2,157.0,148.8095238095238,0.8165874531401555,1.0,False,False,False,True,1.0856001301203002,2020-06-05,1.0550400000000002,2020,base,P1,P1,Mixed,98.09190031152649,98.67523865186051,99.39547581903277,99.21829196794997,98.84522668759243,top,Industrials,False,False,False
Overbot Vol Spike,Overflow,LNC,2020-06-04,2,150.0,148.8095238095238,1.7325706937570555,1.0,False,False,False,True,1.0050480086347235,2020-06-05,1.008,2020,base,P1,P1,Mixed,98.87071651090342,96.9413598285603,98.45943837753511,98.55384014070745,98.20633871442656,top,Financial Services,False,False,False
Overbot Vol Spike,Liquid,ADM,2020-06-04,2,50.0,148.8095238095238,0.785181788897307,1.0,False,False,True,True,0.3329948843601251,2020-06-05,0.336,2020,base,P1,P1,Time,93.39953271028037,91.99298655756867,99.35647425897037,97.90893101426617,95.66448113527139,top,Consumer Defensive,False,False,False
Overbot Vol Spike,Liquid,TRV,2020-06-04,2,-92.0,148.8095238095238,0.894673977049873,1.0,False,False,True,True,-0.6147703473503284,2020-06-05,-0.61824,2020,base,P1,P1,Time,98.5981308411215,98.38301188388856,99.53198127925117,98.71018174711746,98.80582643784467,top,Financial Services,False,False,False
Overbot Vol Spike,Liquid,SLB,2020-06-04,2,111.0,148.8095238095238,2.0304320656913517,1.0,False,False,False,True,0.5672571238984628,2020-06-05,0.74592,2020,base,P1,P1,Mixed,98.5981308411215,96.47379699980519,96.899375975039,99.41371897596247,97.84625569798204,top,Energy,False,False,False
Overbot Vol Spike,Liquid,RHI,2020-06-04,2,135.0,148.8095238095238,1.087209298403835,1.0,False,False,False,True,0.8373750830930419,2020-06-05,0.9072000000000001,2020,base,P1,P1,Mixed,94.72352024922118,95.63608026495227,96.7823712948518,98.51475473910494,96.41418163703254,top,Industrials,False,False,False
Overbot Vol Spike,Liquid,BA,2020-06-04,2,-74.0,148.8095238095238,2.198786046217351,1.0,False,False,True,True,-0.49692948479436916,2020-06-05,-0.49728000000000006,2020,base,P1,P1,Time,99.9221183800623,99.88310929281123,99.9804992199688,99.9609145983975,99.93666037280995,top,Industrials,False,False,False
Overbot Vol Spike,Overflow,FITB,2020-06-04,2,121.0,148.8095238095238,1.151791460615714,1.0,False,False,False,True,0.6785625673340167,2020-06-05,0.8131200000000001,2020,base,P1,P1,Mixed,99.1043613707165,97.97389440872783,98.90795631825273,98.06527262067618,98.5128711795933,top,Financial Services,False,False,False
3x ETF Overbot Fade,Liquid,UDOW,2020-06-04,1,-580.0,2343.75,1.7234087130619284,1.0,False,False,True,False,,2020-06-05,-0.24746666666666667,2020,base,P1,P1,Time,95.9136468774094,96.37205712080278,99.38128383604021,99.37864077669903,97.76140715273786,top,UNKNOWN,False,False,False
Overbot Vol Spike,Liquid,SNA,2020-06-04,2,17.0,148.80952380952382,0.861879633673509,1.0,False,False,True,True,0.11130512131848644,2020-06-05,0.11424,2020,base,P1,P1,Time,97.9556074766355,95.38281706604324,90.600624024961,98.06527262067618,95.50108029707899,top,Industrials,False,False,False
3x ETF Overbot Fade,Liquid,SOXL,2020-06-04,1,1304.0,2343.75,0.9842398428418421,1.0,False,False,True,False,,2020-06-05,0.5563733333333334,2020,base,P1,P1,Time,95.88349514563107,99.22239502332815,89.94935722633424,99.17840375586854,96.0584127877905,top,UNKNOWN,False,False,False
Overbot Vol Spike,Overflow,AXS,2020-06-05,2,101.0,95.2380952380953,0.5960168806200353,1.0,False,False,False,True,1.1007191604752598,2020-06-08,1.0604999999999993,2020,base,P1,P1,Mixed,97.88781976061958,98.66134335368719,96.54361627086763,97.9019330504479,97.74867810890557,top,Financial Services,False,False,False
Overbot Vol Spike,Liquid,TRV,2020-06-05,2,4.0,3.0788177339901504,0.160684899260058,0.0323,False,False,False,True,1.549049988482085,2020-06-08,1.299199999999999,2020,base,P2,P2,Mixed,99.3770683278178,99.62991819244253,99.68804835250536,99.70691676436107,99.6004879092817,top,Financial Services,False,False,False
3x ETF Overbot Fade,Liquid,UDOW,2020-06-05,1,1969.0,1704.5454545454545,0.4176232651192085,1.0,False,False,True,False,,2020-06-08,1.1551466666666668,2020,base,P1,P1,Time,98.4971098265896,99.65277777777779,99.84538074990337,99.84472049689441,99.4599972127913,top,UNKNOWN,False,False,False
3x ETF Overbot Fade,Liquid,SPXL,2020-06-05,1,1297.0,1704.5454545454545,0.2041383444631084,1.0,False,False,True,False,,2020-06-08,0.7609066666666667,2020,base,P2,P1,Time,94.71335393065569,97.73195876288659,99.07056798623064,99.13614374568071,97.66300610636341,top,UNKNOWN,False,False,False
Overbot Vol Spike,Overflow,GGG,2020-06-05,2,2.0,3.0788177339901504,0.023681810302510906,0.0323,False,False,True,True,0.652429580040069,2020-06-08,0.6495999999999995,2020,base,P2,P2,Time,98.20907144247614,98.13011297234125,98.5572236303373,97.47948417350527,98.093973054665,top,Industrials,False,False,False
Overbot Vol Spike,Overflow,BEN,2020-06-05,2,114.0,95.2380952380953,0.4145881782197697,1.0,False,False,False,True,1.3346974191411276,2020-06-08,1.1969999999999992,2020,base,P1,P1,Mixed,98.48160404905587,99.88313206077133,99.92201208812634,99.53106682297772,99.45445375523282,top,Financial Services,False,False,False
Overbot Vol Spike,Overflow,PSKY,2020-06-05,2,152.0,95.2380952380953,0.8824755333080848,1.0,False,True,False,False,1.9997288962658435,2020-06-08,1.595999999999999,2020,base,P1,P1,Target,98.60197368421053,99.12208504801097,98.92857142857143,99.75199779553596,99.10115698908223,top,Communication Services,False,False,False
Overbot Vol Spike,Overflow,EWZ,2020-06-05,2,92.0,95.2380952380953,0.4136276812007749,1.0,False,False,False,True,0.9412026441931701,2020-06-08,0.9659999999999994,2020,base,P1,P1,Mixed,88.90665600639616,99.56,99.87987987987988,99.95987158908507,97.07660186884029,top,UNKNOWN,False,False,False
Overbot Vol Spike,Overflow,KMI,2020-06-05,2,97.0,95.2380952380953,0.734567274940936,1.0,False,False,False,True,1.0308467130925023,2020-06-08,1.0184999999999993,2020,base,P1,P1,Mixed,94.32109308283518,95.25438221462164,95.6726649528706,97.20189410245372,95.61250858819528,top,Energy,False,False,False
Overbot Vol Spike,Overflow,SQM,2020-06-05,2,1.0,3.0788177339901504,3.783531718765223e-06,0.0323,False,False,True,True,0.3058263656437823,2020-06-08,0.32479999999999976,2020,base,P2,P2,Time,97.1189410161573,99.29879236462797,98.44024176252681,98.63227823368503,98.37256334424927,top,Basic Materials,False,False,False
Overbot Vol Spike,Overflow,PRU,2020-06-05,2,146.0,95.2380952380953,0.7003105321010157,1.0,False,False,False,True,1.89232487981449,2020-06-08,1.532999999999999,2020,base,P1,P1,Mixed,98.58033985803398,98.64399483426604,99.13811678517561,98.76889848812095,98.78283749139915,top,Financial Services,False,False,False
3x ETF Overbot Fade,Liquid,TQQQ,2020-06-08,1,3176.0,1339.2857142857142,-0.23720649982568098,1.0,False,False,True,False,,2020-06-09,2.3714133333333334,2020,base,P2,P1,Time,96.4175654853621,91.59274971075973,94.47449768160742,96.74039580908033,94.8063021717024,top,UNKNOWN,False,False,False
3x ETF Overbot Fade,Liquid,EDC,2020-06-08,1,3644.0,1339.2857142857142,-0.8284482184832148,1.0,False,False,True,False,,2020-06-09,2.7208533333333333,2020,base,P2,P1,Time,95.06430309350017,97.84272790535839,99.47716974555594,98.21553533939819,97.64993402095317,top,UNKNOWN,False,False,False
3x ETF Overbot Fade,Liquid,BRZU,2020-06-08,1,4240.0,1339.2857142857142,-0.9928861208104087,1.0,False,False,True,False,,2020-06-09,3.1658666666666666,2020,base,P2,P1,Time,98.11320754716981,99.44413563090606,99.72129319955407,99.66348850252383,99.23553122003844,top,UNKNOWN,False,False,False
3x ETF Overbot Fade,Liquid,DPST,2020-06-08,1,5933.0,1339.2857142857142,-0.8754943018380077,1.0,False,False,True,False,,2020-06-09,4.429973333333334,2020,base,P2,P1,Time,99.17081260364843,99.75062344139651,100.0,100.0,99.73035901126124,top,Financial Services,False,False,False
3x ETF Overbot Fade,Liquid,TECL,2020-06-08,1,3491.0,1339.2857142857142,-0.3300979260449255,1.0,False,False,True,False,,2020-06-09,2.6066133333333337,2020,base,P2,P1,Time,97.08029197080292,94.95476687543494,95.22481700941094,94.96151154653603,95.55534685054621,top,UNKNOWN,False,False,False
3x ETF Overbot Fade,Liquid,SOXL,2020-06-08,1,3548.0,1339.2857142857142,-0.5007872174770801,1.0,False,False,True,False,,2020-06-09,2.6491733333333336,2020,base,P2,P1,Time,85.75863407062477,99.26184926184926,99.29933826391593,99.13995308835027,95.86494367118505,top,UNKNOWN,False,False,False
3x ETF Overbot Fade,Liquid,FAS,2020-06-08,1,7083.0,1339.2857142857142,-1.0536737897393225,1.0,False,False,True,False,,2020-06-09,5.28864,2020,base,P2,P1,Time,98.55371900826447,99.20716994139951,99.58563535911603,99.34142114384748,99.17198636315686,top,UNKNOWN,False,False,False
3x ETF Overbot Fade,Liquid,TQQQ,2020-06-09,1,13950.0,4500.0,0.470619685174499,1.0,False,False,True,False,,2020-06-10,3.1,2020,base,P1,P1,Time,85.25221409318445,92.36700077101003,97.18037852452684,95.46159813809155,92.5652978817032,bottom,UNKNOWN,False,False,False
Overbot Vol Spike,Overflow,DRD,2020-06-22,2,-178.0,900.0,0.12157289888555953,0.2,False,False,True,True,-0.19824954350612667,2020-06-23,-0.19777777777777777,2020,base,P2,P2,Time,96.91142191142191,98.69776482021379,99.59143968871595,96.89998050302204,98.02515173084343,top,Basic Materials,False,False,False
Overbot Vol Spike,Overflow,TSLA,2020-07-02,2,-4655.0,4500.0,1.3615331470810874,1.0,False,False,True,True,-1.0350130490034395,2020-07-06,-1.0344444444444445,2020,base,P1,P1,Time,98.0944819372767,98.68839427662957,95.18120270808443,95.28,96.81101973049766,top,Consumer Cyclical,False,False,False
3x ETF Overbot Fade,Liquid,TQQQ,2020-07-06,1,-1844.0,4500.0,-0.05829972149519219,1.0,False,False,True,False,,2020-07-07,-0.4097777777777778,2020,base,P2,P1,Time,97.93499043977056,99.61715160796325,96.47103950901419,97.65023112480739,97.91835317038885,top,UNKNOWN,False,False,False
Overbot Vol Spike,Overflow,CHD,2020-07-10,2,67.0,900.0,0.07526994038971835,0.2,False,False,False,True,-0.5446515803385291,2020-07-13,0.07444444444444444,2020,base,P2,P2,Mixed,94.7490796357295,96.41333850329585,96.13817193867649,92.95993776740568,95.06513196127688,top,Consumer Defensive,False,False,False
Overbot Vol Spike,Overflow,LRN,2020-07-13,2,-26699.0,4500.0,0.3328120210257345,1.0,False,False,True,True,-5.9334981290398785,2020-07-14,-5.933111111111111,2020,base,P1,P1,Time,96.5865992414665,89.56026573869029,99.42965779467681,99.17329093799681,96.1874534282076,top,Consumer Defensive,False,False,False
Overbot Vol Spike,Overflow,SEE,2020-07-15,2,258.0,900.0,0.026216443564251506,0.2,False,False,True,True,0.2868530748837811,2020-07-16,0.2866666666666667,2020,base,P2,P2,Time,97.8311386522076,97.88800620034877,94.29790535298682,95.4907677356657,96.37695448530224,top,UNKNOWN,False,False,False
3x ETF Overbot Fade,Liquid,JNUG,2020-07-21,1,1527.0,4500.0,0.4318280984634387,1.0,False,False,True,False,,2020-07-22,0.3393333333333333,2020,base,P1,P1,Time,87.82913984786424,85.16998827667057,85.06760728982951,93.90532544378698,87.99301521453782,bottom,UNKNOWN,False,False,False
Overbot Vol Spike,Overflow,AG,2020-07-21,2,741.0,4500.0,0.8858723335317976,1.0,False,False,True,True,0.1646874956289939,2020-07-22,0.16466666666666666,2020,base,P1,P1,Time,99.009324009324,96.00466608340625,97.07943925233646,96.80632874304132,97.224939522027,top,Basic Materials,False,False,False
3x ETF Overbot Fade,Liquid,JNUG,2020-07-27,1,7431.0,4500.0,-0.47713036759700816,1.0,False,False,True,False,,2020-07-28,1.6513333333333333,2020,base,P2,P1,Time,92.81961471103327,88.71345029239765,94.60410557184751,94.9822904368359,92.77986525302859,bottom,UNKNOWN,False,False,False
Overbot Vol Spike,Overflow,AA,2020-08-05,2,85.0,900.0,0.07495164332385527,0.2,False,False,False,True,-0.5092334060111734,2020-08-06,0.09444444444444444,2020,base,P2,P2,Mixed,96.65958679281714,96.73493044822257,93.77296461032682,98.37209302325581,96.38489371865558,top,Basic Materials,False,False,False
Overbot Vol Spike,Overflow,SFNC,2020-08-10,2,215.0,185.64356435643566,0.02963211165855443,0.2,False,False,False,True,1.2684500567673849,2020-08-11,1.1581333333333332,2020,base,P2,P2,Mixed,98.1860285604014,97.93396408573084,96.2118283726324,97.79198140615921,97.53095060623096,top,Financial Services,False,False,False
Overbot Vol Spike,Overflow,HOMB,2020-08-10,2,1485.0,928.2178217821781,0.6094916656393136,1.0,False,True,False,False,1.9999892967023545,2020-08-11,1.5998400000000002,2020,base,P1,P1,Target,99.07172995780591,98.08558558558559,88.86382858753876,97.90723981900452,95.9820959874837,top,Financial Services,False,False,False
Overbot Vol Spike,Overflow,FITB,2020-08-10,2,1485.0,928.2178217821781,0.8543928516967096,1.0,False,True,False,False,1.9999912162805213,2020-08-11,1.5998400000000002,2020,base,P1,P1,Target,96.7194133539174,93.89843599150414,92.50096637031311,94.557427852024,94.41906089193967,top,Financial Services,False,False,False
Overbot Vol Spike,Liquid,BAC,2020-08-07,2,303.0,4464.285714285714,0.3248246473229619,1.0,False,False,True,True,0.06786206341637063,2020-08-10,0.067872,2020,base,P1,P1,Time,87.33835166956186,88.4318269602163,88.80726850956891,93.20030995738085,89.44443927418199,bottom,Financial Services,False,False,False
Overbot Vol Spike,Overflow,AUB,2020-08-10,2,1055.0,928.2178217821781,0.3743379333493829,1.0,False,False,False,True,1.2282962126374268,2020-08-11,1.1365866666666669,2020,base,P1,P1,Mixed,98.72636047857969,98.16566904807877,96.0185543100116,97.63703273290723,97.63690414239433,top,Financial Services,False,False,False
Overbot Vol Spike,Liquid,BAC,2020-08-10,2,1485.0,928.2178217821781,1.1971529262907639,1.0,False,True,False,False,1.999993036765275,2020-08-11,1.5998400000000002,2020,base,P1,P1,Target,93.03357776920109,92.16064877389456,93.50599149594125,88.47569242688358,91.79397761648012,bottom,Financial Services,False,False,False
Overbot Vol Spike,Overflow,CBRL,2020-08-10,2,677.0,928.2178217821781,0.5198087827662498,1.0,False,False,False,True,0.5497116528506483,2020-08-11,0.7293546666666667,2020,base,P1,P1,Mixed,87.03203396372056,95.13419579069318,93.5446463084654,94.88669378268449,92.6493924613909,bottom,Consumer Cyclical,False,False,False
Overbot Vol Spike,Liquid,FDX,2020-08-07,2,-11858.0,4464.285714285714,1.1430243733287897,1.0,False,False,True,True,-2.6567910005930835,2020-08-10,-2.6561920000000003,2020,base,P1,P1,Time,98.55240301100173,97.52800308999613,96.67504349507055,97.55908562572645,97.5786338054487,top,Industrials,False,False,False
Overbot Vol Spike,Overflow,IYT,2020-08-07,2,-3398.0,4464.285714285714,0.580504331424255,1.0,False,False,True,True,-0.7612257240031799,2020-08-10,-0.761152,2020,base,P1,P1,Time,96.14555901364615,96.59798754192622,97.52938354521467,98.89369889369888,97.29165724862148,top,UNKNOWN,False,False,False
Overbot Vol Spike,Liquid,XLI,2020-08-07,2,-6136.0,4464.285714285714,0.2561069985402316,1.0,False,False,True,True,-1.374685448173652,2020-08-10,-1.3744640000000001,2020,base,P1,P1,Time,90.23354564755839,95.48088064889919,89.79315677556544,97.92716001549788,93.35868577188022,bottom,Industrials,False,False,False
Overbot Vol Spike,Overflow,BJRI,2020-08-11,2,158.0,466.4179104477612,0.32269456536344693,1.0,False,False,False,True,-0.1022101712224184,2020-08-12,0.338752,2020,base,P1,P1,Mixed,94.67489870731237,97.68339768339769,96.92753623188406,99.08985282726569,97.09392136246495,top,Consumer Cyclical,False,False,False
Overbot Vol Spike,Overflow,MTN,2020-08-11,2,52.0,93.28358208955224,0.18903194857934813,0.2,False,False,True,True,0.5528520214961667,2020-08-12,0.55744,2020,base,P2,P2,Time,98.63013698630137,96.94980694980696,95.72946859903382,97.40511231603408,97.17863121279406,top,Consumer Cyclical,False,False,False
Overbot Vol Spike,Overflow,CBRL,2020-08-27,1,-1130.0,900.0,0.151847879691499,0.2,True,False,False,False,,2020-08-28,-1.2555555555555555,2020,base,P2,P2,EOD-DD,96.84311838306063,97.49614791987673,90.99672257566993,93.48918083462134,94.70629242830715,top,Consumer Cyclical,False,False,False
Overbot Vol Spike,Overflow,TSLA,2020-08-26,2,-1796.0,900.0,0.24148799896880124,0.2,False,False,True,True,-2.0029747519766525,2020-08-27,-1.9955555555555555,2020,base,P2,P2,Time,93.15604223699648,96.04541895066562,98.86229894076108,96.6903073286052,96.18851686425711,top,Consumer Cyclical,False,False,False
Overbot Vol Spike,Overflow,RCL,2020-08-27,2,3293.0,4500.0,0.34090616012147185,1.0,False,False,False,True,0.5527769516371536,2020-08-28,0.7317777777777777,2020,base,P1,P1,Mixed,88.23869104908566,91.75654853620955,94.08135723925197,97.2758887171561,92.83812138542584,bottom,Consumer Cyclical,False,False,False
Overbot Vol Spike,Overflow,BALL,2020-09-01,2,539.0,852.2727272727273,0.023143784312737895,0.2,False,False,False,True,0.3872274476574777,2020-09-02,0.6324266666666667,2020,base,P2,P2,Mixed,86.99499807618315,94.68719923002887,92.65895953757224,91.40760764626376,91.43719112251199,bottom,Consumer Cyclical,False,False,False
Overbot Vol Spike,Liquid,XLP,2020-09-02,2,961.0,600.9615384615385,0.24268165449466564,0.1562,False,True,False,False,2.000007035618971,2020-09-03,1.599104,2020,base,P2,P2,Target,94.71052125408733,96.17013086989992,95.26102870352533,94.76833976833977,95.22750514896309,top,Consumer Defensive,False,False,False
Overbot Vol Spike,Overflow,DIN,2020-09-02,2,920.0,600.9615384615385,0.16683547092246626,0.1562,False,False,False,True,1.8894180184763711,2020-09-03,1.53088,2020,base,P2,P2,Mixed,96.63396807078284,97.63279445727483,97.38008090926604,98.3976833976834,97.51113170875178,top,Consumer Cyclical,False,False,False
Overbot Vol Spike,Liquid,VFC,2020-09-02,2,570.0,600.9615384615385,0.15373661733352628,0.1562,False,False,False,True,0.918103729748757,2020-09-03,0.94848,2020,base,P2,P2,Mixed,94.5951144450856,95.32332563510393,97.16817568869197,96.64092664092664,95.93188560245204,top,Consumer Cyclical,False,False,False
Overbot Vol Spike,Overflow,CAKE,2020-09-02,2,607.0,600.9615384615385,0.14519864109646063,0.1562,False,False,False,True,1.0174494424241118,2020-09-03,1.010048,2020,base,P2,P2,Mixed,95.76841700326986,98.96073903002309,99.21017145058755,98.91891891891892,98.21456160069985,top,Consumer Cyclical,False,False,False
Overbot Vol Spike,Liquid,LUV,2020-09-02,2,198.0,600.9615384615385,0.07781038771609865,0.1562,False,False,False,True,-0.11308134578122651,2020-09-03,0.329472,2020,base,P2,P2,Mixed,93.28717060973264,94.86143187066975,97.70757079560778,98.82239382239382,96.16964177460099,top,Industrials,False,False,False
Overbot Vol Spike,Overflow,ALK,2020-09-02,2,2479.0,3846.1538461538457,0.33619053850683767,1.0,False,False,False,True,0.4077977542643447,2020-09-03,0.6445400000000001,2020,base,P1,P1,Mixed,88.57472590882863,96.05465742879137,94.77942592949336,93.62934362934364,93.25953822411425,bottom,Industrials,False,False,False
Overbot Vol Spike,Liquid,AXP,2020-09-02,2,709.0,600.9615384615385,0.2424610135700013,0.1562,False,False,False,True,1.3029300927837202,2020-09-03,1.179776,2020,base,P2,P2,Mixed,88.70936718599731,93.80292532717475,92.71816605663649,94.65250965250965,92.47074205557955,bottom,Financial Services,False,False,False
3x ETF Overbot Fade,Liquid,UDOW,2020-09-02,1,27195.0,4500.0,-0.09864599223278848,1.0,False,False,True,False,,2020-09-03,6.043333333333333,2020,base,P2,P1,Time,96.87617613850207,92.46420497362472,97.39524348810872,98.33206974981046,96.26692358751149,top,UNKNOWN,False,False,False
Overbot Vol Spike,Overflow,BJRI,2020-09-02,2,262.0,600.9615384615385,0.06389680014569325,0.1562,False,False,False,True,0.0599551460257751,2020-09-03,0.435968,2020,base,P2,P2,Mixed,95.53760338526641,99.32640492686681,99.46060489308418,99.7104247104247,98.50875947891053,top,Consumer Cyclical,False,False,False
Overbot Vol Spike,Overflow,GLNG,2020-09-09,2,-63.0,900.0,1.7305231779475972e-06,0.2,False,False,True,True,-0.06968702272571548,2020-09-10,-0.07,2020,base,P2,P2,Time,97.82306623436776,90.19698725376594,91.04408352668213,95.74319609211445,93.70183327673257,bottom,Energy,False,False,False
Overbot Vol Spike,Overflow,PENN,2020-09-14,2,-749.0,900.0,0.10887784296784449,0.2,False,False,True,True,-0.8332293680926025,2020-09-15,-0.8322222222222222,2020,base,P2,P2,Time,91.18325009604303,98.55852392850278,97.32589457483648,93.19452477347214,95.0655483432136,top,Consumer Cyclical,False,False,False
Overbot Vol Spike,Overflow,PSKY,2020-09-15,2,4508.0,4500.0,0.2876612919773997,1.0,False,False,False,True,1.0031406688768458,2020-09-16,1.0017777777777779,2020,base,P1,P1,Mixed,91.04357181280258,90.4172274562584,91.69811320754717,88.15896188158962,90.32946858954945,bottom,Communication Services,False,False,False
Overbot Vol Spike,Liquid,VFC,2020-09-15,2,1437.0,900.0,0.0870201767136276,0.2,False,True,False,False,1.9999020343969218,2020-09-16,1.5966666666666667,2020,base,P2,P2,Target,98.4251968503937,98.57801691006918,98.76899403731487,97.89899768696993,98.41780137118693,top,Consumer Cyclical,False,False,False
Overbot Vol Spike,Overflow,GLNG,2020-09-17,1,-437.0,900.0,0.2471444840274277,0.2,True,False,False,False,,2020-09-18,-0.4855555555555556,2020,base,P2,P2,EOD-DD,92.57631822386679,97.6162925248785,98.14643188137164,94.8664343786295,95.8013692521866,top,Energy,False,False,False
Overbot Vol Spike,Overflow,TECK,2020-09-17,2,1439.0,900.0,0.15873789259147666,0.2,False,True,False,False,1.9999703312814852,2020-09-18,1.5988888888888888,2020,base,P2,P2,Target,95.42969604198557,98.94967177242889,97.67798466593646,95.19104084321476,96.81209833089142,top,Basic Materials,False,False,False
Overbot Vol Spike,Liquid,PCG,2020-10-07,2,515.0,815.217391304348,0.12939349403959488,0.2,False,False,False,True,0.38770500101569433,2020-10-08,0.6317333333333333,2020,base,P2,P2,Mixed,92.80107218073904,96.47509578544062,91.31351869606902,92.17909300538048,93.1921949169073,bottom,Utilities,False,False,False
Overbot Vol Spike,Liquid,VMC,2020-10-07,2,3414.0,4076.086956521739,0.7017095320769221,1.0,False,False,False,True,0.7300115599309377,2020-10-08,0.837568,2020,base,P1,P1,Mixed,90.52268811028145,95.67049808429118,98.23585810162992,97.42505764796311,95.46352548604142,top,Basic Materials,False,False,False
Overbot Vol Spike,Overflow,OLN,2020-10-07,2,-2125.0,4076.086956521739,0.33297228500917386,1.0,False,False,True,True,-0.5213517026787843,2020-10-08,-0.5213333333333333,2020,base,P1,P1,Time,98.43002106069308,99.44444444444444,98.79194630872483,97.98232129131438,98.66218327629417,top,Basic Materials,False,False,False
Overbot Vol Spike,Overflow,XYL,2020-10-09,2,701.0,781.25,0.18836348866527006,0.2,False,False,False,True,0.8300657698287751,2020-10-12,0.89728,2020,base,P2,P2,Mixed,91.02167182662538,97.78565101860053,96.36040834442964,94.11239964317573,94.82003270820783,top,ETF/Index,False,False,False
Overbot Vol Spike,Overflow,BEN,2020-10-12,2,-148.0,900.0,7.0158066122975064e-06,0.2,False,False,True,True,-0.16522390530788947,2020-10-13,-0.16444444444444445,2020,base,P2,P2,Time,87.71526980482204,98.37258280681601,97.96857033346109,96.1206068753601,95.0442574551148,top,Financial Services,False,False,False
Overbot Vol Spike,Overflow,OLN,2020-10-13,2,-1425.0,4500.0,0.45064525317275134,1.0,False,False,True,True,-0.3165261640088378,2020-10-14,-0.31666666666666665,2020,base,P1,P1,Time,94.60493590969963,98.25803981623277,99.80839241233953,99.75038402457757,98.10543804071237,top,Basic Materials,False,False,False
Overbot Vol Spike,Liquid,FDX,2020-10-16,2,965.0,900.0,0.1377377528981698,0.2,False,False,False,True,1.1206567838190138,2020-10-19,1.0722222222222222,2020,base,P2,P2,Mixed,88.16443594646272,88.5976659651808,96.51474530831099,96.27710612166571,92.38848833540506,bottom,Industrials,False,False,False
Overbot Vol Spike,Overflow,CAE,2020-10-22,1,-346.0,900.0,0.14714650900778348,0.2,True,False,False,False,,2020-10-23,-0.3844444444444444,2020,base,P2,P2,EOD-DD,95.38226965802657,98.256320836966,94.56687759109754,98.27209098862643,96.61938976867913,top,Industrials,False,False,False
Overbot Vol Spike,Overflow,CAE,2020-10-21,2,370.0,900.0,0.21180109096869065,0.2,False,False,True,True,0.411134423025696,2020-10-22,0.4111111111111111,2020,base,P2,P2,Time,93.0718954248366,95.9886636145629,93.9982540375382,97.63727849485889,95.17402289294914,top,Industrials,False,False,False
Overbot Vol Spike,Liquid,TMO,2020-11-05,2,7195.0,4500.0,0.27313594134450064,1.0,False,True,False,False,1.9999415941451564,2020-11-06,1.5988888888888888,2020,base,P1,P1,Target,96.73913043478261,98.30185079183363,90.22154316271963,95.44497607655502,95.17687511647271,top,Healthcare,False,False,False
Overbot Vol Spike,Overflow,PNFP,2020-11-09,2,1099.0,900.0,0.19739784831435953,0.2,False,False,False,True,1.3730983701428006,2020-11-10,1.221111111111111,2020,base,P2,P2,Mixed,99.33136676499508,96.71389216843762,96.49399251526492,98.77615475720489,97.82885155147564,top,Financial Services,False,False,False
Overbot Vol Spike,Overflow,HXL,2020-11-13,2,-449.0,1704.5454545454545,0.8578867679387747,1.0,False,False,True,True,-0.2631363922319022,2020-11-16,-0.26341333333333333,2020,base,P1,P1,Time,96.43809523809523,99.50447874976177,99.21785578023655,95.31638310074555,97.61920321720977,top,Industrials,False,False,False
Overbot Vol Spike,Overflow,EPD,2020-11-17,2,351.0,352.0025031289109,0.03302176335130924,0.1103,False,False,False,True,0.997567988033769,2020-11-18,0.9971520000000006,2020,base,P2,P2,Mixed,93.65955826351866,95.1038293008192,99.38977879481313,97.7641888018345,96.47933879024637,top,Energy,False,False,False
Overbot Vol Spike,Overflow,TD,2020-11-17,2,-84.0,352.00250312891103,0.16941760769584105,0.1103,False,False,True,True,-0.23981050999786535,2020-11-18,-0.23863466666666674,2020,base,P2,P2,Time,96.24904798172125,90.05524861878453,98.81769641495042,96.98069940760557,95.52567310576545,top,Financial Services,False,False,False
Overbot Vol Spike,Overflow,ATRO,2020-11-20,2,2345.0,3605.769230769231,1.175573240904858,1.0,False,False,False,True,0.41751129562938827,2020-11-23,0.6503466666666666,2020,base,P1,P1,Mixed,99.58135109419601,99.44782939832444,99.90470745187726,99.23605805958748,99.5424865009963,top,Industrials,False,False,False
Overbot Vol Spike,Overflow,PFS,2020-11-23,2,401.0,424.2081447963801,0.5225795201598914,1.0,False,False,False,True,0.9067793261042897,2020-11-24,0.9452906666666666,2020,base,P1,P1,Mixed,94.9043168669337,91.4495657982632,85.84485064645564,97.94413407821229,92.5357168474662,bottom,Financial Services,False,False,False
Overbot Vol Spike,Overflow,WBD,2020-11-20,2,-2248.0,3605.769230769231,0.28384510934818963,1.0,False,False,True,True,-0.623444458685867,2020-11-23,-0.6234453333333333,2020,base,P1,P1,Time,92.32558139534883,97.64675459012155,99.76696012428793,97.92261750194756,96.91547840292647,top,Communication Services,False,False,False
Overbot Vol Spike,Overflow,CLB,2020-11-23,2,351.0,424.2081447963801,0.3301926491820425,1.0,False,False,False,True,0.7104108142935611,2020-11-24,0.8274239999999999,2020,base,P1,P1,Mixed,99.14383561643835,97.62040738625547,99.21875,99.67538667175863,98.91459491861312,top,Energy,False,False,False
Overbot Vol Spike,Overflow,CF,2020-11-23,2,-405.0,424.2081447963801,0.27534267020419423,1.0,False,False,True,True,-0.9557327282071462,2020-11-24,-0.9547199999999999,2020,base,P1,P1,Time,99.11619443722381,95.08324661810614,99.60927324824172,98.79832810867293,98.15176060306115,top,Basic Materials,False,False,False
Overbot Vol Spike,Liquid,EOG,2020-11-23,2,427.0,424.2081447963801,0.6477440143234341,1.0,False,False,False,True,1.0113011113283932,2020-11-24,1.0065813333333333,2020,base,P1,P1,Mixed,99.31506849315068,97.35389301351609,99.6189024390244,99.67538667175863,98.99081265436244,top,Energy,False,False,False
Overbot Vol Spike,Liquid,XOM,2020-11-23,2,411.0,424.2081447963801,0.703786544221535,1.0,False,False,False,True,0.9458656338411138,2020-11-24,0.968864,2020,base,P1,P1,Mixed,98.78234398782344,87.35960403578908,98.47560975609755,99.54172236012985,96.03982003495997,top,Energy,False,False,False
3x ETF Overbot Fade,Liquid,ERX,2020-11-23,1,4760.0,4500.0,0.8831363385031605,1.0,False,False,True,False,,2020-11-24,1.0577777777777777,2020,base,P1,P1,Time,97.1872931833223,90.65915866180855,98.34107498341075,99.36729936729937,96.38870654896024,top,Energy,False,False,False
Overbot Vol Spike,Overflow,AA,2020-11-23,2,210.0,424.2081447963801,0.4572717784168858,1.0,False,False,True,True,0.4947685155842318,2020-11-24,0.49504,2020,base,P1,P1,Time,91.49543378995433,97.03026841804683,99.04725609756098,99.57991216345235,96.78821761725362,top,Basic Materials,False,False,False
Overbot Vol Spike,Overflow,APA,2020-11-23,2,130.0,424.2081447963801,0.8604058023731328,1.0,False,False,True,True,0.30749272367657343,2020-11-24,0.3064533333333333,2020,base,P1,P1,Time,99.33409436834094,98.6483913953931,99.58079268292683,99.27439373687226,99.20941804588328,top,Energy,False,False,False
Overbot Vol Spike,Overflow,CNK,2020-11-23,2,152.0,424.2081447963801,0.3776354033920833,1.0,False,False,True,True,0.3586238260716829,2020-11-24,0.35831466666666667,2020,base,P1,P1,Time,97.92458345513008,96.95728496196607,98.50571344857896,99.79423868312757,98.29545513720066,top,Communication Services,False,False,False
Overbot Vol Spike,Overflow,GRPN,2020-11-23,2,-57.0,424.2081447963801,0.3659831791055091,1.0,False,False,True,True,-0.1348233391847187,2020-11-24,-0.134368,2020,base,P1,P1,Time,87.91739894551846,96.48042234931809,92.32804232804233,96.76561807709348,93.3728704249931,bottom,Communication Services,False,False,False
Overbot Vol Spike,Overflow,HOG,2020-11-23,2,20.0,84.84162895927602,0.17634232236971045,0.2,False,False,True,True,0.2272925255828177,2020-11-24,0.23573333333333332,2020,base,P2,P2,Time,98.0593607305936,96.87797449076719,98.7233231707317,99.00706511361467,98.16693087642679,top,Consumer Cyclical,False,False,False
Overbot Vol Spike,Overflow,PBA,2020-11-23,2,183.0,424.2081447963801,0.4581296718233956,1.0,False,False,True,True,0.4327594852568257,2020-11-24,0.431392,2020,base,P1,P1,Time,98.3529411764706,98.19395367098547,99.40991345397325,98.14302647175029,98.5249586932949,top,Energy,False,False,False
Overbot Vol Spike,Overflow,BEP,2020-11-24,2,-498.0,900.0,0.11845876276897908,0.2,False,False,True,True,-0.5538195242661114,2020-11-25,-0.5533333333333333,2020,base,P2,P2,Time,98.70404654853213,96.77077818951825,91.70421415319375,98.27219564061669,96.36280863296521,top,Utilities,False,False,False
Overbot Vol Spike,Overflow,TECK,2020-12-03,1,-1150.0,1181.1023622047244,0.510835950218603,1.0,True,False,False,False,,2020-12-04,-0.9736666666666667,2020,base,P1,P1,EOD-DD,92.06829479144155,94.09602076124568,93.80818358952155,96.26736111111111,94.05996506332997,top,Basic Materials,False,False,False
Overbot Vol Spike,Liquid,INTC,2020-12-02,2,618.0,900.0,0.019401139750433956,0.2,False,False,False,True,0.47835168112995174,2020-12-03,0.6866666666666666,2020,base,P2,P2,Mixed,88.6925123527176,92.10876592508082,94.02360106585459,92.5805836353233,91.85136574474409,bottom,Technology,True,False,True
Overbot Vol Spike,Liquid,INTC,2020-12-03,2,353.0,221.45669291338584,0.07019650196338738,0.1875,False,True,False,False,1.9999260443513733,2020-12-04,1.5939911111111111,2020,base,P2,P2,Target,86.49059471784155,95.87452471482891,97.1836346336822,94.14569031273837,93.42361109477275,bottom,Technology,True,False,True
Overbot Vol Spike,Overflow,AVT,2020-12-03,2,1054.0,1181.1023622047244,0.2643920303032027,1.0,False,False,False,True,0.8211893728081374,2020-12-04,0.8923866666666667,2020,base,P1,P1,Mixed,91.08873266197986,91.4448669201521,95.60418648905804,98.22654462242562,94.09108267340392,top,Technology,False,False,False
Overbot Vol Spike,Overflow,LBTYA,2020-12-03,2,233.0,221.45669291338584,0.16850561822786314,0.1875,False,False,False,True,1.0869771927616863,2020-12-04,1.0521244444444444,2020,base,P2,P2,Mixed,95.95570534424651,94.60370994940978,88.10902074288471,98.66989117291415,94.33458180236379,top,Communication Services,False,False,False
Overbot Vol Spike,Overflow,ATI,2020-12-03,2,-406.0,1181.1023622047244,1.0548828382478157,1.0,False,False,True,True,-0.3439568298272386,2020-12-04,-0.3437466666666667,2020,base,P1,P1,Time,97.51092532775984,86.95817490494296,91.22740247383445,99.21815408085432,93.72866419684789,bottom,Industrials,False,False,False
Overbot Vol Spike,Overflow,BHP,2020-12-03,2,210.0,1181.1023622047244,0.4189465450355697,1.0,False,False,True,True,0.17742948792021437,2020-12-04,0.1778,2020,base,P1,P1,Time,97.77693330799923,93.93536121673004,98.05899143672693,98.58886346300534,97.09003735611539,top,Basic Materials,False,False,False
Overbot Vol Spike,Liquid,CVS,2020-12-03,2,50.0,221.45669291338584,0.09138548561567501,0.1875,False,False,True,True,0.22914489666643664,2020-12-04,0.22577777777777777,2020,base,P2,P2,Time,99.25897776933309,96.67300380228137,96.09895337773548,99.38977879481313,97.85517843604077,top,Healthcare,False,False,False
Overbot Vol Spike,Overflow,LBTYK,2020-12-03,2,213.0,221.45669291338584,0.04321042717193395,0.1875,False,False,False,True,0.9371985992965094,2020-12-04,0.9618133333333333,2020,base,P2,P2,Mixed,96.71447196870926,95.04175365344467,87.71883982231513,98.24423480083857,94.42982506132691,top,Communication Services,False,False,False
Overbot Vol Spike,Overflow,LPLA,2020-12-03,2,235.0,221.45669291338584,0.17777690289566137,0.1875,False,False,False,True,1.1054725619444694,2020-12-04,1.0611555555555554,2020,base,P2,P2,Mixed,97.66429136975455,90.764962346413,87.25178713264495,96.72915835660152,93.10254980135349,bottom,Financial Services,False,False,False
Overbot Vol Spike,Overflow,XPO,2020-12-03,2,-2.0,221.45669291338584,0.16751155906858303,0.1875,False,False,True,True,-0.009668032883851346,2020-12-04,-0.009031111111111111,2020,base,P2,P2,Time,90.39129428108359,92.16867469879519,85.15425655300395,92.79069767441861,90.12623080182533,bottom,Industrials,False,False,False
Overbot Vol Spike,Overflow,WYNN,2020-12-03,2,82.0,221.45669291338584,0.21366061988478566,0.1875,False,False,True,True,0.36707575070803206,2020-12-04,0.3702755555555555,2020,base,P2,P2,Time,92.71450515690147,90.22837066315327,92.3060013189712,98.9422653151168,93.54778561353568,bottom,Consumer Cyclical,False,False,False
Overbot Vol Spike,Overflow,MT,2020-12-03,2,817.0,1181.1023622047246,0.7563446466398333,1.0,False,False,False,True,0.4875943525338117,2020-12-04,0.6917266666666666,2020,base,P1,P1,Mixed,88.29564886946608,93.34600760456274,98.03996194100857,98.20747520976354,94.47227340620023,top,Basic Materials,False,False,False
Overbot Vol Spike,Overflow,AAL,2020-12-04,2,7.0,480.76923076923083,0.16610323104044977,0.2,False,False,True,True,0.014391527295988653,2020-12-07,0.014559999999999998,2020,base,P2,P2,Time,96.15485221030605,89.05759162303664,96.90694626474443,97.18717139852787,94.82664037415375,top,Industrials,False,False,False
Overbot Vol Spike,Overflow,LEU,2020-12-04,2,257.0,480.76923076923083,0.1170684358257338,0.2,False,False,True,True,0.5365103075152251,2020-12-07,0.5345599999999999,2020,base,P2,P2,Time,90.40653495440729,98.51739213077362,99.2199391171994,98.72259294566254,96.71661478701071,top,Energy,False,False,False
Overbot Vol Spike,Overflow,FORM,2020-12-07,2,1441.0,900.0,0.061135109305482306,0.2,False,True,False,False,1.999954690812043,2020-12-08,1.6011111111111112,2020,base,P2,P2,Target,93.20763289413902,89.08842918845193,90.03186162949477,98.74515172256444,92.76826885866254,bottom,Technology,False,False,False
Overbot Vol Spike,Liquid,T,2020-12-08,2,1917.0,2286.5853658536585,0.3821919074136182,1.0,False,False,False,True,0.7298983065370274,2020-12-09,0.838368,2020,base,P1,P1,Mixed,96.77174325864033,96.88390651719551,95.22632179535945,97.12216504669335,96.50103415447217,top,Communication Services,False,False,False
Overbot Vol Spike,Liquid,MO,2020-12-08,2,15.0,457.3170731707317,0.15971953345744117,0.2,False,False,True,True,0.031119624500652948,2020-12-09,0.0328,2020,base,P2,P2,Time,88.01747056589441,92.38077142314269,87.58082921262837,96.53135124833237,91.12760561249947,bottom,Consumer Defensive,False,False,False
Overbot Vol Spike,Overflow,PM,2020-12-08,2,-1190.0,2286.585365853659,0.3770628830855989,1.0,False,False,True,True,-0.5208146352647309,2020-12-09,-0.5204266666666666,2020,base,P1,P1,Time,91.17004680187208,98.5633978763273,96.65311229277448,99.46641556811049,96.46324313477109,top,Consumer Defensive,False,False,False
Overbot Vol Spike,Overflow,SMG,2020-12-11,2,4355.0,4464.285714285714,0.3525440280458696,1.0,False,False,False,True,0.9607499643586825,2020-12-14,0.9755200000000002,2020,base,P1,P1,Mixed,97.81742266084646,97.6642612988986,95.76126211746816,96.07619047619048,96.82978413835093,top,Basic Materials,False,False,False
Overbot Vol Spike,Overflow,BKU,2020-12-15,2,1166.0,900.0,0.10211641464288887,0.2,False,False,False,True,1.4926864820112788,2020-12-16,1.2955555555555556,2020,base,P2,P2,Mixed,96.50040225261463,95.12686266612968,98.54721549636804,97.04094041345765,96.8038552071425,top,Financial Services,False,False,False
Overbot Vol Spike,Overflow,FNF,2020-12-15,2,915.0,4500.0,0.2673415084288669,1.0,False,False,True,True,0.20316982352511526,2020-12-16,0.20333333333333334,2020,base,P1,P1,Time,86.29813990044538,92.23911903513373,89.62982410081386,92.04844655081622,90.0538823968023,bottom,Financial Services,False,False,False
Overbot Vol Spike,Overflow,FNF,2020-12-16,2,1439.0,900.0,0.07221907216886933,0.2,False,True,False,False,1.9999869644472295,2020-12-17,1.5988888888888888,2020,base,P2,P2,Target,95.41644840230488,95.72739187418087,93.62204724409449,90.12898131087128,93.72371720786288,bottom,Financial Services,False,False,False
Overbot Vol Spike,Overflow,FTNT,2020-12-17,1,-1586.0,900.0,0.04062516316613989,0.2,True,False,False,False,,2020-12-18,-1.7622222222222221,2020,base,P2,P2,EOD-DD,88.84505021520803,91.66965888689408,85.79136690647482,89.2018779342723,88.87698848571232,bottom,Technology,False,False,False
Overbot Vol Spike,Overflow,DQ,2020-12-21,2,1436.0,900.0,0.11802863038956603,0.2,False,True,False,False,1.9998908009485994,2020-12-22,1.5955555555555556,2020,base,P2,P2,Target,86.37071651090342,96.64717348927874,98.8671875,95.64535111808551,94.38260715456691,top,Technology,False,False,False
Overbot Vol Spike,Overflow,AMRC,2020-12-21,2,1266.0,900.0,0.14654874757026773,0.2,False,False,False,True,1.679633212074411,2020-12-22,1.4066666666666667,2020,base,P2,P2,Mixed,87.64302059496568,98.20542191676212,96.78653404743687,90.93353822512485,93.39212869607238,bottom,Industrials,False,False,False
Overbot Vol Spike,Overflow,AMSC,2020-12-22,2,3617.0,3906.25,0.46798869855630487,1.0,False,False,False,True,0.8769055180354982,2020-12-23,0.925952,2020,base,P1,P1,Mixed,92.00151630022745,91.40906504835957,92.35003796507213,98.4782195168347,93.55970970762347,bottom,Industrials,False,False,False
Overbot Vol Spike,Overflow,ORA,2021-01-04,2,-4933.0,900.0,0.027183527994332192,0.2,False,False,True,True,-5.494425019157456,2021-01-05,-5.481111111111111,2021,base,P2,P2,Time,85.96750369276218,91.54964276915496,95.28860384805131,96.48775661637397,92.32337673158561,bottom,Utilities,False,False,False
Overbot Vol Spike,Overflow,OII,2021-01-06,2,1412.0,1102.9411764705883,0.509432955869434,1.0,False,False,False,True,1.4669739031051094,2021-01-07,1.2802133333333332,2021,base,P1,P1,Mixed,99.81078524124882,99.62135554714123,98.61663824142505,98.57576908469426,99.15613702862734,top,Energy,False,False,False
Overbot Vol Spike,Overflow,MTDR,2021-01-05,2,-900.0,3472.2222222222217,0.48684973173698054,1.0,False,False,True,True,-0.25933218392723,2021-01-06,-0.25920000000000004,2021,base,P1,P1,Time,99.15329768270945,97.76885319053994,92.93381037567084,96.08988764044943,96.48646222234242,top,Energy,False,False,False
Overbot Vol Spike,Overflow,CLB,2021-01-05,2,2938.0,3472.2222222222226,0.3588094854968184,1.0,False,False,False,True,0.7434762311673506,2021-01-06,0.8461439999999999,2021,base,P1,P1,Mixed,99.45117335352006,98.27684150729029,98.69219105382867,96.33428300094967,98.18862222889716,top,Energy,False,False,False
Overbot Vol Spike,Overflow,FANG,2021-01-05,2,124.0,3472.2222222222217,0.4534397944810275,1.0,False,False,True,True,0.03583455104057452,2021-01-06,0.03571200000000001,2021,base,P1,P1,Time,98.88781431334623,96.6585956416465,96.45631067961165,97.2181551976574,97.30521895806544,top,Energy,False,False,False
Overbot Vol Spike,Overflow,MUR,2021-01-05,2,172.0,694.4444444444445,0.24294378281708592,0.2,False,False,True,True,0.2488819546835221,2021-01-06,0.24767999999999998,2021,base,P2,P2,Time,99.28084784254352,98.2010982768415,93.10083396512509,96.54320987654322,96.78149749026335,top,Energy,False,False,False
Overbot Vol Spike,Overflow,OVV,2021-01-05,2,2057.0,3472.222222222222,0.2914177962097118,1.0,False,False,True,True,0.5921467724775138,2021-01-06,0.592416,2021,base,P1,P1,Time,99.38546302182665,98.9821882951654,92.03990660157079,96.74468085106382,96.78805969240668,top,Energy,False,False,False
Overbot Vol Spike,Overflow,AMRC,2021-01-06,2,542.0,1102.9411764705883,0.38879391640860544,1.0,False,False,False,True,0.15317961086466866,2021-01-07,0.4914133333333333,2021,base,P1,P1,Mixed,98.25227963525836,94.25637124381893,86.92835365853658,98.04822043628015,94.3713062434735,top,Industrials,False,False,False
Overbot Vol Spike,Overflow,AMRC,2021-01-07,2,336.0,210.0448095593727,0.19699760803111807,0.1442,False,True,False,False,1.9998306720973822,2021-01-08,1.5996586666666663,2021,base,P2,P2,Target,99.54424610710217,98.70722433460077,92.99047619047619,99.1583779648049,97.60008114924601,top,Industrials,False,False,False
Overbot Vol Spike,Overflow,SMG,2021-01-07,2,131.0,210.0448095593727,0.09785714600377973,0.1442,False,False,False,True,0.3784141003819152,2021-01-08,0.6236764444444444,2021,base,P2,P2,Mixed,99.43246311010215,99.12928260458072,96.58961727927246,99.06967913423202,98.55526053204684,top,Basic Materials,False,False,False
Overbot Vol Spike,Overflow,ST,2021-01-07,2,2330.0,1456.3106796116504,2.706318535692979,1.0,False,True,False,False,1.9999965421084067,2021-01-08,1.5999333333333334,2021,base,P1,P1,Target,96.88073394495413,96.28949301983836,96.87154950312845,95.63932002956393,96.42027412437122,top,Technology,False,False,False
Overbot Vol Spike,Overflow,TSLA,2021-01-07,2,2328.0,1456.3106796116504,1.122359972250401,1.0,False,True,False,False,1.9999497900882865,2021-01-08,1.5985600000000002,2021,base,P1,P1,Target,97.16874292185732,97.01436130007559,97.04657326770163,90.34220532319391,95.39297070320713,top,Consumer Cyclical,False,False,False
Overbot Vol Spike,Overflow,MTDR,2021-01-06,2,-42.0,220.58823529411765,0.22708922489493966,0.2,False,False,True,True,-0.19237713496042178,2021-01-07,-0.19039999999999999,2021,base,P2,P2,Time,99.15367483296214,98.57270294380018,96.33437639696022,93.48607367475293,96.88670696211886,top,Energy,False,False,False
Overbot Vol Spike,Overflow,AMSC,2021-01-06,2,15.0,1102.9411764705883,0.575667151467874,1.0,False,False,True,True,0.014083603762304765,2021-01-07,0.0136,2021,base,P1,P1,Time,97.54020813623463,97.3873532752745,87.85294675004738,95.89821496391949,94.66968078136901,top,Industrials,False,False,False
Overbot Vol Spike,Overflow,SMG,2021-01-06,2,65.0,1102.941176470588,0.7658814015503984,1.0,False,False,True,True,0.05890493688206101,2021-01-07,0.058933333333333345,2021,base,P1,P1,Time,98.48628192999054,98.04998106777735,91.889331059314,98.55677933915685,96.74559334905967,top,Basic Materials,False,False,False
Overbot Vol Spike,Overflow,SIG,2021-01-11,2,2066.0,2840.909090909091,0.7837147424041864,1.0,False,False,False,True,0.5451726884812742,2021-01-12,0.727232,2021,base,P1,P1,Mixed,98.39258698940998,99.82970671712394,99.79166666666667,98.80432719681154,99.20457189250303,top,Consumer Cyclical,False,False,False
Overbot Vol Spike,Overflow,LPLA,2021-01-11,2,1577.0,2840.909090909091,0.4604209575249859,1.0,False,False,False,True,0.25889895197324964,2021-01-12,0.5551039999999999,2021,base,P1,P1,Mixed,94.47275578204626,98.66562009419152,96.61816751867872,96.12954186413903,96.47152131476388,top,Financial Services,False,False,False
Overbot Vol Spike,Overflow,NRG,2021-01-11,2,203.0,568.1818181818181,0.09321598755169712,0.2,False,False,True,True,0.35853175588955427,2021-01-12,0.35728000000000004,2021,base,P2,P2,Time,97.18931475029035,96.51324965132495,96.55573656039097,96.08026131591228,96.58464056947963,top,ETF/Index,False,False,False
Overbot Vol Spike,Liquid,XRT,2021-01-11,2,-1094.0,568.1818181818181,0.14403787400437748,0.2,False,False,True,True,-1.925163639412882,2021-01-12,-1.9254400000000003,2021,base,P2,P2,Time,87.60240305843801,99.01612462421426,94.7454844006568,95.6080153719462,94.2430068638138,top,Consumer Cyclical,False,False,False
Overbot Vol Spike,Liquid,XOM,2021-01-13,2,618.0,892.8571428571429,0.06143455896263008,0.2,False,False,False,True,0.48888824089010025,2021-01-14,0.69216,2021,base,P2,P2,Mixed,95.5765595463138,99.12994136561377,99.77281332828474,96.2056535761715,97.67124195409596,top,Energy,False,False,False
Overbot Vol Spike,Overflow,WBD,2021-01-13,2,5739.0,4464.285714285714,0.28554975063853405,1.0,False,False,False,True,1.4760987062764341,2021-01-14,1.2855360000000002,2021,base,P1,P1,Mixed,93.64916773367477,93.77242439774474,99.74339235309212,99.20226453937211,96.59181225597094,top,Communication Services,False,False,False
Overbot Vol Spike,Overflow,EQT,2021-01-13,2,4999.0,4464.285714285714,0.278504342667196,1.0,False,False,False,True,1.1998905358886325,2021-01-14,1.119776,2021,base,P1,P1,Mixed,99.62192816635161,98.9597125023643,99.67815221507004,98.4822614304686,99.18551357856364,top,Energy,False,False,False
Overbot Vol Spike,Overflow,CEVA,2021-01-19,2,1946.0,4261.363636363637,0.8235298443951795,1.0,False,False,False,True,0.09448381733343184,2021-01-20,0.45666133333333325,2021,base,P1,P1,Mixed,99.12701876909647,98.6023149159205,99.91254919108002,99.89042296734605,99.38307646086076,top,Technology,False,False,False
Overbot Vol Spike,Overflow,IRDM,2021-01-19,2,562.0,852.2727272727273,0.021938294787065563,0.2,False,False,False,True,0.43180475015400865,2021-01-20,0.6594133333333333,2021,base,P2,P2,Mixed,85.44441003406628,97.86112833230007,99.689537410742,99.62616822429906,95.65531100035186,top,Communication Services,False,False,False
Overbot Vol Spike,Overflow,DQ,2021-01-22,2,2828.0,4500.0,0.4610259439475179,1.0,False,False,False,True,0.38117761796859645,2021-01-25,0.6284444444444445,2021,base,P1,P1,Mixed,96.83275395905756,97.138437741686,88.37659821774506,96.07003891050584,94.60445720724861,top,Technology,False,False,False
Overbot Vol Spike,Overflow,GNRC,2021-01-22,2,1437.0,900.0,0.14528221907388944,0.2,False,True,False,False,1.9999899048576124,2021-01-25,1.5966666666666667,2021,base,P2,P2,Target,87.03703703703704,95.78335150854235,88.20101966496723,94.91773308957953,91.48478532503154,bottom,Industrials,False,False,False
Overbot Vol Spike,Overflow,UNFI,2021-01-22,2,-1916.0,900.0,0.2476717555353968,0.2,False,False,True,True,-2.130782919969448,2021-01-25,-2.128888888888889,2021,base,P2,P2,Time,95.18504531722054,96.90156810882297,99.65960665658093,99.62099677847262,97.84180421527427,top,Consumer Defensive,False,False,False
Overbot Vol Spike,Overflow,GILT,2021-01-22,2,-7008.0,4500.0,1.1244918785120344,1.0,False,False,True,True,-1.5573988587385672,2021-01-25,-1.5573333333333332,2021,base,P1,P1,Time,95.48716012084593,99.56546382013981,99.50832072617246,99.98104983892362,98.63549862652046,top,Technology,False,False,False
Overbot Vol Spike,Overflow,UNFI,2021-01-25,2,1219.0,900.0,0.03587100693749323,0.2,False,False,False,True,1.5903699063914378,2021-01-26,1.3544444444444443,2021,base,P2,P2,Mixed,99.6790636209175,99.60332451832264,99.8298355076574,99.79158772262221,99.72595284237994,top,Consumer Defensive,False,False,False
Overbot Vol Spike,Liquid,XRT,2021-01-26,2,7199.0,4500.0,3.289081430455657,1.0,False,True,False,False,1.9999853427301288,2021-01-27,1.5997777777777777,2021,base,P1,P1,Target,99.61873638344227,99.61842463886617,99.78165938864629,99.67150287434986,99.67258082132615,top,Consumer Cyclical,False,False,False
Overbot Vol Spike,Overflow,M,2021-01-26,2,7200.0,4500.0,1.0319870326764682,1.0,False,True,False,False,1.999995373360551,2021-01-27,1.6,2021,base,P1,P1,Target,99.86787466968667,99.6222851746931,99.09262759924385,98.88236408410684,99.3662878819326,top,Consumer Cyclical,False,False,False
Overbot Vol Spike,Overflow,M,2021-01-25,2,-790.0,4500.0,0.44680912084987484,1.0,False,False,True,True,-0.17553101603843044,2021-01-26,-0.17555555555555555,2021,base,P1,P1,Time,99.49027751557486,95.20211560256895,96.76687464549065,98.82531261841606,97.57114509551263,top,Consumer Cyclical,False,False,False
Overbot Vol Spike,Overflow,CAKE,2021-01-25,2,812.0,900.0,0.0987427522215832,0.2,False,False,False,True,0.8383538428528511,2021-01-26,0.9022222222222223,2021,base,P2,P2,Mixed,93.09042854445913,95.90102002266717,98.27944791075818,97.42326638878363,96.17354071666703,top,Consumer Cyclical,False,False,False
Overbot Vol Spike,Liquid,XRT,2021-01-25,2,-7624.0,4500.0,0.482911439716734,1.0,False,False,True,True,-1.6947089711617613,2021-01-26,-1.6942222222222223,2021,base,P1,P1,Time,96.51321165894852,95.47437295528898,98.44389844389845,98.71303395399781,97.28612925303344,top,Consumer Cyclical,False,False,False
Overbot Vol Spike,Overflow,M,2021-01-27,2,1438.0,900.0,0.007250219488486374,0.2,False,True,False,False,1.9999824523746548,2021-01-28,1.5977777777777777,2021,base,P2,P2,Target,99.92451405925647,99.94335347432025,99.62199962199962,99.75378787878788,99.81091375859106,top,Consumer Cyclical,False,False,False
Overbot Vol Spike,Overflow,PPLI,2021-02-01,2,-1065.0,900.0,0.23247885534261983,0.2,False,False,True,True,-1.1863680789939943,2021-02-02,-1.1833333333333333,2021,base,P2,P2,Time,89.28700036010083,95.06395244100162,93.85142445005408,93.83920505871725,93.01039557746844,bottom,ETF/Index,False,False,False
Overbot Vol Spike,Liquid,XBI,2021-02-05,2,4124.0,4500.0,0.34704983645616716,1.0,False,False,False,True,0.8625012083299756,2021-02-08,0.9164444444444444,2021,base,P1,P1,Mixed,91.84105960264901,98.17073170731707,94.6110963631537,97.12460063897763,95.43687207802435,top,Healthcare,False,False,False
Overbot Vol Spike,Overflow,CCL,2021-02-19,2,7199.0,4500.0,0.5248795833183123,1.0,False,True,False,False,1.999994900916225,2021-02-22,1.5997777777777777,2021,base,P1,P1,Target,96.18062088428975,99.28463855421687,98.20991143772376,96.22356495468279,97.47468395772829,top,Consumer Cyclical,False,False,False
Overbot Vol Spike,Liquid,VLO,2021-02-19,2,-1706.0,900.0,0.05706061126994803,0.2,False,False,True,True,-1.8951285160091975,2021-02-22,-1.8955555555555557,2021,base,P2,P2,Time,92.81279397930385,97.17620481927712,98.30412662521198,95.2416918429003,95.88370431667332,top,Energy,False,False,False
Overbot Vol Spike,Overflow,CCL,2021-02-23,2,7200.0,4500.0,0.46033448083224776,1.0,False,True,False,False,1.9999986846351354,2021-02-24,1.6,2021,base,P1,P1,Target,97.47978183186007,99.11554384644336,99.020531173479,99.11287278218197,98.6821824084911,top,Consumer Cyclical,False,False,False
Overbot Vol Spike,Overflow,PSX,2021-02-23,2,1436.0,900.0,0.11726013871612564,0.2,False,True,False,False,1.9999957056262596,2021-02-24,1.5955555555555556,2021,base,P2,P2,Target,92.91161956034097,96.7654986522911,97.83881134624043,96.7420814479638,96.06450275170909,top,Energy,False,False,False
Overbot Vol Spike,Liquid,KEY,2021-02-23,2,7200.0,4500.0,0.2876757217673596,1.0,False,True,False,False,1.9999994069099865,2021-02-24,1.6,2021,base,P1,P1,Target,88.45213466240361,88.85961610839293,93.89715577321529,94.58286145715364,91.44794200029136,bottom,Financial Services,False,False,False
Overbot Vol Spike,Liquid,USB,2021-02-23,2,1441.0,900.0,0.05384046758708718,0.2,False,True,False,False,1.9999833603128634,2021-02-24,1.6011111111111112,2021,base,P2,P2,Target,91.91273274402859,94.46744448626269,94.98964023356564,95.50773876934693,94.21938905830096,top,Financial Services,False,False,False
Overbot Vol Spike,Liquid,VLO,2021-02-23,2,642.0,900.0,0.22821581027093446,0.2,False,False,False,True,0.5256431772436391,2021-02-24,0.7133333333333334,2021,base,P2,P2,Mixed,95.71186759450818,98.6074520135491,98.22942173667357,98.18799546998868,97.68418420367988,top,Energy,False,False,False
Overbot Vol Spike,Liquid,XOM,2021-02-23,2,1437.0,900.0,0.08619069461129905,0.2,False,True,False,False,1.9999457756356063,2021-02-24,1.5966666666666667,2021,base,P2,P2,Target,98.40135414707541,97.17726759503199,96.28932002260314,99.24499811249528,97.77823496930145,top,Energy,False,False,False
Overbot Vol Spike,Overflow,AA,2021-03-02,2,3677.0,4500.0,0.8459903680256783,1.0,False,False,False,True,0.6956124417790559,2021-03-03,0.8171111111111111,2021,base,P1,P1,Mixed,99.09808342728297,95.33746944914458,98.47572450131727,99.56628323590421,98.11939015341225,top,Basic Materials,False,False,False
Overbot Vol Spike,Overflow,HE,2021-03-03,2,-2332.0,900.0,0.012752866096252365,0.2,False,False,True,True,-2.5926893464767096,2021-03-04,-2.591111111111111,2021,base,P2,P2,Time,91.18917903437911,96.46616541353383,92.71872060206961,94.19306184012066,93.6417817225258,bottom,Utilities,False,False,False
Overbot Vol Spike,Overflow,WRB,2021-03-05,2,-172.0,1284.2465753424658,0.30782675933578335,1.0,False,False,False,True,-0.8890707533876272,2021-03-08,-0.13393066666666667,2021,base,P1,P1,Mixed,87.02347417840376,93.49868470499813,93.17284182809856,95.87259705993215,92.39189944285815,bottom,Financial Services,False,False,False
Overbot Vol Spike,Overflow,WBS,2021-03-05,2,795.0,1284.2465753424658,0.3482366662745754,1.0,False,False,False,True,0.36412802561987545,2021-03-08,0.6190399999999999,2021,base,P1,P1,Mixed,87.24882629107982,93.40473506200676,96.91555388376905,97.51225028269883,93.7703413798886,bottom,Financial Services,False,False,False
Overbot Vol Spike,Overflow,NWBI,2021-03-05,2,689.0,1284.2465753424658,0.40663968093984026,1.0,False,False,False,True,0.22717215152845877,2021-03-08,0.5365013333333333,2021,base,P1,P1,Mixed,93.2206572769953,93.89327320556183,92.62742147827723,96.77723332076894,94.12964632040081,top,Financial Services,False,False,False
Overbot Vol Spike,Overflow,BKU,2021-03-05,2,-380.0,1284.2465753424658,0.6618706178453735,1.0,False,False,False,True,-1.1599426490349365,2021-03-08,-0.29589333333333334,2021,base,P1,P1,Mixed,85.2755905511811,97.31966890027591,93.12796208530806,98.17532725109083,93.47463719696398,bottom,Financial Services,False,False,False
Overbot Vol Spike,Overflow,HE,2021-03-05,2,-1308.0,1284.2465753424658,0.302476774972955,1.0,False,False,True,True,-1.0183746266133922,2021-03-08,-1.018496,2021,base,P1,P1,Time,96.0,98.36527621195039,96.95316908030844,97.22955145118733,97.13699918586154,top,Utilities,False,False,False
Overbot Vol Spike,Overflow,GBCI,2021-03-05,2,-1017.0,1284.2465753424658,0.3722029655452304,1.0,False,False,True,True,-0.7919594322067315,2021-03-08,-0.7919039999999999,2021,base,P1,P1,Time,86.76056338028168,97.576099210823,97.72428060936619,98.86920467395402,95.23253696860623,top,Financial Services,False,False,False
Overbot Vol Spike,Overflow,CINF,2021-03-05,2,86.0,256.8493150684932,0.24052420516790562,0.2,False,False,True,True,0.3348393097709251,2021-03-08,0.3348266666666666,2021,base,P2,P2,Time,94.06572769953053,96.50507328072153,95.80590558585669,98.75612514134941,96.28320792686453,top,ETF/Index,False,False,False
Overbot Vol Spike,Overflow,BBT,2021-03-05,2,-799.0,1284.2465753424658,0.5000009121274643,1.0,False,False,True,True,-0.6220883950518813,2021-03-08,-0.6221546666666666,2021,base,P1,P1,Time,93.15647827758553,97.96114637430276,96.03388525221409,99.36330310630909,96.62870325260288,top,Financial Services,False,False,False
Overbot Vol Spike,Overflow,WBD,2021-03-11,1,-79.0,210.04480955937274,0.016596829814958976,0.1442,True,False,False,False,,2021-03-12,-0.37611022222222207,2021,base,P2,P2,EOD-DD,97.31237322515213,92.9713270743466,99.94918699186992,99.92356687898089,97.53911354258739,top,Communication Services,False,False,False
Overbot Vol Spike,Overflow,PSKY,2021-03-11,1,-240.0,210.04480955937274,0.006396456024692491,0.1442,True,False,False,False,,2021-03-12,-1.142613333333333,2021,base,P2,P2,EOD-DD,98.17708333333334,99.13995308835027,99.66075156576201,99.5289191311175,99.12667677964077,top,Communication Services,False,False,False
Overbot Vol Spike,Overflow,EGBN,2021-03-11,2,2330.0,1456.3106796116508,0.3449714264613159,1.0,False,True,False,False,1.999986682606031,2021-03-12,1.599933333333333,2021,base,P1,P1,Target,94.76449615312441,96.60157716860684,95.77147152790829,96.17702448210923,95.82864233293719,top,Financial Services,False,False,False
Overbot Vol Spike,Overflow,PB,2021-03-11,2,1289.0,1456.3106796116508,0.35837526349452115,1.0,False,False,False,True,0.8081073456385628,2021-03-12,0.8851133333333331,2021,base,P1,P1,Mixed,86.82679677237756,90.16147202403305,87.05130614546138,90.4331450094162,88.61817998782205,bottom,Financial Services,False,False,False
Overbot Vol Spike,Overflow,TRIP,2021-03-12,2,136.0,165.05281690140845,0.19963258698188138,0.0781,False,False,False,True,0.7044390970686198,2021-03-15,0.8239786666666666,2021,base,P2,P2,Mixed,99.01202749140894,97.63440860215053,96.03448275862068,99.95669120831529,98.15940251512387,top,Communication Services,False,False,False
Overbot Vol Spike,Overflow,FFIN,2021-03-11,2,155.0,210.04480955937277,0.13284545610298826,0.1442,False,False,False,True,0.5604075194535061,2021-03-12,0.7379377777777775,2021,base,P2,P2,Mixed,91.38675173578532,99.23019151333084,94.19282089832738,98.24858757062147,95.76458792951625,top,Financial Services,False,False,False
Overbot Vol Spike,Overflow,AVA,2021-03-12,2,91.0,165.05281690140845,0.23675746463903807,0.0781,False,False,True,True,0.5526899892456314,2021-03-15,0.5513386666666666,2021,base,P2,P2,Time,93.93996247654785,93.67373756335648,98.13979706877114,97.57107889286387,95.83114400038482,top,Utilities,False,False,False
Overbot Vol Spike,Overflow,HE,2021-03-12,2,728.0,2112.6760563380285,0.25343124789100213,1.0,False,False,True,True,0.34450771751150017,2021-03-15,0.3445866666666666,2021,base,P1,P1,Time,95.55347091932458,98.92997935047869,99.62420142803458,98.77612502353605,98.22094418034347,top,Utilities,False,False,False
Overbot Vol Spike,Overflow,OLN,2021-03-17,2,7199.0,4500.0,1.2643187774895304,1.0,False,True,False,False,1.999995805446872,2021-03-18,1.5997777777777777,2021,base,P1,P1,Target,99.45621601350084,98.44277673545966,99.07981220657277,98.53217914941663,98.87774602623747,top,Basic Materials,False,False,False
Overbot Vol Spike,Overflow,OLN,2021-03-16,2,-8043.0,4500.0,0.3313066200959223,1.0,False,False,True,True,-1.7878518987680039,2021-03-17,-1.7873333333333334,2021,base,P1,P1,Time,96.32408102025506,96.82867329705385,94.45905334335086,97.55317146621495,96.29124478171869,top,Basic Materials,False,False,False
Overbot Vol Spike,Liquid,NUE,2021-03-26,2,633.0,900.0,0.24823146151284833,0.2,False,False,False,True,0.5071033025099618,2021-03-29,0.7033333333333334,2021,base,P2,P2,Mixed,99.7940074906367,98.2387108862657,97.11177794448612,99.34222890434128,98.62168130643244,top,Basic Materials,False,False,False
Overbot Vol Spike,Overflow,LPX,2021-04-05,2,-40.0,900.0,0.0040090757776985704,0.2,False,False,True,True,-0.04471222546640158,2021-04-06,-0.044444444444444446,2021,base,P2,P2,Time,95.37885874649204,85.19281168101834,88.1956155143339,96.86443860307924,91.40793113623089,bottom,Industrials,False,False,False
Overbot Vol Spike,Overflow,DG,2021-04-14,2,13.0,900.0,0.11188902751776121,0.2,False,False,True,True,0.014766170699036815,2021-04-15,0.014444444444444444,2021,base,P2,P2,Time,86.09756097560975,88.10603418207185,89.13347309573724,90.31918625043845,88.41406362596433,bottom,Consumer Defensive,False,False,False
Overbot Vol Spike,Overflow,AA,2021-05-04,2,-196.0,900.0,0.15864535036139554,0.2,False,False,True,True,-0.21774154403507417,2021-05-05,-0.21777777777777776,2021,base,P2,P2,Time,95.58330227357436,87.3951146746224,97.05113848450915,96.07256405461007,94.02552987182901,top,Basic Materials,False,False,False
Overbot Vol Spike,Liquid,NUE,2021-05-07,2,5552.0,3472.222222222222,0.5216962342011379,1.0,False,True,False,False,1.9999855307732504,2021-05-10,1.598976,2021,base,P1,P1,Target,96.74054758800521,99.77636973537085,99.77616116396194,98.42990654205607,98.68074625734852,top,Basic Materials,False,False,False
Overbot Vol Spike,Overflow,STLD,2021-05-06,2,-446.0,900.0,0.09472967553548477,0.2,False,False,True,True,-0.4964207149694761,2021-05-07,-0.4955555555555556,2021,base,P2,P2,Time,85.22727272727273,96.08574091332713,98.80597014925372,94.18582912693961,93.5762032291983,bottom,Basic Materials,False,False,False
Overbot Vol Spike,Overflow,RRC,2021-05-14,2,-408.0,900.0,0.07770368095065627,0.2,False,False,True,True,-0.45442974460955277,2021-05-17,-0.4533333333333333,2021,base,P2,P2,Time,96.66914774841831,96.66728728355986,99.1613865076407,98.35667600373482,97.71362438583843,top,Energy,False,False,False
Overbot Vol Spike,Overflow,MUR,2021-06-01,2,517.0,900.0,0.22658280711102152,0.2,False,False,True,True,0.5757031085296113,2021-06-02,0.5744444444444444,2021,base,P2,P2,Time,98.49582172701949,93.60832404310665,91.94718244374187,98.77003354453969,95.70534043960193,top,Energy,False,False,False
Overbot Vol Spike,Liquid,OXY,2021-06-24,2,995.0,900.0,0.11387896531718146,0.2,False,False,False,True,1.1770494110765524,2021-06-25,1.1055555555555556,2021,base,P2,P2,Mixed,96.5012958163643,98.62937581033525,96.0882461994809,98.84822589634034,97.5167859306302,top,Energy,False,False,False
Overbot Vol Spike,Overflow,WULF,2021-06-25,2,3956.0,4500.0,0.4540541978713656,1.0,False,False,False,True,0.7986492530699383,2021-06-28,0.8791111111111111,2021,base,P1,P1,Mixed,100.0,100.0,99.98146431881372,99.962852897474,99.98607930407192,top,Financial Services,False,False,False
Overbot Vol Spike,Overflow,ASTH,2021-07-06,2,-569.0,900.0,0.1993212035850661,0.2,False,False,False,True,-1.7177023508633125,2021-07-07,-0.6322222222222222,2021,base,P2,P2,Mixed,92.06451612903226,91.05586051017114,92.5614489003881,96.72184355728659,93.10091727421953,bottom,Healthcare,False,False,False
Overbot Vol Spike,Overflow,CMRE,2021-09-03,2,353.0,900.0,0.01816079876312422,0.2,False,False,False,True,-0.012651408748018653,2021-09-07,0.39222222222222225,2021,base,P2,P2,Mixed,91.37614678899084,97.09772226304189,99.74236290025765,99.81522542498152,97.00786434431798,top,Industrials,False,False,False
Overbot Vol Spike,Overflow,URA,2021-09-10,2,7198.0,4500.0,1.4519339403247096,1.0,False,True,False,False,1.9999982935390852,2021-09-13,1.5995555555555556,2021,base,P1,P1,Target,97.80058651026393,98.89908256880734,100.0,99.63086009597637,99.08263229376192,top,UNKNOWN,False,False,False
Overbot Vol Spike,Overflow,CCJ,2021-09-10,2,7198.0,4500.0,1.1445944471071816,1.0,False,True,False,False,1.9999995305272225,2021-09-13,1.5995555555555556,2021,base,P1,P1,Target,96.11436950146629,99.1197505960022,99.96328928046991,99.5217951075961,98.67980112138363,top,Energy,False,False,False
Overbot Vol Spike,Overflow,BRSL,2021-09-23,1,-268.0,900.0,0.18880521156114546,0.2,True,False,False,False,,2021-09-24,-0.29777777777777775,2021,base,P2,P2,EOD-DD,97.73101555352241,91.54155986818016,87.39234011361555,94.08740359897172,92.68807978357246,bottom,Consumer Cyclical,False,False,False
Overbot Vol Spike,Liquid,COP,2021-09-23,2,-1270.0,900.0,0.043126091693616725,0.2,False,False,True,True,-1.4117044467643192,2021-09-24,-1.4111111111111112,2021,base,P2,P2,Time,98.7740164684355,96.46649578908824,98.4973428623786,95.73999265515975,97.36946194376553,top,Energy,False,False,False
Overbot Vol Spike,Overflow,BRSL,2021-09-24,2,-480.0,721.1538461538462,0.22378305417510277,0.2,False,False,True,True,-0.6643350237911828,2021-09-27,-0.6656,2021,base,P2,P2,Time,98.75594584705452,96.79663188724145,97.45327958959325,95.77749219753993,97.19583738035729,top,Consumer Cyclical,False,False,False
Overbot Vol Spike,Overflow,OVV,2021-09-24,2,-1510.0,3605.7692307692314,0.47629477969058553,1.0,False,False,True,True,-0.4191083554594031,2021-09-27,-0.4187733333333333,2021,base,P1,P1,Time,92.8177922872883,86.19844834626377,89.4543225015328,93.17902498975829,90.41239703121079,bottom,Energy,False,False,False
Overbot Vol Spike,Overflow,RRC,2021-09-24,2,-621.0,3605.7692307692314,0.7456200731683769,1.0,False,False,True,True,-0.17221423564732288,2021-09-27,-0.17222399999999996,2021,base,P1,P1,Time,96.0482985729967,87.5709317224968,95.10809820447051,98.75160638883789,94.36973372220046,top,Energy,False,False,False
Overbot Vol Spike,Liquid,OXY,2021-10-04,2,918.0,1157.4074074074074,0.39334066321087113,1.0,False,False,False,True,0.6553068427117922,2021-10-05,0.793152,2021,base,P1,P1,Mixed,98.3735380116959,89.74218321448161,99.15812591508053,97.0841738492573,96.08950524762884,top,Energy,False,False,False
Overbot Vol Spike,Overflow,EQNR,2021-10-04,2,371.0,231.48148148148147,0.205881606855562,0.2,False,True,False,False,1.999955541071949,2021-10-05,1.6027200000000001,2021,base,P2,P2,Target,91.67482859941234,95.0999607996864,98.48930743574653,97.95517105780574,95.80481697316274,top,ETF/Index,False,False,False
Overbot Vol Spike,Overflow,RRC,2021-10-01,2,3836.0,2533.783783783784,0.5872326908055061,1.0,False,False,False,True,1.8563781090836844,2021-10-04,1.5139413333333331,2021,base,P1,P1,Mixed,85.57850484372143,95.48280907095831,96.99798645432912,98.84446074834923,94.22594027933951,top,Energy,False,False,False
Overbot Vol Spike,Liquid,COP,2021-10-01,2,1440.0,2533.7837837837837,0.36649035406899283,1.0,False,False,False,True,0.2808922952533483,2021-10-04,0.56832,2021,base,P1,P1,Mixed,89.49003838420764,96.70811997073885,99.39593629873696,99.3580337490829,96.23803210069158,top,Energy,False,False,False
Overbot Vol Spike,Overflow,PSX,2021-10-07,2,-1512.0,4500.0,0.2943456029054472,1.0,False,False,True,True,-0.3361605925754977,2021-10-08,-0.336,2021,base,P1,P1,Time,85.63049853372434,99.11912751677853,98.15048339638504,96.11486486486487,94.7537435779382,top,Energy,False,False,False
Overbot Vol Spike,Overflow,CAR,2021-10-11,2,474.0,900.0,0.15889426130105944,0.2,False,False,False,True,0.22131312506169476,2021-10-12,0.5266666666666666,2021,base,P2,P2,Mixed,97.8455358773051,96.96748264523201,94.09398427500457,98.60754855258337,96.87863783753126,top,Industrials,False,False,False
Overbot Vol Spike,Overflow,HP,2021-10-15,2,-2842.0,4464.285714285714,0.35287371880193413,1.0,False,False,True,True,-0.6368705673673271,2021-10-18,-0.6366080000000001,2021,base,P1,P1,Time,88.30505382229519,86.96604600219058,95.54175041110908,96.63127059685097,91.86103020811146,bottom,Energy,False,False,False
Overbot Vol Spike,Overflow,SIG,2021-11-04,2,6230.0,4500.0,0.4966214995599852,1.0,False,False,False,True,1.6422367202418164,2021-11-05,1.3844444444444444,2021,base,P1,P1,Mixed,95.92356687898089,98.19737800437,95.75359941680335,94.72242512783053,96.1492423569962,top,Consumer Cyclical,False,False,False
Overbot Vol Spike,Overflow,MLI,2021-11-05,2,-415.0,4500.0,0.417913700186915,1.0,False,False,True,True,-0.09234338980182324,2021-11-08,-0.09222222222222222,2021,base,P1,P1,Time,92.04876273653566,94.3200436919716,98.1231778425656,99.74438561256163,96.05909247090862,top,Industrials,False,False,False
Overbot Vol Spike,Overflow,ASTH,2021-11-12,2,126.0,900.0,0.011197392197531587,0.2,False,False,False,True,-0.4273106925813105,2021-11-15,0.14,2021,base,P2,P2,Mixed,91.00877192982456,94.57510191282533,96.57663316582915,92.40466435549952,93.64129284099464,bottom,Healthcare,False,False,False
Overbot Vol Spike,Overflow,MKC,2021-12-03,2,7198.0,4500.0,0.32603212103903306,1.0,False,True,False,False,1.9999976869702187,2021-12-06,1.5995555555555556,2021,base,P1,P1,Target,92.23934723481413,91.41872278664731,94.18921372798256,91.44832605531296,92.32390245118924,bottom,Consumer Defensive,False,False,False
Overbot Vol Spike,Overflow,ST,2022-01-03,2,2347.0,3375.0,0.6502298059716678,0.75,False,False,False,True,0.4926337538159657,2022-01-04,0.6954074074074074,2022,base,P1,P1,Mixed,85.47410894418292,85.52675866711546,96.4261631827377,87.44500846023688,88.71800981356823,bottom,Technology,False,False,False
Overbot Vol Spike,Overflow,CPAY,2022-01-04,2,231.0,675.0,0.2221040986503519,0.15,False,False,False,True,-0.09769591716353052,2022-01-05,0.3422222222222222,2022,base,P2,P2,Mixed,97.69866954332974,91.93664506839453,97.90840245221781,94.7501810282404,95.5734745230456,top,Technology,False,False,False
Overbot Vol Spike,Liquid,T,2022-01-04,2,-3477.0,3375.0,0.6395864291058541,0.75,False,False,True,True,-1.0302009036355022,2022-01-05,-1.0302222222222222,2022,base,P1,P1,Time,96.73049132947978,87.43900234953912,92.09479015918957,93.3478339677361,92.40302945148615,bottom,Communication Services,False,False,False
Overbot Vol Spike,Overflow,FIS,2022-01-05,2,1076.0,675.0,0.04286513974344457,0.15,False,True,False,False,1.9999476215160497,2022-01-06,1.594074074074074,2022,base,P2,P2,Target,88.0998452012384,96.47628267182962,90.65891472868218,90.98854146436202,91.55589601652805,bottom,Technology,False,False,False
Overbot Vol Spike,Liquid,CPB,2022-01-05,2,-707.0,675.0,0.1498348840823769,0.15,False,False,True,True,-1.0478680754765477,2022-01-06,-1.0474074074074073,2022,base,P2,P2,Time,89.81397868882067,89.55547524394652,92.25899801049015,92.13483146067416,90.94082085098287,bottom,Consumer Defensive,False,False,False
Overbot Vol Spike,Liquid,CPB,2022-01-06,2,617.0,675.0,0.1559425878567814,0.15,False,False,False,True,0.8579607057897678,2022-01-07,0.914074074074074,2022,base,P2,P2,Mixed,94.78150957024197,95.9349593495935,97.124773960217,96.32179742707012,96.04076007678064,top,Consumer Defensive,False,False,False
Overbot Vol Spike,Overflow,GL,2022-01-06,2,-447.0,675.0,0.10231643812578771,0.15,False,False,True,True,-0.6629534460675132,2022-01-07,-0.6622222222222223,2022,base,P2,P2,Time,85.35572408811845,95.19421860885275,95.623869801085,91.04910309838739,91.80572889911089,bottom,Financial Services,False,False,False
Overbot Vol Spike,Overflow,ATI,2022-01-07,2,-704.0,675.0,0.01811167716099547,0.15,False,False,True,True,-1.0430060240700547,2022-01-10,-1.0429629629629629,2022,base,P2,P2,Time,91.0814226394656,96.6221098265896,94.35906707647803,90.1086956521739,93.04282379867678,bottom,Industrials,False,False,False
Overbot Vol Spike,Overflow,BTI,2022-01-12,2,-12578.0,3375.0,0.45529131479333523,0.75,False,False,True,True,-3.7269781205956547,2022-01-13,-3.726814814814815,2022,base,P1,P1,Time,89.40815590039696,95.73930312330745,97.10878207444887,97.55567626290059,94.95297934026347,top,Consumer Defensive,False,False,False
Overbot Vol Spike,Overflow,CCL,2022-01-12,2,741.0,675.0,0.10405526530404034,0.15,False,False,False,True,1.1662099882993202,2022-01-13,1.0977777777777777,2022,base,P2,P2,Mixed,92.56586070010826,89.09550460371908,88.20021684134441,97.17544812601847,91.75925756779755,bottom,Consumer Cyclical,False,False,False
Overbot Vol Spike,Overflow,ROL,2022-03-01,2,189.0,675.0,0.059361754396538034,0.15,False,False,False,True,-0.19994803810098982,2022-03-02,0.28,2022,base,P2,P2,Mixed,91.76533907427341,96.53563094597021,92.41825368307582,91.1971197119712,92.97908585382267,bottom,Consumer Cyclical,False,False,False
Overbot Vol Spike,Liquid,NOC,2022-03-04,2,4535.0,2840.909090909091,0.25076621167692975,0.75,False,True,False,False,1.9999868289292637,2022-03-07,1.59632,2022,base,P1,P1,Target,94.5311099157253,99.73089343379978,99.56904291614293,99.44224541201872,98.31832291942168,top,Industrials,False,False,False
Overbot Vol Spike,Overflow,MRCY,2022-03-04,2,909.0,568.1818181818182,0.22504218650793395,0.15,False,True,False,False,1.9999722955456694,2022-03-07,1.59984,2022,base,P2,P2,Target,93.49112426035504,98.94151417294582,98.90465074519662,97.73299748110831,97.26757166490145,top,Industrials,False,False,False
Overbot Vol Spike,Liquid,CEF,2022-03-07,2,3225.0,3024.1935483870966,0.5107296506237969,0.75,False,False,False,True,1.1105117708145467,2022-03-08,1.0664,2022,base,P1,P1,Mixed,96.18142703477949,96.17937219730942,94.39856373429085,96.92390717754992,95.92081753598242,top,Commodity,False,False,False
Overbot Vol Spike,Liquid,GLD,2022-03-07,2,4835.0,3024.1935483870966,0.7729090170113281,0.75,False,True,False,False,1.9999905141505177,2022-03-08,1.5987733333333334,2022,base,P1,P1,Target,97.61029411764706,96.64290641526789,93.02486187845304,96.6766674359566,95.98868246183113,top,Commodity,False,False,False
Overbot Vol Spike,Liquid,CVX,2022-03-07,2,57.0,3024.193548387097,0.48349845487781123,0.75,False,False,False,True,-0.6365838805476396,2022-03-08,0.018847999999999997,2022,base,P1,P1,Mixed,95.98422373610613,99.64125560538116,99.80251346499102,99.31642381723331,98.68610415592791,top,Energy,False,False,False
Overbot Vol Spike,Overflow,GDXJ,2022-03-07,2,4838.0,3024.1935483870966,0.5652582910135528,0.75,False,True,False,False,1.9999955054419558,2022-03-08,1.5997653333333335,2022,base,P1,P1,Target,90.8327953518399,95.63812600969305,91.84466019417475,97.36927573887625,93.92121432364598,bottom,Basic Materials,False,False,False
Overbot Vol Spike,Liquid,USO,2022-03-04,2,908.0,568.1818181818182,0.15889927390842146,0.15,False,True,False,False,1.999976313430496,2022-03-07,1.5980799999999997,2022,base,P2,P2,Target,96.85157421289355,99.74993748437109,99.97496244366549,99.49786593020336,99.01858501778338,top,Energy,False,False,False
Overbot Vol Spike,Overflow,HP,2022-03-04,2,803.0,2840.909090909091,0.3194585122659545,0.75,False,False,False,True,-0.1958646305213531,2022-03-07,0.282656,2022,base,P1,P1,Mixed,86.30087860857091,98.56476498026552,94.86442808403663,98.95645915797049,94.67163270771088,top,Energy,False,False,False
Overbot Vol Spike,Liquid,CEF,2022-03-04,2,-204.0,2840.909090909091,0.252821303049991,0.75,False,False,True,True,-0.07166975746309845,2022-03-07,-0.071808,2022,base,P1,P1,Time,87.68154922001075,94.85109436670255,88.25641946489495,94.38646995322058,91.2938832512072,bottom,Commodity,False,False,False
Overbot Vol Spike,Liquid,GLD,2022-03-04,2,503.0,2840.909090909091,0.3217926837100431,0.75,False,False,True,True,0.1774579525406846,2022-03-07,0.177056,2022,base,P1,P1,Time,93.21994943691105,95.3541858325667,85.37877043518304,94.48291782086797,92.10895588138219,bottom,Commodity,False,False,False
Overbot Vol Spike,Overflow,DBC,2022-03-04,2,4545.0,2840.909090909091,0.37795714368491323,0.75,False,True,False,False,1.9999974529728486,2022-03-07,1.59984,2022,base,P1,P1,Target,99.70341077607515,100.0,100.0,100.0,99.92585269401879,top,Commodity,False,False,False
Overbot Vol Spike,Liquid,USO,2022-03-07,2,4836.0,3024.1935483870966,0.9900616857842347,0.75,False,True,False,False,1.9999905141505177,2022-03-08,1.599104,2022,base,P1,P1,Target,99.47539345490883,99.775,99.97496871088862,99.62349397590361,99.71221403542526,top,Energy,False,False,False
Overbot Vol Spike,Overflow,BEP,2022-03-07,2,-1137.0,604.8387096774194,0.0588521457540622,0.15,False,False,True,True,-1.878996618395325,2022-03-08,-1.87984,2022,base,P2,P2,Time,97.14773281326183,96.02342034642597,98.97410845139228,99.4366887092824,97.89548758009062,top,Utilities,False,False,False
Overbot Vol Spike,Overflow,BEP,2022-03-08,2,-737.0,675.0,0.07677124288895971,0.15,False,False,True,True,-1.0923799752803693,2022-03-09,-1.0918518518518519,2022,base,P2,P2,Time,97.48964172556666,97.48780487804878,99.63369963369964,99.36336924583742,98.49362887078811,top,Utilities,False,False,False
Overbot Vol Spike,Liquid,LLY,2022-03-18,2,792.0,675.0,0.018488847977145662,0.15,False,False,False,True,1.2997998239495732,2022-03-21,1.1733333333333333,2022,base,P2,P2,Mixed,96.40236262752819,97.7256446991404,96.30758200394337,98.02442528735632,97.11500365449207,top,Healthcare,False,False,False
Overbot Vol Spike,Liquid,LLY,2022-03-17,2,620.0,675.0,0.05095748286428479,0.15,False,False,False,True,0.8765518373654057,2022-03-18,0.9185185185185185,2022,base,P2,P2,Mixed,95.39921231650555,97.04459967759269,97.20329867335963,98.00610741871745,96.91330452154384,top,Healthcare,False,False,False
Overbot Vol Spike,Overflow,EQT,2022-03-24,1,-1201.0,675.0,0.07258147800175814,0.15,True,False,False,False,,2022-03-25,-1.7792592592592593,2022,base,P2,P2,EOD-DD,98.78375961366483,98.56836077308519,97.20580333154219,99.56927494615937,98.5317996661129,top,Energy,False,False,False
Overbot Vol Spike,Liquid,EXC,2022-03-30,2,605.0,675.0,0.21774726479140205,0.15,False,False,False,True,0.8268491204030707,2022-03-31,0.8962962962962963,2022,base,P2,P2,Mixed,91.08132260947275,98.99856938483548,97.51208161804188,97.05882352941177,96.16269928544047,top,Utilities,False,False,False
Overbot Vol Spike,Overflow,AVAV,2022-04-11,2,2918.0,3375.0,0.34912079379402783,0.75,False,False,False,True,0.7757698568550785,2022-04-12,0.8645925925925926,2022,base,P1,P1,Mixed,87.1051944661968,94.82758620689656,91.65576772168454,99.501573976915,93.27253059292322,bottom,Industrials,False,False,False
Overbot Vol Spike,Overflow,CRK,2022-04-14,2,1596.0,3375.0,0.3914625747936713,0.75,False,False,False,True,0.12159488695891596,2022-04-18,0.4728888888888889,2022,base,P1,P1,Mixed,95.23724580806278,96.96591111904337,96.67738478027867,99.51673527832469,97.09931924642737,top,Energy,False,False,False
Overbot Vol Spike,Overflow,CTRA,2022-04-14,2,-544.0,3375.0,0.568232601692251,0.75,False,False,True,True,-0.16112832824521683,2022-04-18,-0.16118518518518518,2022,base,P1,P1,Time,86.24687834463074,95.23469569873282,87.76348695962844,98.13853588688026,91.84589922246806,bottom,Energy,False,False,False
Overbot Vol Spike,Liquid,SYY,2022-04-20,2,5399.0,3375.0,0.5041987471636639,0.75,False,True,False,False,1.9999917405486385,2022-04-21,1.5997037037037036,2022,base,P1,P1,Target,95.82813335710465,94.9696753478416,95.17943224424211,95.34883720930233,95.33151953962266,top,Consumer Defensive,False,False,False
Overbot Vol Spike,Overflow,EQT,2022-05-25,2,463.0,675.0,0.051354717563644126,0.15,False,False,False,True,0.48220690876558786,2022-05-26,0.6859259259259259,2022,base,P2,P2,Mixed,95.29641462548811,99.00550523885633,99.16459296125133,96.99020480854853,97.61417940853607,top,Energy,False,False,False
Overbot Vol Spike,Overflow,CTRA,2022-05-25,2,2555.0,3375.0,0.2765528586448477,0.75,False,False,True,True,0.7569119176153495,2022-05-26,0.7570370370370371,2022,base,P1,P1,Time,91.85303514376997,95.95098561534363,97.40490579452542,96.31344612644702,95.38059317002151,top,Energy,False,False,False
Overbot Vol Spike,Overflow,CVE,2022-05-31,2,-22.0,3375.0,0.294872922108923,0.75,False,False,True,True,-0.006412902024594907,2022-06-01,-0.006518518518518518,2022,base,P1,P1,Time,91.97589597209007,85.33333333333334,91.79650238473768,96.20293554562859,91.32716680894741,bottom,Energy,False,False,False
Overbot Vol Spike,Overflow,DINO,2022-06-03,2,-1116.0,675.0,0.08836886114915564,0.15,False,False,True,True,-1.652713815025956,2022-06-06,-1.6533333333333333,2022,base,P2,P2,Time,89.80496453900709,91.75093134646089,94.38920454545455,94.00462551147483,92.48743148559934,bottom,Energy,False,False,False
Overbot Vol Spike,Overflow,DINO,2022-06-06,2,-649.0,675.0,0.021829936471811202,0.15,False,False,True,True,-0.9632728896677889,2022-06-07,-0.9614814814814815,2022,base,P2,P2,Time,92.14678248537493,93.08265342319972,95.81040298242499,97.1718249733191,94.5529159660797,top,Energy,False,False,False
Overbot Vol Spike,Liquid,XOM,2022-06-07,2,1078.0,675.0,0.045732666260974164,0.15,False,True,False,False,1.9999933581437306,2022-06-08,1.597037037037037,2022,base,P2,P2,Target,97.14640198511167,98.31530413193829,98.11856585019524,97.81255557531566,97.84820688564022,top,Energy,False,False,False
Overbot Vol Spike,Overflow,EDU,2022-06-13,2,-5991.0,3375.0,0.8327641127583646,0.75,False,False,True,True,-1.7755933474144814,2022-06-14,-1.775111111111111,2022,base,P1,P1,Time,99.57081545064378,99.39363314805458,99.94940551479888,100.0,99.7284635283743,top,Consumer Defensive,False,False,False
Overbot Vol Spike,Overflow,MSTR,2022-07-18,2,-5851.0,3375.0,0.681866891504139,0.75,False,False,True,True,-1.7343571532821649,2022-07-19,-1.7336296296296296,2022,base,P1,P1,Time,96.24272358440642,93.62866219555241,97.8272390037096,94.56637168141593,95.56624911627108,top,Technology,False,False,False
Overbot Vol Spike,Overflow,DKS,2022-07-19,2,-90.0,675.0,0.032312045964056894,0.15,False,False,True,True,-0.13435870552420076,2022-07-20,-0.13333333333333333,2022,base,P2,P2,Time,90.60551196942265,93.51851851851852,94.72093491839613,98.12197092084006,94.24173408179435,top,Consumer Cyclical,False,False,False
Overbot Vol Spike,Liquid,LOW,2022-07-21,2,5395.0,3375.0,0.2903906855031877,0.75,False,True,False,False,1.9999830845853326,2022-07-22,1.5985185185185184,2022,base,P1,P1,Target,85.13751763046544,93.96718998059622,88.25918079096046,91.1728285865912,89.63417924715333,bottom,Consumer Cyclical,False,False,False
3x ETF Overbot Fade,Liquid,NAIL,2022-07-21,1,6943.0,4500.0,0.2658112819826792,1.0,False,False,True,False,,2022-07-22,1.542888888888889,2022,base,P1,P1,Time,88.97185525560023,94.53394706559264,89.32487016733988,99.07084785133566,92.9753800849671,bottom,UNKNOWN,False,False,False
Overbot Vol Spike,Liquid,UNG,2022-07-22,2,74.0,675.0,0.237805619117677,0.15,False,False,True,True,0.10975875839141258,2022-07-25,0.10962962962962963,2022,base,P2,P2,Time,93.77928162415408,99.08830424589738,99.92175273865415,96.54721422966257,97.33413820959206,top,Energy,False,False,False
Overbot Vol Spike,Overflow,JEF,2022-07-27,2,-35.0,675.0,0.020841640067113146,0.15,False,False,True,True,-0.05268677846812682,2022-07-28,-0.05185185185185185,2022,base,P2,P2,Time,87.93164200140944,87.64322228098008,97.75935074100211,93.74226621884391,91.76912031055888,bottom,Financial Services,False,False,False
3x ETF Overbot Fade,Liquid,TQQQ,2022-08-01,1,-5303.0,4500.0,-0.35801844890749857,1.0,False,False,True,False,,2022-08-02,-1.1784444444444444,2022,base,P2,P1,Time,87.7908830092445,96.68155711550735,99.1690635985938,98.81334188582424,95.61371140229247,top,UNKNOWN,False,False,False
3x ETF Overbot Fade,Liquid,TECL,2022-08-04,1,3151.0,4500.0,-0.8327731219139629,1.0,False,False,True,False,,2022-08-05,0.7002222222222222,2022,base,P2,P1,Time,96.1707103186203,91.9836161497952,94.25725168473484,98.82422104644327,95.3089497998984,top,UNKNOWN,False,False,False
3x ETF Overbot Fade,Liquid,TQQQ,2022-08-04,1,3676.0,4500.0,-0.7790359540156695,1.0,False,False,True,False,,2022-08-05,0.8168888888888889,2022,base,P2,P1,Time,97.10191082802547,96.36595473382212,93.29501915708812,98.7183595001602,96.37031105477398,top,UNKNOWN,False,False,False
Overbot Vol Spike,Overflow,GME,2022-08-05,2,3512.0,3375.0,0.5314604540511054,0.75,False,False,False,True,1.068039335514811,2022-08-08,1.0405925925925925,2022,base,P1,P1,Mixed,90.80325960419093,97.04911667637352,89.17605907500972,88.51022395326193,91.38466482720902,bottom,Consumer Cyclical,False,False,False
Overbot Vol Spike,Liquid,UNP,2022-08-10,2,522.0,997.3404255319149,0.3303048651832576,0.75,False,False,True,True,0.5236235528918813,2022-08-11,0.523392,2022,base,P1,P1,Time,92.94759057333802,89.17825092380784,91.84572032405777,96.64725604376213,92.65470446624144,bottom,Industrials,False,False,False
Overbot Vol Spike,Liquid,CSX,2022-08-10,2,170.0,199.46808510638294,0.12200906246103731,0.15,False,False,False,True,0.7499573119511779,2022-08-11,0.8522666666666668,2022,base,P2,P2,Mixed,92.34963067182554,87.78814006686609,88.76364917224376,98.39421210517028,91.8239080040264,bottom,Industrials,False,False,False
Overbot Vol Spike,Liquid,GS,2022-08-10,2,-153.0,997.3404255319149,0.3228487086236732,0.75,False,False,True,True,-0.15367774843942678,2022-08-11,-0.153408,2022,base,P1,P1,Time,92.54308828702075,86.13408411050501,88.51708348009862,96.54137991882831,90.93390894911317,bottom,Financial Services,False,False,False
Overbot Vol Spike,Overflow,HBAN,2022-08-10,2,-217.0,997.3404255319149,0.3225800741112147,0.75,False,False,True,True,-0.2177382783489217,2022-08-11,-0.21757866666666667,2022,base,P1,P1,Time,91.71649665845938,86.78514868907268,88.78126100739698,93.29451208752427,90.14435461061333,bottom,Financial Services,False,False,False
3x ETF Overbot Fade,Liquid,TNA,2022-08-11,1,-2787.0,4500.0,0.2879476091270923,1.0,False,False,True,False,,2022-08-12,-0.6193333333333333,2022,base,P1,P1,Time,95.42426875181002,89.10144927536233,91.08853410740203,98.68957483983692,93.57595674360283,bottom,UNKNOWN,False,False,False
3x ETF Overbot Fade,Liquid,FAS,2022-08-11,1,-3587.0,4500.0,0.36019671742028314,1.0,False,False,True,False,,2022-08-12,-0.7971111111111111,2022,base,P1,P1,Time,96.35099913119028,95.18840579710145,92.22060957910014,97.46651135701806,95.30663146610249,top,UNKNOWN,False,False,False
Overbot Vol Spike,Overflow,BBT,2022-08-11,2,-60.0,160.25641025641028,0.17920283257074818,0.125,False,False,True,True,-0.37897171046762695,2022-08-12,-0.37439999999999996,2022,base,P2,P2,Time,88.6412652767793,85.14655637475275,91.16270698344132,98.84580703336339,90.94908391708418,bottom,Financial Services,False,False,False
Overbot Vol Spike,Overflow,FLEX,2022-08-11,2,107.0,160.25641025641028,0.11680366474575223,0.125,False,False,True,True,0.6665243367600163,2022-08-12,0.6676799999999999,2022,base,P2,P2,Time,97.59099701072623,93.98311048557353,93.64324705053707,97.65349329569513,95.71771196063298,top,Technology,False,False,False
Overbot Vol Spike,Overflow,CBRL,2022-08-11,2,-56.0,160.2564102564103,0.14305012292769856,0.125,False,False,True,True,-0.34994079380255727,2022-08-12,-0.3494399999999999,2022,base,P2,P2,Time,96.44803938807807,95.42575650950035,91.58302518048951,95.65984474241354,94.77916645512038,top,Consumer Cyclical,False,False,False
3x ETF Overbot Fade,Liquid,SPXL,2022-08-12,1,787.0,4500.0,-0.3873694035675459,1.0,False,False,True,False,,2022-08-15,0.1748888888888889,2022,base,P2,P1,Time,89.75173210161664,93.0944813637677,87.8761574074074,99.41944847605225,92.53545483721099,bottom,UNKNOWN,False,False,False
3x ETF Overbot Fade,Liquid,TNA,2022-08-12,1,4000.0,4500.0,-0.4822220579050708,1.0,False,False,True,False,,2022-08-15,0.8888888888888888,2022,base,P2,P1,Time,90.4169079328315,94.69718922051578,95.41497388276262,99.65065502183405,95.044931514486,top,UNKNOWN,False,False,False
3x ETF Overbot Fade,Liquid,FAS,2022-08-12,1,-1291.0,4500.0,-0.6675724226218744,1.0,False,False,True,False,,2022-08-15,-0.2868888888888889,2022,base,P2,P1,Time,94.35437174290678,96.72558678643871,93.12246082414394,99.03930131004367,95.81043016588328,top,UNKNOWN,False,False,False
Overbot Vol Spike,Liquid,XLY,2022-08-15,2,602.0,675.0,0.06471000609326663,0.15,False,False,False,True,0.8194729744624176,2022-08-16,0.8918518518518519,2022,base,P2,P2,Mixed,94.76182105818246,91.64614843475202,88.47033972892096,99.34744268077601,93.55643797565786,bottom,Consumer Cyclical,False,False,False
3x ETF Overbot Fade,Liquid,UDOW,2022-08-15,1,85.0,2343.75,-0.16699608541418853,1.0,False,False,True,False,,2022-08-16,0.03626666666666667,2022,base,P2,P1,Time,91.76993962503973,94.94274809160305,88.59509397897419,98.11381074168798,93.35539810932625,bottom,UNKNOWN,False,False,False
3x ETF Overbot Fade,Liquid,SPXL,2022-08-15,1,1166.0,2343.75,-0.19270990094619828,1.0,False,False,True,False,,2022-08-16,0.49749333333333334,2022,base,P2,P1,Time,93.3044733044733,95.0895436164067,92.56580850448366,98.86825304701102,94.95701961809367,top,UNKNOWN,False,False,False
Overbot Vol Spike,Overflow,AVAV,2022-08-15,2,-402.0,675.0,0.08020937583381066,0.15,False,False,True,True,-0.5968495027641219,2022-08-16,-0.5955555555555555,2022,base,P2,P2,Time,96.19606841970895,95.70771589167093,93.6812484011256,97.0241149307337,95.6522869108098,top,Industrials,False,False,False
3x ETF Overbot Fade,Liquid,RETL,2022-08-15,1,1262.0,2343.75,0.06758677264025621,1.0,False,False,True,False,,2022-08-16,0.5384533333333333,2022,base,P2,P1,Time,87.146614069691,87.19973675551168,97.89057350032961,99.07376778035064,92.82767302647073,bottom,UNKNOWN,False,False,False
3x ETF Overbot Fade,Liquid,FAS,2022-08-15,1,148.0,2343.75,-0.253364446426682,1.0,False,False,True,False,,2022-08-16,0.06314666666666667,2022,base,P2,P1,Time,85.49927641099855,96.90034762456547,95.03916449086162,97.78812572759023,93.80672856350397,bottom,UNKNOWN,False,False,False
Overbot Vol Spike,Overflow,CVI,2022-08-24,2,2467.0,3375.0,0.25335824250816436,0.75,False,False,True,True,0.731460620544584,2022-08-25,0.7309629629629629,2022,base,P1,P1,Time,85.64542046063202,94.10345751809166,89.93558776167473,89.12516823687753,89.70240849431899,bottom,Energy,False,False,False
Overbot Vol Spike,Overflow,TTC,2022-10-26,2,-1546.0,3375.0,0.4723385606543522,0.75,False,False,True,True,-0.45796983142441183,2022-10-27,-0.4580740740740741,2022,base,P1,P1,Time,89.30313588850174,94.33501830224856,91.29448709002094,97.9898619122531,93.23062579825609,bottom,Industrials,False,False,False
Overbot Vol Spike,Overflow,BKR,2022-11-04,2,388.0,675.0,0.19220665034402898,0.15,False,False,True,True,0.5760862763221964,2022-11-07,0.5748148148148148,2022,base,P2,P2,Time,96.0153123368714,92.23537604456824,91.14828367311378,97.62569832402235,94.25616759464395,top,Energy,False,False,False
Overbot Vol Spike,Liquid,C,2022-11-10,1,-45.0,63.38742393509127,0.0689764153639225,0.0647,True,False,False,False,,2022-11-11,-0.7099200000000001,2022,base,P2,P2,EOD-DD,94.60963310728569,96.50313152400834,90.85843635730454,96.96441032798326,94.73390282914546,top,Financial Services,False,False,False
Overbot Vol Spike,Liquid,MMM,2022-11-10,1,-20.0,63.38742393509127,0.13812284910859018,0.0647,True,False,False,False,,2022-11-11,-0.31552,2022,base,P2,P2,EOD-DD,94.22709094070596,95.11134307585247,90.1271112658889,99.35450104675506,94.7050115823006,top,Industrials,False,False,False
Overbot Vol Spike,Liquid,DOV,2022-11-10,1,-17.0,63.38742393509127,0.05681303630349007,0.0647,True,False,False,False,,2022-11-11,-0.26819200000000004,2022,base,P2,P2,EOD-DD,95.20083463745436,91.64926931106471,90.68431133553891,97.81926029309142,93.83841889428734,bottom,Industrials,False,False,False
Overbot Vol Spike,Overflow,MCO,2022-11-10,1,-445.0,735.2941176470586,0.30878386643639255,0.75,True,False,False,False,,2022-11-11,-0.6052000000000002,2022,base,P1,P1,EOD-DD,99.39141018953225,99.59986082115519,97.73637471704684,99.09281228192603,98.95511450241509,top,Financial Services,False,False,False
Overbot Vol Spike,Overflow,SEIC,2022-11-10,1,-20.0,63.38742393509127,0.06072159472380033,0.0647,True,False,False,False,,2022-11-11,-0.31552,2022,base,P2,P2,EOD-DD,97.35698139454007,98.03409881697982,97.6144872018109,98.90090718771808,97.97661865026222,top,Financial Services,False,False,False
Overbot Vol Spike,Overflow,IVZ,2022-11-10,1,-29.0,63.38742393509127,0.2404821708669648,0.0647,True,False,False,False,,2022-11-11,-0.4575040000000001,2022,base,P2,P2,EOD-DD,99.5131281516258,99.75643702157272,99.40797492599687,99.4940683879972,99.54290212179816,top,Financial Services,False,False,False
Overbot Vol Spike,Liquid,STT,2022-11-10,2,842.0,735.2941176470586,0.2990109162092872,0.75,False,False,False,True,1.2419169515145647,2022-11-11,1.1451200000000004,2022,base,P1,P1,Mixed,95.20083463745436,96.64231036882394,92.56486157060769,99.31960921144453,95.93190394708263,top,Financial Services,False,False,False
Overbot Vol Spike,Liquid,KEY,2022-11-10,2,78.0,63.38742393509126,0.14322132669997076,0.0647,False,False,False,True,1.3945881715165258,2022-11-11,1.2305280000000003,2022,base,P2,P2,Mixed,96.59189706138062,96.3813500347947,93.85338673167334,98.46475924633636,96.32284826854627,top,Financial Services,False,False,False
Overbot Vol Spike,Overflow,MLKN,2022-11-10,2,25.0,63.38742393509127,0.20332266668818827,0.0647,False,False,True,True,0.3918298968588558,2022-11-11,0.39440000000000003,2022,base,P2,P2,Time,97.51347591723179,98.48643006263048,97.63189970398747,99.52896022330775,98.29019147678937,top,Consumer Cyclical,False,False,False
Overbot Vol Spike,Liquid,SMH,2022-11-10,2,-48.0,63.38742393509128,0.09869539652351823,0.0647,False,False,True,True,-0.7702168007942852,2022-11-11,-0.757248,2022,base,P2,P2,Time,98.42338352524358,99.76958525345621,98.8291644491751,99.14681834340561,99.04223789282011,top,Technology,True,False,True
Overbot Vol Spike,Overflow,IYT,2022-11-10,2,32.0,735.2941176470586,0.44613700496781605,0.75,False,False,True,True,0.04265113586123716,2022-11-11,0.04352000000000002,2022,base,P1,P1,Time,96.84010954286919,98.67200674536257,94.51361046634311,97.73688663282572,96.94065334685014,top,UNKNOWN,False,False,False
Overbot Vol Spike,Overflow,BMO,2022-11-10,2,417.0,735.2941176470586,0.2768062368677503,0.75,False,False,True,True,0.5670347445371261,2022-11-11,0.5671200000000002,2022,base,P1,P1,Time,93.75760737263084,98.50382741823242,92.56486157060769,98.51709699930217,95.83584834019328,top,Financial Services,False,False,False
Overbot Vol Spike,Liquid,GS,2022-11-10,2,23.0,63.38742393509127,0.22069154855085493,0.0647,False,False,True,True,0.373832955070032,2022-11-11,0.36284800000000006,2022,base,P2,P2,Time,92.48826291079813,96.18997912317327,95.977711997214,99.16259595254711,95.95463749593313,top,Financial Services,False,False,False
Overbot Vol Spike,Liquid,F,2022-11-10,2,25.0,63.38742393509126,0.14815288731572765,0.0647,False,False,True,True,0.39907205457587885,2022-11-11,0.3944000000000001,2022,base,P2,P2,Time,87.63693270735524,91.49269311064718,88.78634859829357,95.41172365666434,90.83192451824007,bottom,Consumer Cyclical,False,False,False
Overbot Vol Spike,Overflow,UBS,2022-11-10,2,302.0,735.2941176470586,1.5473160115427063,0.75,False,False,True,True,0.4108725502417097,2022-11-11,0.41072000000000014,2022,base,P1,P1,Time,97.04842700600919,98.07250221043324,94.47787610619469,99.04238340131228,97.16029718098736,top,Financial Services,False,False,False
Overbot Vol Spike,Overflow,WPP,2022-11-10,2,105.0,735.2941176470586,0.9994510154005404,0.75,False,False,True,True,0.1426467989295294,2022-11-11,0.14280000000000007,2022,base,P1,P1,Time,94.08798469831333,98.38204592901879,97.73637471704684,98.86601535240753,97.26810517419662,top,Communication Services,False,False,False
Overbot Vol Spike,Overflow,KLAC,2022-11-10,2,-33.0,63.38742393509126,0.1788434257956238,0.0647,False,False,True,True,-0.5319718909864923,2022-11-11,-0.5206080000000001,2022,base,P2,P2,Time,96.90488610676404,98.8517745302714,97.87567473445934,98.90090718771808,98.13331063980321,top,Technology,False,False,False
Overbot Vol Spike,Overflow,LOGI,2022-11-10,2,269.0,735.2941176470586,1.1424077384070996,0.75,False,False,True,True,0.36625800735618813,2022-11-11,0.3658400000000001,2022,base,P1,P1,Time,96.73100330377325,99.4258872651357,95.03743687967962,98.84856943475226,97.51072422083521,top,Technology,False,False,False
Overbot Vol Spike,Overflow,CCL,2022-11-14,2,5400.0,3375.0,0.6740722893333366,0.75,False,True,False,False,1.9999998123581118,2022-11-15,1.6,2022,base,P1,P1,Target,97.51434034416826,99.5304347826087,97.92863359442994,99.66864318102546,98.66051297555809,top,Consumer Cyclical,False,False,False
Overbot Vol Spike,Overflow,EFX,2022-11-14,2,3969.0,3375.0,0.7104999772568722,0.75,False,False,False,True,1.296644675138405,2022-11-15,1.176,2022,base,P1,P1,Mixed,97.72292716843386,99.94782608695652,99.40818102697997,99.3024066968957,99.09533524481651,top,Industrials,False,False,False
Overbot Vol Spike,Overflow,MTN,2022-11-21,2,-829.0,675.0,0.003661819461624041,0.15,False,False,True,True,-1.2345735187867093,2022-11-22,-1.2281481481481482,2022,base,P2,P2,Time,94.19937478291072,90.07819287576021,97.9304347826087,96.07945635128071,94.57186469814009,top,Consumer Cyclical,False,False,False
3x ETF Overbot Fade,Liquid,TMF,2022-11-22,1,-1006.0,4500.0,0.4174978590179182,1.0,False,False,True,False,,2022-11-23,-0.22355555555555556,2022,base,P1,P1,Time,93.16788321167884,88.0771478667446,99.26836406204272,98.56136230182032,94.76868936057163,top,UNKNOWN,False,False,False
Overbot Vol Spike,Overflow,KWEB,2022-11-29,2,-2794.0,3375.0,0.8166122375396484,0.75,False,False,True,True,-0.827853622235744,2022-11-30,-0.8278518518518518,2022,base,P1,P1,Time,99.40374787052811,90.14925373134328,90.12820512820512,99.95706311721769,94.90956746182354,top,UNKNOWN,False,False,False
3x ETF Overbot Fade,Liquid,YINN,2022-12-01,1,-5344.0,4500.0,-0.3620437312223978,1.0,False,False,True,False,,2022-12-02,-1.1875555555555555,2022,base,P2,P1,Time,94.67889908256882,98.40832568105296,86.9098712446352,99.93848046754846,94.98389411895135,top,UNKNOWN,False,False,False
3x ETF Overbot Fade,Liquid,TMF,2022-12-01,1,-3293.0,4500.0,-0.36399563354128833,1.0,False,False,True,False,,2022-12-02,-0.7317777777777777,2022,base,P2,P1,Time,99.53366365491111,92.32788798133022,95.64709319310546,98.24150058616648,96.43753635387831,top,UNKNOWN,False,False,False
3x ETF Overbot Fade,Liquid,TMF,2022-12-07,1,7999.0,4500.0,-0.47960819078220746,1.0,False,False,True,False,,2022-12-08,1.7775555555555556,2022,base,P2,P1,Time,99.09752547307133,99.67948717948718,99.41639918295886,99.94145199063233,99.53371595653743,top,UNKNOWN,False,False,False
Overbot Vol Spike,Liquid,KMB,2022-12-13,2,1079.0,675.0,0.029818205490868513,0.15,False,True,False,False,1.9999617411530453,2022-12-14,1.5985185185185184,2022,base,P2,P2,Target,89.64143426294821,88.85615251299826,93.07892454466608,96.40250260688217,91.99475348187369,bottom,Consumer Defensive,False,False,False
Overbot Vol Spike,Liquid,PFE,2022-12-13,2,1080.0,675.0,0.06577133493441074,0.15,False,True,False,False,1.9999920457328044,2022-12-14,1.6,2022,base,P2,P2,Target,90.90594145158497,97.10571923743501,94.34518647007806,95.46402502606882,94.45521804629172,top,Healthcare,False,False,False
Overbot Vol Spike,Overflow,FERG,2023-01-05,1,-3022.0,4500.0,0.5815021587999103,1.0,True,False,False,False,,2023-01-06,-0.6715555555555556,2023,base,P1,P1,EOD-DD,95.84352078239608,96.63505659223004,92.27941176470588,97.41776821395635,95.5439393383221,top,Industrials,False,False,False
3x ETF Overbot Fade,Liquid,YINN,2023-01-05,1,-2242.0,4500.0,-0.3854405240956579,1.0,False,False,True,False,,2023-01-06,-0.49822222222222223,2023,base,P2,P1,Time,99.39265107804434,99.3920972644377,99.51293759512939,95.20464263897374,98.37558214414628,top,UNKNOWN,False,False,False
Overbot Vol Spike,Overflow,CAKE,2023-01-10,2,819.0,900.0,0.10108429564519777,0.2,False,False,False,True,0.8510867159033584,2023-01-11,0.91,2023,base,P2,P2,Mixed,98.04869625280608,99.4125777470629,98.87601590869791,95.42619542619542,97.94087133369058,top,Consumer Cyclical,False,False,False
Overbot Vol Spike,Overflow,WWW,2023-01-11,2,-681.0,900.0,0.11103603368817683,0.2,False,False,True,True,-0.7569065904965829,2023-01-12,-0.7566666666666667,2023,base,P2,P2,Time,99.68922651933701,97.4088789082743,99.63692946058092,98.4929845834055,98.80700486789942,top,Consumer Cyclical,False,False,False
Overbot Vol Spike,Overflow,SEM,2023-01-11,2,-802.0,900.0,0.19893706762562605,0.2,False,False,True,True,-0.8912032470807574,2023-01-12,-0.8911111111111111,2023,base,P2,P2,Time,86.24813153961136,90.87372830640335,93.76685645789632,91.67167769092003,90.64009849870777,bottom,Healthcare,False,False,False
Overbot Vol Spike,Overflow,HSBC,2023-01-12,2,-605.0,4500.0,0.5457198772970234,1.0,False,False,True,True,-0.13440554656681516,2023-01-13,-0.13444444444444445,2023,base,P1,P1,Time,92.62903504229241,93.10880829015544,99.10112359550561,97.85244198129546,95.67285222731223,top,Financial Services,False,False,False
Overbot Vol Spike,Overflow,CCL,2023-01-13,2,1072.0,669.6428571428571,0.2372877117361487,0.2,False,True,False,False,1.9999964053611419,2023-01-17,1.6008533333333335,2023,base,P2,P2,Target,96.06489471867448,98.39405974788464,99.63705496024888,95.51515151515152,97.40279023548987,top,Consumer Cyclical,False,False,False
Overbot Vol Spike,Overflow,YPF,2023-01-17,2,811.0,506.7567567567568,0.2351423328155892,0.2,False,True,False,False,2.000007474904194,2023-01-18,1.6003733333333332,2023,base,P2,P2,Target,99.86194995685936,99.72375690607734,99.53343701399689,99.87880886426593,99.74948818529988,top,Energy,False,False,False
Overbot Vol Spike,Overflow,CENX,2023-01-17,2,4054.0,2533.7837837837837,0.3585569694511076,1.0,False,True,False,False,1.999999206081335,2023-01-18,1.5999786666666667,2023,base,P1,P1,Target,86.79896462467644,85.30732044198895,95.76637290478659,91.41274238227147,89.82135008843086,bottom,Basic Materials,False,False,False
Overbot Vol Spike,Overflow,YPF,2023-01-13,2,5357.0,3348.2142857142853,0.4099557469917017,1.0,False,True,False,False,2.0000007525190804,2023-01-17,1.5999573333333335,2023,base,P1,P1,Target,99.20607525025889,98.70488689345535,97.9433114414103,99.04761904761905,98.72547315818589,top,Energy,False,False,False
Overbot Vol Spike,Overflow,YPF,2023-01-20,2,727.0,900.0,0.15446291871040266,0.2,False,False,False,True,0.6797892874895896,2023-01-23,0.8077777777777778,2023,base,P2,P2,Mixed,94.67057606071059,98.13632441760139,99.03281519861831,99.13479840802907,97.74362852123983,top,Energy,False,False,False
Overbot Vol Spike,Overflow,VICR,2023-01-20,2,-1629.0,900.0,0.1672754187272636,0.2,False,False,True,True,-1.8102101997257656,2023-01-23,-1.81,2023,base,P2,P2,Time,85.9779234218696,85.297670405522,97.21934369602764,92.57657034088943,90.26787696607717,bottom,Technology,False,False,False
Overbot Vol Spike,Overflow,TDS,2023-01-26,2,424.0,900.0,0.0987268681882792,0.2,False,False,False,True,0.11812744384573733,2023-01-27,0.4711111111111111,2023,base,P2,P2,Mixed,97.06997587038953,98.82738403172961,96.04763548498447,98.96247622341346,97.72686790262927,top,Communication Services,False,False,False
Overbot Vol Spike,Overflow,ALB,2023-01-25,2,5453.0,4500.0,0.7092233592937023,1.0,False,False,False,True,1.3532013021054305,2023-01-26,1.2117777777777778,2023,base,P1,P1,Mixed,90.88088260644717,97.39565367368058,99.06784049715174,96.33344863369076,95.91945635274256,top,Basic Materials,False,False,False
Overbot Vol Spike,Liquid,XLY,2023-01-26,2,-428.0,900.0,0.03704120652651533,0.2,False,False,True,True,-0.475575303139821,2023-01-27,-0.47555555555555556,2023,base,P2,P2,Time,92.69217511203034,97.87894464562855,88.91957197100449,97.16410167733011,94.16369835149837,top,Consumer Cyclical,False,False,False
Overbot Vol Spike,Overflow,XLC,2023-02-01,2,697.0,498.67021276595744,2.614847530423888,1.0,False,False,False,True,1.6632816100709458,2023-02-02,1.3977173333333333,2023,base,P1,P1,Mixed,90.87779690189329,86.02243313201036,98.52686308492201,99.38757655293088,93.70366741793913,bottom,Communication Services,False,False,False
Overbot Vol Spike,Overflow,WSM,2023-02-01,2,797.0,498.67021276595744,0.46064065646875796,1.0,False,True,False,False,2.000005314331626,2023-02-02,1.5982506666666667,2023,base,P1,P1,Target,96.29693420599381,96.29501981733586,93.15281131424629,94.59132538448246,95.0840226805146,top,Consumer Cyclical,False,False,False
Overbot Vol Spike,Overflow,WBD,2023-02-01,2,96.0,99.73404255319147,0.23678763005908546,0.2,False,False,False,True,0.9275900508059262,2023-02-02,0.9625600000000002,2023,base,P2,P2,Mixed,97.37615923999095,89.5427795382526,99.04826648538409,99.93184915947296,96.47476360577515,top,Communication Services,False,False,False
Overbot Vol Spike,Overflow,SBGI,2023-02-01,2,797.0,498.67021276595733,0.5437028671491363,1.0,False,True,False,False,2.000005314331626,2023-02-02,1.598250666666667,2023,base,P1,P1,Target,91.74991388219084,92.59003963467171,95.15350120731286,97.68446518057715,94.29447997618814,top,Communication Services,False,False,False
Overbot Vol Spike,Overflow,BLDR,2023-02-01,2,515.0,498.67021276595744,0.480119940029985,1.0,False,False,False,True,1.055907999205344,2023-02-02,1.0327466666666667,2023,base,P1,P1,Mixed,90.69557362240289,91.57062146892655,89.72850678733032,93.05965071444771,91.26358814827688,bottom,Industrials,False,False,False
Overbot Vol Spike,Liquid,QQQ,2023-02-01,2,619.0,498.67021276595744,1.092091339662986,1.0,False,False,False,True,1.4036193074880834,2023-02-02,1.2413013333333334,2023,base,P1,P1,Mixed,95.59076817085773,93.05531621575047,97.17143842704381,97.58078451702092,95.84957683266823,top,UNKNOWN,False,True,True
Overbot Vol Spike,Liquid,PSA,2023-02-01,2,797.0,498.67021276595744,0.417479201849398,1.0,False,True,False,False,1.999993199408647,2023-02-02,1.5982506666666667,2023,base,P1,P1,Target,88.94247330347916,92.31432017921765,94.04967230079338,91.5500259201659,91.71412292591401,bottom,Real Estate,False,False,False
Overbot Vol Spike,Liquid,XLK,2023-02-01,2,585.0,498.67021276595744,0.8601042304135746,1.0,False,False,False,True,1.2920899197226912,2023-02-02,1.17312,2023,base,P1,P1,Mixed,96.29693420599381,91.00465276581079,96.36081407381856,97.16606186279593,95.20711572710476,top,Technology,False,True,True
Overbot Vol Spike,Liquid,ITB,2023-02-01,2,718.0,498.6702127659574,0.5806924857540953,1.0,False,False,False,True,1.7331617455833395,2023-02-02,1.4398293333333334,2023,base,P1,P1,Mixed,97.62639449323522,91.78147268408551,91.10582639714625,95.94659036719122,94.11507098541455,top,Consumer Cyclical,False,False,False
Overbot Vol Spike,Liquid,IYR,2023-02-01,2,797.0,498.67021276595744,0.50956015267895,1.0,False,True,False,False,2.000002444018742,2023-02-02,1.5982506666666667,2023,base,P1,P1,Target,94.0597539543058,91.64761737295586,92.20344948961633,97.14336095926645,93.76354544403611,bottom,Real Estate,False,False,False
Overbot Vol Spike,Liquid,TGT,2023-02-01,2,159.0,99.73404255319149,0.14293128083092194,0.2,False,True,False,False,1.9999829168522951,2023-02-02,1.59424,2023,base,P2,P2,Target,95.98691009300724,96.0882302257453,94.79130734736117,97.8054259547261,96.16796840520995,top,Consumer Defensive,False,False,False
Overbot Vol Spike,Liquid,VNQ,2023-02-01,2,797.0,498.67021276595744,0.5387197484005828,1.0,False,True,False,False,2.000002631354315,2023-02-02,1.5982506666666667,2023,base,P1,P1,Target,93.08925476603119,90.93865163667894,91.55815972222221,96.3889493147705,92.99375385992572,bottom,Real Estate,False,False,False
Overbot Vol Spike,Liquid,^NDX,2023-02-01,2,649.0,498.67021276595744,1.1829758116668019,1.0,False,False,False,True,1.5218563096087592,2023-02-02,1.3014613333333334,2023,base,P1,P1,Mixed,95.74578022735102,93.21040840944339,97.2231804070369,97.56350440642821,95.93571836256488,top,Index,False,True,True
Overbot Vol Spike,Liquid,XHB,2023-02-01,2,694.0,498.67021276595744,0.35517466574998774,1.0,False,False,False,True,1.6557126145248173,2023-02-02,1.3917013333333332,2023,base,P1,P1,Mixed,98.3859649122807,95.0374531835206,94.44574642606047,97.15695488721805,96.25652985226995,top,Consumer Cyclical,False,False,False
Overbot Vol Spike,Liquid,XLY,2023-02-01,2,797.0,498.67021276595744,0.9611894885784338,1.0,False,True,False,False,2.0000036613527064,2023-02-02,1.5982506666666667,2023,base,P1,P1,Target,97.51980709610748,98.10442874375323,98.24077268023457,99.22239502332815,98.27185088585586,top,Consumer Cyclical,False,False,False
Overbot Vol Spike,Overflow,XLRE,2023-02-01,2,797.0,498.67021276595744,0.5775876064692463,1.0,False,True,False,False,2.000006607341674,2023-02-02,1.5982506666666667,2023,base,P1,P1,Target,95.21739130434783,91.61676646706587,92.79475982532752,97.85831960461286,94.37180930033851,top,Real Estate,False,False,False
Overbot Vol Spike,Liquid,ADSK,2023-02-01,2,797.0,498.6702127659574,0.6572899441536172,1.0,False,True,False,False,1.9999893211012842,2023-02-02,1.598250666666667,2023,base,P1,P1,Target,95.97829831209094,95.27830432534896,93.15281131424629,93.72731985484707,94.53418345163331,top,Technology,False,False,False
Overbot Vol Spike,Overflow,ZBRA,2023-02-01,2,756.0,498.67021276595744,0.7255873387971374,1.0,False,False,False,True,1.8645938509509317,2023-02-02,1.516032,2023,base,P1,P1,Mixed,96.84808818463658,89.26417370325693,93.22180062090376,99.08415413858648,94.60455416184594,top,Technology,False,False,False
Overbot Vol Spike,Overflow,POOL,2023-02-01,2,798.0,498.67021276595744,0.583551750329924,1.0,False,True,False,False,1.9999936268389975,2023-02-02,1.600256,2023,base,P1,P1,Target,96.88253530830175,97.05324831983458,95.22249051397034,99.60255745636772,97.1902078996186,top,Industrials,False,False,False
Overbot Vol Spike,Overflow,PSKY,2023-02-01,2,681.0,498.67021276595744,0.5128206955445573,1.0,False,False,False,True,1.611543432816578,2023-02-02,1.365632,2023,base,P1,P1,Mixed,97.75306926106092,96.59248956884562,98.16662798793223,98.95300139599814,97.86629705345922,top,Communication Services,False,False,False
Overbot Vol Spike,Overflow,BNS,2023-02-01,2,115.0,99.73404255319147,0.1852781991276582,0.2,False,False,False,True,1.2595199410506954,2023-02-02,1.153066666666667,2023,base,P2,P2,Mixed,92.2085417468257,91.06833493743984,92.15799614643545,96.62096929909248,93.01396053244838,bottom,Financial Services,False,False,False
3x ETF Overbot Fade,Liquid,RETL,2023-01-31,1,-8717.0,4500.0,-0.1218700670820119,1.0,False,False,True,False,,2023-02-01,-1.937111111111111,2023,base,P2,P1,Time,89.5820139328689,96.7987321711569,94.82539682539682,98.502707868748,94.92721269954266,top,UNKNOWN,False,False,False
Overbot Vol Spike,Overflow,NOVT,2023-02-01,2,712.0,498.67021276595744,0.32609763693019495,1.0,False,False,False,True,1.7149711547891895,2023-02-02,1.4277973333333334,2023,base,P1,P1,Mixed,94.454013089907,90.07409960365328,88.392549154881,94.00380162433039,91.73111586819292,bottom,Technology,False,False,False
Overbot Vol Spike,Overflow,GWRE,2023-02-01,2,797.0,498.6702127659574,0.6610946865269265,1.0,False,True,False,False,2.000009218876141,2023-02-02,1.598250666666667,2023,base,P1,P1,Target,96.32034632034632,88.87685084868183,94.06657018813314,98.03850345078096,94.32556770198556,top,Technology,False,False,False
Overbot Vol Spike,Overflow,MRVL,2023-02-01,2,714.0,498.67021276595744,0.4319176205055449,1.0,False,False,False,True,1.7230570761206379,2023-02-02,1.431808,2023,base,P1,P1,Mixed,97.20119697236402,88.60514265586474,91.90904283447911,95.1960438007771,93.22785656587124,bottom,Technology,False,False,False
Overbot Vol Spike,Liquid,MDT,2023-02-01,2,105.0,99.73404255319147,0.01777558565417838,0.2,False,False,False,True,1.081790099472358,2023-02-02,1.0528000000000002,2023,base,P2,P2,Mixed,96.12469858766794,96.32948474926762,98.2235253535702,96.18109555901158,96.71470106237933,top,Healthcare,False,False,False
Overbot Vol Spike,Overflow,PAR,2023-02-01,2,427.0,498.6702127659574,0.6439513388730944,1.0,False,False,False,True,0.761917451878396,2023-02-02,0.8562773333333334,2023,base,P1,P1,Mixed,95.93523940750947,97.08771325176633,91.30734736115902,97.9955071712459,95.58145179792018,top,Technology,False,False,False
3x ETF Overbot Fade,Liquid,TECL,2023-02-01,1,2641.0,2343.75,0.9256210030882374,1.0,False,False,True,False,,2023-02-02,1.1268266666666666,2023,base,P1,P1,Time,97.7997179125529,92.09486166007905,97.28583545377438,97.95802609188883,96.28461027957378,top,UNKNOWN,False,False,False
3x ETF Overbot Fade,Liquid,SOXL,2023-02-01,1,3539.0,2343.75,0.4351928734871337,1.0,False,False,True,False,,2023-02-02,1.5099733333333334,2023,base,P1,P1,Time,99.50693374422188,92.44293645897595,97.21964782205747,99.84500929944204,97.25363183117433,top,UNKNOWN,False,False,False
3x ETF Overbot Fade,Liquid,TQQQ,2023-02-01,1,3071.0,2343.75,1.167286046111203,1.0,False,False,True,False,,2023-02-02,1.3102933333333333,2023,base,P1,P1,Time,98.16176470588235,95.64550751303281,98.98648648648648,99.07550077041603,97.96731486895442,top,UNKNOWN,False,False,False
Overbot Vol Spike,Liquid,IWM,2023-02-01,2,582.0,498.67021276595744,0.43005971189188597,1.0,False,False,False,True,1.2790933325737242,2023-02-02,1.167104,2023,base,P1,P1,Mixed,97.38825591586327,90.44195019291476,92.53993329822714,97.30918044319381,94.41982996254976,top,UNKNOWN,False,False,False
3x ETF Overbot Fade,Liquid,SPXL,2023-02-01,1,3248.0,2343.75,0.6775199528916409,1.0,False,False,True,False,,2023-02-02,1.3858133333333333,2023,base,P1,P1,Time,95.47738693467338,88.29281922324672,94.29210968102966,94.72354757227056,93.19646585280508,bottom,UNKNOWN,False,False,False
3x ETF Overbot Fade,Liquid,DRN,2023-02-01,1,3249.0,2343.75,0.5655015006298449,1.0,False,False,True,False,,2023-02-02,1.38624,2023,base,P1,P1,Time,94.19184511586975,90.04697592483852,91.62011173184358,96.84365781710915,93.17564764741525,bottom,Real Estate,False,False,False
3x ETF Overbot Fade,Liquid,RETL,2023-02-01,1,3803.0,2343.75,0.8871270747781385,1.0,False,False,True,False,,2023-02-02,1.6226133333333332,2023,base,P1,P1,Time,99.24026590693258,98.8276299112801,98.79403364011425,99.39490445859872,99.06420847923141,top,UNKNOWN,False,False,False
3x ETF Overbot Fade,Liquid,TNA,2023-02-01,1,2638.0,2343.75,0.4556236727222743,1.0,False,False,True,False,,2023-02-02,1.1255466666666667,2023,base,P1,P1,Time,97.22844344904816,89.77304567105632,91.77890011223344,96.73515339150013,93.87888565595952,bottom,UNKNOWN,False,False,False
Overbot Vol Spike,Overflow,KMX,2023-02-01,2,258.0,498.67021276595744,0.36025212122759864,1.0,False,False,True,True,0.5186153918596073,2023-02-02,0.517376,2023,base,P1,P1,Time,97.77816052359628,97.03601585386869,96.77474991376337,94.57404527388975,96.54074289127952,top,Consumer Cyclical,False,False,False
Overbot Vol Spike,Overflow,UPBD,2023-02-01,2,-105.0,498.67021276595744,0.4714770121224769,1.0,False,False,True,True,-0.21219362820337084,2023-02-02,-0.21056,2023,base,P1,P1,Time,94.85015501205649,93.33103567120456,93.08382200758882,95.36893036115431,94.15848576300104,top,Technology,False,False,False
Overbot Vol Spike,Overflow,THO,2023-02-01,2,516.0,498.67021276595744,0.2578881953369121,1.0,False,False,False,True,1.057252400699603,2023-02-02,1.034752,2023,base,P1,P1,Mixed,95.84912159834654,93.15871101154575,96.53328734046222,97.83998617591153,95.84527653156651,top,Consumer Cyclical,False,False,False
Overbot Vol Spike,Overflow,CNK,2023-02-01,2,348.0,498.67021276595744,0.3193270023688226,1.0,False,False,False,True,0.49789611035962766,2023-02-02,0.697856,2023,base,P1,P1,Mixed,98.79123646436666,93.19556451612904,96.69442341660358,99.21558704453442,96.97420286040843,top,Communication Services,False,False,False
Overbot Vol Spike,Liquid,NVDA,2023-02-01,2,65.0,99.73404255319147,0.058382451460636864,0.2,False,False,True,True,0.658820259674836,2023-02-02,0.6517333333333335,2023,base,P2,P2,Time,96.09025146400275,87.5926245045666,94.91203863401174,97.753585622948,94.08712505638226,top,Technology,True,True,True
3x ETF Overbot Fade,Liquid,NAIL,2023-02-01,1,3872.0,2343.75,0.6036855254348561,1.0,False,False,True,False,,2023-02-02,1.6520533333333334,2023,base,P1,P1,Time,98.61333333333333,94.60470085470085,93.35832886984467,97.62931034482759,96.05141835067661,top,UNKNOWN,False,False,False
3x ETF Overbot Fade,Liquid,WEBL,2023-02-02,1,903.0,2343.75,-1.4623674518806342,1.0,False,False,True,False,,2023-02-03,0.38528,2023,base,P2,P1,Time,99.87699876998771,98.76543209876543,99.87577639751552,99.74811083123426,99.56657952437573,top,UNKNOWN,False,False,False
3x ETF Overbot Fade,Liquid,RETL,2023-02-02,1,3465.0,2343.75,-0.6899658420770196,1.0,False,False,True,False,,2023-02-03,1.4784,2023,base,P2,P1,Time,99.27215189873418,99.4298384542287,99.8730964467005,99.7453040432983,99.58009771074042,top,UNKNOWN,False,False,False
3x ETF Overbot Fade,Liquid,SOXL,2023-02-02,1,-356.0,2343.75,-0.9177686648190292,1.0,False,False,True,False,,2023-02-03,-0.15189333333333332,2023,base,P2,P1,Time,99.6611213801602,94.60376194881283,99.84558369363805,99.96901146575767,98.51986962209219,top,UNKNOWN,False,False,False
3x ETF Overbot Fade,Liquid,TECL,2023-02-02,1,-1622.0,2343.75,-1.019333959451192,1.0,False,False,True,False,,2023-02-03,-0.6920533333333333,2023,base,P2,P1,Time,99.29498025944726,96.16144510302004,99.54776710005653,99.68812021548058,98.67307816950111,top,UNKNOWN,False,False,False
3x ETF Overbot Fade,Liquid,TQQQ,2023-02-02,1,-743.0,2343.75,-1.157588552689644,1.0,False,False,True,False,,2023-02-03,-0.3170133333333333,2023,base,P2,P1,Time,99.66309341500765,98.31391784181484,99.81578139392079,99.81515711645102,99.40198744179858,top,UNKNOWN,False,False,False
3x ETF Overbot Fade,Liquid,SPXL,2023-02-02,1,-168.0,2343.75,-0.8862738691955189,1.0,False,False,True,False,,2023-02-03,-0.07168,2023,base,P2,P1,Time,95.36701088473346,91.03351955307262,98.32167832167832,97.67115600448933,95.59834119099342,top,UNKNOWN,False,False,False
3x ETF Overbot Fade,Liquid,TNA,2023-02-02,1,1654.0,2343.75,-0.6883789945846931,1.0,False,False,True,False,,2023-02-03,0.7057066666666667,2023,base,P2,P1,Time,96.3056255247691,95.09803921568627,98.06451612903226,98.50872256612267,96.99422585890258,top,UNKNOWN,False,False,False
Overbot Vol Spike,Overflow,SMCI,2023-05-17,2,-318.0,900.0,0.1344343538715269,0.2,False,False,True,True,-0.353775632660305,2023-05-18,-0.35333333333333333,2023,base,P2,P2,Time,98.2270376754494,96.96895022178413,92.5980754996299,97.22909450766947,96.25578947613322,top,Technology,False,False,False
Overbot Vol Spike,Overflow,GOOGL,2023-05-18,2,942.0,900.0,0.23985781601650413,0.2,False,False,False,True,1.0797911589576308,2023-05-19,1.0466666666666666,2023,base,P2,P2,Mixed,88.10936837643068,91.04984093319194,98.78980891719745,95.29687167482443,93.31147247541112,bottom,Communication Services,False,False,False
Overbot Vol Spike,Liquid,GOOG,2023-05-18,2,930.0,900.0,0.23201972180578626,0.2,False,False,False,True,1.0604778670243278,2023-05-19,1.0333333333333334,2023,base,P2,P2,Mixed,88.87240356083086,92.0254506892895,98.78980891719745,95.02021706746116,93.67697005869474,bottom,Communication Services,False,True,True
Overbot Vol Spike,Overflow,RMBS,2023-05-25,1,-1177.0,4500.0,0.30513272128966756,1.0,True,False,False,False,,2023-05-26,-0.26155555555555554,2023,base,P1,P1,EOD-DD,95.27612574341546,86.73920435226114,97.02229028415859,96.14728946471189,93.79622746113677,bottom,Technology,False,False,False
Overbot Vol Spike,Liquid,AMD,2023-05-25,2,6203.0,4500.0,0.43821391861030745,1.0,False,False,False,True,1.632656204602323,2023-05-26,1.3784444444444444,2023,base,P1,P1,Mixed,97.2302463891249,91.2274736484189,95.55895865237366,96.24957381520628,95.06656312628093,top,Technology,True,False,True
Overbot Vol Spike,Overflow,SMCI,2023-05-25,2,-2776.0,4500.0,0.30169465891232455,1.0,False,False,True,True,-0.6169000404829761,2023-05-26,-0.6168888888888889,2023,base,P1,P1,Time,99.92623555446275,99.28641732283464,100.0,100.0,99.80316321932435,top,Technology,False,False,False
Overbot Vol Spike,Overflow,AEHR,2023-06-01,2,-3472.0,4500.0,0.30068328759855384,1.0,False,False,True,True,-0.7716384190559503,2023-06-02,-0.7715555555555556,2023,base,P1,P1,Time,95.00764136525726,97.24770642201835,94.5757524230573,96.76320272572401,95.89857573401423,top,Technology,False,False,False
Overbot Vol Spike,Overflow,FULT,2023-06-06,2,1501.0,2038.0434782608697,0.39939726475384146,1.0,False,False,False,True,0.5608101713397216,2023-06-07,0.7364906666666666,2023,base,P1,P1,Mixed,93.77121520706042,98.42078451349975,97.02583276682529,98.28026562233953,96.87452452743125,top,Financial Services,False,False,False
Overbot Vol Spike,Overflow,GBCI,2023-06-06,2,334.0,407.6086956521739,0.17887882635453323,0.2,False,False,False,True,0.7022918179538659,2023-06-07,0.8194133333333334,2023,base,P2,P2,Mixed,93.72029871011542,99.26982509763967,97.093813732155,96.88404563255575,96.74199579311646,top,Financial Services,False,False,False
Overbot Vol Spike,Overflow,WAFD,2023-06-06,2,381.0,407.6086956521739,0.24421606063806367,0.2,False,False,False,True,0.8931575193664683,2023-06-07,0.9347200000000001,2023,base,P2,P2,Mixed,88.84928716904277,97.40193581253183,89.12304554724678,92.26970883705091,91.91099434146807,bottom,Financial Services,False,False,False
Overbot Vol Spike,Overflow,UCB,2023-06-06,2,970.0,2038.04347826087,0.34413505058963806,1.0,False,False,True,True,0.476256960007996,2023-06-07,0.4759466666666666,2023,base,P1,P1,Time,87.71075309104533,96.40112464854734,92.92682926829269,91.61496521902613,92.16341805672788,bottom,Financial Services,False,False,False
Overbot Vol Spike,Overflow,SLM,2023-06-06,2,409.0,407.608695652174,0.23838620421834422,0.2,False,False,False,True,1.0082590485697394,2023-06-07,1.003413333333333,2023,base,P2,P2,Mixed,92.07399864222675,94.97367974189166,93.89870836165873,94.94295930529542,93.97233651276814,bottom,Financial Services,False,False,False
Overbot Vol Spike,Overflow,SMCI,2023-06-07,2,-273.0,900.0,0.049680087330493186,0.2,False,False,True,True,-0.3032305568829266,2023-06-08,-0.30333333333333334,2023,base,P2,P2,Time,95.21472392638037,85.92829076620825,99.87705925743792,99.85207100591717,95.21803623898592,top,Technology,False,False,False
Overbot Vol Spike,Overflow,COHR,2023-06-12,2,-12058.0,3472.2222222222226,0.4373571932518964,1.0,False,False,True,True,-3.4732294608096446,2023-06-13,-3.472704,2023,base,P1,P1,Time,91.53663500678427,91.92262005769557,89.77581521739131,98.99608643865918,93.05778918013257,bottom,Technology,False,False,False
Overbot Vol Spike,Overflow,LEA,2023-06-13,2,3781.0,3846.1538461538457,0.25798169722428255,1.0,False,False,False,True,0.9725779739878995,2023-06-14,0.9830600000000002,2023,base,P1,P1,Mixed,90.61128985083357,95.57962529274005,97.12694224567575,96.41176470588235,94.93240552378293,top,Consumer Cyclical,False,False,False
Overbot Vol Spike,Overflow,COHR,2023-06-13,2,-11023.0,3846.1538461538457,1.4743518885426998,1.0,False,False,True,True,-2.866170988508764,2023-06-14,-2.8659800000000004,2023,base,P1,P1,Time,98.27030693573003,96.55581947743468,89.96434029546613,99.48962232051719,96.07002225728701,top,Technology,False,False,False
Overbot Vol Spike,Overflow,COHR,2023-06-16,2,7197.0,4500.0,0.9470683764128225,1.0,False,True,False,False,1.9999929127645752,2023-06-20,1.5993333333333333,2023,base,P1,P1,Target,98.7457627118644,99.81346447346108,99.59266802443992,99.79595306920592,99.48696206974282,top,Technology,False,False,False
Overbot Vol Spike,Overflow,SIRI,2023-06-29,2,-313.0,900.0,0.23140571541702498,0.2,False,False,True,True,-0.34917177572437286,2023-06-30,-0.3477777777777778,2023,base,P2,P2,Time,91.68923493568043,95.9017781541067,92.79661016949152,91.72185430463577,93.02736939097859,bottom,Communication Services,False,False,False
Overbot Vol Spike,Overflow,MAT,2023-07-10,2,-2237.0,4500.0,0.4224157279507378,1.0,False,False,True,True,-0.497123749511281,2023-07-11,-0.4971111111111111,2023,base,P1,P1,Time,95.95874196821103,94.62019962781255,97.88350829664748,93.84223918575063,95.57617226960542,top,Consumer Cyclical,False,False,False
Overbot Vol Spike,Overflow,APTV,2023-07-10,2,-2796.0,4500.0,0.31787095503332385,1.0,False,False,True,True,-0.6213939584830029,2023-07-11,-0.6213333333333333,2023,base,P1,P1,Time,90.08547008547009,91.6495550992471,94.61775797051766,89.88300068823123,91.55894596086652,bottom,Consumer Cyclical,False,False,False
Overbot Vol Spike,Liquid,LUV,2023-07-10,2,1439.0,900.0,0.06475670759436107,0.2,False,True,False,False,1.9999925345276113,2023-07-11,1.5988888888888888,2023,base,P2,P2,Target,89.98985458234698,91.38893588225343,96.93532001354555,98.94826123833758,94.31559292912088,top,Industrials,False,False,False
Overbot Vol Spike,Overflow,SMTC,2023-07-12,2,-794.0,900.0,0.09068815581506474,0.2,False,False,True,True,-0.8823881738453478,2023-07-13,-0.8822222222222222,2023,base,P2,P2,Time,86.91683569979716,92.96465415186876,90.63981042654028,98.54163133796845,92.26573290404366,bottom,Technology,False,False,False
Overbot Vol Spike,Liquid,LLY,2023-09-08,2,-420.0,900.0,0.07171069590307748,0.2,False,False,True,True,-0.46934382517626766,2023-09-11,-0.4666666666666667,2023,base,P2,P2,Time,97.44838005707571,94.40712126301646,91.5616069927719,92.69114179858539,94.02706252786237,top,Healthcare,False,False,False
Overbot Vol Spike,Overflow,EWBC,2023-11-14,2,-405.0,900.0,0.04661986405407458,0.2,False,False,True,True,-0.45054925136813123,2023-11-15,-0.45,2023,base,P2,P2,Time,96.10259826782145,86.26895517413764,94.52968645763843,93.76775271512113,92.66724815367965,bottom,Financial Services,False,False,False
Overbot Vol Spike,Overflow,BJRI,2023-11-14,2,-162.0,900.0,0.22234877773376943,0.2,False,False,True,True,-0.1790961744254778,2023-11-15,-0.18,2023,base,P2,P2,Time,96.38574283810793,87.75204132644559,92.52835223482322,97.36006683375105,93.50655080828194,bottom,Consumer Cyclical,False,False,False
Overbot Vol Spike,Overflow,GL,2023-11-22,2,861.0,900.0,0.12122883761169223,0.2,False,False,False,True,0.928651952139079,2023-11-24,0.9566666666666667,2023,base,P2,P2,Mixed,86.95507487520798,87.19826868653237,89.22025991336221,91.37038891670841,88.68599809795275,bottom,Financial Services,False,False,False
Overbot Vol Spike,Overflow,FIS,2023-11-28,2,-6300.0,4500.0,0.285048701321876,1.0,False,False,True,True,-1.4000900900541273,2023-11-29,-1.4,2023,base,P1,P1,Time,89.3160878809355,87.28948767948945,95.36905606813343,99.57333333333334,92.88699124047292,bottom,Technology,False,False,False
Overbot Vol Spike,Overflow,FIS,2023-11-30,1,-303.0,900.0,3.5280079732980196e-06,0.2,True,False,False,False,,2023-12-01,-0.33666666666666667,2023,base,P2,P2,EOD-DD,91.99433227063409,97.5190501506291,93.91628236963462,99.27137017949174,95.67525874259739,top,Technology,False,False,False
Overbot Vol Spike,Overflow,UBS,2023-11-30,2,1440.0,900.0,0.15501914431250496,0.2,False,True,False,False,1.9999950046671395,2023-12-01,1.6,2023,base,P2,P2,Target,98.14251941911516,95.87768204088528,95.41765302671627,97.89937320006776,96.83430692169611,top,Financial Services,False,False,False
Overbot Vol Spike,Overflow,IYT,2023-12-01,2,4072.0,4500.0,0.3268081505414146,1.0,False,False,False,True,0.8413929304454806,2023-12-04,0.9048888888888889,2023,base,P1,P1,Mixed,96.26895450917797,86.18486723896986,90.90727418065548,98.81834568395755,93.04486040319021,bottom,UNKNOWN,False,False,False
3x ETF Overbot Fade,Liquid,UDOW,2023-12-01,1,2386.0,4500.0,-0.7933109180457505,1.0,False,False,True,False,,2023-12-04,0.5302222222222223,2023,base,P2,P1,Time,96.14277489925158,90.49265341400174,91.60415464512405,98.1765557163531,94.10403466868262,top,UNKNOWN,False,False,False
3x ETF Overbot Fade,Liquid,TNA,2023-12-01,1,2859.0,4500.0,-0.2516114388568,1.0,False,False,True,False,,2023-12-04,0.6353333333333333,2023,base,P2,P1,Time,95.84875727128504,86.10743582958455,88.50026497085321,96.70475684294446,91.79030372866681,bottom,UNKNOWN,False,False,False
Overbot Vol Spike,Overflow,GM,2023-12-01,2,2192.0,4500.0,0.33962371007072023,1.0,False,False,True,True,0.4870602309163615,2023-12-04,0.4871111111111111,2023,base,P1,P1,Time,85.11741384568467,99.38949938949939,99.02170590033629,93.71165644171779,94.31006889430952,top,Consumer Cyclical,False,False,False
3x ETF Overbot Fade,Liquid,LABU,2023-12-01,1,-2588.0,4500.0,-0.20348044539019788,1.0,False,False,True,False,,2023-12-04,-0.5751111111111111,2023,base,P2,P1,Time,95.84694353709753,90.70093457943925,96.11241217798595,95.38606403013182,94.51158858116364,top,UNKNOWN,False,False,False
Overbot Vol Spike,Overflow,CCL,2023-12-05,2,-7819.0,4500.0,0.617081446536914,1.0,False,False,True,True,-1.7376012348253123,2023-12-06,-1.7375555555555555,2023,base,P1,P1,Time,92.45596543702227,97.60598503740648,95.25790349417638,98.383063843974,95.92572945314478,top,Consumer Cyclical,False,False,False
3x ETF Overbot Fade,Liquid,TMF,2023-12-05,1,4730.0,4500.0,0.441951299698098,1.0,False,False,True,False,,2023-12-06,1.051111111111111,2023,base,P1,P1,Time,92.39956568946796,96.84868242325454,95.78346028291621,96.80763983628923,95.45983705798199,top,UNKNOWN,False,False,False
3x ETF Overbot Fade,Liquid,TMF,2023-12-06,1,5768.0,4500.0,-0.6125857086944132,1.0,False,False,True,False,,2023-12-07,1.2817777777777777,2023,base,P2,P1,Time,98.9416553595658,96.8495382944052,98.0690780527604,98.79978177850518,98.16501337130914,top,UNKNOWN,False,False,False
Overbot Vol Spike,Overflow,TFC,2023-12-07,2,520.0,843.75,0.05308873006424832,0.1875,False,False,True,True,0.6172966092080521,2023-12-08,0.6162962962962963,2023,base,P2,P2,Time,87.24252491694352,92.90344025261759,92.91417165668663,94.50091651391435,91.89026333504052,bottom,Financial Services,False,False,False
Overbot Vol Spike,Overflow,HOPE,2023-12-13,2,273.0,185.64356435643566,1.0061574940488938,1.0,False,False,False,True,1.7848954845577854,2023-12-14,1.4705599999999999,2023,base,P1,P1,Mixed,97.06175298804781,97.75784753363229,97.90558510638297,98.0849292256453,97.70252871342709,top,Financial Services,False,False,False
Overbot Vol Spike,Overflow,FHN,2023-12-13,2,297.0,185.64356435643566,0.8584118618628909,1.0,False,True,False,False,2.000005873854217,2023-12-14,1.59984,2023,base,P1,P1,Target,89.59163346613546,86.08204617173227,94.46476063829788,97.83513738551207,91.99339441541943,bottom,Financial Services,False,False,False
Overbot Vol Spike,Overflow,HWC,2023-12-13,2,180.0,185.64356435643566,0.9505428396529767,1.0,False,False,False,True,0.955168578163871,2023-12-14,0.9695999999999999,2023,base,P1,P1,Mixed,89.01062416998671,92.47633283507723,97.57313829787235,98.85095753538718,94.47776320958087,top,Financial Services,False,False,False
Overbot Vol Spike,Overflow,FFIN,2023-12-13,2,138.0,185.64356435643566,0.7620097945775078,1.0,False,False,False,True,0.5707185698780161,2023-12-14,0.7433599999999999,2023,base,P1,P1,Mixed,94.53851261620187,90.68261086198306,97.78922872340425,99.01748542880932,95.50695940759962,top,Financial Services,False,False,False
Overbot Vol Spike,Overflow,PFG,2023-12-13,2,279.0,185.64356435643566,0.8546617073244102,1.0,False,False,False,True,1.8407062678719115,2023-12-14,1.5028799999999998,2023,base,P1,P1,Mixed,87.34745154343145,88.4898545519842,87.70668583752695,94.59751485683414,89.53537669744419,bottom,Financial Services,False,False,False
Overbot Vol Spike,Overflow,FCF,2023-12-13,2,262.0,185.64356435643566,1.1038479807707424,1.0,False,False,False,True,1.69232648027548,2023-12-14,1.4113066666666665,2023,base,P1,P1,Mixed,90.02324037184594,92.57598405580468,96.21010638297872,97.38551207327227,94.04871072097541,top,Financial Services,False,False,False
Overbot Vol Spike,Overflow,EWBC,2023-12-13,2,215.0,185.64356435643563,1.3140282549500641,1.0,False,False,False,True,1.265780597316912,2023-12-14,1.1581333333333335,2023,base,P1,P1,Mixed,85.92297476759629,87.2446437468859,94.98005319148936,96.86927560366362,91.25423682740879,bottom,Financial Services,False,False,False
Overbot Vol Spike,Overflow,UHS,2023-12-13,2,32.0,37.128712871287135,0.2233634675346534,0.2,False,False,False,True,0.7661099332374683,2023-12-14,0.8618666666666666,2023,base,P2,P2,Mixed,93.95750332005312,98.15645241654211,94.56449468085107,94.58784346378019,95.31657347030662,top,Healthcare,False,False,False
Overbot Vol Spike,Overflow,WAFD,2023-12-13,2,271.0,185.64356435643566,1.2309951653988114,1.0,False,False,False,True,1.7723476546905879,2023-12-14,1.4597866666666666,2023,base,P1,P1,Mixed,91.46746347941567,95.01743896362731,99.10239361702128,99.56702747710241,96.28858088429166,top,Financial Services,False,False,False
Overbot Vol Spike,Overflow,WBS,2023-12-13,2,234.0,185.64356435643566,0.9642022218665842,1.0,False,False,False,True,1.4408816376626465,2023-12-14,1.2604799999999998,2023,base,P1,P1,Mixed,93.35989375830013,93.77179870453412,96.01063829787235,98.03497085761865,95.29432540458131,top,Financial Services,False,False,False
Overbot Vol Spike,Overflow,XLRE,2023-12-13,2,214.0,185.64356435643563,1.3744328855005439,1.0,False,False,False,True,1.2612927072789921,2023-12-14,1.1527466666666668,2023,base,P1,P1,Mixed,97.95918367346938,93.91727493917274,96.97560975609755,99.6076508092202,97.11492979448997,top,Real Estate,False,False,False
Overbot Vol Spike,Overflow,AMSC,2023-12-13,2,41.0,37.128712871287135,0.166418848344114,0.2,False,False,False,True,1.1660379133573793,2023-12-14,1.1042666666666665,2023,base,P2,P2,Mixed,88.24701195219123,86.34778276033882,89.9434840425532,92.08992506244796,89.1570509543828,bottom,Industrials,False,False,False
Overbot Vol Spike,Overflow,ZION,2023-12-13,2,214.0,185.64356435643566,1.2956994936163864,1.0,False,False,False,True,1.2553184712472951,2023-12-14,1.1527466666666666,2023,base,P1,P1,Mixed,97.7589641434263,97.74123899684439,97.62300531914893,97.95170691090757,97.7687288425818,top,Financial Services,False,False,False
Overbot Vol Spike,Overflow,CVBF,2023-12-13,2,255.0,185.64356435643566,1.2833321607911998,1.0,False,False,False,True,1.6249938116772322,2023-12-14,1.3736,2023,base,P1,P1,Mixed,96.04913678618858,93.83823285168576,96.65890957446808,98.68442964196504,96.30767721357687,top,Financial Services,False,False,False
Overbot Vol Spike,Overflow,PFS,2023-12-13,2,195.0,185.64356435643563,0.989472051843962,1.0,False,False,False,True,1.086828309757945,2023-12-14,1.0504,2023,base,P1,P1,Mixed,97.41543139490688,98.17455790074159,98.72478111914732,98.8556170131604,98.29259685698905,top,Financial Services,False,False,False
Overbot Vol Spike,Liquid,KRE,2023-12-13,2,221.0,185.64356435643566,1.4365167632275166,1.0,False,False,False,True,1.320954525128629,2023-12-14,1.1904533333333331,2023,base,P1,P1,Mixed,96.20281946339246,96.74630261660978,98.31435079726651,99.15505823247317,97.60463277743548,top,Financial Services,False,False,False
Overbot Vol Spike,Overflow,PRU,2023-12-13,2,297.0,185.64356435643566,0.6682537292680177,1.0,False,True,False,False,2.00000479231495,2023-12-14,1.59984,2023,base,P1,P1,Target,86.8135838150289,94.16229893367071,91.98625180897251,95.90357078122167,92.21642633472345,bottom,Financial Services,False,False,False
Overbot Vol Spike,Liquid,KEY,2023-12-13,2,256.0,185.64356435643566,1.204098798157902,1.0,False,False,False,True,1.6315685017997377,2023-12-14,1.3789866666666666,2023,base,P1,P1,Mixed,96.21513944223108,94.58561700714168,96.01063829787235,99.33388842631142,96.53632079338914,top,Financial Services,False,False,False
Overbot Vol Spike,Liquid,IYR,2023-12-13,2,179.0,185.64356435643566,1.087383359936995,1.0,False,False,False,True,0.938802670749663,2023-12-14,0.9642133333333333,2023,base,P1,P1,Mixed,97.17332430602573,94.24216765453006,96.83050847457628,99.01511292239769,96.81527833938244,top,Real Estate,False,False,False
Overbot Vol Spike,Liquid,IWM,2023-12-13,2,149.0,185.64356435643566,1.0844629140600521,1.0,False,False,False,True,0.67647117250224,2023-12-14,0.8026133333333333,2023,base,P1,P1,Mixed,95.81293263548876,95.37162162162161,97.54860524091293,98.81436314363144,96.8868806604137,top,UNKNOWN,False,False,False
Overbot Vol Spike,Overflow,SBH,2023-12-13,2,148.0,185.64356435643566,1.0719753849820701,1.0,False,False,False,True,0.6642419250398705,2023-12-14,0.7972266666666666,2023,base,P1,P1,Mixed,97.71774569166278,98.9979025868096,98.97340177321512,99.67251461988305,98.84039116789263,top,Consumer Cyclical,False,False,False
Overbot Vol Spike,Overflow,SFNC,2023-12-13,2,48.0,185.64356435643563,0.6191716402564755,1.0,False,False,False,True,-0.23341949021395017,2023-12-14,0.25856,2023,base,P1,P1,Mixed,97.34395750332006,97.990367048663,98.67021276595744,99.08409658617818,98.27215847602967,top,Financial Services,False,False,False
Overbot Vol Spike,Liquid,IHI,2023-12-13,2,178.0,185.64356435643566,0.6006542167241584,1.0,False,False,False,True,0.9348086565227496,2023-12-14,0.9588266666666666,2023,base,P1,P1,Mixed,97.26923944933424,96.72538392050586,95.47818222925616,99.2973708068903,97.19254410149664,top,UNKNOWN,False,False,False
Overbot Vol Spike,Liquid,STT,2023-12-13,2,203.0,185.64356435643563,0.7691587310362199,1.0,False,False,False,True,1.159392707707227,2023-12-14,1.0934933333333334,2023,base,P1,P1,Mixed,85.82337317397078,94.05414382992858,86.86835106382979,93.80516236469609,90.13775760810631,bottom,Financial Services,False,False,False
Overbot Vol Spike,Overflow,AMRC,2023-12-13,2,297.0,185.64356435643566,0.7619370893349275,1.0,False,True,False,False,2.0000038421368216,2023-12-14,1.59984,2023,base,P1,P1,Target,88.43073272026105,92.66627078384798,95.33154921201307,99.16467780429595,93.89830763010451,bottom,Industrials,False,False,False
Overbot Vol Spike,Overflow,HELE,2023-12-13,2,228.0,185.64356435643563,0.781142616572456,1.0,False,False,False,True,1.3844677023043943,2023-12-14,1.2281600000000001,2023,base,P1,P1,Mixed,93.65869853917663,85.68344128882246,92.83577127659575,94.12156536219817,91.57486911669825,bottom,Consumer Defensive,False,False,False
Overbot Vol Spike,Overflow,AES,2023-12-13,2,297.0,185.64356435643566,0.850941843137114,1.0,False,True,False,False,2.0000063376372457,2023-12-14,1.59984,2023,base,P1,P1,Target,96.92895086321381,93.60571333665504,94.88031914893617,96.85262281432139,95.5669015407816,top,Utilities,False,False,False
Overbot Vol Spike,Overflow,FNB,2023-12-13,2,183.0,185.64356435643566,0.9656248404466315,1.0,False,False,False,True,0.983090346754835,2023-12-14,0.9857599999999999,2023,base,P1,P1,Mixed,93.04448871181938,94.02092675635276,97.87234042553192,98.85095753538718,95.94717835727282,top,Financial Services,False,False,False
Overbot Vol Spike,Overflow,HCA,2023-12-13,2,261.0,185.64356435643563,0.6801631004082104,1.0,False,False,False,True,1.6806232118422981,2023-12-14,1.40592,2023,base,P1,P1,Mixed,85.82995951417004,93.39152119700748,90.41523571651577,95.11278195488721,91.18737459564512,bottom,Healthcare,False,False,False
Overbot Vol Spike,Overflow,BKU,2023-12-13,2,232.0,185.64356435643566,1.1346435810184812,1.0,False,False,False,True,1.4179766242976428,2023-12-14,1.2497066666666665,2023,base,P1,P1,Mixed,98.02408150663786,97.71322620519159,98.1120396162179,99.75155279503105,98.40022503076959,top,Financial Services,False,False,False
Overbot Vol Spike,Liquid,VNQ,2023-12-13,2,206.0,185.64356435643566,1.238677169242789,1.0,False,False,False,True,1.1858312083628302,2023-12-14,1.1096533333333332,2023,base,P1,P1,Mixed,96.37980968142325,93.00351894017803,96.49813510153335,98.67082035306335,96.13807101904949,top,Real Estate,False,False,False
Overbot Vol Spike,Overflow,BFH,2023-12-13,2,246.0,185.64356435643566,0.7094593273405463,1.0,False,False,False,True,1.5461738292817708,2023-12-14,1.3251199999999999,2023,base,P1,P1,Mixed,95.1219512195122,97.55968169761273,98.08849557522123,97.12715020393686,96.97431967407077,top,Financial Services,False,False,False
Overbot Vol Spike,Overflow,CRL,2023-12-12,2,-3452.0,900.0,0.03459279310526832,0.2,False,False,True,True,-3.845914556563686,2023-12-13,-3.8355555555555556,2023,base,P2,P2,Time,89.12417414873794,92.8135593220339,91.16200169635285,98.52141400407885,92.90528729280088,bottom,Healthcare,False,False,False
Overbot Vol Spike,Overflow,NWBI,2023-12-13,2,165.0,185.64356435643566,0.5125827479202244,1.0,False,False,False,True,0.8140699119636129,2023-12-14,0.8887999999999999,2023,base,P1,P1,Mixed,95.33532536520585,92.74206942368377,97.12433510638297,97.48542880932555,95.67178967614953,top,Financial Services,False,False,False
Overbot Vol Spike,Overflow,CBSH,2023-12-13,2,297.0,185.64356435643566,1.039231191532237,1.0,False,True,False,False,2.0000076102115045,2023-12-14,1.59984,2023,base,P1,P1,Target,98.00796812749005,94.0873609035044,99.33510638297872,99.93338884263115,97.84095606415107,top,Financial Services,False,False,False
Overbot Vol Spike,Overflow,AUB,2023-12-13,2,142.0,185.64356435643563,1.0276091230540003,1.0,False,False,False,True,0.6085729339059636,2023-12-14,0.7649066666666667,2023,base,P1,P1,Mixed,95.33532536520585,94.53579139677795,96.57579787234043,94.67110741049126,95.27950551120387,top,Financial Services,False,False,False
Overbot Vol Spike,Overflow,FULT,2023-12-13,2,232.0,185.64356435643566,0.7934239894299961,1.0,False,False,False,True,1.415432894550768,2023-12-14,1.2497066666666665,2023,base,P1,P1,Mixed,96.64674634794157,97.45889387144993,98.1216755319149,98.0849292256453,97.57806124423792,top,Financial Services,False,False,False
Overbot Vol Spike,Overflow,ASH,2023-12-13,2,297.0,185.64356435643563,0.6511083468391459,1.0,False,True,False,False,2.000004535699865,2023-12-14,1.5998400000000002,2023,base,P1,P1,Target,94.95351925630811,90.78226208271052,96.30984042553192,97.91840133222316,94.99100577419343,top,Basic Materials,False,False,False
Overbot Vol Spike,Overflow,GPN,2023-12-13,2,297.0,185.64356435643563,0.4477522875229891,1.0,False,True,False,False,2.0000078450282146,2023-12-14,1.5998400000000002,2023,base,P1,P1,Target,96.7725143154607,96.52777777777779,96.33362293657689,98.06754874651811,96.92536594408338,top,Financial Services,False,False,False
Overbot Vol Spike,Overflow,BN,2023-12-13,2,170.0,185.64356435643566,0.3455056999513463,1.0,False,False,False,True,0.8651788813496328,2023-12-14,0.9157333333333333,2023,base,P1,P1,Mixed,97.37715803452855,96.01395117090185,91.00731382978722,98.28476269775187,95.67079643324237,top,Financial Services,False,False,False
Overbot Vol Spike,Overflow,CBRE,2023-12-13,2,-221.0,185.64356435643563,1.0606071575783664,1.0,False,False,True,True,-1.1925813172787543,2023-12-14,-1.1904533333333334,2023,base,P1,P1,Time,91.9959266802444,87.26309353984104,88.02529579763362,94.37742792884892,90.415435986642,bottom,Real Estate,False,False,False
Overbot Vol Spike,Overflow,LNC,2023-12-14,2,827.0,1578.947368421052,0.2659709863275577,1.0,False,False,False,True,0.2059593342585472,2023-12-15,0.5237666666666668,2023,base,P1,P1,Mixed,98.4564315352697,97.27665227499169,96.1941166694366,94.35564435564436,96.57071120883559,top,Financial Services,False,False,False
Overbot Vol Spike,Liquid,SCHW,2023-12-13,2,-55.0,185.64356435643563,0.9198497817775823,1.0,False,False,True,True,-0.29378878342618375,2023-12-14,-0.2962666666666667,2023,base,P1,P1,Time,87.81540504648075,90.86530476665006,93.88297872340425,97.95170691090757,92.62884886186066,bottom,Financial Services,False,False,False
Overbot Vol Spike,Liquid,BAC,2023-12-13,2,-108.0,185.64356435643566,0.9559855108603051,1.0,False,False,True,True,-0.5851041081457278,2023-12-14,-0.5817599999999999,2023,base,P1,P1,Time,91.88247011952191,88.34080717488789,86.60239361702128,94.77102414654455,90.39917376449391,bottom,Financial Services,False,False,False
Overbot Vol Spike,Liquid,RF,2023-12-13,2,-4.0,185.64356435643563,1.3773533320675908,1.0,False,False,True,True,-0.02216142318898505,2023-12-14,-0.02154666666666667,2023,base,P1,P1,Time,90.1726427622842,93.5226706527155,94.64760638297872,97.58534554537886,93.98206633583932,bottom,Financial Services,False,False,False
Overbot Vol Spike,Liquid,VFC,2023-12-13,2,297.0,185.64356435643563,0.9472371671884928,1.0,False,True,False,False,2.000005498158209,2023-12-14,1.5998400000000002,2023,base,P1,P1,Target,90.70385126162019,85.40109616342801,95.74468085106383,99.90008326394671,92.93742788501469,bottom,Consumer Cyclical,False,False,False
Overbot Vol Spike,Overflow,HUBG,2023-12-14,2,884.0,1578.9473684210518,0.31476600426216145,1.0,False,False,False,True,0.26645639527545434,2023-12-15,0.559866666666667,2023,base,P1,P1,Mixed,93.64315352697096,92.52739953503819,95.49609439920226,91.24209124209123,93.22718467582567,bottom,Industrials,False,False,False
Overbot Vol Spike,Overflow,APH,2023-12-14,2,52.0,62.989921612541956,0.12070463636584329,0.0399,False,False,False,True,0.7268965370737444,2023-12-15,0.8255288888888894,2023,base,P2,P2,Mixed,91.26970954356847,93.59016937894388,91.92288515871697,89.34398934398934,91.53168835630466,bottom,Technology,False,False,False
3x ETF Overbot Fade,Liquid,TNA,2023-12-13,1,2111.0,4500.0,1.082154610290526,1.0,False,False,True,False,,2023-12-14,0.4691111111111111,2023,base,P1,P1,Time,96.01583113456465,95.48455241616055,97.35589635113696,98.43542826836384,96.8229270425565,top,UNKNOWN,False,False,False
Overbot Vol Spike,Overflow,JBHT,2023-12-14,2,79.0,62.98992161254196,0.05953524073784856,0.0399,False,False,False,True,1.4422319241414554,2023-12-15,1.2541688888888896,2023,base,P2,P2,Mixed,94.05809128630706,93.24144802391233,91.30796077779625,89.94338994338995,92.1377225078514,bottom,Industrials,False,False,False
Overbot Vol Spike,Overflow,FITB,2023-12-13,2,-255.0,185.64356435643563,1.0444338439559808,1.0,False,False,True,True,-1.3740430988520653,2023-12-14,-1.3736000000000002,2023,base,P1,P1,Time,94.35590969455512,93.3233682112606,97.02460106382979,98.13488759367193,95.70969164082936,top,Financial Services,False,False,False
Overbot Vol Spike,Liquid,MS,2023-12-13,2,-249.0,185.64356435643563,0.9483553277028861,1.0,False,False,True,True,-1.3423028362295244,2023-12-14,-1.34128,2023,base,P1,P1,Time,88.08100929614874,93.63893041023086,90.625,91.99000832639467,91.08373700819357,bottom,Financial Services,False,False,False
Overbot Vol Spike,Overflow,COLB,2023-12-13,2,186.0,185.64356435643566,1.1311800546932076,1.0,False,False,False,True,1.0028482647852373,2023-12-14,1.00192,2023,base,P1,P1,Mixed,95.50132802124834,95.01743896362731,97.58976063829788,98.46794338051623,96.64411775092245,top,Financial Services,False,False,False
Overbot Vol Spike,Overflow,FIBK,2023-12-13,2,176.0,185.64356435643566,1.2796285787588775,1.0,False,False,False,True,0.9126477959907541,2023-12-14,0.9480533333333332,2023,base,P1,P1,Mixed,98.98668210770121,99.07273254129237,99.3905977945444,100.0,99.3625031108845,top,Financial Services,False,False,False
Overbot Vol Spike,Overflow,CRL,2023-12-13,2,-130.0,185.64356435643566,0.7733846621358047,1.0,False,False,True,True,-0.6978912707056074,2023-12-14,-0.7002666666666666,2023,base,P1,P1,Time,96.6971544715447,96.30571089645824,95.31886024423338,99.4732370433305,96.9487406638917,top,Healthcare,False,False,False
Overbot Vol Spike,Overflow,EFX,2023-12-13,2,-47.0,185.64356435643566,0.6088861742549679,1.0,False,False,True,True,-0.25377896472065387,2023-12-14,-0.2531733333333333,2023,base,P1,P1,Time,95.89973439575033,96.92742069423684,97.2905585106383,99.90008326394671,97.50444921614306,top,Industrials,False,False,False
Overbot Vol Spike,Overflow,BC,2023-12-13,2,-240.0,185.64356435643566,1.016818117974102,1.0,False,False,True,True,-1.2969194508576658,2023-12-14,-1.2928,2023,base,P1,P1,Time,90.12284196547145,90.84869622986214,92.17087765957447,97.13572023313905,92.5695340220118,bottom,Consumer Cyclical,False,False,False
Overbot Vol Spike,Overflow,ASB,2023-12-13,2,57.0,185.64356435643563,1.3447181223653044,1.0,False,False,True,True,0.3087753106188591,2023-12-14,0.30704000000000004,2023,base,P1,P1,Time,94.73771580345286,94.68526822786913,98.4873670212766,99.28393005828477,96.79857027772084,top,Financial Services,False,False,False
Overbot Vol Spike,Overflow,BEN,2023-12-13,2,-132.0,185.64356435643566,1.1219537399645798,1.0,False,False,True,True,-0.7134066504590629,2023-12-14,-0.7110399999999999,2023,base,P1,P1,Time,98.90438247011953,97.01046337817638,96.80851063829788,99.05079100749376,97.94353687352188,top,Financial Services,False,False,False
Overbot Vol Spike,Liquid,PSA,2023-12-13,2,80.0,185.64356435643566,1.023890330738005,1.0,False,False,True,True,0.42884401030296565,2023-12-14,0.4309333333333333,2023,base,P1,P1,Time,94.04050464807437,96.1302109284172,98.4375,98.8676103247294,96.86895647530525,top,Real Estate,False,False,False
Overbot Vol Spike,Liquid,SHW,2023-12-13,2,58.0,185.64356435643566,0.5911375992252457,1.0,False,False,True,True,0.3153858087029159,2023-12-14,0.31242666666666663,2023,base,P1,P1,Time,95.2191235059761,94.41953163926257,98.03856382978722,99.31723563696919,96.74861365299877,top,Basic Materials,False,False,False
Overbot Vol Spike,Overflow,GBCI,2023-12-13,2,142.0,185.64356435643566,1.2931479053407497,1.0,False,False,False,True,0.6063105541183651,2023-12-14,0.7649066666666666,2023,base,P1,P1,Mixed,96.09893758300133,97.70802192326856,99.05252659574468,99.56702747710241,98.10662839477925,top,Financial Services,False,False,False
Overbot Vol Spike,Overflow,HBAN,2023-12-13,2,20.0,185.64356435643563,1.2761392167077004,1.0,False,False,True,True,0.10812086175561408,2023-12-14,0.10773333333333333,2023,base,P1,P1,Time,89.64143426294821,90.59956817804351,95.42885638297872,97.23563696919234,93.2263739482907,bottom,Financial Services,False,False,False
Overbot Vol Spike,Overflow,IVZ,2023-12-13,2,-112.0,185.64356435643566,1.1520492854657964,1.0,False,False,True,True,-0.6024229195384133,2023-12-14,-0.6033066666666667,2023,base,P1,P1,Time,97.04515272244356,94.96761335326357,95.9940159574468,97.93505412156536,96.48545903867983,top,Financial Services,False,False,False
Overbot Vol Spike,Overflow,HOMB,2023-12-13,2,102.0,185.64356435643566,0.3337732245181455,1.0,False,False,True,True,0.5460119970846841,2023-12-14,0.5494399999999999,2023,base,P1,P1,Time,92.40391175801683,93.42284934000911,96.08111187058556,97.7843764275925,94.92306234905101,top,Financial Services,False,False,False
Overbot Vol Spike,Overflow,LAZ,2023-12-13,2,-3.0,185.64356435643566,0.3076910518835052,1.0,False,False,True,True,-0.01922777145311764,2023-12-14,-0.016159999999999997,2023,base,P1,P1,Time,90.43348281016442,91.21794871794872,96.53475935828877,99.16380789022298,94.33749969415622,top,Financial Services,False,False,False
Overbot Vol Spike,Overflow,PB,2023-12-13,2,95.0,185.64356435643566,1.063485452515568,1.0,False,False,True,True,0.5112676674115509,2023-12-14,0.5117333333333333,2023,base,P1,P1,Time,89.82403718459496,86.8792559375519,93.7001329787234,97.83513738551207,92.05964087159558,bottom,Financial Services,False,False,False
Overbot Vol Spike,Overflow,LNC,2023-12-13,2,18.0,185.64356435643566,0.9866745209677181,1.0,False,False,True,True,0.09666901632261636,2023-12-14,0.09695999999999999,2023,base,P1,P1,Time,95.78353253652058,94.63544261750539,89.0625,95.72023313905079,93.80042707326919,bottom,Financial Services,False,False,False
Overbot Vol Spike,Overflow,MKSI,2023-12-13,2,-182.0,185.64356435643566,0.6144115996606938,1.0,False,False,True,True,-0.977294623191674,2023-12-14,-0.9803733333333332,2023,base,P1,P1,Time,87.15139442231076,92.49294137186513,85.6216755319149,97.55203996669442,90.7045128231963,bottom,Technology,False,False,False
Overbot Vol Spike,Overflow,MTB,2023-12-13,2,251.0,185.64356435643566,0.4317128108561127,1.0,False,False,False,True,1.58696270307634,2023-12-14,1.352053333333333,2023,base,P1,P1,Mixed,94.12350597609563,93.82162431489786,95.74468085106383,98.10158201498751,95.44784828926122,top,Financial Services,False,False,False
Overbot Vol Spike,Overflow,MTZ,2023-12-13,2,231.0,185.64356435643566,0.6996619912519826,1.0,False,False,False,True,1.4124660454574056,2023-12-14,1.2443199999999999,2023,base,P1,P1,Mixed,91.58366533864542,92.90815479156286,96.07712765957447,98.61781848459617,94.79669156859474,top,Industrials,False,False,False
Overbot Vol Spike,Overflow,ORA,2023-12-13,2,193.0,185.64356435643566,0.8002985012993065,1.0,False,False,False,True,1.0647743367755862,2023-12-14,1.0396266666666665,2023,base,P1,P1,Mixed,95.5860920258172,88.125,88.98852971845672,98.1814381270903,92.72026496784106,bottom,Utilities,False,False,False
Overbot Vol Spike,Overflow,OZK,2023-12-13,2,109.0,185.64356435643566,1.0740697936739516,1.0,False,False,True,True,0.5870123417305811,2023-12-14,0.5871466666666666,2023,base,P1,P1,Time,96.86254980079681,96.08038531805349,97.32380319148936,98.5345545378851,97.20032321205619,top,Financial Services,False,False,False
Overbot Vol Spike,Overflow,UCB,2023-12-13,2,100.0,185.64356435643563,0.635736215906943,1.0,False,False,True,True,0.5426898167147093,2023-12-14,0.5386666666666667,2023,base,P1,P1,Time,95.6672760511883,96.59776842875435,97.38191138777005,97.1197945331132,96.69168760020646,top,Financial Services,False,False,False
Overbot Vol Spike,Overflow,RRX,2023-12-13,2,-140.0,185.64356435643563,0.8840236015989367,1.0,False,False,True,True,-0.7577305515405719,2023-12-14,-0.7541333333333334,2023,base,P1,P1,Time,93.37649402390437,96.94402923102474,98.4375,98.9841798501249,96.93555077626351,top,Industrials,False,False,False
Overbot Vol Spike,Overflow,SSB,2023-12-13,2,78.0,185.64356435643563,0.682377172976325,1.0,False,False,True,True,0.41997077046568765,2023-12-14,0.42016000000000003,2023,base,P1,P1,Time,93.44289508632137,93.04102308586614,96.9248670212766,98.36802664446294,95.44420295948176,top,Financial Services,False,False,False
Overbot Vol Spike,Overflow,SBCF,2023-12-13,2,75.0,185.64356435643563,0.9591372815002025,1.0,False,False,True,True,0.40661081396445836,2023-12-14,0.404,2023,base,P1,P1,Time,95.0199203187251,96.4623816641754,98.3876329787234,98.71773522064946,97.14691754556833,top,Financial Services,False,False,False
Overbot Vol Spike,Overflow,TFC,2023-12-13,2,205.0,185.64356435643563,1.4319578041239325,1.0,False,False,False,True,1.176040035540988,2023-12-14,1.1042666666666667,2023,base,P1,P1,Mixed,90.98605577689243,95.51569506726457,96.06050531914893,98.30141548709409,95.21591791260002,top,Financial Services,False,False,False
Overbot Vol Spike,Liquid,SPG,2023-12-13,2,-67.0,185.64356435643563,0.5528189913068458,1.0,False,False,True,True,-0.3594252579253302,2023-12-14,-0.3609066666666667,2023,base,P1,P1,Time,92.89508632138114,96.41255605381166,98.55385638297872,98.58451290591174,96.61150291602081,top,Real Estate,False,False,False
Overbot Vol Spike,Liquid,USB,2023-12-13,2,108.0,185.64356435643566,1.4927587035483505,1.0,False,False,True,True,0.5794134828467891,2023-12-14,0.5817599999999999,2023,base,P1,P1,Time,96.26494023904382,97.30941704035875,97.6063829787234,98.9841798501249,97.54123002706272,top,Financial Services,False,False,False
Overbot Vol Spike,Overflow,PNFP,2023-12-13,2,169.0,185.64356435643566,0.9113504643325265,1.0,False,False,False,True,0.850827644537671,2023-12-14,0.9103466666666665,2023,base,P1,P1,Mixed,91.59133549377452,90.23890784982936,97.38684884713919,98.4599589322382,94.41926278074531,top,Financial Services,False,False,False
Overbot Vol Spike,Overflow,WAL,2023-12-13,2,90.0,185.64356435643566,1.0972224340427383,1.0,False,False,True,True,0.4814713030506135,2023-12-14,0.48479999999999995,2023,base,P1,P1,Time,95.77859142795606,96.55172413793103,96.50485436893203,98.91868512110726,96.93846376398159,top,Financial Services,False,False,False
Overbot Vol Spike,Overflow,TRN,2023-12-13,2,297.0,185.64356435643566,0.8577986514954419,1.0,False,True,False,False,2.000005685607087,2023-12-14,1.59984,2023,base,P1,P1,Target,86.10557768924303,90.96495598737752,91.93816489361703,91.14071606994172,90.03735366004483,bottom,Industrials,False,False,False
Overbot Vol Spike,Overflow,WBD,2023-12-13,2,188.0,185.64356435643566,0.4516119367370272,1.0,False,False,False,True,1.0249038397537724,2023-12-14,1.0126933333333332,2023,base,P1,P1,Mixed,90.19185169217504,94.99568593615186,92.57179874757072,96.08225108225108,93.46039686453716,bottom,Communication Services,False,False,False
Overbot Vol Spike,Overflow,PNC,2023-12-13,2,28.0,185.64356435643566,1.1266172533107528,1.0,False,False,True,True,0.15452919673888107,2023-12-14,0.15082666666666666,2023,base,P1,P1,Time,93.54249667994688,90.89852184022588,96.44281914893617,98.7510407993339,94.9087196171107,top,Financial Services,False,False,False
3x ETF Overbot Fade,Liquid,LABU,2023-12-14,1,270.0,3125.0,0.12390506959457818,1.0,False,False,True,False,,2023-12-15,0.0864,2023,base,P2,P1,Time,98.18773234200744,91.67054443927408,97.90111940298507,98.59353023909986,96.58823160584163,top,UNKNOWN,False,False,False
3x ETF Overbot Fade,Liquid,UDOW,2023-12-14,1,-3016.0,3125.0,-0.3194491314119423,1.0,False,False,True,False,,2023-12-15,-0.96512,2023,base,P2,P1,Time,92.79356876256101,93.96551724137932,90.35971223021583,96.04503464203233,93.29095821904713,bottom,UNKNOWN,False,False,False
3x ETF Overbot Fade,Liquid,TMF,2023-12-14,1,1187.0,3125.0,-0.22493121273603037,1.0,False,False,True,False,,2023-12-15,0.37984,2023,base,P2,P1,Time,99.72907071254402,97.69522776572668,99.61987510181916,98.91067538126362,98.98871224033837,top,UNKNOWN,False,False,False
3x ETF Overbot Fade,Liquid,TNA,2023-12-19,1,334.0,4500.0,-0.12380357266123813,1.0,False,False,True,False,,2023-12-20,0.07422222222222222,2023,base,P2,P1,Time,86.7949393779652,98.44368240569771,98.04543053354465,97.6158940397351,95.22498658923567,top,UNKNOWN,False,False,False
Overbot Vol Spike,Overflow,WAFD,2023-12-22,2,442.0,900.0,0.08935915805098286,0.2,False,False,True,True,0.49183992825534617,2023-12-26,0.4911111111111111,2023,base,P2,P2,Time,94.27955562924888,86.11479761114798,94.18894238751453,99.2348636061211,93.45453980850813,bottom,Financial Services,False,False,False
Overbot Vol Spike,Overflow,MXL,2023-12-22,2,145.0,900.0,0.11290343806490899,0.2,False,False,True,True,0.16039556983016756,2023-12-26,0.16111111111111112,2023,base,P2,P2,Time,96.30164692285467,92.59687680740313,98.08861859252823,98.19872167344566,96.29646599905793,top,Technology,False,False,False
Overbot Vol Spike,Overflow,DLTR,2023-12-26,2,94.0,703.125,0.028465386633063083,0.1562,False,False,True,True,0.13332732913247233,2023-12-27,0.13368888888888888,2023,base,P2,P2,Time,93.16976127320955,93.63078454138332,93.49269588313412,96.50756693830034,94.20020215900682,top,Consumer Defensive,False,False,False
Overbot Vol Spike,Overflow,ECHO,2023-12-26,2,-1030.0,703.125,0.05008940912014823,0.1562,False,False,True,True,-1.4664546752693655,2023-12-27,-1.464888888888889,2023,base,P2,P2,Time,95.22625559423173,97.71087335157999,97.68310911808669,99.90007494379216,97.63007825192264,top,ETF/Index,False,False,False
Overbot Vol Spike,Overflow,ECHO,2023-12-27,2,27.0,900.0,0.04882298104524059,0.2,False,False,True,True,0.02986076606938188,2023-12-28,0.03,2023,base,P2,P2,Time,96.6940094456873,94.6268656716418,99.25280199252802,99.9000999000999,97.61844425248925,top,ETF/Index,False,False,False
3x ETF Overbot Fade,Liquid,LABU,2023-12-27,1,3901.0,4500.0,-0.042287567309402294,1.0,False,False,True,False,,2023-12-28,0.8668888888888889,2023,base,P2,P1,Time,90.64814814814814,85.48910523875753,97.90892193308551,99.11256422232601,93.2896848855793,bottom,UNKNOWN,False,False,False
Overbot Vol Spike,Liquid,MRK,2024-01-02,2,-4211.0,4500.0,0.5886269646284359,1.0,False,False,True,True,-0.9358954962270619,2024-01-03,-0.9357777777777778,2024,recent,P1,P1,Time,96.47117296222663,93.90021548151832,94.80756469807564,94.91440917400698,95.02334057895689,top,Healthcare,False,False,False
Overbot Vol Spike,Liquid,MRK,2024-01-03,2,-190.0,4500.0,0.6241047642168608,1.0,False,False,True,True,-0.042329208264881846,2024-01-04,-0.042222222222222223,2024,recent,P1,P1,Time,98.40980619513003,96.8677494199536,95.57140487643059,95.48022598870057,96.5822966200537,top,Healthcare,False,False,False
Overbot Vol Spike,Overflow,MOD,2024-02-26,2,872.0,4500.0,0.37688253693404683,1.0,False,False,True,True,0.1939001951942499,2024-02-27,0.19377777777777777,2024,recent,P1,P1,Time,94.2697184258192,89.17627677100495,94.98763396537511,95.9200528576148,93.58842050495352,bottom,Consumer Cyclical,False,False,False
Overbot Vol Spike,Overflow,HUBB,2024-03-01,2,7137.0,4464.285714285715,0.2909739875643914,1.0,False,True,False,False,1.999997125444336,2024-03-04,1.5986879999999999,2024,recent,P1,P1,Target,94.43804508803686,93.10174514323344,92.8983358049102,96.83063717398481,94.31719080254133,top,Industrials,False,False,False
Overbot Vol Spike,Overflow,MSTR,2024-03-01,2,7136.0,4464.285714285714,1.5659710891453398,1.0,False,True,False,False,1.9999926226282034,2024-03-04,1.598464,2024,recent,P1,P1,Target,96.7911798584828,99.68719130721107,98.68182567144504,99.76890062726973,98.73227436610216,top,Technology,False,False,False
Overbot Vol Spike,Overflow,CLS,2024-03-01,2,-190.0,892.8571428571429,0.015465256895178676,0.2,False,False,True,True,-0.21391243984232702,2024-03-04,-0.2128,2024,recent,P2,P2,Time,97.92660852394273,95.12676983865657,91.94265941670785,97.34235721360184,95.58459874822725,top,Technology,False,False,False
Overbot Vol Spike,Overflow,MSTR,2024-03-07,2,-1322.0,900.0,0.23587435310202978,0.2,False,False,True,True,-1.4833568860424922,2024-03-08,-1.468888888888889,2024,recent,P2,P2,Time,99.19421147837527,98.00921355709114,99.60480816729788,99.9340151765094,99.18556209481844,top,Technology,False,False,False
Overbot Vol Spike,Overflow,MSTR,2024-03-12,2,1593.0,4500.0,0.4493506536450196,1.0,False,False,False,True,-0.07494466158318781,2024-03-13,0.354,2024,recent,P1,P1,Mixed,96.51545036160421,99.60532807104094,99.57208689927583,99.81863149216818,98.87787420602228,top,Technology,False,False,False
Overbot Vol Spike,Overflow,SMG,2024-03-20,2,80.0,900.0,0.22509631691791163,0.2,False,False,True,True,0.08948486456549246,2024-03-21,0.08888888888888889,2024,recent,P2,P2,Time,93.38259441707719,91.14506324954822,87.17527129233804,97.89161587876791,92.39863620943282,bottom,Basic Materials,False,False,False
Overbot Vol Spike,Overflow,BMA,2024-03-20,2,-2307.0,4500.0,0.3269109540513262,1.0,False,False,True,True,-0.5126994556646939,2024-03-21,-0.5126666666666667,2024,recent,P1,P1,Time,89.94475138121547,95.64352056612118,94.00044277175115,99.09010208610741,94.6697042012988,top,Financial Services,False,False,False
Overbot Vol Spike,Liquid,TGT,2024-03-28,2,6785.0,4500.0,0.5214929614991785,1.0,False,False,False,True,1.8464549897219766,2024-04-01,1.5077777777777779,2024,recent,P1,P1,Mixed,87.61482939632546,87.34613490891186,91.27792378449409,96.47852558828369,90.67935341950377,bottom,Consumer Defensive,False,False,False
Overbot Vol Spike,Liquid,GLD,2024-04-01,2,-1845.0,4500.0,0.5918164939537581,1.0,False,False,True,True,-0.40995823119040464,2024-04-02,-0.41,2024,recent,P1,P1,Time,94.33381235885855,94.12489728841413,88.09376927822332,96.04286892003297,93.14883696138224,bottom,Commodity,False,False,False
Overbot Vol Spike,Overflow,PSX,2024-04-02,2,537.0,900.0,0.19474212539678235,0.2,False,False,True,True,0.5991262832809939,2024-04-03,0.5966666666666667,2024,recent,P2,P2,Time,91.69435215946844,95.54373129364816,89.37375083277814,94.78435305917753,92.84904683626806,bottom,Energy,False,False,False
Overbot Vol Spike,Overflow,TPC,2024-04-03,2,1439.0,900.0,0.03778422971725822,0.2,False,True,False,False,2.000000737777257,2024-04-04,1.5988888888888888,2024,recent,P2,P2,Target,94.34333497294638,95.91535433070865,96.38811361024462,97.31907894736842,95.99147046531702,top,Industrials,False,False,False
Overbot Vol Spike,Overflow,PAAS,2024-04-02,2,-2069.0,900.0,0.24628395902170122,0.2,False,False,True,True,-2.300071542984342,2024-04-03,-2.298888888888889,2024,recent,P2,P2,Time,87.2909150541161,95.980311730927,88.30870279146141,93.65027142622142,91.30755025068149,bottom,Basic Materials,False,False,False
Overbot Vol Spike,Overflow,AA,2024-04-02,2,271.0,900.0,0.19782470215723566,0.2,False,False,True,True,0.30108333425457834,2024-04-03,0.3011111111111111,2024,recent,P2,P2,Time,92.62053132174483,95.96390484003281,94.58128078817734,97.28573778582003,95.11286368394377,top,Basic Materials,False,False,False
Overbot Vol Spike,Overflow,PAAS,2024-04-08,2,-338.0,4500.0,0.7710556773097784,1.0,False,False,False,True,-0.792116826709649,2024-04-09,-0.07511111111111111,2024,recent,P1,P1,Mixed,96.21435594886923,98.86866699458928,99.39284542172628,97.20532631925037,97.9202986711088,top,Basic Materials,False,False,False
Overbot Vol Spike,Overflow,GGAL,2024-05-03,2,22.0,4500.0,0.2779881889057437,1.0,False,False,True,True,0.004749979607555423,2024-05-06,0.004888888888888889,2024,recent,P1,P1,Time,90.33444816053512,92.77229379287267,94.62491627595445,95.18537158194934,93.22925745282788,bottom,Financial Services,False,False,False
Overbot Vol Spike,Liquid,NEE,2024-05-08,2,-258.0,900.0,0.09846085297592458,0.2,False,False,True,True,-0.287039255648237,2024-05-09,-0.2866666666666667,2024,recent,P2,P2,Time,90.39843239712606,97.40238523117138,98.03793328973185,96.85503685503686,95.67344694326654,top,Utilities,False,False,False
Overbot Vol Spike,Liquid,NEE,2024-05-14,2,3601.0,4500.0,0.3778206228217867,1.0,False,False,False,True,0.6675525969845771,2024-05-15,0.8002222222222222,2024,recent,P1,P1,Mixed,89.89882506527415,94.62857142857143,99.29738562091504,99.75446063185464,95.89481068665381,top,Utilities,False,False,False
Overbot Vol Spike,Liquid,UNG,2024-05-16,2,-2132.0,4500.0,0.5513927953509787,1.0,False,False,True,True,-0.4738228891853199,2024-05-17,-0.4737777777777778,2024,recent,P1,P1,Time,93.27750639683647,90.08379888268156,98.5784199487299,97.66355140186917,94.90081915752927,top,Energy,False,False,False
Overbot Vol Spike,Overflow,MSTR,2024-05-17,2,289.0,900.0,0.10658643935512453,0.2,False,False,True,True,0.3236464210466224,2024-05-20,0.3211111111111111,2024,recent,P2,P2,Time,89.21872451476105,98.7597911227154,96.40699003756329,92.99738219895288,94.34572196849815,top,Technology,False,False,False
Overbot Vol Spike,Liquid,UNG,2024-05-17,2,-870.0,900.0,0.2129275829302427,0.2,False,False,True,True,-0.9667300603253745,2024-05-20,-0.9666666666666667,2024,recent,P2,P2,Time,97.48837209302326,98.44077263206889,98.50885368126747,98.69189441719224,98.28247320588797,top,Energy,False,False,False
Overbot Vol Spike,Overflow,AMRC,2024-05-23,2,-8.0,900.0,0.06437834692373037,0.2,False,False,True,True,-0.009656589521312575,2024-05-24,-0.008888888888888889,2024,recent,P2,P2,Time,96.0080413555428,98.16039091693015,93.58088658606793,99.30695928385794,96.7640695355997,top,Industrials,False,False,False
Overbot Vol Spike,Overflow,TBBK,2024-07-10,2,-11427.0,4500.0,0.37144513701828885,1.0,False,False,True,True,-2.539957356425128,2024-07-11,-2.5393333333333334,2024,recent,P1,P1,Time,93.44485508655903,86.66796418840016,94.89577245275667,96.81764935572042,92.95656027085906,bottom,Financial Services,False,False,False
Overbot Vol Spike,Overflow,CGNX,2024-07-12,2,157.0,900.0,0.12053232329453306,0.2,False,False,True,True,0.17516854881146035,2024-07-15,0.17444444444444446,2024,recent,P2,P2,Time,85.32749675745784,92.00324412003245,88.9448051948052,92.76305090258579,89.75964924372032,bottom,Technology,False,False,False
Overbot Vol Spike,Overflow,EXLS,2024-07-15,2,255.0,4500.0,0.5943409297429577,1.0,False,False,True,True,0.05660630662132632,2024-07-16,0.056666666666666664,2024,recent,P1,P1,Time,92.68894370935186,89.13824057450628,87.8903617164682,92.95045045045045,90.6669991126942,bottom,Technology,False,False,False
Overbot Vol Spike,Overflow,CVSA,2024-07-17,2,707.0,900.0,0.00908990282361978,0.2,False,False,False,True,0.6454881895196387,2024-07-18,0.7855555555555556,2024,recent,P2,P2,Mixed,89.95796356842597,98.48909657320873,95.91582229150428,96.78326046221112,95.28653572383752,top,ETF/Index,False,False,False
Overbot Vol Spike,Overflow,GL,2024-08-23,2,-325.0,900.0,0.20467405907456884,0.2,False,False,True,True,-0.36102920954354584,2024-08-26,-0.3611111111111111,2024,recent,P2,P2,Time,94.80477573410778,91.60613397901534,96.89822294022618,96.50428871985758,94.95335534330172,top,Financial Services,False,False,False
Overbot Vol Spike,Overflow,CLX,2024-08-30,2,-5199.0,4500.0,0.6261503076183818,1.0,False,False,True,True,-1.1556830910129274,2024-09-03,-1.1553333333333333,2024,recent,P1,P1,Time,87.4254393035628,90.06451612903226,97.82082324455206,99.64424320827942,93.73875547135664,bottom,Consumer Defensive,False,False,False
Overbot Vol Spike,Liquid,IBM,2024-09-12,2,286.0,900.0,0.22757708090751547,0.2,False,False,True,True,0.31838458674469744,2024-09-13,0.31777777777777777,2024,recent,P2,P2,Time,93.81742070520045,92.07474226804123,92.64871836208286,93.8953488372093,93.10905754313347,bottom,Technology,False,False,False
Overbot Vol Spike,Overflow,BMA,2024-09-13,2,280.0,900.0,0.04236617543146202,0.2,False,False,False,True,-0.1458049887717118,2024-09-16,0.3111111111111111,2024,recent,P2,P2,Mixed,90.61760275446524,89.14728682170544,95.90428971761156,86.45203111495246,90.53030260218367,bottom,Financial Services,False,False,False
Overbot Vol Spike,Overflow,FIVE,2024-09-13,2,35.0,900.0,0.10027158846588097,0.2,False,False,True,True,0.039192625809369,2024-09-16,0.03888888888888889,2024,recent,P2,P2,Time,97.77486910994764,99.475925319358,99.0485564304462,99.67072769180112,98.99251963788824,top,Consumer Defensive,False,False,False
Overbot Vol Spike,Overflow,AMRC,2024-09-16,2,325.0,900.0,0.12243322883044053,0.2,False,False,True,True,0.36140288285863376,2024-09-17,0.3611111111111111,2024,recent,P2,P2,Time,87.58426966292134,97.38543716615126,92.53941441441441,94.35187800056481,92.96524981101295,bottom,Industrials,False,False,False
Overbot Vol Spike,Overflow,UAL,2024-09-17,2,941.0,900.0,0.05775709350303909,0.2,False,False,False,True,1.0792109636849214,2024-09-18,1.0455555555555556,2024,recent,P2,P2,Mixed,87.37988468930173,89.7008547008547,95.8716577540107,93.88936535162951,91.71044062394917,bottom,Industrials,False,False,False
Overbot Vol Spike,Overflow,SMG,2024-09-26,2,-327.0,900.0,0.22513221479729023,0.2,False,False,True,True,-0.3631531242761656,2024-09-27,-0.36333333333333334,2024,recent,P2,P2,Time,88.12088088731716,98.24702476680605,99.51714147754707,95.69493711705901,95.39499606218232,top,Basic Materials,False,False,False
Overbot Vol Spike,Overflow,BEP,2024-09-26,2,345.0,900.0,0.0763400740174513,0.2,False,False,True,True,0.3835895971560625,2024-09-27,0.38333333333333336,2024,recent,P2,P2,Time,89.54689146469968,95.25516659637285,91.78805150939414,96.25476089716463,93.21121761690782,bottom,Utilities,False,False,False
Overbot Vol Spike,Overflow,SMG,2024-09-27,2,120.0,900.0,0.02000976017126799,0.2,False,False,True,True,0.13382841671012238,2024-09-30,0.13333333333333333,2024,recent,P2,P2,Time,96.59273545483768,99.13169319826338,99.35629224332153,97.22714815411896,98.07696726263538,top,Basic Materials,False,False,False
Overbot Vol Spike,Overflow,EDU,2024-10-01,2,7196.0,4500.0,1.2375686759490252,1.0,False,True,False,False,1.9999964657933291,2024-10-02,1.5991111111111111,2024,recent,P1,P1,Target,88.83013879709188,98.67724867724867,99.05098212315163,96.8141592920354,95.8431322223819,top,Consumer Defensive,False,False,False
Overbot Vol Spike,Overflow,DQ,2024-10-04,2,1440.0,900.0,0.19178141803750773,0.2,False,True,False,False,1.9999955198534871,2024-10-07,1.6,2024,recent,P2,P2,Target,91.42045454545455,96.64486778504407,98.6617312072893,96.97229363039132,95.92483679204481,top,Technology,False,False,False
Overbot Vol Spike,Overflow,JKS,2024-10-04,2,1439.0,900.0,0.2285719587408873,0.2,False,True,False,False,1.999997649282636,2024-10-07,1.5988888888888888,2024,recent,P2,P2,Target,98.26014913007457,98.14814814814815,99.14198726819818,98.69516935036091,98.56136347419546,top,Technology,False,False,False
Overbot Vol Spike,Overflow,MSTR,2024-10-07,2,892.0,900.0,0.000896243953232148,0.2,False,False,False,True,0.9970989993954319,2024-10-08,0.9911111111111112,2024,recent,P2,P2,Mixed,97.30250481695568,90.28112449799197,94.87138263665594,97.48751811885971,94.98563251761583,top,Technology,False,False,False
Overbot Vol Spike,Overflow,EAT,2024-10-14,2,2297.0,4500.0,0.3498174624786214,1.0,False,False,True,True,0.5106510337944581,2024-10-15,0.5104444444444445,2024,recent,P1,P1,Time,95.74843574522703,89.58266452648476,95.71084337349399,97.03894431927905,94.5202219911212,top,Consumer Cyclical,False,False,False
Overbot Vol Spike,Overflow,PB,2024-11-12,2,955.0,900.0,0.12877387177397778,0.2,False,False,False,True,1.1041360150881419,2024-11-13,1.0611111111111111,2024,recent,P2,P2,Mixed,92.86856411896386,99.00815869460887,98.19084213896893,95.3327987169206,96.35009091736556,top,Financial Services,False,False,False
Overbot Vol Spike,Overflow,MSTR,2024-11-18,2,626.0,900.0,0.14420023825175268,0.2,False,False,False,True,0.5117936428417645,2024-11-19,0.6955555555555556,2024,recent,P2,P2,Mixed,98.08245445829338,92.70983213429257,99.29599999999999,98.47732008334668,97.14140166898316,top,Technology,False,False,False
Overbot Vol Spike,Overflow,CBSH,2024-11-22,2,4496.0,4500.0,0.3399828260638107,1.0,False,False,False,True,0.9986422504485806,2024-11-25,0.9991111111111111,2024,recent,P1,P1,Mixed,96.40689875439156,85.38105128614795,92.77262551966741,99.5995514976774,93.54003176447108,bottom,Financial Services,False,False,False
Overbot Vol Spike,Overflow,CNK,2024-11-29,2,3398.0,4500.0,0.5606991034799655,1.0,False,False,False,True,0.5923048653993148,2024-12-02,0.7551111111111111,2024,recent,P1,P1,Mixed,93.99684044233807,91.28274616079494,87.81370110784536,89.80054397098822,90.72345792049164,bottom,Communication Services,False,False,False
Overbot Vol Spike,Overflow,DAN,2024-12-04,2,1756.0,4500.0,0.2554755130361696,1.0,False,False,False,True,-0.016425283917185573,2024-12-05,0.39022222222222225,2024,recent,P1,P1,Mixed,96.0554120685607,98.80169172932331,99.05904493060457,98.49056603773585,98.1016786915561,top,Consumer Cyclical,False,False,False
Overbot Vol Spike,Overflow,TAC,2024-12-06,2,1440.0,900.0,0.22642428871994283,0.2,False,True,False,False,1.9999992538283191,2024-12-09,1.6,2024,recent,P2,P2,Target,99.88083077970718,99.77857264520524,99.60790998977157,99.47053800170794,99.68446285409799,top,Utilities,False,False,False
Overbot Vol Spike,Overflow,TAC,2024-12-16,2,824.0,900.0,0.11022725928289309,0.2,False,False,False,True,0.8602259256377232,2024-12-17,0.9155555555555556,2024,recent,P2,P2,Mixed,98.11224489795919,94.96341670920538,99.45504087193461,99.65876130353182,98.04736594565776,top,Utilities,False,False,False
Overbot Vol Spike,Overflow,CAMT,2025-01-17,2,3991.0,4500.0,0.29000582941810055,1.0,False,False,False,True,0.8119846086235986,2025-01-21,0.8868888888888888,2025,recent,P1,P1,Mixed,96.44133896652583,95.2528044220452,96.79466319557436,94.18092909535453,95.66743391987498,top,Technology,False,False,False
Overbot Vol Spike,Liquid,CVS,2025-01-24,2,-1764.0,4500.0,0.2705152282191557,1.0,False,False,True,True,-0.39216420375899896,2025-01-27,-0.392,2025,recent,P1,P1,Time,95.81085369723897,95.33259247499603,99.71401334604386,99.63393283463313,97.622848088228,top,Healthcare,False,False,False
Overbot Vol Spike,Liquid,MDT,2025-01-24,2,1537.0,4500.0,0.2560288277251981,1.0,False,False,True,True,0.3414369296455917,2025-01-27,0.34155555555555556,2025,recent,P1,P1,Time,92.05014281180578,88.07747261470075,98.14108674928504,97.91500875378004,94.04592773239291,top,Healthcare,False,False,False
Overbot Vol Spike,Liquid,JNJ,2025-02-20,1,-330.0,900.0,0.09230300468326477,0.2,True,False,False,False,,2025-02-21,-0.36666666666666664,2025,recent,P2,P2,EOD-DD,96.80379746835443,93.87367421244261,89.24271229404309,96.5084907157594,94.10716867264989,top,Healthcare,False,False,False
Overbot Vol Spike,Liquid,HSY,2025-02-24,2,1438.0,900.0,2.9175133533544215e-06,0.2,False,True,False,False,1.9999995924543363,2025-02-25,1.5977777777777777,2025,recent,P2,P2,Target,99.52546662448593,99.69931951258111,99.74659486854608,99.36538156433444,99.58419064248689,top,Consumer Defensive,False,False,False
Overbot Vol Spike,Liquid,JNJ,2025-02-24,2,845.0,900.0,0.1456716390692246,0.2,False,False,False,True,0.899722701233427,2025-02-25,0.9388888888888889,2025,recent,P2,P2,Mixed,95.23884846567542,98.1800917866751,98.25783972125436,99.14326511185149,97.7050112713641,top,Healthcare,False,False,False
Overbot Vol Spike,Liquid,AMGN,2025-02-24,2,5971.0,4500.0,0.277530327479657,1.0,False,False,False,True,1.5478957349413285,2025-02-25,1.3268888888888888,2025,recent,P1,P1,Mixed,94.78013286934515,95.22076277892072,89.64206525182135,93.76487386958591,93.3519586924183,bottom,Healthcare,False,False,False
Overbot Vol Spike,Liquid,JNJ,2025-02-21,2,524.0,900.0,0.15900682381929254,0.2,False,False,True,True,0.5826141737240956,2025-02-24,0.5822222222222222,2025,recent,P2,P2,Time,96.17149185255498,95.26748971193416,97.06953904641217,99.15899714376388,96.9168794386663,top,Healthcare,False,False,False
Overbot Vol Spike,Overflow,BUD,2025-02-26,2,-3103.0,4500.0,0.4245224089148605,1.0,False,False,True,True,-0.6896856735424262,2025-02-27,-0.6895555555555556,2025,recent,P1,P1,Time,99.41579883159767,99.23741738688358,99.41460931534742,98.46860643185299,99.13410799142042,top,Consumer Defensive,False,False,False
Overbot Vol Spike,Liquid,HSY,2025-03-07,2,7197.0,4500.0,0.30331948483973004,1.0,False,True,False,False,1.9999967244091725,2025-03-10,1.5993333333333333,2025,recent,P1,P1,Target,98.26251776970463,98.46713021491783,95.429384785703,99.95247148288973,98.0278760633038,top,Consumer Defensive,False,False,False
Overbot Vol Spike,Liquid,BAX,2025-03-07,2,1439.0,900.0,0.10739613516473774,0.2,False,True,False,False,1.9999986473521472,2025-03-10,1.5988888888888888,2025,recent,P2,P2,Target,96.55662612541462,96.68141592920354,97.1532500395382,99.31875792141952,97.42751250389398,top,Healthcare,False,False,False
Overbot Vol Spike,Overflow,MDLZ,2025-03-07,2,7198.0,4500.0,0.3089480638757652,1.0,False,True,False,False,1.9999993493068153,2025-03-10,1.5995555555555556,2025,recent,P1,P1,Target,90.6653259594436,97.23340040241449,89.09212955193824,99.89912575655683,94.22249541758829,top,Consumer Defensive,False,False,False
Overbot Vol Spike,Overflow,COR,2025-04-03,2,7197.0,4500.0,0.39946922186901956,1.0,False,True,False,False,1.999998538155629,2025-04-04,1.5993333333333333,2025,recent,P1,P1,Target,95.93700787401575,93.38270048841973,93.29864396089562,96.80935081345758,94.85692578419717,top,Healthcare,False,False,False
Overbot Vol Spike,Liquid,BAC,2025-05-12,2,-118.0,496.32352941176475,0.06171871061414211,0.1103,False,False,True,True,-0.23750823883963476,2025-05-13,-0.23774814814814813,2025,recent,P2,P2,Time,93.28732747804266,90.17731052879334,92.39949748743719,97.26285983954696,93.28174883345503,bottom,Financial Services,False,False,False
Overbot Vol Spike,Overflow,CBRL,2025-05-12,2,-804.0,496.32352941176475,0.06126874571407291,0.1103,False,False,True,True,-1.6263551131434888,2025-05-13,-1.6199111111111109,2025,recent,P2,P2,Time,98.57277289836888,99.41942570218107,98.58668341708542,98.99323580305175,98.89302945517177,top,Consumer Cyclical,False,False,False
Overbot Vol Spike,Liquid,BA,2025-05-12,2,-1428.0,4500.0,0.318182566266401,1.0,False,False,True,True,-0.31779669147107487,2025-05-13,-0.31733333333333336,2025,recent,P1,P1,Time,91.3111668757842,93.17432920131806,92.93341708542714,99.29211892402077,94.17775802163754,top,Industrials,False,False,False
Overbot Vol Spike,Liquid,XLK,2025-05-12,2,-181.0,496.32352941176475,0.15432424119462299,0.1103,False,False,True,True,-0.36600345718429955,2025-05-13,-0.36468148148148144,2025,recent,P2,P2,Time,97.69447929736512,96.06150949317433,97.9428391959799,99.19773478055687,97.72414069176905,top,Technology,False,True,True
Overbot Vol Spike,Liquid,BA,2025-05-13,2,3814.0,4500.0,0.4691645501955475,1.0,False,False,False,True,0.7460561228670306,2025-05-14,0.8475555555555555,2025,recent,P1,P1,Mixed,94.38607495687627,97.3642924380295,96.40445909875962,99.43378420887072,96.89715267563403,top,Industrials,False,False,False
3x ETF Overbot Fade,Liquid,TQQQ,2025-05-14,1,-713.0,4500.0,-0.2682915750277165,1.0,False,False,True,False,,2025-05-15,-0.15844444444444444,2025,recent,P2,P1,Time,91.21480709071949,99.29559092094965,99.16405433646813,99.08304951532617,97.18937546586585,top,UNKNOWN,False,False,False
3x ETF Overbot Fade,Liquid,TECL,2025-05-14,1,533.0,4500.0,-0.3004847340869728,1.0,False,False,True,False,,2025-05-15,0.11844444444444445,2025,recent,P2,P1,Time,94.46198688365315,99.29508993680116,99.41591628133366,99.68277208394338,98.21394129643284,top,UNKNOWN,False,False,False
Overbot Vol Spike,Overflow,CBRL,2025-05-14,2,766.0,900.0,0.08294192596337452,0.2,False,False,False,True,0.7543629438872191,2025-05-15,0.8511111111111112,2025,recent,P2,P2,Mixed,97.44433991846974,99.78039215686275,99.76452119309262,97.92420191854066,98.72836379674143,top,Consumer Cyclical,False,False,False
Overbot Vol Spike,Overflow,CCJ,2025-05-23,2,5786.0,4500.0,0.950139253499601,1.0,False,False,False,True,1.477144429889641,2025-05-27,1.2857777777777777,2025,recent,P1,P1,Mixed,99.49882537196555,98.04136634283923,95.82875960482986,98.86899151743637,98.05948570926776,top,Energy,False,False,False
Overbot Vol Spike,Overflow,AEHR,2025-06-09,2,2473.0,2727.272727272727,0.2829644308863801,1.0,False,False,False,True,0.8443214545074204,2025-06-10,0.9067666666666667,2025,recent,P1,P1,Mixed,85.77013291634088,95.72903629536921,96.02317206826366,94.1185696361355,92.91022772902733,bottom,Technology,False,False,False
Overbot Vol Spike,Overflow,ON,2025-06-09,2,278.0,393.3566433566434,0.035965711334477665,0.1442,False,False,False,True,0.5162150381444941,2025-06-10,0.7067377777777777,2025,recent,P2,P2,Mixed,89.9873257287706,98.8746235536535,97.89022842639594,95.61417447958048,95.59158804710013,top,Technology,False,False,False
Overbot Vol Spike,Liquid,MU,2025-06-06,2,-4500.0,4464.285714285714,0.25621889960893945,1.0,False,False,True,True,-1.0084235789291107,2025-06-09,-1.008,2025,recent,P1,P1,Time,87.83234282139506,97.07401032702238,91.88850610710931,97.11372549019607,93.47714618643072,bottom,Technology,True,False,True
Overbot Vol Spike,Overflow,BEP,2025-06-09,2,179.0,393.3566433566434,0.07019557514487682,0.1442,False,False,True,True,0.45517904112564933,2025-06-10,0.4550577777777777,2025,recent,P2,P2,Time,99.45110794877007,98.31163547599675,97.8415801262472,97.53061224489797,98.283733948978,top,Utilities,False,False,False
Overbot Vol Spike,Overflow,BC,2025-06-09,2,368.0,393.3566433566434,0.20812225952245347,0.1442,False,False,False,True,0.8921273935485087,2025-06-10,0.9355377777777776,2025,recent,P2,P2,Mixed,89.63252541047694,98.07571964956196,96.21105370283388,95.20075282308657,94.78001289648985,top,Consumer Cyclical,False,False,False
Overbot Vol Spike,Liquid,ADI,2025-06-09,2,32.0,393.3566433566434,0.10598210360290256,0.1442,False,False,True,True,0.08110929931620318,2025-06-10,0.0813511111111111,2025,recent,P2,P2,Time,92.16575449569977,90.81664580725908,91.24784718960387,91.81304893350062,91.51082410651584,bottom,Technology,True,False,True
3x ETF Overbot Fade,Liquid,SOXL,2025-06-09,1,-549.0,4500.0,0.19027580702487637,1.0,False,False,True,False,,2025-06-10,-0.122,2025,recent,P2,P1,Time,90.58424621804903,96.6327329678935,96.44537375849451,97.50982961992136,95.2930456410896,top,UNKNOWN,False,False,False
Overbot Vol Spike,Overflow,LRCX,2025-06-09,2,-175.0,393.3566433566434,0.20422661460767208,0.1442,False,False,True,True,-0.4461900421846498,2025-06-10,-0.44488888888888883,2025,recent,P2,P2,Time,86.36434714620798,88.14142678347935,85.31391889776107,92.48745294855709,88.07678644400139,bottom,Technology,False,False,False
Overbot Vol Spike,Overflow,MCHP,2025-06-09,2,382.0,393.3566433566434,0.16091003093291484,0.1442,False,False,False,True,0.9579992042773035,2025-06-10,0.9711288888888887,2025,recent,P2,P2,Mixed,94.7928068803753,98.18523153942428,98.82573978393611,99.56085319949813,97.84115785080846,top,Technology,False,False,False
Overbot Vol Spike,Overflow,MKSI,2025-06-09,2,123.0,393.3566433566434,0.16845312760768563,0.1442,False,False,True,True,0.3120289412401408,2025-06-10,0.31269333333333327,2025,recent,P2,P2,Time,90.52384675527756,94.6964956195244,87.33364646939094,92.42471769134254,91.24467663388386,bottom,Technology,False,False,False
Overbot Vol Spike,Overflow,PPLT,2025-06-11,2,1440.0,900.0,0.16475130184952416,0.2,False,True,False,False,1.9999984739947012,2025-06-12,1.6,2025,recent,P2,P2,Target,94.58483754512635,99.92258064516129,99.84496124031008,99.97408655091992,98.58161649537941,top,Commodity,False,False,False
Overbot Vol Spike,Overflow,PARR,2025-06-16,2,-463.0,900.0,0.11825785074147407,0.2,False,False,True,True,-0.5144577082640345,2025-06-17,-0.5144444444444445,2025,recent,P2,P2,Time,97.57085020242914,99.03366583541147,96.97158913518577,95.70802005012531,97.32103130578791,top,Energy,False,False,False
Overbot Vol Spike,Overflow,LEU,2025-06-18,2,4057.0,4500.0,1.069857206750975,1.0,False,False,False,True,0.8383535818620139,2025-06-20,0.9015555555555556,2025,recent,P1,P1,Mixed,88.56607310215557,92.85825910298485,95.48013762902721,98.99733667554442,93.97545162742801,bottom,Energy,False,False,False
Overbot Vol Spike,Overflow,PPLT,2025-06-25,2,7200.0,4500.0,0.46880067171543693,1.0,False,True,False,False,1.9999997414482438,2025-06-26,1.6,2025,recent,P1,P1,Target,98.99665551839465,98.30072090628218,99.09770559422532,99.76732161323682,99.04060090803475,top,Commodity,False,False,False
Overbot Vol Spike,Overflow,FN,2025-06-24,2,-4553.0,4500.0,0.2650913002239643,1.0,False,False,True,True,-1.0123262185050723,2025-06-25,-1.0117777777777779,2025,recent,P1,P1,Time,85.83554376657825,86.91266259623042,96.7304625199362,93.148493735004,90.6567906544372,bottom,Technology,False,False,False
Overbot Vol Spike,Overflow,CLS,2025-06-24,2,-1745.0,4500.0,0.27730887267950505,1.0,False,False,True,True,-0.38807973360863807,2025-06-25,-0.3877777777777778,2025,recent,P1,P1,Time,93.78610460577673,94.82974070602937,94.66937627012662,92.09207641716254,93.84432449977382,bottom,Technology,False,False,False
Overbot Vol Spike,Overflow,FN,2025-06-25,2,-4.0,900.0,0.1345265051064196,0.2,False,False,True,True,-0.004569669179680164,2025-06-26,-0.0044444444444444444,2025,recent,P2,P2,Time,93.31742243436753,93.55095541401273,97.28939675790592,96.00213219616205,95.03997670061206,top,Technology,False,False,False
Overbot Vol Spike,Overflow,ST,2025-07-01,2,361.0,900.0,0.15813449491313777,0.2,False,False,True,True,0.40210810296001986,2025-07-02,0.4011111111111111,2025,recent,P2,P2,Time,92.56949857105742,94.98179927197089,93.69955740692528,97.83289817232375,94.77093835556934,top,Technology,False,False,False
Overbot Vol Spike,Overflow,PSIX,2025-07-02,2,5101.0,3191.489361702128,0.43805315655374866,1.0,False,True,False,False,1.9999971224742596,2025-07-03,1.5983133333333333,2025,recent,P1,P1,Target,91.08433734939759,91.01597829363884,95.77294685990339,96.51620720993638,93.59736742821906,bottom,Industrials,False,False,False
Overbot Vol Spike,Overflow,NTRS,2025-07-01,2,683.0,900.0,0.15704770805924992,0.2,False,False,True,True,0.7614193841233406,2025-07-02,0.7588888888888888,2025,recent,P2,P2,Time,89.5631825273011,97.1281410956766,99.07841299593876,99.23329682365826,96.25075836064369,top,Financial Services,False,False,False
Overbot Vol Spike,Liquid,WHR,2025-07-01,2,-155.0,900.0,0.07764011046198918,0.2,False,False,True,True,-0.17235967631696844,2025-07-02,-0.17222222222222222,2025,recent,P2,P2,Time,98.86115444617785,97.39347588574996,96.03248984692284,99.32717884525113,97.90357475602545,top,Consumer Cyclical,False,False,False
Overbot Vol Spike,Overflow,ECHO,2025-07-02,2,-400.0,544.0038684719536,0.160859633196607,0.1705,False,False,True,True,-0.7340645778934315,2025-07-03,-0.7352888888888888,2025,recent,P2,P2,Time,96.54623949102476,99.36334697589814,98.5203733211928,100.0,98.60748994702894,top,ETF/Index,False,False,False
Overbot Vol Spike,Overflow,TPR,2025-07-11,2,28.0,900.0,0.14679621736745901,0.2,False,False,True,True,0.031451968612413596,2025-07-14,0.03111111111111111,2025,recent,P2,P2,Time,85.23457583547558,93.89165728982479,95.0933075933076,96.1966156325544,92.6040390877906,bottom,Consumer Cyclical,False,False,False
Overbot Vol Spike,Overflow,KTOS,2025-07-16,2,-1135.0,4500.0,0.49122782583278496,1.0,False,False,True,True,-0.25237045171088573,2025-07-17,-0.25222222222222224,2025,recent,P1,P1,Time,85.49844236760124,97.38195418419822,97.56706175920151,95.43821277925323,93.97141777256354,bottom,Industrials,False,False,False
Overbot Vol Spike,Overflow,JACK,2025-07-21,2,-168.0,900.0,0.19804157377679302,0.2,False,False,True,True,-0.18688984813298143,2025-07-22,-0.18666666666666668,2025,recent,P2,P2,Time,85.61419897244278,86.52647975077882,96.36788776305534,99.0943160524672,91.90072063468602,bottom,Consumer Cyclical,False,False,False
Overbot Vol Spike,Overflow,AAP,2025-07-22,2,1438.0,900.0,0.020547913264942437,0.2,False,True,False,False,1.9999926875559664,2025-07-23,1.5977777777777777,2025,recent,P2,P2,Target,98.30137907837202,89.92091536261148,98.88851465139777,99.40948203138181,96.63007278094076,top,Consumer Cyclical,False,False,False
Overbot Vol Spike,Overflow,WWW,2025-07-22,2,-2802.0,4500.0,0.49213894989034074,1.0,False,False,True,True,-0.6228024485778904,2025-07-23,-0.6226666666666667,2025,recent,P1,P1,Time,96.62204234122042,98.78523594455693,94.12406483790524,98.04839968774395,96.89493570285663,top,Consumer Cyclical,False,False,False
Overbot Vol Spike,Overflow,KSS,2025-08-12,2,-230.0,900.0,0.068573392705501,0.2,False,False,True,True,-0.25571108555752964,2025-08-13,-0.25555555555555554,2025,recent,P2,P2,Time,99.48749805870477,96.95463020509634,90.62354221738454,98.94080996884736,96.50162011250825,top,Consumer Cyclical,False,False,False
Overbot Vol Spike,Liquid,ADM,2025-08-21,1,-308.0,900.0,0.15995158091678813,0.2,True,False,False,False,,2025-08-22,-0.3422222222222222,2025,recent,P2,P2,EOD-DD,89.35774123487434,86.03135185472605,89.20472196334265,88.03485296405789,88.15716700425024,bottom,Consumer Defensive,False,False,False
Overbot Vol Spike,Liquid,ADM,2025-08-22,2,841.0,900.0,0.0064782622903641575,0.2,False,False,False,True,0.8925309172200279,2025-08-25,0.9344444444444444,2025,recent,P2,P2,Mixed,93.42329765782534,94.25822470515209,95.66702904177667,95.23957685127567,94.64703206400745,top,Consumer Defensive,False,False,False
Overbot Vol Spike,Overflow,HE,2025-08-28,2,1440.0,900.0,0.16091721179610557,0.2,False,True,False,False,1.9999987309030818,2025-08-29,1.6,2025,recent,P2,P2,Target,98.65137188032863,99.25558312655087,98.91354958870092,98.77176616915423,98.89806769118366,top,Utilities,False,False,False
Overbot Vol Spike,Overflow,OTEX,2025-09-10,2,-4824.0,4500.0,0.4110566795396316,1.0,False,False,False,True,-2.4533951130120033,2025-09-11,-1.072,2025,recent,P1,P1,Mixed,91.980182690819,93.02973977695167,90.82312819717873,92.9192546583851,92.18807633083362,bottom,Technology,False,False,False
Overbot Vol Spike,Overflow,OTEX,2025-09-09,2,-1160.0,900.0,0.07231108785182826,0.2,False,False,True,True,-1.2892322162315655,2025-09-10,-1.288888888888889,2025,recent,P2,P2,Time,87.75162589036853,86.56855151045701,85.10077519379846,86.42646373660506,86.46185408280726,bottom,Technology,False,False,False
Overbot Vol Spike,Overflow,CRI,2025-09-16,2,5715.0,4500.0,0.265822959810814,1.0,False,False,False,True,1.4500002327524866,2025-09-17,1.27,2025,recent,P1,P1,Mixed,97.91061046511628,97.49136520632612,93.03129548762736,98.88787602552415,96.83028679614847,top,Consumer Cyclical,False,False,False
Overbot Vol Spike,Overflow,URA,2025-09-18,1,-1307.0,900.0,0.15923549505928097,0.2,True,False,False,False,,2025-09-19,-1.4522222222222223,2025,recent,P2,P2,EOD-DD,85.65694407278566,91.53722549544725,95.52158755698579,96.55728886498117,92.31826149754997,bottom,UNKNOWN,False,False,False
Overbot Vol Spike,Overflow,STX,2025-09-19,2,567.0,900.0,0.24112973413422178,0.2,False,False,True,True,0.6344823718580292,2025-09-22,0.63,2025,recent,P2,P2,Time,86.52234636871509,97.25764192139738,96.46853146853147,98.89647924330005,94.78624975048601,top,Technology,False,False,False
Overbot Vol Spike,Overflow,WDC,2025-09-19,2,28.0,900.0,0.16822067148014783,0.2,False,False,True,True,0.03071695646429335,2025-09-22,0.03111111111111111,2025,recent,P2,P2,Time,91.26198577172904,90.12842333281758,93.54289253638898,98.13866914844114,93.26799269734418,bottom,Technology,False,False,False
Overbot Vol Spike,Overflow,LEU,2025-09-19,2,1389.0,900.0,0.13332350817494523,0.2,False,False,False,True,1.9147522544163689,2025-09-22,1.5433333333333332,2025,recent,P2,P2,Mixed,99.42777605938757,98.42178554850689,97.97150820687519,97.85946952070731,98.42013483386924,top,Energy,False,False,False
Overbot Vol Spike,Overflow,GILT,2025-09-19,2,675.0,900.0,0.22471776298366813,0.2,False,False,True,True,0.7499999970960585,2025-09-22,0.75,2025,recent,P2,P2,Time,88.95762449737087,89.04533498375368,95.55589965933726,97.45618116953622,92.75376007749949,bottom,Technology,False,False,False
Overbot Vol Spike,Overflow,UUUU,2025-09-22,2,-42.0,900.0,0.2353806192190467,0.2,False,False,False,True,-0.7441528745391495,2025-09-23,-0.04666666666666667,2025,recent,P2,P2,Mixed,92.78505475628087,88.48302535453374,95.84856958485696,97.04614057783527,93.5406975683767,bottom,Energy,False,False,False
Overbot Vol Spike,Overflow,UUUU,2025-09-23,2,7199.0,4500.0,0.6320108027426421,1.0,False,True,False,False,1.9999994538396957,2025-09-24,1.5997777777777777,2025,recent,P1,P1,Target,94.63288965221125,96.73469387755102,94.68817204301075,96.35697348566501,95.6031822646095,top,Energy,False,False,False
Overbot Vol Spike,Overflow,PPLT,2025-09-25,2,1402.0,4500.0,0.6102197488482207,1.0,False,False,True,True,0.31162305188614897,2025-09-26,0.31155555555555553,2025,recent,P1,P1,Time,96.40597317134902,99.51874366767984,98.6812072026376,97.58392675483215,98.04746269912465,top,Commodity,False,False,False
Overbot Vol Spike,Overflow,KTOS,2025-09-29,2,-859.0,900.0,0.07966165140297286,0.2,False,False,True,True,-0.9563110664970415,2025-09-30,-0.9544444444444444,2025,recent,P2,P2,Time,86.12484548825711,89.44195393414748,96.875,94.73113280644661,91.7932330572128,bottom,Industrials,False,False,False
Overbot Vol Spike,Overflow,CNC,2025-10-02,1,-674.0,781.25,0.0906134995833462,0.2,True,False,False,False,,2025-10-03,-0.86272,2025,recent,P2,P2,EOD-DD,85.53532654083848,91.41042780748663,96.38735574510787,96.91689008042896,92.56250004346549,bottom,Healthcare,False,False,False
Overbot Vol Spike,Overflow,INOD,2025-10-01,2,1727.0,3024.1935483870966,0.451552171313235,1.0,False,False,False,True,0.2853862610053005,2025-10-02,0.5710613333333334,2025,recent,P1,P1,Mixed,92.01421068890949,95.22484932777006,93.00958861738323,99.67467079783114,94.98082985797348,top,Technology,False,False,False
Overbot Vol Spike,Liquid,NEE,2025-10-06,2,985.0,2403.8461538461534,0.5987333379061207,1.0,False,False,True,True,0.40953718006261514,2025-10-07,0.40976000000000007,2025,recent,P1,P1,Time,98.62590705573568,98.74884151992586,99.52079146699646,99.03995044905544,98.98387262292836,top,Utilities,False,False,False
Overbot Vol Spike,Overflow,KTOS,2025-10-06,2,579.0,480.76923076923083,0.20774975482784108,0.2,False,False,False,True,1.3501603643792761,2025-10-07,1.2043199999999998,2025,recent,P2,P2,Mixed,89.22340589779219,95.08804448563485,96.75374864739527,99.05543511923196,95.03015853751357,top,Industrials,False,False,False
Overbot Vol Spike,Liquid,SRE,2025-10-07,2,1438.0,900.0,0.07080806403790973,0.2,False,True,False,False,1.9999981066459398,2025-10-08,1.5977777777777777,2025,recent,P2,P2,Target,93.08428527323248,95.36679536679536,98.145285935085,99.34974454249884,96.48652777940292,top,Utilities,False,False,False
Overbot Vol Spike,Overflow,KTOS,2025-10-08,2,7200.0,4500.0,0.46407578713534586,1.0,False,True,False,False,1.9999987630223166,2025-10-09,1.6,2025,recent,P1,P1,Target,88.96434634974533,94.93514515132799,98.33101529902642,99.42724458204334,95.41443784553577,top,Industrials,False,False,False
Overbot Vol Spike,Overflow,WULF,2025-10-09,2,7199.0,4500.0,0.9689737165966433,1.0,False,True,False,False,2.000000108276086,2025-10-10,1.5997777777777777,2025,recent,P1,P1,Target,96.06481481481481,94.96680561988575,94.99381953028431,93.97926017644328,95.00117503535704,top,Financial Services,False,False,False
Overbot Vol Spike,Overflow,IDR,2025-10-13,2,7198.0,4500.0,0.5484426716851424,1.0,False,True,False,False,1.9999982538234273,2025-10-14,1.5995555555555556,2025,recent,P1,P1,Target,94.75470533785868,92.9773113134743,96.4318813716404,97.15302491103202,95.32923073350136,top,Basic Materials,False,False,False
Overbot Vol Spike,Liquid,GLD,2025-10-15,2,-1747.0,4500.0,0.6466000135700316,1.0,False,False,False,True,-1.3136284285731687,2025-10-16,-0.38822222222222225,2025,recent,P1,P1,Mixed,95.05515405096995,95.37583254043767,98.81904761904762,99.2937583508303,97.13594814032137,top,Commodity,False,False,False
Overbot Vol Spike,Overflow,WDS,2025-11-10,2,5675.0,4500.0,0.35745120638718625,1.0,False,False,False,True,1.4351060888836917,2025-11-11,1.261111111111111,2025,recent,P1,P1,Mixed,91.78714241771763,86.64409909216802,85.26331998768094,97.14638284744717,90.21023608625345,bottom,Energy,False,False,False
Overbot Vol Spike,Liquid,MRK,2025-11-21,2,-4994.0,4500.0,0.4592400934771269,1.0,False,False,True,True,-1.1105844316670448,2025-11-24,-1.1097777777777778,2025,recent,P1,P1,Time,92.4051604976194,94.02274124154887,99.26187913270799,95.9026494146642,95.39810757163512,top,Healthcare,False,False,False
Overbot Vol Spike,Overflow,ARIS,2025-11-24,2,-1170.0,900.0,0.033334101571099214,0.2,False,False,True,True,-1.2999994159732464,2025-11-25,-1.3,2025,recent,P2,P2,Time,96.89800210304942,92.3967377006051,93.04531085353003,94.0554821664465,94.09888320590775,top,ETF/Index,False,False,False
Overbot Vol Spike,Liquid,MRK,2025-11-24,2,-523.0,900.0,0.10716784283768985,0.2,False,False,True,True,-0.5814770182776535,2025-11-25,-0.5811111111111111,2025,recent,P2,P2,Time,98.71007371007371,98.23321554770318,99.76937269372694,98.05944863699368,98.69302764712438,top,Healthcare,False,False,False
Overbot Vol Spike,Overflow,ARIS,2025-11-25,2,-1502.0,4500.0,0.3558641055377572,1.0,False,False,True,True,-0.33376656115863595,2025-11-26,-0.3337777777777778,2025,recent,P1,P1,Time,96.97766097240473,91.55707522356654,93.67922043718725,97.93977812995246,95.03843369077775,top,ETF/Index,False,False,False
Overbot Vol Spike,Liquid,SLV,2025-11-28,2,207.0,4500.0,0.5083816800725717,1.0,False,False,True,True,0.04609055946998363,2025-12-01,0.046,2025,recent,P1,P1,Time,99.77674040998579,99.12672623883022,90.16060174832283,96.98451507742462,96.51214586864086,top,Commodity,False,False,False
Overbot Vol Spike,Overflow,TDC,2025-12-01,2,3165.0,4500.0,0.337488542824903,1.0,False,False,True,True,0.7034484548165284,2025-12-02,0.7033333333333334,2025,recent,P1,P1,Time,92.80087527352298,95.59886139697832,88.82069267864972,99.5825093386069,94.20073467193947,top,Technology,False,False,False
Overbot Vol Spike,Overflow,FWRD,2025-12-01,2,-291.0,900.0,0.09372987300285628,0.2,False,False,True,True,-0.3236454520826697,2025-12-02,-0.3233333333333333,2025,recent,P2,P2,Time,96.19398403928791,99.30907415937355,95.72833435771358,98.83022933661691,97.51540547324798,top,Industrials,False,False,False
Overbot Vol Spike,Overflow,JKHY,2025-12-05,2,1955.0,4500.0,0.2996249469664828,1.0,False,False,False,True,0.058066339469757304,2025-12-08,0.43444444444444447,2025,recent,P1,P1,Mixed,92.48466257668711,90.60917600122755,95.02457002457002,96.12367328103369,93.5605204708796,bottom,Technology,False,False,False
Overbot Vol Spike,Overflow,DIN,2025-12-05,2,483.0,900.0,0.13644095767108205,0.2,False,False,True,True,0.5377676085225612,2025-12-08,0.5366666666666666,2025,recent,P2,P2,Time,93.35889570552148,90.11815252416756,98.8022113022113,97.7541916628211,95.00836279868037,top,Consumer Cyclical,False,False,False
Overbot Vol Spike,Liquid,KEY,2025-12-09,2,-546.0,900.0,0.20703747920352497,0.2,False,False,True,True,-0.6072126132659671,2025-12-10,-0.6066666666666667,2025,recent,P2,P2,Time,91.47500766636001,96.47185151096794,96.56125268652134,91.17330462863293,93.92035412312056,bottom,Financial Services,False,False,False
Overbot Vol Spike,Overflow,PNFP,2025-12-10,2,471.0,551.4705882352941,0.22194020226760006,0.2,False,False,False,True,0.758877952064276,2025-12-11,0.85408,2025,recent,P2,P2,Mixed,87.12668972021376,90.4387482308539,87.66131570664149,91.8650480845026,89.27295043555296,bottom,Financial Services,False,False,False
Overbot Vol Spike,Overflow,STZ,2025-12-10,2,881.0,551.4705882352941,0.02837561378000405,0.2,False,True,False,False,1.999995253394305,2025-12-11,1.5975466666666667,2025,recent,P2,P2,Target,96.44335428483826,96.84049079754601,98.09669992325402,97.10947109471094,97.12250402508731,top,Consumer Defensive,False,False,False
Overbot Vol Spike,Overflow,WBD,2025-12-09,2,-1233.0,4500.0,0.7373803163323993,1.0,False,False,True,True,-0.2741401745235788,2025-12-10,-0.274,2025,recent,P1,P1,Time,98.11173836869769,98.73393065835606,99.10313901345292,97.04962876123486,98.24960920043537,top,Communication Services,False,False,False
Overbot Vol Spike,Overflow,ECHO,2025-12-09,2,-6387.0,4500.0,0.8922972115139001,1.0,False,False,True,True,-1.419855657384216,2025-12-10,-1.4193333333333333,2025,recent,P1,P1,Time,99.35726950354609,99.53426480372588,99.33392539964476,96.92855553082573,98.78850380943561,top,ETF/Index,False,False,False
Overbot Vol Spike,Liquid,SLV,2025-12-10,2,967.0,2757.352941176471,0.4345900682585196,1.0,False,False,False,True,-0.08192864934199212,2025-12-11,0.3506986666666666,2025,recent,P1,P1,Mixed,98.45997973657548,91.09894566098946,99.67525877816115,98.5353946297803,96.9423947013766,top,Commodity,False,False,False
Overbot Vol Spike,Overflow,JBHT,2025-12-10,2,3169.0,2757.3529411764707,0.39846486792393504,1.0,False,False,False,True,1.249998780932882,2025-12-11,1.1492906666666667,2025,recent,P1,P1,Mixed,93.5152537176146,89.32515337423312,97.22179585571757,95.21832718327184,93.8201325327093,bottom,Industrials,False,False,False
Overbot Vol Spike,Overflow,BVN,2025-12-10,2,1114.0,2757.352941176471,0.5494193157826944,1.0,False,False,True,True,0.4040702882748451,2025-12-11,0.4040106666666666,2025,recent,P1,P1,Time,96.79595278246205,85.99693251533742,94.68917881811205,87.34624846248462,91.20707814459902,bottom,Basic Materials,False,False,False
Overbot Vol Spike,Overflow,PNC,2025-12-10,2,-14.0,551.4705882352941,0.2143803364529806,0.2,False,False,True,True,-0.024269599680661166,2025-12-11,-0.025386666666666665,2025,recent,P2,P2,Time,95.86080024528592,89.03374233128835,91.43514965464313,93.12730627306273,92.36424962607003,bottom,Financial Services,False,False,False
Overbot Vol Spike,Overflow,ANF,2025-12-12,2,0.0,852.2727272727273,0.00747589294211047,0.2,False,False,True,True,-0.000534352817524366,2025-12-15,0.0,2025,recent,P2,P2,Time,87.32567049808429,98.02207911683533,91.05416602731317,99.67722102674455,94.01978416724432,top,Consumer Cyclical,False,False,False
Overbot Vol Spike,Liquid,C,2025-12-22,2,-141.0,900.0,0.028100991611278305,0.2,False,False,True,True,-0.15710932439671163,2025-12-23,-0.15666666666666668,2025,recent,P2,P2,Time,94.04379114990049,86.67279411764706,91.62961827380039,97.48157248157248,92.4569440057301,bottom,Financial Services,False,False,False
Overbot Vol Spike,Liquid,C,2025-12-23,2,1124.0,900.0,0.13076120155603868,0.2,False,False,False,True,1.4164637420216668,2025-12-24,1.248888888888889,2025,recent,P2,P2,Mixed,92.08511941212493,94.27171082861081,92.90312691600245,97.48195915860587,94.18547907883602,top,Financial Services,False,False,False
Overbot Vol Spike,Overflow,MOH,2025-12-31,2,-1064.0,900.0,0.08296950699885293,0.2,False,False,True,True,-1.1853199465679058,2026-01-02,-1.1822222222222223,2025,recent,P2,P2,Time,91.21908127208481,87.04260208591126,85.33262561924982,95.31997872717604,89.72857192610547,bottom,Healthcare,False,False,False
Overbot Vol Spike,Overflow,MOH,2026-01-02,2,4324.0,3375.0,0.3326241325792919,0.75,False,False,False,True,1.4691382287669477,2026-01-05,1.2811851851851852,2026,recent,P1,P1,Mixed,92.61614555732203,94.94521032166844,90.4121705289227,96.7741935483871,93.68692998907505,bottom,Healthcare,False,False,False
Overbot Vol Spike,Overflow,EWY,2026-01-05,2,809.0,3375.0,0.3788140316784863,0.75,False,False,True,True,0.23986668993371882,2026-01-06,0.2397037037037037,2026,recent,P1,P1,Time,99.24007444168734,98.35531419705198,99.16149068322981,96.62466946648001,98.3453871971123,top,UNKNOWN,False,False,False
Overbot Vol Spike,Overflow,KTOS,2026-01-08,1,-2617.0,3375.0,0.26737437204234576,0.75,True,False,False,False,,2026-01-09,-0.7754074074074074,2026,recent,P1,P1,EOD-DD,97.92112503821461,99.57179996941429,97.5359657177839,96.50467576268588,97.88339162202467,top,Industrials,False,False,False
Overbot Vol Spike,Overflow,LHX,2026-01-08,1,-226.0,675.0,0.23090807244662975,0.15,True,False,False,False,,2026-01-09,-0.3348148148148148,2026,recent,P2,P2,EOD-DD,92.93793946805259,98.47071417647958,94.23018059381695,95.86080024528592,95.37490862090876,top,Industrials,False,False,False
Overbot Vol Spike,Overflow,MEOH,2026-01-09,2,479.0,551.4705882352941,0.024551020137835406,0.15,False,False,False,True,0.7827314529895821,2026-01-12,0.8685866666666666,2026,recent,P2,P2,Mixed,93.00015283509093,98.40978593272172,96.57230298393267,93.70018393623543,95.42060642199519,top,Basic Materials,False,False,False
Overbot Vol Spike,Overflow,GILT,2026-01-12,2,127.0,312.5,0.13030010362207833,0.15,False,False,False,True,0.011633210481483965,2026-01-13,0.4064,2026,recent,P2,P2,Mixed,98.60941320293398,98.19599449625439,98.99020807833537,98.19157088122606,98.49679666468745,top,Technology,False,False,False
Overbot Vol Spike,Overflow,BVN,2026-01-09,2,810.0,2757.3529411764707,1.1539928215134367,0.75,False,False,True,True,0.2937712888646905,2026-01-12,0.29375999999999997,2026,recent,P1,P1,Time,89.42381170716797,97.04892966360856,85.08033664881408,94.40527283874923,91.48958771458496,bottom,Basic Materials,False,False,False
Overbot Vol Spike,Overflow,ECHO,2026-01-09,2,-2768.0,2757.3529411764707,0.49738901314432743,0.75,False,False,True,True,-1.004058915561116,2026-01-12,-1.0038613333333333,2026,recent,P1,P1,Time,96.73505404809177,91.19205298013246,93.39226519337016,96.96499778466992,94.57109250156608,top,ETF/Index,False,False,False
Overbot Vol Spike,Liquid,CL,2026-01-13,2,-196.0,675.0,0.10266724443543535,0.15,False,False,True,True,-0.29138295211791726,2026-01-14,-0.2903703703703704,2026,recent,P2,P2,Time,88.57142857142857,98.94527667380007,88.9704757534037,93.34967821023598,92.45921480221709,bottom,Consumer Defensive,False,False,False
Overbot Vol Spike,Overflow,CBRL,2026-01-14,2,804.0,675.0,0.006470749246110437,0.15,False,False,False,True,1.323013761006518,2026-01-15,1.191111111111111,2026,recent,P2,P2,Mixed,92.92697830736327,99.26639156350298,99.87763842153564,96.95112609161941,97.25553359600532,top,Consumer Cyclical,False,False,False
Overbot Vol Spike,Overflow,ATRO,2026-01-15,2,-163.0,675.0,0.14074970899724773,0.15,False,False,True,True,-0.2415078484088471,2026-01-16,-0.2414814814814815,2026,recent,P2,P2,Time,95.34137773025813,94.8502444987775,98.96008564000611,97.96262254901961,96.77858260451534,top,Industrials,False,False,False
Overbot Vol Spike,Overflow,FORM,2026-01-20,2,459.0,288.46153846153845,0.1623884369781449,0.15,False,True,False,False,1.9999973405054003,2026-01-21,1.5912,2026,recent,P2,P2,Target,91.55821315511783,89.88210452225937,99.3131384290243,99.94706193753309,95.17512951098365,top,Technology,False,False,False
Overbot Vol Spike,Overflow,FUN,2026-01-21,2,1992.0,2343.75,0.33939357158571093,0.75,False,False,False,True,0.7499998847583518,2026-01-22,0.84992,2026,recent,P1,P1,Mixed,96.18320610687023,97.81579349320299,97.20269030877408,97.50421068749043,97.17647514908444,top,Consumer Cyclical,False,False,False
Overbot Vol Spike,Overflow,HL,2026-01-21,2,154.0,468.75,0.16718045969407633,0.15,False,False,True,True,0.3293519528769693,2026-01-22,0.32853333333333334,2026,recent,P2,P2,Time,93.51145038167938,96.761875668245,97.60012228676246,98.37697136732505,96.56260492600296,top,Basic Materials,False,False,False
Overbot Vol Spike,Liquid,GLD,2026-01-21,2,-969.0,468.75,0.03260736609688086,0.15,False,False,True,True,-2.0842289893995827,2026-01-22,-2.0672,2026,recent,P2,P2,Time,99.69947407963937,97.97030633339597,97.42287434161024,97.60603204524034,98.17467169997148,top,Commodity,False,False,False
Overbot Vol Spike,Liquid,CEF,2026-01-23,2,2111.0,1320.4225352112676,1.2575511243126227,0.75,False,True,False,False,2.0000003458238456,2026-01-26,1.5987306666666667,2026,recent,P1,P1,Target,99.35897435897436,98.74790044281569,99.89303178484109,99.81631715903873,99.45405593641746,top,Commodity,False,False,False
Overbot Vol Spike,Overflow,AAP,2026-01-23,2,284.0,1320.4225352112676,0.2685220491703908,0.75,False,False,False,True,-0.30995532327572545,2026-01-26,0.21508266666666667,2026,recent,P1,P1,Mixed,86.38459005597629,96.853895569099,95.53247609627432,94.51692815854665,93.32197246997406,bottom,Consumer Cyclical,False,False,False
Overbot Vol Spike,Overflow,AU,2026-01-23,2,2111.0,1320.4225352112676,0.7336825671553945,0.75,False,True,False,False,1.9999982642148881,2026-01-26,1.5987306666666667,2026,recent,P1,P1,Target,89.25518925518926,88.7463734921362,94.92665036674816,89.08617786621767,90.50359774507282,bottom,Basic Materials,False,False,False
Overbot Vol Spike,Overflow,TDW,2026-01-26,2,2753.0,3375.0,0.2812989734631486,0.75,False,False,False,True,0.6937394832177424,2026-01-27,0.8157037037037037,2026,recent,P1,P1,Mixed,86.76941858690677,89.38931297709924,86.24904507257448,94.03122130394857,89.10974948513226,bottom,Energy,False,False,False
Overbot Vol Spike,Overflow,AAP,2026-01-26,2,454.0,675.0,0.1855413103197632,0.15,False,False,True,True,0.6730689174459208,2026-01-27,0.6725925925925926,2026,recent,P2,P2,Time,92.3127572016461,97.18379446640316,91.61035107961101,97.55614266842801,94.66576135402207,top,Consumer Cyclical,False,False,False
Overbot Vol Spike,Liquid,GLD,2026-01-26,2,-2148.0,675.0,0.04745700348400882,0.15,False,False,True,True,-3.2043656721415026,2026-01-27,-3.1822222222222223,2026,recent,P2,P2,Time,96.84625492772668,99.8121712997746,99.69919157736416,98.28560663149962,98.66080610909125,top,Commodity,False,False,False
Overbot Vol Spike,Overflow,HE,2026-01-28,2,1675.0,1102.9411764705883,0.25403131646938654,0.75,False,False,False,True,1.8649186428615083,2026-01-29,1.5186666666666666,2026,recent,P1,P1,Mixed,98.21510297482837,98.03113553113553,99.20574308843744,99.67870257037944,98.78267104119519,top,Utilities,False,False,False
Overbot Vol Spike,Overflow,BKD,2026-01-30,2,695.0,675.0,0.11245058160726161,0.15,False,False,False,True,1.0498661524037567,2026-02-02,1.0296296296296297,2026,recent,P2,P2,Mixed,98.71946414499607,97.16144293317564,98.67797947908446,97.58750247182124,98.03659725726936,top,Healthcare,False,False,False
Overbot Vol Spike,Liquid,XLP,2026-02-03,2,-2316.0,2929.6875,0.4279942165620234,0.75,False,False,True,True,-0.7907585709938156,2026-02-04,-0.790528,2026,recent,P1,P1,Time,98.38389998475378,96.50701647345943,95.93955121355519,99.58715596330275,97.60440590876779,top,Consumer Defensive,False,False,False
Overbot Vol Spike,Liquid,CAG,2026-02-03,2,1625.0,2929.6875,0.2734180543873104,0.75,False,False,True,True,0.554696265706902,2026-02-04,0.5546666666666666,2026,recent,P1,P1,Time,95.83778014941302,97.49847467968273,99.00778507098153,96.88073394495413,97.30619346125786,top,Consumer Defensive,False,False,False
Overbot Vol Spike,Liquid,DE,2026-02-03,2,-6403.0,2929.6875,0.25090737945886726,0.75,False,False,True,True,-2.1864905634228093,2026-02-04,-2.185557333333333,2026,recent,P1,P1,Time,89.52584235401739,88.42281879194631,87.36070828881087,96.80428134556574,90.52841269508508,bottom,Industrials,False,False,False
Overbot Vol Spike,Overflow,HE,2026-02-03,2,-534.0,585.9375,0.18481826370882912,0.15,False,False,True,True,-0.9133663139929924,2026-02-04,-0.91136,2026,recent,P2,P2,Time,96.32565939929867,87.03477730323368,98.61089909937414,99.51070336391437,95.37050979145522,top,Utilities,False,False,False
Overbot Vol Spike,Overflow,TTC,2026-02-03,2,-674.0,585.9375,0.21364834927518692,0.15,False,False,True,True,-1.1491077200749342,2026-02-04,-1.1502933333333334,2026,recent,P2,P2,Time,92.72754993139199,91.3666870042709,91.72645397649214,97.85932721712538,93.42000453232009,bottom,Industrials,False,False,False
Overbot Vol Spike,Overflow,MTB,2026-02-03,2,-2604.0,2929.6875,0.3849087359519799,0.75,False,False,True,True,-0.889948531579067,2026-02-04,-0.888832,2026,recent,P1,P1,Time,90.98948010367434,91.19890176937156,93.03923065180888,93.57798165137615,92.20139854405772,bottom,Financial Services,False,False,False
Overbot Vol Spike,Overflow,BUD,2026-02-04,2,-365.0,675.0,0.1474602888997516,0.15,False,False,True,True,-0.540325971265241,2026-02-05,-0.5407407407407407,2026,recent,P2,P2,Time,91.6606757728253,96.73860911270982,94.3577430972389,98.29080404429466,95.26195800676716,top,Consumer Defensive,False,False,False
Overbot Vol Spike,Overflow,MLKN,2026-02-05,2,542.0,3375.0,0.2985110129250894,0.75,False,False,False,True,-0.39925305799487687,2026-02-06,0.1605925925925926,2026,recent,P1,P1,Mixed,95.13793629019966,98.12442817932296,88.82954372043339,93.5799449709569,93.91796329022823,bottom,Consumer Cyclical,False,False,False
Overbot Vol Spike,Overflow,TTC,2026-02-05,2,-200.0,675.0,0.1709332127425354,0.15,False,False,True,True,-0.29765584255016414,2026-02-06,-0.2962962962962963,2026,recent,P2,P2,Time,86.26733729614388,92.43671851174139,90.34030215168625,96.75940079486396,91.45093968860886,bottom,Industrials,False,False,False
Overbot Vol Spike,Overflow,HNI,2026-02-05,2,305.0,675.0,0.149432386238711,0.15,False,False,True,True,0.4511347940924965,2026-02-06,0.45185185185185184,2026,recent,P2,P2,Time,95.41228471269623,95.92863677950595,88.8753242789562,95.94925099357995,94.04137419118459,top,Consumer Cyclical,False,False,False
Overbot Vol Spike,Overflow,NX,2026-02-09,2,1703.0,3375.0,0.3604513429133064,0.75,False,False,True,True,0.5048920693199327,2026-02-10,0.5045925925925926,2026,recent,P1,P1,Time,94.13378028340698,97.78963414634147,97.29977116704805,99.03728606356968,97.06511791509155,top,Industrials,False,False,False
Overbot Vol Spike,Overflow,NGG,2026-02-11,2,-86.0,675.0,0.2225162934715837,0.15,False,False,True,True,-0.1277037165513559,2026-02-12,-0.1274074074074074,2026,recent,P2,P2,Time,93.44580182276518,89.03764066744276,96.07690813750243,98.79330478785519,94.33841385389138,top,Utilities,False,False,False
Overbot Vol Spike,Liquid,GLW,2026-02-20,2,-5746.0,3375.0,0.34665639513187213,0.75,False,False,True,True,-1.7033434122509188,2026-02-23,-1.7025185185185185,2026,recent,P1,P1,Time,94.32354283975042,88.00243605359319,98.29346335517293,99.40476190476191,95.00605103831961,top,Technology,False,False,False
Overbot Vol Spike,Liquid,GLW,2026-02-24,2,3726.0,3375.0,0.30262484344618695,0.75,False,False,False,True,1.1754331728638852,2026-02-25,1.104,2026,recent,P1,P1,Mixed,97.17024189867641,98.09741248097413,95.5064737242955,99.66432712847116,97.6096138081043,top,Technology,False,False,False
Overbot Vol Spike,Overflow,LYB,2026-03-04,2,-2102.0,3375.0,0.8117619690031682,0.75,False,False,True,True,-0.6233590431054848,2026-03-05,-0.6228148148148148,2026,recent,P1,P1,Time,97.86700125470514,98.04118533400302,96.27860196127735,98.58799798285426,97.69369663320995,top,Basic Materials,False,False,False
Overbot Vol Spike,Overflow,BP,2026-03-18,2,5400.0,3375.0,1.0877679669348996,0.75,False,True,False,False,1.9999996793014716,2026-03-19,1.6,2026,recent,P1,P1,Target,95.53801790863561,96.81141815973277,98.89074608722078,98.96499238964992,97.55129363630978,top,Energy,False,False,False
Overbot Vol Spike,Overflow,TTE,2026-03-18,2,5400.0,3375.0,1.4403714472468276,0.75,False,True,False,False,2.0000000025186746,2026-03-19,1.6,2026,recent,P1,P1,Target,97.69312490514494,96.7354995444883,98.84516030998329,96.7275494672755,97.500333556723,top,Energy,False,False,False
Overbot Vol Spike,Overflow,APA,2026-03-19,2,-86.0,675.0,0.18542980672314932,0.15,False,False,False,True,-0.8791381145208564,2026-03-20,-0.1274074074074074,2026,recent,P2,P2,Mixed,94.55235204855842,97.58615454683466,97.06776055910058,98.691218992543,96.97437153675916,top,Energy,False,False,False
Overbot Vol Spike,Overflow,PARR,2026-03-18,2,2311.0,3375.0,0.31921806700127364,0.75,False,False,True,True,0.6848525972214107,2026-03-19,0.6847407407407408,2026,recent,P1,P1,Time,91.64705882352942,92.34618781277598,90.30070754716981,96.15498373262349,92.61223447902466,bottom,Energy,False,False,False
Overbot Vol Spike,Overflow,APA,2026-03-18,2,-2255.0,3375.0,0.2724567806248425,0.75,False,False,True,True,-0.6681608922040424,2026-03-19,-0.6681481481481482,2026,recent,P1,P1,Time,94.4301107907118,96.219252960826,97.15848655219571,98.81278538812785,96.65515892296534,top,Energy,False,False,False
Overbot Vol Spike,Overflow,PARR,2026-03-19,2,155.0,675.0,0.12277919579122362,0.15,False,False,False,True,-0.28575424671010213,2026-03-20,0.22962962962962963,2026,recent,P2,P2,Mixed,97.20670391061452,91.52442613301942,93.98762157382848,97.75280898876404,95.11789015155662,top,Energy,False,False,False
Overbot Vol Spike,Overflow,VIAV,2026-03-24,2,818.0,675.0,0.09197353813931795,0.15,False,False,False,True,1.3618211842495642,2026-03-25,1.211851851851852,2026,recent,P2,P2,Mixed,98.55907780979827,97.20789074355083,96.11237661351556,96.1971402494676,97.01912135408307,top,Technology,False,False,False
Overbot Vol Spike,Overflow,SM,2026-03-25,2,2210.0,3375.0,0.3649318760578272,0.75,False,False,True,True,0.6551176482358099,2026-03-26,0.6548148148148148,2026,recent,P1,P1,Time,95.04094631483167,96.54073736913973,96.44700880655937,97.24714828897338,96.31896019487604,top,Energy,False,False,False
Overbot Vol Spike,Overflow,YPF,2026-03-30,2,1077.0,675.0,0.2063764925799128,0.15,False,True,False,False,1.9999995875942542,2026-03-31,1.5955555555555556,2026,recent,P2,P2,Target,92.587539790814,95.6627236882014,97.66277128547578,96.15384615384616,95.51672022958434,top,Energy,False,False,False
Overbot Vol Spike,Liquid,INTC,2026-04-07,2,-5743.0,3375.0,0.8607845195554966,0.75,False,False,True,True,-1.7028864043913348,2026-04-08,-1.7016296296296296,2026,recent,P1,P1,Time,94.66828233868524,99.95453856644946,98.87776766757659,97.72140361537292,97.80549804702106,top,Technology,True,False,True
Overbot Vol Spike,Overflow,HOG,2026-04-09,2,202.0,416.66666666666663,0.02493496855315771,0.15,False,False,False,True,0.13913649179378468,2026-04-10,0.48480000000000006,2026,recent,P2,P2,Mixed,97.4106602059358,97.34888653234358,99.10551849605822,96.12756264236903,97.49815696917665,top,Consumer Cyclical,False,False,False
Overbot Vol Spike,Overflow,COHU,2026-04-09,2,-1477.0,2083.333333333333,0.3416046620704148,0.75,False,False,True,True,-0.7090543059122466,2026-04-10,-0.7089600000000001,2026,recent,P1,P1,Time,95.29830405814657,95.01590668080594,89.26622195269861,95.53530751708428,93.77893505218385,bottom,Technology,False,False,False
Overbot Vol Spike,Overflow,MRVL,2026-04-09,2,-1797.0,2083.333333333333,0.6010714031927359,0.75,False,False,True,True,-0.8628991015230604,2026-04-10,-0.8625600000000001,2026,recent,P1,P1,Time,97.16005556413026,95.1667696108709,97.40380157626333,96.4860681114551,96.5541737156799,top,Technology,False,False,False
Overbot Vol Spike,Overflow,OCSL,2026-04-14,2,-1108.0,675.0,0.06930795746066734,0.15,False,False,True,True,-1.6410858402721034,2026-04-15,-1.6414814814814815,2026,recent,P2,P2,Time,95.05016722408027,93.81972333779562,97.25262452535179,97.40259740259741,95.88127812245627,top,Financial Services,False,False,False
Overbot Vol Spike,Liquid,VFC,2026-04-16,2,-270.0,2467.105263157895,1.039604776190583,0.75,False,False,True,True,-0.10940372575049259,2026-04-17,-0.10943999999999998,2026,recent,P1,P1,Time,98.0632470873052,97.1238268240993,99.21224056961067,98.39150227617603,98.1977041892978,top,Consumer Cyclical,False,False,False
Overbot Vol Spike,Overflow,ON,2026-04-16,2,-634.0,493.42105263157896,0.12701801610766175,0.15,False,False,True,True,-1.2854061502333205,2026-04-17,-1.2849066666666666,2026,recent,P2,P2,Time,97.16518541219736,97.19454238847156,98.28168149739184,95.58936529890887,97.05769364924241,top,Technology,False,False,False
Overbot Vol Spike,Liquid,ADI,2026-04-17,2,-32.0,675.0,0.14902343523069236,0.15,False,False,True,True,-0.04734350756327233,2026-04-20,-0.047407407407407405,2026,recent,P2,P2,Time,96.83812405446294,90.64628424398366,97.98545895183278,97.55727507206797,95.75678558058684,top,Technology,True,False,True
Overbot Vol Spike,Overflow,JBL,2026-04-17,2,-253.0,675.0,0.0693588119450734,0.15,False,False,True,True,-0.3746210358541229,2026-04-20,-0.3748148148148148,2026,recent,P2,P2,Time,92.67776096822995,89.40517632813683,97.40987579521358,95.9641935973297,93.86425167222751,bottom,Technology,False,False,False
Overbot Vol Spike,Liquid,VFC,2026-04-20,2,965.0,602.6785714285716,0.02413959088621924,0.1339,False,True,False,False,1.999997560168804,2026-04-21,1.6011851851851848,2026,recent,P2,P2,Target,97.91256995915899,99.51573849878935,99.8485536877177,99.5752427184466,99.21302621602815,top,Consumer Cyclical,False,False,False
Overbot Vol Spike,Overflow,VECO,2026-04-20,2,-398.0,602.6785714285716,0.2346109132950933,0.1339,False,False,True,True,-0.6624451967373987,2026-04-21,-0.6603851851851851,2026,recent,P2,P2,Time,96.38481319013765,97.26089588377724,99.04588823262154,98.81674757281553,97.87708621983799,top,Technology,False,False,False
Overbot Vol Spike,Overflow,MRVL,2026-04-20,2,-964.0,602.6785714285716,0.119926474422406,0.1339,False,False,True,True,-1.6011080649542804,2026-04-21,-1.5995259259259256,2026,recent,P2,P2,Time,97.82608695652173,95.26453802252044,99.2435937017598,99.41240142260708,97.93665502585228,top,Technology,False,False,False
Overbot Vol Spike,Overflow,ACLS,2026-04-20,2,-371.0,602.6785714285716,0.16693435733344655,0.1339,False,False,True,True,-0.6202602118376285,2026-04-21,-0.615585185185185,2026,recent,P2,P2,Time,95.8179012345679,96.8503937007874,98.8566131025958,98.83918898003405,97.59102425449629,top,Technology,False,False,False
Overbot Vol Spike,Overflow,MRVL,2026-04-22,2,553.0,675.0,0.09177830758953322,0.15,False,False,False,True,0.7100293324364239,2026-04-23,0.8192592592592592,2026,recent,P2,P2,Mixed,92.92540073982737,97.60986892829607,99.36728395061728,99.55170814654505,97.36356544132144,top,Technology,False,False,False
Overbot Vol Spike,Overflow,ARW,2026-04-22,2,35.0,675.0,0.22472927695449327,0.15,False,False,True,True,0.05167150205079598,2026-04-23,0.05185185185185185,2026,recent,P2,P2,Time,87.82700740964766,93.76701966717094,98.36487509462528,98.99909008189263,94.73949806333412,top,Technology,False,False,False
Overbot Vol Spike,Liquid,SMH,2026-04-23,2,5381.0,3375.0,1.5950971049647178,0.75,False,True,False,False,1.9999967833253136,2026-04-24,1.5943703703703704,2026,recent,P1,P1,Target,91.4259373079287,92.17524980784012,96.93846153846154,99.0907689936816,94.90760441197799,top,Technology,True,False,True
Overbot Vol Spike,Liquid,USO,2026-04-28,2,3913.0,3375.0,1.0146031410517067,0.75,False,False,False,True,1.2689169876636104,2026-04-29,1.1594074074074074,2026,recent,P1,P1,Mixed,96.82665608885362,97.14229013693193,97.47715534366309,91.43937885725661,95.7213701066763,top,Energy,False,False,False
Overbot Vol Spike,Liquid,MU,2026-05-01,2,-9775.0,3375.0,0.6354204684858148,0.75,False,False,True,True,-2.912219088235102,2026-05-04,-2.8962962962962964,2026,recent,P1,P1,Time,85.21148036253776,88.77134653166088,95.88626739261949,99.22738978942584,92.274121019061,bottom,Technology,True,False,True
Overbot Vol Spike,Liquid,MU,2026-05-04,2,-1652.0,3375.0,1.1247927321596622,0.75,False,False,True,True,-0.4935791664063389,2026-05-05,-0.48948148148148146,2026,recent,P1,P1,Time,98.20268841564719,90.48050770625566,99.1078179343717,99.66676764616783,96.8644454256106,top,Technology,True,False,True
Overbot Vol Spike,Liquid,XLK,2026-05-05,2,-6338.0,3375.0,0.7743396215078024,0.75,False,False,True,True,-1.879303574316441,2026-05-06,-1.877925925925926,2026,recent,P1,P1,Time,89.56508607671398,94.59132799516543,95.46416691865738,99.60623958806603,94.8067051446507,top,Technology,False,True,True
Overbot Vol Spike,Overflow,VSAT,2026-05-08,2,3232.0,3375.0,0.35014904064209545,0.75,False,False,False,True,0.9295633389633492,2026-05-11,0.9576296296296296,2026,recent,P1,P1,Mixed,86.71698113207547,88.70431893687709,90.99289708327036,94.86830154405087,90.32062467406845,bottom,Technology,False,False,False
Overbot Vol Spike,Liquid,UNH,2026-05-12,2,690.0,675.0,0.012581244359859405,0.15,False,False,False,True,1.053172751431081,2026-05-13,1.0222222222222221,2026,recent,P2,P2,Mixed,95.47306473517429,97.23731884057972,91.91720803746789,99.16767554479419,95.94881678950402,top,Healthcare,False,False,False
Overbot Vol Spike,Overflow,ENPH,2026-05-26,2,431.0,625.0,0.2293150415859655,0.15,False,False,True,True,0.6931605707046906,2026-05-27,0.6896,2026,recent,P2,P2,Time,87.85151856017997,98.67717421896988,99.85907553551297,99.34973141080012,96.43437493136574,top,Energy,False,False,False
Overbot Vol Spike,Liquid,IBM,2026-05-28,1,-5246.0,3375.0,1.4710733659603998,0.75,True,False,False,False,,2026-05-29,-1.5543703703703704,2026,recent,P1,P1,EOD-DD,98.4483278095812,99.86435568952524,99.87933634992459,96.61580299138842,98.70195571010485,top,Technology,False,False,False
Overbot Vol Spike,Overflow,BWA,2026-05-26,2,-121.0,625.0,0.24397193861978067,0.15,False,False,True,True,-0.1958117493314031,2026-05-27,-0.1936,2026,recent,P2,P2,Time,98.2218203737191,97.43705713854968,87.71876885938443,97.68777391567176,95.26635507183124,top,Consumer Cyclical,False,False,False
Overbot Vol Spike,Overflow,SMCI,2026-05-28,2,-4904.0,3375.0,1.2437538168817095,0.75,False,False,True,True,-1.4537744611316534,2026-05-29,-1.4530370370370371,2026,recent,P1,P1,Time,97.15767634854771,98.27693585219016,97.61014131338321,98.08373255571756,97.78212151745967,top,Technology,False,False,False
Overbot Vol Spike,Overflow,OSPN,2026-05-29,2,4253.0,3024.1935483870966,0.9270782200664648,0.75,False,False,False,True,1.6770779249405816,2026-06-01,1.4063253333333334,2026,recent,P1,P1,Mixed,90.97755686097304,93.12839059674502,92.71603076459056,91.76737160120845,92.14733745587927,bottom,Technology,False,False,False
Overbot Vol Spike,Overflow,FTNT,2026-05-29,2,-985.0,3024.193548387097,0.6451898051792814,0.75,False,False,True,True,-0.32598775365395477,2026-06-01,-0.32570666666666664,2026,recent,P1,P1,Time,98.24265767934521,90.07468079980727,94.7178002894356,99.97581620314389,95.75273874293299,top,Technology,False,False,False
Overbot Vol Spike,Liquid,XLK,2026-05-29,2,-506.0,3024.1935483870966,0.30500976093704996,0.75,False,False,True,True,-0.16737671244361513,2026-06-01,-0.16731733333333335,2026,recent,P1,P1,Time,95.82768489230305,97.64918625678119,94.01296938621626,99.41087613293051,96.72517916705776,top,Technology,False,True,True
Overbot Vol Spike,Overflow,SMCI,2026-06-01,2,5172.0,3232.758620689655,0.6712563346616995,0.75,False,True,False,False,2.000000141247981,2026-06-02,1.5998720000000002,2026,recent,P1,P1,Target,97.80174201576109,99.23220585183648,99.43913585375986,99.0630855715178,98.88404232321881,top,Technology,False,False,False
Overbot Vol Spike,Overflow,CEVA,2026-06-01,2,-1877.0,3232.758620689655,0.43038063998224607,0.75,False,False,True,True,-0.5809221359149176,2026-06-02,-0.5806186666666667,2026,recent,P1,P1,Time,95.19311856974194,96.62504218697266,98.22665090356358,99.25549915397632,97.32507770356362,top,Technology,False,False,False
Overbot Vol Spike,Overflow,WDC,2026-06-02,2,5354.0,3375.0,0.2845980917499257,0.75,False,True,False,False,1.9999950154037562,2026-06-03,1.5863703703703704,2026,recent,P1,P1,Target,91.55247703659087,85.64326604398916,96.78878335594754,94.82029598308668,92.20120560490356,bottom,Technology,False,False,False
Overbot Vol Spike,Overflow,BWA,2026-06-02,2,4536.0,3375.0,0.38325144668625827,0.75,False,False,False,True,1.5742993950993491,2026-06-03,1.344,2026,recent,P1,P1,Mixed,88.23972293329318,95.69147333534197,99.17081260364843,99.53186348535186,95.65846808940887,top,Consumer Cyclical,False,False,False
Overbot Vol Spike,Overflow,CNK,2026-06-10,2,878.0,675.0,0.032774958333076906,0.15,False,False,False,True,1.5037911261535768,2026-06-11,1.3007407407407408,2026,recent,P2,P2,Mixed,93.95261845386533,96.83925972135579,98.56369691923396,96.62007093678281,96.49391150780946,top,Communication Services,False,False,False
Overbot Vol Spike,Overflow,FWRD,2026-06-11,2,-17.0,3375.0,0.73032742906825,0.75,False,False,True,True,-0.005084814496434944,2026-06-12,-0.005037037037037037,2026,recent,P1,P1,Time,97.54813477737665,99.53348382242288,98.79518072289156,99.15522703273496,98.75800658885652,top,Industrials,False,False,False
Overbot Vol Spike,Overflow,COHU,2026-06-15,2,97.0,675.0,0.12354946277719348,0.15,False,False,False,True,-0.42252001666132444,2026-06-16,0.1437037037037037,2026,recent,P2,P2,Mixed,97.42857142857143,99.27786971566121,95.81451370069256,97.78313979791886,97.57602366071102,top,Technology,False,False,False
Overbot Vol Spike,Overflow,FUN,2026-06-17,2,1079.0,675.0,0.030550248694095856,0.15,False,True,False,False,1.9999991753671573,2026-06-18,1.5985185185185184,2026,recent,P2,P2,Target,97.66987372218881,95.06692735749736,98.91631547260687,97.82903663500679,97.37053829682496,top,Consumer Cyclical,False,False,False
Overbot Vol Spike,Overflow,WDC,2026-06-17,2,5412.0,3375.0,1.095720680183453,0.75,False,True,False,False,1.999988564637438,2026-06-18,1.6035555555555556,2026,recent,P1,P1,Target,95.94107035478052,99.92480072191306,95.43949428055389,99.3064978139605,97.652965792802,top,Technology,False,False,False
Overbot Vol Spike,Overflow,FUN,2026-06-16,2,5399.0,3375.0,0.4458591930712561,0.75,False,True,False,False,1.9999997518049304,2026-06-17,1.5997037037037036,2026,recent,P1,P1,Target,94.49706811005863,96.58543922984356,98.32906819208189,94.30036188178529,95.92798435344234,top,Consumer Cyclical,False,False,False
Overbot Vol Spike,Liquid,XBI,2026-06-23,2,-728.0,675.0,0.06591296933611665,0.15,False,False,True,True,-1.081871859316897,2026-06-24,-1.0785185185185184,2026,recent,P2,P2,Time,95.3551912568306,97.07088459285296,98.92494136043784,90.00979431929481,95.34020288235406,top,Healthcare,False,False,False
Overbot Vol Spike,Liquid,GPC,2026-06-24,2,-811.0,675.0,0.027644511641080685,0.15,False,False,True,True,-1.2036202391699002,2026-06-25,-1.2014814814814814,2026,recent,P2,P2,Time,98.6328125,86.02134375469713,98.75150421179302,97.70980864848576,95.27886727874397,top,Consumer Cyclical,False,False,False
Overbot Vol Spike,Liquid,XBI,2026-06-24,2,-743.0,675.0,0.03969530493123016,0.15,False,False,True,True,-1.1069273947900065,2026-06-25,-1.1007407407407408,2026,recent,P2,P2,Time,85.7560975609756,98.92620070285045,98.6515536447137,94.90795142969056,94.56045083455759,top,Healthcare,False,False,False
Overbot Vol Spike,Liquid,HRL,2026-06-24,2,-247.0,675.0,0.23037989838264958,0.15,False,False,True,True,-0.36645537190600336,2026-06-25,-0.36592592592592593,2026,recent,P2,P2,Time,99.30889423076923,90.75604990229972,94.35920577617328,99.77399427452161,96.04953604594095,top,Consumer Defensive,False,False,False
Overbot Vol Spike,Overflow,HNI,2026-06-24,2,-447.0,675.0,0.17964320621456922,0.15,False,False,True,True,-0.6623916847879424,2026-06-25,-0.6622222222222223,2026,recent,P2,P2,Time,98.76802884615384,98.54201112280174,97.26233453670277,97.40846768118125,97.9952105467099,top,Consumer Cyclical,False,False,False
Overbot Vol Spike,Overflow,FBIN,2026-06-24,2,-1470.0,675.0,0.17186750978329124,0.15,False,False,True,True,-2.1816029746075856,2026-06-25,-2.1777777777777776,2026,recent,P2,P2,Time,98.86822958771221,88.3764832793959,91.11531190926276,96.99349945828818,93.83838105866475,bottom,Industrials,False,False,False
Overbot Vol Spike,Overflow,JACK,2026-06-26,2,-1716.0,675.0,0.1432465489809282,0.15,False,False,True,True,-2.5446756112762827,2026-06-29,-2.542222222222222,2026,recent,P2,P2,Time,89.56142985881647,95.02629601803156,94.75187969924812,96.05362253351409,93.84830702740256,bottom,Consumer Cyclical,False,False,False
Overbot Vol Spike,Liquid,AMAT,2026-06-29,2,1013.0,675.0,0.059215663010582856,0.15,False,True,False,False,1.9998961097945922,2026-06-30,1.5007407407407407,2026,recent,P2,P2,Target,88.37663312809731,93.1640625,99.03773868591189,99.98493975903614,95.14084351826133,top,Technology,True,False,True
Overbot Vol Spike,Overflow,FBIN,2026-06-29,2,910.0,3375.0,0.4432717221035752,0.75,False,False,True,True,0.26978830352676575,2026-06-30,0.2696296296296296,2026,recent,P1,P1,Time,99.40764674205708,99.91915925626516,99.43335132218026,99.72936400541272,99.62238033147881,top,Industrials,False,False,False
Overbot Vol Spike,Overflow,BRO,2026-07-01,2,1907.0,3375.0,0.5216087146855894,0.75,False,False,False,True,0.2753350726320561,2026-07-02,0.565037037037037,2026,recent,P1,P1,Mixed,98.33358354601411,98.37789125863623,98.40673380429881,98.14814814814815,98.31658918927432,top,Financial Services,False,False,False
Overbot Vol Spike,Overflow,RLI,2026-06-30,2,-3029.0,3375.0,0.29375842680021513,0.75,False,False,True,True,-0.8978990865605502,2026-07-01,-0.8974814814814814,2026,recent,P1,P1,Time,91.14114114114115,99.08367132341895,97.60974143114852,99.12663755458514,96.74029786257344,top,Financial Services,False,False,False
Overbot Vol Spike,Overflow,ACIW,2026-07-01,2,-514.0,675.0,0.21212172834315957,0.15,False,False,True,True,-0.7627570126979668,2026-07-02,-0.7614814814814815,2026,recent,P2,P2,Time,94.94069959465546,97.41664163412436,95.74627987374117,91.94519722975008,95.01220458306777,top,Technology,False,False,False
Overbot Vol Spike,Overflow,AJG,2026-07-01,2,-881.0,675.0,0.19425755964338703,0.15,False,False,True,True,-1.314533971404005,2026-07-02,-1.3051851851851852,2026,recent,P2,P2,Time,98.69388980633539,98.43796936016822,98.18127160679393,98.13309244203553,98.36155580383327,top,Financial Services,False,False,False
Overbot Vol Spike,Overflow,RLI,2026-07-01,2,345.0,3375.0,0.3916562632313018,0.75,False,False,True,True,0.10198503214595729,2026-07-02,0.10222222222222223,2026,recent,P1,P1,Time,96.2017715057799,99.41423851006309,98.69231925447167,99.3676603432701,98.41899740339619,top,Financial Services,False,False,False
Overbot Vol Spike,Overflow,COR,2026-07-06,2,1780.0,3024.1935483870966,0.34935121172530675,0.75,False,False,True,True,0.5896665893910731,2026-07-07,0.5885866666666667,2026,recent,P1,P1,Time,93.69653309320127,88.90390390390391,95.92787377911345,95.15352197471402,93.42045818773316,bottom,Healthcare,False,False,False
Overbot Vol Spike,Liquid,PAYX,2026-07-16,2,955.0,675.0,0.12822340407889968,0.15,False,False,False,True,1.6952559705823516,2026-07-17,1.4148148148148147,2026,recent,P2,P2,Mixed,97.01693898965672,97.5254949010198,98.0339186552604,96.45219482862298,97.25713684363997,top,Technology,False,False,False
Overbot Vol Spike,Overflow,PARR,2026-07-20,2,3939.0,3375.0,0.5448062496208572,0.75,False,False,False,True,1.2800808025549433,2026-07-21,1.1671111111111112,2026,recent,P1,P1,Mixed,89.72445464982779,91.35305946567078,98.27387802071347,98.93217893217893,94.57089276709775,top,Energy,False,False,False
Overbot Vol Spike,Overflow,JKHY,2026-07-28,2,1080.0,675.0,0.06801204483062938,0.15,False,True,False,False,1.9999941570462036,2026-07-29,1.6,2026,recent,P2,P2,Target,96.51145381045066,94.24805272618335,94.54354669464848,97.41741741741741,95.68011766217498,top,Technology,False,False,False
Overbot Vol Spike,Overflow,WDAY,2026-07-28,2,544.0,675.0,0.01079814425212917,0.15,False,False,False,True,0.6906035755227148,2026-07-29,0.8059259259259259,2026,recent,P2,P2,Mixed,99.88449321397633,98.41040462427746,96.52677279305355,99.4773519163763,98.57475563692091,top,Technology,False,False,False
Overbot Vol Spike,Overflow,GWRE,2026-07-28,2,965.0,675.0,0.07340807469086383,0.15,False,False,False,True,1.7360974944100653,2026-07-29,1.4296296296296296,2026,recent,P2,P2,Mixed,99.58847736625515,97.58374519494784,96.23315919714051,99.47600661886376,98.22034709430183,top,Technology,False,False,False
Overbot Vol Spike,Liquid,PAYX,2026-07-28,2,1080.0,675.0,0.20111497795282762,0.15,False,True,False,False,1.9999978568748218,2026-07-29,1.6,2026,recent,P2,P2,Target,98.00868393472076,96.86938286399041,96.47728976165493,99.23423423423424,97.64739769865008,top,Technology,False,False,False
Overbot Vol Spike,Overflow,ACN,2026-07-27,2,-547.0,3375.0,0.4158664979310862,0.75,False,False,True,True,-0.1623155491674913,2026-07-28,-0.16207407407407406,2026,recent,P1,P1,Time,99.7932898712037,95.17976455615654,98.00987103964337,99.28229665071771,98.06630552943034,top,Technology,False,False,False
Overbot Vol Spike,Liquid,ADBE,2026-07-28,2,555.0,675.0,0.06994497688170707,0.15,False,False,False,True,0.7137271197445715,2026-07-29,0.8222222222222222,2026,recent,P2,P2,Mixed,98.92199431052553,96.55482324745357,95.54789386898516,98.04804804804806,97.26818986875307,top,Technology,False,False,False
Overbot Vol Spike,Overflow,ACN,2026-07-28,2,525.0,675.0,0.04487978054732822,0.15,False,False,False,True,0.6285597420861776,2026-07-29,0.7777777777777778,2026,recent,P2,P2,Mixed,99.84101748807632,99.76141243836489,99.68163005412289,99.56944665922501,99.71337665994727,top,Technology,False,False,False
Overbot Vol Spike,Overflow,INTU,2026-07-28,2,493.0,675.0,0.031923230504071504,0.15,False,False,False,True,0.5727163739185884,2026-07-29,0.7303703703703703,2026,recent,P2,P2,Mixed,96.21200778559664,95.7309766327142,95.84769899565283,97.31231231231232,96.275748931569,top,Technology,False,False,False
3x ETF Overbot Fade,Liquid,YINN,2026-07-29,1,937.0,4500.0,0.33022368188395407,1.0,False,False,True,False,,2026-07-30,0.20822222222222223,2026,recent,P1,P1,Time,88.21983273596177,93.63940698230512,88.34091453196073,97.55160825732118,91.9379406268872,bottom,UNKNOWN,False,False,False
