kill_id,date,title,axis,reason_class,tradeable,gate_live,confidence,horizon_td,legs,entry,status,entry_session,exit_session,ret,net,z,drift,excess,weights
2026-08-07-k01,2026-08-07,Long TLT into the NFP reaction at the 52w rates floor,event_fingerprint,era_instability,True,True,high,3.0,"[{""ticker"": ""TLT"", ""side"": ""LONG"", ""weight"": 1.0}]","{""type"": ""close"", ""date"": ""2026-08-07""}",closed,2026-08-07,2026-08-12,-0.007854074421408397,-0.008354074421408397,-0.7724426672809968,-1.2129504914250826e-05,-0.007841944916494146,[1.0]
2026-08-07-k02,2026-08-07,Short DX futures on the NFP rates-floor trigger,instrument_translation,wrong_sign,True,True,medium,5.0,"[{""ticker"": ""DX-Y.NYB"", ""side"": ""SHORT"", ""weight"": 1.0}]","{""type"": ""close"", ""date"": ""2026-08-07""}",closed,2026-08-07,2026-08-14,-0.0007028081917330731,-0.001202808191733073,-0.10959169787431915,0.00011862065309656308,-0.0008214288448296362,[1.0]
2026-08-07-k03,2026-08-07,Short UUP on the NFP rates-floor trigger,event_fingerprint,wrong_sign,True,True,high,5.0,"[{""ticker"": ""UUP"", ""side"": ""SHORT"", ""weight"": 1.0}]","{""type"": ""close"", ""date"": ""2026-08-07""}",closed,2026-08-07,2026-08-14,-0.0014250415376642067,-0.0019250415376642067,-0.2040683217597378,-0.0009259207718322889,-0.0004991207658319178,[1.0]
2026-08-07-k04,2026-08-07,Long XLU as the rates-reaction equity leg,interaction_cell,era_instability,True,True,medium,3.0,"[{""ticker"": ""XLU"", ""side"": ""LONG"", ""weight"": 1.0}]","{""type"": ""close"", ""date"": ""2026-08-07""}",closed,2026-08-07,2026-08-12,0.005274017517848284,0.0047740175178482835,0.2955576613196203,0.0016489810255528074,0.003625036492295477,[1.0]
2026-08-07-k05,2026-08-07,Long IEF as the lower-duration version of the bond leg,instrument_translation,other,True,True,medium,3.0,"[{""ticker"": ""IEF"", ""side"": ""LONG"", ""weight"": 1.0}]","{""type"": ""close"", ""date"": ""2026-08-07""}",closed,2026-08-07,2026-08-12,-0.0022538966129914684,-0.0027538966129914684,-0.41310361724487993,0.00040006968266303127,-0.0026539662956545,[1.0]
2026-08-07-k06,2026-08-07,"Credit duration divergence, long LQD against short HYG",relative_value,other,True,True,medium,5.0,"[{""ticker"": ""LQD"", ""side"": ""LONG"", ""weight"": 1.0}, {""ticker"": ""HYG"", ""side"": ""SHORT"", ""weight"": 1.0}]","{""type"": ""close"", ""date"": ""2026-08-07""}",closed,2026-08-07,2026-08-14,-0.005291689047587034,-0.006291689047587034,-1.2072567461582981,-0.0006412576422664551,-0.004650431405320578,"[1.0, 1.0]"
2026-08-07-k07,2026-08-07,Long IWM on the NFP rates-floor trigger,event_fingerprint,other,True,True,high,5.0,"[{""ticker"": ""IWM"", ""side"": ""LONG"", ""weight"": 1.0}]","{""type"": ""close"", ""date"": ""2026-08-07""}",closed,2026-08-07,2026-08-14,0.011705824918725405,0.011205824918725404,0.4516206750490759,0.003446578051414013,0.008259246867311392,[1.0]
2026-08-07-k08,2026-08-07,Long HYG on the NFP rates-floor trigger,relative_value,other,True,True,high,5.0,"[{""ticker"": ""HYG"", ""side"": ""LONG"", ""weight"": 1.0}]","{""type"": ""close"", ""date"": ""2026-08-07""}",closed,2026-08-07,2026-08-14,0.001256050312933299,0.0007560503129332989,0.25068366805347375,0.0016180516217556267,-0.00036200130882232777,[1.0]
2026-08-07-k09,2026-08-07,"Utilities washout snapback, outright long XLU",interaction_cell,other,True,True,high,5.0,"[{""ticker"": ""XLU"", ""side"": ""LONG"", ""weight"": 1.0}]","{""type"": ""close"", ""date"": ""2026-08-07""}",closed,2026-08-07,2026-08-14,0.016051418961226638,0.015551418961226637,0.6967704261720482,0.0028593209040049393,0.013192098057221699,[1.0]
2026-08-07-k10,2026-08-07,Long XLU against short SPY on the washout,relative_value,other,True,True,high,5.0,"[{""ticker"": ""XLU"", ""side"": ""LONG"", ""weight"": 1.0}, {""ticker"": ""SPY"", ""side"": ""SHORT"", ""weight"": 1.0}]","{""type"": ""close"", ""date"": ""2026-08-07""}",closed,2026-08-07,2026-08-14,0.012068260620039739,0.011068260620039738,0.38451816739989675,-0.0011189967879201902,0.013187257407959929,"[1.0, 1.0]"
2026-08-07-k11,2026-08-07,Long SPY from the NFP close into CPI,event_fingerprint,other,True,True,high,2.0,"[{""ticker"": ""SPY"", ""side"": ""LONG"", ""weight"": 1.0}]","{""type"": ""close"", ""date"": ""2026-08-07""}",closed,2026-08-07,2026-08-11,-0.003491692719646222,-0.003991692719646223,-0.27995369912291146,0.001587746357093229,-0.005079439076739451,[1.0]
2026-08-07-k12,2026-08-07,Long USO on the oversold pullback inside its uptrend,interaction_cell,other,True,True,low,1.0,"[{""ticker"": ""USO"", ""side"": ""LONG"", ""weight"": 1.0}]","{""type"": ""close"", ""date"": ""2026-08-07""}",closed,2026-08-07,2026-08-10,0.06729949640694843,0.06679949640694843,2.008293462528448,0.0009106744073105735,0.06638882199963786,[1.0]
2026-08-10-k01,2026-08-10,PPI day fingerprint on SPY and the back-to-back CPI-then-PPI pair,event_fingerprint,concentration,False,,low,,[],null,untradeable,,,,,,,,
2026-08-10-k02,2026-08-10,PPI on the curve with the long end at its 52w floor,event_fingerprint,filter_no_filter,True,True,medium,1.0,"[{""ticker"": ""TLT"", ""side"": ""LONG"", ""weight"": 1.0}]","{""type"": ""close"", ""date"": ""2026-08-12""}",closed,2026-08-12,2026-08-13,0.005845779578274479,0.005345779578274479,0.9963381571625078,-9.110500030946254e-06,0.005854890078305425,[1.0]
2026-08-10-k03,2026-08-10,Long duration into CPI while bond vol sits in its bottom decile,interaction_cell,era_instability,True,False,medium,3.0,"[{""ticker"": ""TLT"", ""side"": ""LONG"", ""weight"": 1.0}]","{""type"": ""close"", ""date"": ""2026-08-11""}",closed,2026-08-11,2026-08-14,-0.0018250628862103158,-0.0023250628862103158,-0.17848887150561088,1.4272723524917369e-05,-0.0018393356097352331,[1.0]
2026-08-10-k04,2026-08-10,"Long TLT into the CPI print, ungated",event_fingerprint,other,True,True,medium,3.0,"[{""ticker"": ""TLT"", ""side"": ""LONG"", ""weight"": 1.0}]","{""type"": ""close"", ""date"": ""2026-08-10""}",closed,2026-08-10,2026-08-13,0.006458690902506836,0.005958690902506836,0.6367110258697221,8.666401849104476e-06,0.006450024500657732,[1.0]
2026-08-10-k05,2026-08-10,"Credit-quality divergence, long LQD against short HYG at joint 52w extremes",relative_value,era_instability,True,True,medium,21.0,"[{""ticker"": ""LQD"", ""side"": ""LONG"", ""weight"": 1.0}, {""ticker"": ""HYG"", ""side"": ""SHORT"", ""weight"": 1.0}]","{""type"": ""close"", ""date"": ""2026-08-10""}",closed,2026-08-10,2026-09-09,-0.0011171025349100416,-0.0021171025349100417,-0.1243465322046088,-0.002491093981990404,0.0013739914470803625,"[1.0, 1.0]"
2026-08-10-k06,2026-08-10,"Miner-over-metal, long GDX against short GLD after a 5d thrust spread",relative_value,concentration,True,True,medium,10.0,"[{""ticker"": ""GDX"", ""side"": ""LONG"", ""weight"": 1.0}, {""ticker"": ""GLD"", ""side"": ""SHORT"", ""weight"": 1.0}]","{""type"": ""close"", ""date"": ""2026-08-10""}",closed,2026-08-10,2026-08-24,0.08422084607377589,0.08322084607377589,1.3063941001952037,0.0056160754869212445,0.07860477058685464,"[1.0, 1.0]"
2026-08-10-k07,2026-08-10,Silver thrust from deep inside a drawdown,historical_analogue,filter_no_filter,True,True,high,10.0,"[{""ticker"": ""SLV"", ""side"": ""LONG"", ""weight"": 1.0}]","{""type"": ""close"", ""date"": ""2026-08-10""}",closed,2026-08-10,2026-08-24,0.04696180647522552,0.04646180647522552,0.4794099806540901,0.01585285449325065,0.03110895198197487,[1.0]
2026-08-10-k08,2026-08-10,Energy's 5d washout into the CPI print,interaction_cell,other,True,True,medium,3.0,"[{""ticker"": ""XLE"", ""side"": ""LONG"", ""weight"": 1.0}]","{""type"": ""close"", ""date"": ""2026-08-10""}",closed,2026-08-10,2026-08-13,0.014622822938633595,0.014122822938633595,0.5815223414148415,0.0018234350875147754,0.01279938785111882,[1.0]
2026-08-10-k09,2026-08-10,"Long GDX into CPI, the miner-alpha version of the thesis",event_fingerprint,other,True,True,high,3.0,"[{""ticker"": ""GDX"", ""side"": ""LONG"", ""weight"": 1.0}]","{""type"": ""close"", ""date"": ""2026-08-10""}",closed,2026-08-10,2026-08-13,-0.02453311164892813,-0.02503311164892813,-0.4236208436515607,0.005338595353035592,-0.02987170700196372,[1.0]
2026-08-10-k10,2026-08-10,Crushed skew at a 52w equity high,flow_mechanics,other,True,True,medium,5.0,"[{""ticker"": ""SPY"", ""side"": ""SHORT"", ""weight"": 1.0}]","{""type"": ""close"", ""date"": ""2026-08-10""}",closed,2026-08-10,2026-08-17,0.000465729208542931,-3.427079145706903e-05,0.0235877497474444,-0.004077800268694281,0.004543529477237212,[1.0]
2026-08-10-k11,2026-08-10,"Synchronized 52w high across equity, international and credit",interaction_cell,filter_no_filter,True,True,medium,10.0,"[{""ticker"": ""SPY"", ""side"": ""LONG"", ""weight"": 1.0}]","{""type"": ""close"", ""date"": ""2026-08-10""}",closed,2026-08-10,2026-08-24,-0.012366994299724654,-0.012866994299724654,-0.44289644915048465,0.00787886634204763,-0.020245860641772286,[1.0]
2026-08-10-k12,2026-08-10,"Dollar pullback inside an uptrend, expressed in DX futures",instrument_translation,era_instability,True,True,high,5.0,"[{""ticker"": ""DX-Y.NYB"", ""side"": ""LONG"", ""weight"": 1.0}]","{""type"": ""close"", ""date"": ""2026-08-10""}",closed,2026-08-10,2026-08-17,-0.0017032178449409852,-0.002203217844940985,-0.2626589780330617,-0.0001264202418934214,-0.0015767976030475637,[1.0]
2026-08-10-k13,2026-08-10,"Utilities falling while yields fell, decoupling rather than washout",inversion,wrong_sign,True,True,high,5.0,"[{""ticker"": ""XLU"", ""side"": ""LONG"", ""weight"": 1.0}]","{""type"": ""close"", ""date"": ""2026-08-10""}",closed,2026-08-10,2026-08-17,0.024344995751863108,0.023844995751863107,1.0664788349674719,0.00287667512522133,0.02146832062664178,[1.0]
2026-08-10-k14,2026-08-10,EWZ decoupling from a global risk-on thrust,inversion,wrong_sign,True,True,medium,5.0,"[{""ticker"": ""EWZ"", ""side"": ""SHORT"", ""weight"": 1.0}, {""ticker"": ""SPY"", ""side"": ""LONG"", ""weight"": 1.0}]","{""type"": ""close"", ""date"": ""2026-08-10""}",closed,2026-08-10,2026-08-17,0.03420313847023804,0.033203138470238036,1.128562618370109,0.001574041474751768,0.032629096995486266,"[1.0, 1.0]"
2026-08-10-k15,2026-08-10,The August big-box retail earnings cluster,event_fingerprint,cost,True,True,medium,4.0,"[{""ticker"": ""HD"", ""side"": ""LONG"", ""weight"": 0.1667}, {""ticker"": ""LOW"", ""side"": ""LONG"", ""weight"": 0.1667}, {""ticker"": ""TGT"", ""side"": ""LONG"", ""weight"": 0.1667}, {""ticker"": ""TJX"", ""side"": ""LONG"", ""weight"": 0.1667}, {""ticker"": ""WMT"", ""side"": ""LONG"", ""weight"": 0.1667}, {""ticker"": ""ROST"", ""side"": ""LONG"", ""weight"": 0.1667}]","{""type"": ""close"", ""date"": ""2026-08-11""}",closed,2026-08-11,2026-08-17,-0.026125090340235278,-0.026625090340235278,-1.010779840165425,0.0028925605422206635,-0.02901765088245594,"[0.167, 0.167, 0.167, 0.167, 0.167, 0.167]"
2026-08-10-k16,2026-08-10,The quarterly Treasury refunding auction concession,flow_mechanics,wrong_sign,True,True,high,5.0,"[{""ticker"": ""TLT"", ""side"": ""LONG"", ""weight"": 1.0}]","{""type"": ""close"", ""date"": ""2026-08-10""}",closed,2026-08-10,2026-08-17,-0.008652124042554554,-0.009152124042554555,-0.6606877160046963,3.0962244359532826e-06,-0.008655220266990508,[1.0]
2026-08-10-k17,2026-08-10,The overnight component of a scheduled 08:30 macro release,flow_mechanics,wrong_sign,True,True,low,1.0,"[{""ticker"": ""SPY"", ""side"": ""LONG"", ""weight"": 1.0}]","{""type"": ""close"", ""date"": ""2026-08-11""}",closed,2026-08-11,2026-08-12,0.0025046088948632583,0.0020046088948632583,0.2852094972272032,0.0008152190934546408,0.0016893898014086175,[1.0]
2026-08-11-k01,2026-08-11,"Long SVXY held through the CPI print, exit +3 td",event_fingerprint,era_instability,True,True,high,3.0,"[{""ticker"": ""SVXY"", ""side"": ""LONG"", ""weight"": 1.0}]","{""type"": ""close"", ""date"": ""2026-08-11""}",closed,2026-08-11,2026-08-14,0.01740587306321917,0.016905873063219168,0.6711420291447127,0.002133542200331576,0.015272330862887592,[1.0]
2026-08-11-k02,2026-08-11,Long HYG into the CPI print,event_fingerprint,cost,True,True,high,3.0,"[{""ticker"": ""HYG"", ""side"": ""LONG"", ""weight"": 1.0}]","{""type"": ""close"", ""date"": ""2026-08-11""}",closed,2026-08-11,2026-08-14,0.0025153566425686336,0.0020153566425686336,0.6701694078917942,0.0009766550982548946,0.001538701544313739,[1.0]
2026-08-11-k03,2026-08-11,Long SLV on the miner-led metals thrust,instrument_translation,other,True,True,high,5.0,"[{""ticker"": ""SLV"", ""side"": ""LONG"", ""weight"": 1.0}]","{""type"": ""close"", ""date"": ""2026-08-11""}",closed,2026-08-11,2026-08-18,-0.018958166094201423,-0.019458166094201423,-0.2718915377743542,0.008312467785509576,-0.027270633879711,[1.0]
2026-08-11-k04,2026-08-11,Long GLD as the lower-volatility expression of the metals thrust,instrument_translation,other,True,True,high,5.0,"[{""ticker"": ""GLD"", ""side"": ""LONG"", ""weight"": 1.0}]","{""type"": ""close"", ""date"": ""2026-08-11""}",closed,2026-08-11,2026-08-18,-0.006010583882355758,-0.006510583882355758,-0.17043447873215678,0.0055951402951451585,-0.011605724177500916,[1.0]
2026-08-11-k05,2026-08-11,Long IBB on healthcare 63d leadership at a 52w high,interaction_cell,wrong_sign,True,True,medium,2.0,"[{""ticker"": ""IBB"", ""side"": ""LONG"", ""weight"": 1.0}]","{""type"": ""close"", ""date"": ""2026-08-11""}",closed,2026-08-11,2026-08-13,-0.004005208161041329,-0.00450520816104133,-0.20241731411515207,0.001365538993653524,-0.005370747154694853,[1.0]
2026-08-11-k06,2026-08-11,Long XLE on the crude one-day thrust,flow_mechanics,other,True,True,high,3.0,"[{""ticker"": ""XLE"", ""side"": ""LONG"", ""weight"": 1.0}]","{""type"": ""close"", ""date"": ""2026-08-11""}",closed,2026-08-11,2026-08-14,0.016084023898646604,0.015584023898646604,0.5947944983591038,0.001873028897685851,0.014210995000960753,[1.0]
2026-08-11-k07,2026-08-11,The CPI print as a conditioner on the crude thrust,interaction_cell,concentration,True,True,medium,3.0,"[{""ticker"": ""XLE"", ""side"": ""SHORT"", ""weight"": 1.0}]","{""type"": ""close"", ""date"": ""2026-08-11""}",closed,2026-08-11,2026-08-14,-0.016084023898646604,-0.016584023898646605,-0.5947944983591038,-0.0018357769402563122,-0.014248246958390292,[1.0]
2026-08-11-k08,2026-08-11,Short UNG through the CPI window,inversion,filter_no_filter,True,True,high,5.0,"[{""ticker"": ""UNG"", ""side"": ""SHORT"", ""weight"": 1.0}]","{""type"": ""close"", ""date"": ""2026-08-11""}",closed,2026-08-11,2026-08-18,-0.0029792142556794854,-0.0034792142556794854,-0.05393597274362767,0.0035737319376203994,-0.006552946193299885,[1.0]
2026-08-11-k09,2026-08-11,Short IWM into the back half of August on the Jackson Hole anchor,event_fingerprint,wrong_sign,True,True,high,1.0,"[{""ticker"": ""IWM"", ""side"": ""SHORT"", ""weight"": 1.0}]","{""type"": ""close"", ""date"": ""2026-08-11""}",closed,2026-08-11,2026-08-12,-0.005714461142599436,-0.006214461142599437,-0.49812012510961123,-0.0007081699577334227,-0.0050062911848660135,[1.0]
2026-08-11-k10,2026-08-11,Nearest-neighbour tapes to today and what followed,historical_analogue,other,False,,low,,[],null,untradeable,,,,,,,,
2026-08-12-k01,2026-08-12,The same PPI print session expressed in IEF or LQD instead of TLT,instrument_translation,cost,True,True,high,1.0,"[{""ticker"": ""IEF"", ""side"": ""LONG"", ""weight"": 1.0}]","{""type"": ""close"", ""date"": ""2026-08-12""}",closed,2026-08-12,2026-08-13,0.0036574917340934654,0.0031574917340934654,1.1614216658277294,0.00012250562981761968,0.0035349861042758457,[1.0]
2026-08-12-k02,2026-08-12,Long duration against short SPY across the producer print,relative_value,wrong_sign,True,True,medium,1.0,"[{""ticker"": ""TLT"", ""side"": ""LONG"", ""weight"": 1.0}, {""ticker"": ""SPY"", ""side"": ""SHORT"", ""weight"": 1.0}]","{""type"": ""close"", ""date"": ""2026-08-12""}",closed,2026-08-12,2026-08-13,-0.0011317354958337855,-0.0021317354958337855,-0.13552135741292942,-0.0008260854883191713,-0.00030565000751461423,"[1.0, 1.0]"
2026-08-12-k03,2026-08-12,Short crude and broad commodities across the producer print session,inversion,wrong_sign,True,True,high,1.0,"[{""ticker"": ""USO"", ""side"": ""SHORT"", ""weight"": 1.0}]","{""type"": ""close"", ""date"": ""2026-08-12""}",closed,2026-08-12,2026-08-13,0.017831926300410195,0.017331926300410194,0.5201546412933219,-0.0009919023043905434,0.018823828604800738,[1.0]
2026-08-12-k04,2026-08-12,"Short SVXY, i.e. long volatility, across the producer print session",inversion,filter_no_filter,True,True,high,1.0,"[{""ticker"": ""SVXY"", ""side"": ""SHORT"", ""weight"": 1.0}]","{""type"": ""close"", ""date"": ""2026-08-12""}",closed,2026-08-12,2026-08-13,0.002474393167676947,0.001974393167676947,0.1656033750792062,-0.0007487769692543112,0.003223170136931258,[1.0]
2026-08-12-k05,2026-08-12,Fade the crude thrust out of a deep 63-day base,inversion,cost,True,True,medium,3.0,"[{""ticker"": ""USO"", ""side"": ""SHORT"", ""weight"": 1.0}]","{""type"": ""close"", ""date"": ""2026-08-12""}",closed,2026-08-12,2026-08-17,-0.023487746761163386,-0.023987746761163387,-0.3955623478139564,-0.0028327331787324403,-0.020655013582430947,[1.0]
2026-08-12-k06,2026-08-12,Fade the joint gold and miner thrust by shorting GDX,inversion,cost,True,True,high,3.0,"[{""ticker"": ""GDX"", ""side"": ""SHORT"", ""weight"": 1.0}]","{""type"": ""close"", ""date"": ""2026-08-12""}",closed,2026-08-12,2026-08-17,-0.01022427786429625,-0.01072427786429625,-0.1790970063231143,-0.005496187877828482,-0.004728089986467767,[1.0]
2026-08-12-k07,2026-08-12,The utilities and bond-proxy washout on a 21-day rank trigger,interaction_cell,wrong_sign,True,True,high,3.0,"[{""ticker"": ""XLU"", ""side"": ""LONG"", ""weight"": 1.0}]","{""type"": ""close"", ""date"": ""2026-08-12""}",closed,2026-08-12,2026-08-17,0.0077555283964851895,0.007255528396485189,0.43562709250025683,0.0017256002450112657,0.006029928151473924,[1.0]
2026-08-12-k08,2026-08-12,Long the semis at a bottom-percentile 63-day laggard reading,interaction_cell,filter_no_filter,True,True,high,3.0,"[{""ticker"": ""SMH"", ""side"": ""LONG"", ""weight"": 1.0}]","{""type"": ""close"", ""date"": ""2026-08-12""}",closed,2026-08-12,2026-08-17,0.015799445931920175,0.015299445931920175,0.2667155876202642,0.0060199992551497146,0.00977944667677046,[1.0]
2026-08-12-k09,2026-08-12,Long SPY with crash hedges bid while realized volatility falls,interaction_cell,other,True,True,high,5.0,"[{""ticker"": ""SPY"", ""side"": ""LONG"", ""weight"": 1.0}]","{""type"": ""close"", ""date"": ""2026-08-12""}",closed,2026-08-12,2026-08-19,-0.004440193661448877,-0.004940193661448877,-0.22580109176567947,0.0040753557419383425,-0.00851554940338722,[1.0]
2026-08-12-k10,2026-08-12,"Buy the Brazil five-day washout, outright and against EEM",historical_analogue,concentration,True,True,high,3.0,"[{""ticker"": ""EWZ"", ""side"": ""LONG"", ""weight"": 1.0}]","{""type"": ""close"", ""date"": ""2026-08-12""}",closed,2026-08-12,2026-08-17,0.0032486889654081974,0.0027486889654081974,0.12611565990059187,0.0013541856697565557,0.0018945032956516417,[1.0]
2026-08-12-k11,2026-08-12,Long TLT on the whole investment-grade complex pinned at 52-week lows,interaction_cell,era_instability,True,True,medium,1.0,"[{""ticker"": ""TLT"", ""side"": ""LONG"", ""weight"": 1.0}]","{""type"": ""close"", ""date"": ""2026-08-12""}",closed,2026-08-12,2026-08-13,0.005845779578274479,0.005345779578274479,0.9963381571625078,-9.110500030946254e-06,0.005854890078305425,[1.0]
2026-08-13-k01,2026-08-13,"Long IHI on the medtech thrust out of a drawdown, the continuation direction",inversion,other,True,True,high,5.0,"[{""ticker"": ""IHI"", ""side"": ""LONG"", ""weight"": 1.0}]","{""type"": ""close"", ""date"": ""2026-08-13""}",closed,2026-08-13,2026-08-20,-0.01176255416240013,-0.01226255416240013,-0.3174013322634669,0.0005825720013600201,-0.01234512616376015,[1.0]
2026-08-13-k02,2026-08-13,"Fade the medtech thrust, short IHI at a 21-day rank of 100",inversion,wrong_sign,True,True,high,3.0,"[{""ticker"": ""IHI"", ""side"": ""SHORT"", ""weight"": 1.0}]","{""type"": ""close"", ""date"": ""2026-08-13""}",closed,2026-08-13,2026-08-18,0.0119408200749479,0.0114408200749479,0.4159734750899935,-0.0004307478425926007,0.0123715679175405,[1.0]
2026-08-13-k03,2026-08-13,Short-vol carry at a 98th-percentile VIX3M/VIX term spread,interaction_cell,era_instability,True,True,medium,10.0,"[{""ticker"": ""SVXY"", ""side"": ""LONG"", ""weight"": 1.0}]","{""type"": ""close"", ""date"": ""2026-08-13""}",closed,2026-08-13,2026-08-27,0.04101206370386601,0.04051206370386601,0.8648439283417633,0.006627719584935205,0.03438434411893081,[1.0]
2026-08-13-k04,2026-08-13,"Fade the extreme contango instead, long volatility across the expiry",interaction_cell,wrong_sign,True,True,high,5.0,"[{""ticker"": ""SVXY"", ""side"": ""SHORT"", ""weight"": 1.0}]","{""type"": ""close"", ""date"": ""2026-08-13""}",closed,2026-08-13,2026-08-20,-0.009260749913827082,-0.009760749913827083,-0.27617684982640284,-0.0037634965645148956,-0.0054972533493121865,[1.0]
2026-08-13-k05,2026-08-13,The macro vacuum from the month's last inflation print to the next release,interaction_cell,wrong_sign,True,True,medium,10.0,"[{""ticker"": ""SPY"", ""side"": ""LONG"", ""weight"": 1.0}]","{""type"": ""close"", ""date"": ""2026-08-13""}",closed,2026-08-13,2026-08-27,-0.008716047244375691,-0.009216047244375691,-0.3134933474871051,0.008172491958435068,-0.01688853920281076,[1.0]
2026-08-13-k06,2026-08-13,Long TLT across the ten sessions into Jackson Hole,event_fingerprint,other,True,True,high,10.0,"[{""ticker"": ""TLT"", ""side"": ""LONG"", ""weight"": 1.0}]","{""type"": ""close"", ""date"": ""2026-08-14""}",closed,2026-08-14,2026-08-28,0.01023888968912634,0.00973888968912634,0.55252602273535,0.00013750133278013003,0.01010138835634621,[1.0]
2026-08-13-k07,2026-08-13,Long GLD across the run into Jackson Hole,event_fingerprint,wrong_sign,True,True,high,10.0,"[{""ticker"": ""GLD"", ""side"": ""LONG"", ""weight"": 1.0}]","{""type"": ""close"", ""date"": ""2026-08-14""}",closed,2026-08-14,2026-08-28,0.01845671878882582,0.01795671878882582,0.3668029253263029,0.011372619569017695,0.0070840992198081265,[1.0]
2026-08-13-k08,2026-08-13,Long the dollar in DX futures across the run into Jackson Hole,event_fingerprint,wrong_sign,True,True,high,10.0,"[{""ticker"": ""DX-Y.NYB"", ""side"": ""LONG"", ""weight"": 1.0}]","{""type"": ""close"", ""date"": ""2026-08-14""}",closed,2026-08-14,2026-08-28,0.0003009810358982623,-0.0001990189641017377,0.03371227026368597,-0.0003728110584721065,0.0006737920943703688,[1.0]
2026-08-13-k09,2026-08-13,The fragility dial's rate of change as a directional signal on SPY,interaction_cell,wrong_sign,True,True,low,5.0,"[{""ticker"": ""SPY"", ""side"": ""LONG"", ""weight"": 1.0}]","{""type"": ""close"", ""date"": ""2026-08-13""}",closed,2026-08-13,2026-08-20,-0.019643179220491525,-0.020143179220491525,-0.9991611301663803,0.004083472257820085,-0.02372665147831161,[1.0]
2026-08-13-k10,2026-08-13,"Defensive dispersion, long XLU against short XLV at opposite rank extremes",relative_value,wrong_sign,True,True,medium,3.0,"[{""ticker"": ""XLU"", ""side"": ""LONG"", ""weight"": 1.0}, {""ticker"": ""XLV"", ""side"": ""SHORT"", ""weight"": 1.0}]","{""type"": ""close"", ""date"": ""2026-08-13""}",closed,2026-08-13,2026-08-18,-0.008471628008902554,-0.009471628008902555,-0.3917066036895575,0.0005138704852378332,-0.008985498494140388,"[1.0, 1.0]"
2026-08-13-k11,2026-08-13,"China's break inside an intact thrust, long FXI against short EEM",relative_value,other,True,True,medium,3.0,"[{""ticker"": ""FXI"", ""side"": ""LONG"", ""weight"": 1.0}, {""ticker"": ""EEM"", ""side"": ""SHORT"", ""weight"": 1.025}]","{""type"": ""close"", ""date"": ""2026-08-13""}",closed,2026-08-13,2026-08-18,0.02633569765273319,0.02532319765273319,0.6900169033335504,-0.0009282353658274893,0.027263933018560678,"[1.0, 1.025]"
2026-08-13-k12,2026-08-13,"The Dow's five-day break against its own 63-day leadership, DIA against SPY",relative_value,cost,True,True,medium,3.0,"[{""ticker"": ""DIA"", ""side"": ""LONG"", ""weight"": 1.0}, {""ticker"": ""SPY"", ""side"": ""SHORT"", ""weight"": ""beta""}]","{""type"": ""close"", ""date"": ""2026-08-13""}",closed,2026-08-13,2026-08-18,0.00032998383579035603,-0.0005289455431949933,0.03870428081035698,0.00022272665337936927,0.00010725718241098677,"[1.0, 0.718]"
2026-08-14-k01,2026-08-14,Long the index with skew at the bottom of its trailing-year range and VIX in its bottom decile,inversion,era_instability,True,True,medium,5.0,"[{""ticker"": ""SPY"", ""side"": ""LONG"", ""weight"": 1.0}]","{""type"": ""close"", ""date"": ""2026-08-14""}",closed,2026-08-14,2026-08-21,-0.013679645600331858,-0.014179645600331858,-0.6947262629864639,0.004107269342901773,-0.01778691494323363,[1.0]
2026-08-14-k02,2026-08-14,"The same skew-and-vol state translated into short vol, long SVXY",instrument_translation,cost,True,True,high,5.0,"[{""ticker"": ""SVXY"", ""side"": ""LONG"", ""weight"": 1.0}]","{""type"": ""close"", ""date"": ""2026-08-14""}",closed,2026-08-14,2026-08-21,0.012831037465861339,0.012331037465861339,0.38392399653771675,0.003469585401755123,0.009361452064106216,[1.0]
2026-08-14-k03,2026-08-14,"Nearest-neighbour tapes to today by vol level, skew level, extension and breadth",historical_analogue,era_instability,False,,low,,[],null,untradeable,,,,,,,,
2026-08-14-k04,2026-08-14,Long the insurance complex on a synchronized industry break inside an intact uptrend,interaction_cell,wrong_sign,True,True,high,5.0,"[{""ticker"": ""HIG"", ""side"": ""LONG"", ""weight"": 0.0714}, {""ticker"": ""ALL"", ""side"": ""LONG"", ""weight"": 0.0714}, {""ticker"": ""TRV"", ""side"": ""LONG"", ""weight"": 0.0714}, {""ticker"": ""AIG"", ""side"": ""LONG"", ""weight"": 0.0714}, {""ticker"": ""MET"", ""side"": ""LONG"", ""weight"": 0.0714}, {""ticker"": ""PGR"", ""side"": ""LONG"", ""weight"": 0.0714}, {""ticker"": ""CB"", ""side"": ""LONG"", ""weight"": 0.0714}, {""ticker"": ""AFL"", ""side"": ""LONG"", ""weight"": 0.0714}, {""ticker"": ""PRU"", ""side"": ""LONG"", ""weight"": 0.0714}, {""ticker"": ""LNC"", ""side"": ""LONG"", ""weight"": 0.0714}, {""ticker"": ""WRB"", ""side"": ""LONG"", ""weight"": 0.0714}, {""ticker"": ""CINF"", ""side"": ""LONG"", ""weight"": 0.0714}, {""ticker"": ""L"", ""side"": ""LONG"", ""weight"": 0.0714}, {""ticker"": ""GL"", ""side"": ""LONG"", ""weight"": 0.0714}]","{""type"": ""close"", ""date"": ""2026-08-14""}",closed,2026-08-14,2026-08-21,-0.02467626090105495,-0.025176260901054952,-0.9448555246855154,0.004615166912019646,-0.029291427813074596,"[0.071, 0.071, 0.071, 0.071, 0.071, 0.071, 0.071, 0.071, 0.071, 0.071, 0.071, 0.071, 0.071, 0.071]"
2026-08-14-k05,2026-08-14,The same insurance break expressed against XLF,relative_value,cost,True,True,medium,5.0,"[{""ticker"": ""HIG"", ""side"": ""LONG"", ""weight"": 0.0714}, {""ticker"": ""ALL"", ""side"": ""LONG"", ""weight"": 0.0714}, {""ticker"": ""TRV"", ""side"": ""LONG"", ""weight"": 0.0714}, {""ticker"": ""AIG"", ""side"": ""LONG"", ""weight"": 0.0714}, {""ticker"": ""MET"", ""side"": ""LONG"", ""weight"": 0.0714}, {""ticker"": ""PGR"", ""side"": ""LONG"", ""weight"": 0.0714}, {""ticker"": ""CB"", ""side"": ""LONG"", ""weight"": 0.0714}, {""ticker"": ""AFL"", ""side"": ""LONG"", ""weight"": 0.0714}, {""ticker"": ""PRU"", ""side"": ""LONG"", ""weight"": 0.0714}, {""ticker"": ""LNC"", ""side"": ""LONG"", ""weight"": 0.0714}, {""ticker"": ""WRB"", ""side"": ""LONG"", ""weight"": 0.0714}, {""ticker"": ""CINF"", ""side"": ""LONG"", ""weight"": 0.0714}, {""ticker"": ""L"", ""side"": ""LONG"", ""weight"": 0.0714}, {""ticker"": ""GL"", ""side"": ""LONG"", ""weight"": 0.0714}, {""ticker"": ""XLF"", ""side"": ""SHORT"", ""weight"": 1.0}]","{""type"": ""close"", ""date"": ""2026-08-14""}",closed,2026-08-14,2026-08-21,-0.012979714847290554,-0.013979914927322565,-0.5385555041723405,0.0006957852066894591,-0.013675500053980013,"[0.071, 0.071, 0.071, 0.071, 0.071, 0.071, 0.071, 0.071, 0.071, 0.071, 0.071, 0.071, 0.071, 0.071, 1.0]"
2026-08-14-k06,2026-08-14,Short the insurance basket on the same breadth event,relative_value,era_instability,True,True,high,10.0,"[{""ticker"": ""HIG"", ""side"": ""SHORT"", ""weight"": 0.0714}, {""ticker"": ""ALL"", ""side"": ""SHORT"", ""weight"": 0.0714}, {""ticker"": ""TRV"", ""side"": ""SHORT"", ""weight"": 0.0714}, {""ticker"": ""AIG"", ""side"": ""SHORT"", ""weight"": 0.0714}, {""ticker"": ""MET"", ""side"": ""SHORT"", ""weight"": 0.0714}, {""ticker"": ""PGR"", ""side"": ""SHORT"", ""weight"": 0.0714}, {""ticker"": ""CB"", ""side"": ""SHORT"", ""weight"": 0.0714}, {""ticker"": ""AFL"", ""side"": ""SHORT"", ""weight"": 0.0714}, {""ticker"": ""PRU"", ""side"": ""SHORT"", ""weight"": 0.0714}, {""ticker"": ""LNC"", ""side"": ""SHORT"", ""weight"": 0.0714}, {""ticker"": ""WRB"", ""side"": ""SHORT"", ""weight"": 0.0714}, {""ticker"": ""CINF"", ""side"": ""SHORT"", ""weight"": 0.0714}, {""ticker"": ""L"", ""side"": ""SHORT"", ""weight"": 0.0714}, {""ticker"": ""GL"", ""side"": ""SHORT"", ""weight"": 0.0714}]","{""type"": ""close"", ""date"": ""2026-08-14""}",closed,2026-08-14,2026-08-28,0.014412117441644405,0.013912117441644405,0.39021040707602134,-0.009701071045732333,0.024113188487376737,"[0.071, 0.071, 0.071, 0.071, 0.071, 0.071, 0.071, 0.071, 0.071, 0.071, 0.071, 0.071, 0.071, 0.071]"
2026-08-14-k07,2026-08-14,Long the single strongest name inside the insurance washout,relative_value,concentration,False,,low,,[],null,untradeable,,,,,,,,
2026-08-14-k08,2026-08-14,"Producers against the barrel, long XLE and short USO on a 63-day divergence",relative_value,concentration,True,True,medium,3.0,"[{""ticker"": ""XLE"", ""side"": ""LONG"", ""weight"": 1.0}, {""ticker"": ""USO"", ""side"": ""SHORT"", ""weight"": 1.0}]","{""type"": ""close"", ""date"": ""2026-08-14""}",closed,2026-08-14,2026-08-19,-0.007069551832067367,-0.008069551832067368,-0.16838442309766288,-0.000984454939047423,-0.0060850968930199435,"[1.0, 1.0]"
2026-08-14-k09,2026-08-14,"Long a washed-out retailer into its own print, exiting before the print",event_fingerprint,cost,True,True,medium,2.0,"[{""ticker"": ""TJX"", ""side"": ""LONG"", ""weight"": 1.0}]","{""type"": ""close"", ""date"": ""2026-08-14""}",closed,2026-08-14,2026-08-18,-0.008283442914865047,-0.008783442914865047,-0.35938508628499855,0.0017541607626753335,-0.01003760367754038,[1.0]
2026-08-14-k10,2026-08-14,Long the semis complex at a 63-day rank floor into the NVDA print,event_fingerprint,wrong_sign,True,True,high,7.0,"[{""ticker"": ""SMH"", ""side"": ""LONG"", ""weight"": 1.0}]","{""type"": ""close"", ""date"": ""2026-08-14""}",closed,2026-08-14,2026-08-25,-0.05443843285577388,-0.05493843285577388,-0.6043300842848032,0.014319976383846113,-0.06875840923961998,[1.0]
2026-08-14-k11,2026-08-14,"Long the index across the pre-opex week, entered the Friday before",flow_mechanics,concentration,True,True,high,5.0,"[{""ticker"": ""SPY"", ""side"": ""LONG"", ""weight"": 1.0}]","{""type"": ""close"", ""date"": ""2026-08-14""}",closed,2026-08-14,2026-08-21,-0.013679645600331858,-0.014179645600331858,-0.6947262629864639,0.004107269342901773,-0.01778691494323363,[1.0]
2026-08-14-k12,2026-08-14,Long duration with bond vol compressed into a macro-quiet window,interaction_cell,filter_no_filter,True,False,high,10.0,"[{""ticker"": ""TLT"", ""side"": ""LONG"", ""weight"": 1.0}]","{""type"": ""close"", ""date"": ""2026-08-14""}",closed,2026-08-14,2026-08-28,0.01023888968912634,0.00973888968912634,0.55252602273535,0.00013750133278013003,0.01010138835634621,[1.0]
2026-08-17-k01,2026-08-17,"Long TLT into the late-August window, the bare month-position seasonal with the event label removed",event_fingerprint,wrong_sign,True,True,high,10.0,"[{""ticker"": ""TLT"", ""side"": ""LONG"", ""weight"": 1.0}]","{""type"": ""close"", ""date"": ""2026-08-17""}",closed,2026-08-17,2026-08-31,0.014382218799558144,0.013882218799558144,0.7693158558962431,0.00018736634422195837,0.014194852455336186,[1.0]
2026-08-17-k02,2026-08-17,The same August trade gated on the investment-grade complex pinned at 52-week lows,interaction_cell,filter_no_filter,True,False,high,10.0,"[{""ticker"": ""TLT"", ""side"": ""LONG"", ""weight"": 1.0}]","{""type"": ""close"", ""date"": ""2026-08-17""}",closed,2026-08-17,2026-08-31,0.014382218799558144,0.013882218799558144,0.7693158558962431,0.00018736634422195837,0.014194852455336186,[1.0]
2026-08-17-k03,2026-08-17,Short SPY or QQQ into late August in a midterm year,interaction_cell,concentration,True,True,medium,10.0,"[{""ticker"": ""SPY"", ""side"": ""SHORT"", ""weight"": 1.0}]","{""type"": ""close"", ""date"": ""2026-08-17""}",closed,2026-08-17,2026-08-31,0.007273480573075863,0.006773480573075863,0.26239123830030436,-0.008507311434396633,0.015780792007472497,[1.0]
2026-08-17-k04,2026-08-17,Yields rising while SPY sits at a 52-week high,interaction_cell,wrong_sign,True,True,low,5.0,"[{""ticker"": ""SPY"", ""side"": ""SHORT"", ""weight"": 1.0}]","{""type"": ""close"", ""date"": ""2026-08-17""}",closed,2026-08-17,2026-08-24,0.011906810440584503,0.011406810440584503,0.6074597167887962,-0.004179142512765336,0.016085952953349837,[1.0]
2026-08-17-k05,2026-08-17,Long SMH against QQQ with semis at the bottom of their own 63-day distribution,relative_value,era_instability,True,True,medium,5.0,"[{""ticker"": ""SMH"", ""side"": ""LONG"", ""weight"": 1.0}, {""ticker"": ""QQQ"", ""side"": ""SHORT"", ""weight"": 1.0}]","{""type"": ""close"", ""date"": ""2026-08-17""}",closed,2026-08-17,2026-08-24,-0.047303805634366536,-0.04830380563436654,-1.0681211980401484,0.005377093642289162,-0.0526808992766557,"[1.0, 1.0]"
2026-08-17-k06,2026-08-17,Long XLE on the energy complex thrusting to a 52-week high,inversion,wrong_sign,True,True,high,5.0,"[{""ticker"": ""XLE"", ""side"": ""LONG"", ""weight"": 1.0}]","{""type"": ""close"", ""date"": ""2026-08-17""}",closed,2026-08-17,2026-08-24,0.008469137027344198,0.007969137027344197,0.24600815754406832,0.003261088799855966,0.005208048227488232,[1.0]
2026-08-17-k07,2026-08-17,Long EWZ against EEM on the deepest washout on the tape,relative_value,wrong_sign,True,True,medium,5.0,"[{""ticker"": ""EWZ"", ""side"": ""LONG"", ""weight"": 1.0}, {""ticker"": ""EEM"", ""side"": ""SHORT"", ""weight"": 1.13}]","{""type"": ""close"", ""date"": ""2026-08-17""}",closed,2026-08-17,2026-08-24,0.05563563815252991,0.05457063815252991,1.1605042651665705,-0.0025417761425157235,0.05817741429504564,"[1.0, 1.13]"
2026-08-17-k08,2026-08-17,Long SVXY on the VIX/VIX3M ratio at its 1.2nd percentile,historical_analogue,wrong_sign,True,True,medium,10.0,"[{""ticker"": ""SVXY"", ""side"": ""LONG"", ""weight"": 1.0}]","{""type"": ""close"", ""date"": ""2026-08-17""}",closed,2026-08-17,2026-08-31,0.04079275395252724,0.04029275395252724,0.8649886208497684,0.006794339928471239,0.033998414024056,[1.0]
2026-08-17-k09,2026-08-17,The vol complex into the VIX-expiry and opex pair,event_fingerprint,wrong_sign,True,True,low,5.0,"[{""ticker"": ""SVXY"", ""side"": ""LONG"", ""weight"": 1.0}]","{""type"": ""close"", ""date"": ""2026-08-17""}",closed,2026-08-17,2026-08-24,0.012386457629234071,0.01188645762923407,0.3714406986879725,0.0034990913049253937,0.008887366324308678,[1.0]
2026-08-17-k10,2026-08-17,Long IWM at a 52-week high into August opex,flow_mechanics,wrong_sign,True,True,medium,4.0,"[{""ticker"": ""IWM"", ""side"": ""LONG"", ""weight"": 1.0}]","{""type"": ""close"", ""date"": ""2026-08-17""}",closed,2026-08-17,2026-08-21,-0.013484197811035492,-0.013984197811035493,-0.5915634499944168,0.002974563849607183,-0.016458761660642675,[1.0]
2026-08-17-k11,2026-08-17,Buy the big-box retail complex washed out into its own earnings cluster,interaction_cell,wrong_sign,True,True,high,3.0,"[{""ticker"": ""XRT"", ""side"": ""LONG"", ""weight"": 1.0}]","{""type"": ""close"", ""date"": ""2026-08-17""}",closed,2026-08-17,2026-08-20,-0.009252877157103656,-0.009752877157103657,-0.40805644099010235,0.0016070961122559913,-0.010859973269359648,[1.0]
2026-08-17-k12,2026-08-17,Long GDX on a maximal 21-day thrust deep inside a 22 percent drawdown,historical_analogue,wrong_sign,True,True,medium,5.0,"[{""ticker"": ""GDX"", ""side"": ""LONG"", ""weight"": 1.0}]","{""type"": ""close"", ""date"": ""2026-08-17""}",closed,2026-08-17,2026-08-24,0.12678203943041155,0.12628203943041155,1.7114544797294962,0.009361659297950149,0.11742038013246141,[1.0]
2026-08-18-k01,2026-08-18,"Month-end rebalance flow sized by the stock/bond divergence, long TLT into 2026-08-31",flow_mechanics,wrong_sign,True,True,medium,9.0,"[{""ticker"": ""TLT"", ""side"": ""LONG"", ""weight"": 1.0}]","{""type"": ""close"", ""date"": ""2026-08-18""}",closed,2026-08-18,2026-08-31,0.01053131808041341,0.01003131808041341,0.6148184134224567,0.00018678379914845633,0.010344534281264953,[1.0]
2026-08-18-k02,2026-08-18,A one-day spike in bond volatility as a rates-direction signal,interaction_cell,wrong_sign,True,True,medium,5.0,"[{""ticker"": ""TLT"", ""side"": ""LONG"", ""weight"": 1.0}]","{""type"": ""close"", ""date"": ""2026-08-18""}",closed,2026-08-18,2026-08-25,0.022165006030959278,0.021665006030959277,1.736074036529412,3.9606350050859115e-05,0.02212539968090842,[1.0]
2026-08-18-k03,2026-08-18,"The same bond-volatility spike as a cross-asset equity warning, short SPY",event_fingerprint,wrong_sign,True,True,high,5.0,"[{""ticker"": ""SPY"", ""side"": ""SHORT"", ""weight"": 1.0}]","{""type"": ""close"", ""date"": ""2026-08-18""}",closed,2026-08-18,2026-08-25,0.0020067361596395328,0.0015067361596395328,0.10383817761792895,-0.004196827973810506,0.006203564133450039,[1.0]
2026-08-18-k04,2026-08-18,Fear without damage: a volatility pop on a session where spot barely moved,interaction_cell,wrong_sign,True,True,medium,5.0,"[{""ticker"": ""SPY"", ""side"": ""LONG"", ""weight"": 1.0}]","{""type"": ""close"", ""date"": ""2026-08-18""}",closed,2026-08-18,2026-08-25,-0.0020067361596395328,-0.002506736159639533,-0.10383817761792895,0.004147539063568631,-0.006154275223208164,[1.0]
2026-08-18-k05,2026-08-18,"Miner-versus-metal ratio reversion after a maximal thrust, long GLD against short GDX",relative_value,wrong_sign,True,True,high,5.0,"[{""ticker"": ""GLD"", ""side"": ""LONG"", ""weight"": 1.0}, {""ticker"": ""GDX"", ""side"": ""SHORT"", ""weight"": ""beta""}]","{""type"": ""close"", ""date"": ""2026-08-18""}",closed,2026-08-18,2026-08-25,-0.008989983464832277,-0.00971291817807906,-0.6103063674724751,0.0016986435129409264,-0.010688626977773202,"[1.0, 0.446]"
2026-08-18-k06,2026-08-18,"The Jackson Hole run-up on US large caps, the one class never examined on this anchor",event_fingerprint,wrong_sign,True,True,medium,10.0,"[{""ticker"": ""SPY"", ""side"": ""LONG"", ""weight"": 1.0}]","{""type"": ""close"", ""date"": ""2026-08-18""}",closed,2026-08-18,2026-09-01,-0.007388089777724316,-0.007888089777724316,-0.27032359073916107,0.008390399649995427,-0.01577848942771974,[1.0]
2026-08-18-k07,2026-08-18,"International leadership into a joint 52-week high, long EFA against short SPY",relative_value,cost,True,True,medium,5.0,"[{""ticker"": ""EFA"", ""side"": ""LONG"", ""weight"": 1.0}, {""ticker"": ""SPY"", ""side"": ""SHORT"", ""weight"": ""beta""}]","{""type"": ""close"", ""date"": ""2026-08-18""}",closed,2026-08-18,2026-08-25,0.016138165718840754,0.015194196158562143,1.2318162246752382,-8.13838785029836e-05,0.016219549597343737,"[1.0, 0.888]"
2026-08-18-k08,2026-08-18,"Fading parabolic extension above the 200-day, cross-sectional short",inversion,wrong_sign,True,True,low,5.0,"[{""ticker"": ""MU"", ""side"": ""SHORT"", ""weight"": 1.0}]","{""type"": ""close"", ""date"": ""2026-08-18""}",closed,2026-08-18,2026-08-25,0.00828058057489156,0.00778058057489156,0.053396645651626995,-0.021576040830152878,0.02985662140504444,[1.0]
2026-08-18-k09,2026-08-18,"Capitulation at a fresh 52-week low far below the 200-day, cross-sectional long",historical_analogue,era_instability,True,True,low,5.0,"[{""ticker"": ""NKE"", ""side"": ""LONG"", ""weight"": 1.0}]","{""type"": ""close"", ""date"": ""2026-08-18""}",closed,2026-08-18,2026-08-25,-0.014478323991185649,-0.01497832399118565,-0.29446543933457836,-0.004727902646930071,-0.009750421344255578,[1.0]
2026-08-18-k10,2026-08-18,Short XLU on utility strength while duration prints a 52-week low,inversion,wrong_sign,True,True,medium,5.0,"[{""ticker"": ""XLU"", ""side"": ""SHORT"", ""weight"": 1.0}]","{""type"": ""close"", ""date"": ""2026-08-18""}",closed,2026-08-18,2026-08-25,0.016129059009900137,0.015629059009900137,0.7357374940835197,-0.003014325101388727,0.019143384111288863,[1.0]
2026-08-18-k11,2026-08-18,The 63-day-rank laggard cross-section as a reversion set,price_state,other,True,True,high,5.0,"[{""ticker"": ""CAT"", ""side"": ""LONG"", ""weight"": 0.25}, {""ticker"": ""CSCO"", ""side"": ""LONG"", ""weight"": 0.25}, {""ticker"": ""GOOG"", ""side"": ""LONG"", ""weight"": 0.25}, {""ticker"": ""INTC"", ""side"": ""LONG"", ""weight"": 0.25}]","{""type"": ""close"", ""date"": ""2026-08-18""}",closed,2026-08-18,2026-08-25,-0.032218612950076664,-0.032718612950076664,-0.6225931557171546,0.008469184820076863,-0.04068779777015353,"[0.25, 0.25, 0.25, 0.25]"
2026-08-18-k12,2026-08-18,Long TLT into the month-end close on an oversold-duration gate,flow_mechanics,era_instability,True,True,high,9.0,"[{""ticker"": ""TLT"", ""side"": ""LONG"", ""weight"": 1.0}]","{""type"": ""close"", ""date"": ""2026-08-18""}",closed,2026-08-18,2026-08-31,0.01053131808041341,0.01003131808041341,0.6148184134224567,0.00018678379914845633,0.010344534281264953,[1.0]
2026-08-19-k01,2026-08-19,Long healthcare against technology after a maximal one-day rotation,relative_value,era_instability,True,True,low,3.0,"[{""ticker"": ""XLV"", ""side"": ""LONG"", ""weight"": 1.0}, {""ticker"": ""XLK"", ""side"": ""SHORT"", ""weight"": 1.0}]","{""type"": ""close"", ""date"": ""2026-08-19""}",closed,2026-08-19,2026-08-24,0.013970829602837243,0.012970829602837242,0.2740113188185662,-0.0024996910134321157,0.016470520616269357,"[1.0, 1.0]"
2026-08-19-k02,2026-08-19,"The same rotation taken the other way, long technology against healthcare",inversion,wrong_sign,True,True,low,3.0,"[{""ticker"": ""XLK"", ""side"": ""LONG"", ""weight"": 1.0}, {""ticker"": ""XLV"", ""side"": ""SHORT"", ""weight"": 1.0}]","{""type"": ""close"", ""date"": ""2026-08-19""}",closed,2026-08-19,2026-08-24,-0.013970829602837243,-0.014970829602837243,-0.2740113188185662,0.0024920063077511823,-0.016462835910588426,"[1.0, 1.0]"
2026-08-19-k03,2026-08-19,What a maximal one-day sector rotation says about the index,interaction_cell,concentration,True,False,low,5.0,"[{""ticker"": ""SPY"", ""side"": ""LONG"", ""weight"": 1.0}]","{""type"": ""close"", ""date"": ""2026-08-19""}",closed,2026-08-19,2026-08-26,-0.0038748301683808606,-0.004374830168380861,-0.19934303285844424,0.004170860365548074,-0.008045690533928933,[1.0]
2026-08-19-k04,2026-08-19,A megacap-growth complex breaking hard while the index holds near its high,interaction_cell,wrong_sign,True,True,low,5.0,"[{""ticker"": ""SMH"", ""side"": ""LONG"", ""weight"": 1.0}]","{""type"": ""close"", ""date"": ""2026-08-19""}",closed,2026-08-19,2026-08-26,-0.00918127992550255,-0.00968127992550255,-0.12070366425271892,0.010431251073688457,-0.019612530999191007,[1.0]
2026-08-19-k05,2026-08-19,Short the semis complex into the August NVDA print at a 63-day rank floor,inversion,wrong_sign,True,True,high,7.0,"[{""ticker"": ""SMH"", ""side"": ""SHORT"", ""weight"": 1.0}]","{""type"": ""close"", ""date"": ""2026-08-19""}",closed,2026-08-19,2026-08-28,0.013923550232733839,0.013423550232733839,0.15470458809800575,-0.015139224646467319,0.029062774879201156,[1.0]
2026-08-19-k06,2026-08-19,Long energy at a fresh 52-week high while crude sits at a 63-day floor,interaction_cell,wrong_sign,True,True,high,10.0,"[{""ticker"": ""XLE"", ""side"": ""LONG"", ""weight"": 1.0}]","{""type"": ""close"", ""date"": ""2026-08-19""}",closed,2026-08-19,2026-09-02,0.023906862075275814,0.023406862075275814,0.49901245206407535,0.006482634836881752,0.017424227238394062,[1.0]
2026-08-19-k07,2026-08-19,A megacap at a 21-day rank floor while the index holds near its high,interaction_cell,wrong_sign,True,True,medium,10.0,"[{""ticker"": ""META"", ""side"": ""LONG"", ""weight"": 1.0}]","{""type"": ""close"", ""date"": ""2026-08-19""}",closed,2026-08-19,2026-09-02,0.08574609460168303,0.08524609460168303,0.896659800029086,0.011992617572807557,0.07375347702887547,[1.0]
2026-08-19-k08,2026-08-19,Short the dollar on a rate rise the currency does not confirm,interaction_cell,wrong_sign,True,True,medium,5.0,"[{""ticker"": ""DX-Y.NYB"", ""side"": ""SHORT"", ""weight"": 1.0}]","{""type"": ""close"", ""date"": ""2026-08-19""}",closed,2026-08-19,2026-08-26,-0.0034402138175797514,-0.003940213817579752,-0.5621617539796147,0.00019007745003334637,-0.003630291267613098,[1.0]
2026-08-19-k09,2026-08-19,Long gold on the same unconfirmed rate rise,interaction_cell,wrong_sign,True,True,medium,1.0,"[{""ticker"": ""GLD"", ""side"": ""LONG"", ""weight"": 1.0}]","{""type"": ""close"", ""date"": ""2026-08-19""}",closed,2026-08-19,2026-08-20,0.003431310265562093,0.002931310265562093,0.21650952198785534,0.0011571239111137623,0.002274186354448331,[1.0]
2026-08-19-k10,2026-08-19,"The base-breakout cross-section, a strong 63-day rank while still deep below the 52-week high",historical_analogue,other,True,True,medium,5.0,"[{""ticker"": ""ABT"", ""side"": ""LONG"", ""weight"": 0.1429}, {""ticker"": ""ADBE"", ""side"": ""LONG"", ""weight"": 0.1429}, {""ticker"": ""CAG"", ""side"": ""LONG"", ""weight"": 0.1429}, {""ticker"": ""CPB"", ""side"": ""LONG"", ""weight"": 0.1429}, {""ticker"": ""CRM"", ""side"": ""LONG"", ""weight"": 0.1429}, {""ticker"": ""GIS"", ""side"": ""LONG"", ""weight"": 0.1429}, {""ticker"": ""IP"", ""side"": ""LONG"", ""weight"": 0.1429}]","{""type"": ""close"", ""date"": ""2026-08-19""}",closed,2026-08-19,2026-08-26,-0.002487968998206612,-0.002987968998206612,-0.06410178389114216,-0.0008181204160857943,-0.001669848582120818,"[0.143, 0.143, 0.143, 0.143, 0.143, 0.143, 0.143]"
2026-08-20-k01,2026-08-20,"Short SPY on the index-quiet, components-wild dispersion state",interaction_cell,wrong_sign,True,False,medium,10.0,"[{""ticker"": ""SPY"", ""side"": ""SHORT"", ""weight"": 1.0}]","{""type"": ""close"", ""date"": ""2026-08-20""}",closed,2026-08-20,2026-09-03,-0.01386048481288027,-0.01436048481288027,-0.5070970995383595,-0.008577061338719442,-0.0052834234741608276,[1.0]
2026-08-20-k02,2026-08-20,Short TLT after a big up day from inside the 52-week low zone,inversion,wrong_sign,True,True,high,2.0,"[{""ticker"": ""TLT"", ""side"": ""SHORT"", ""weight"": 1.0}]","{""type"": ""close"", ""date"": ""2026-08-20""}",closed,2026-08-20,2026-08-24,-0.0026718703929862198,-0.0031718703929862198,-0.3121603642921942,-3.396871001126174e-05,-0.002637901682974958,[1.0]
2026-08-20-k03,2026-08-20,Long IWM out of August opex,event_fingerprint,wrong_sign,True,True,high,10.0,"[{""ticker"": ""IWM"", ""side"": ""LONG"", ""weight"": 1.0}]","{""type"": ""close"", ""date"": ""2026-08-20""}",closed,2026-08-20,2026-09-03,-0.008331378624066965,-0.008831378624066966,-0.24064014295311237,0.007779756873149398,-0.016111135497216364,[1.0]
2026-08-20-k04,2026-08-20,Fade the post-opex short-vol window because August inverts it,inversion,wrong_sign,True,True,medium,3.0,"[{""ticker"": ""UVXY"", ""side"": ""LONG"", ""weight"": 1.0}]","{""type"": ""close"", ""date"": ""2026-08-21""}",closed,2026-08-21,2026-08-26,-0.03144323273183358,-0.03194323273183358,-0.4050067160022652,-0.00671316235304787,-0.02473007037878571,[1.0]
2026-08-20-k05,2026-08-20,Long KWEB on a dollar washout,interaction_cell,wrong_sign,True,True,medium,5.0,"[{""ticker"": ""KWEB"", ""side"": ""LONG"", ""weight"": 1.0}]","{""type"": ""close"", ""date"": ""2026-08-20""}",closed,2026-08-20,2026-08-27,-0.022105662824360883,-0.022605662824360884,-0.5593362437107272,0.001621184118148622,-0.023726846942509504,[1.0]
2026-08-20-k06,2026-08-20,Long the dollar after a 21-day rank washout,price_state,wrong_sign,True,True,medium,5.0,"[{""ticker"": ""DX-Y.NYB"", ""side"": ""LONG"", ""weight"": 1.0}]","{""type"": ""close"", ""date"": ""2026-08-20""}",closed,2026-08-20,2026-08-27,0.002628939658432916,0.002128939658432916,0.40540209911459535,-0.00021615601775067756,0.0028450956761835937,[1.0]
2026-08-20-k07,2026-08-20,Short the bank complex on a breadth washout inside an intact trend,relative_value,wrong_sign,True,True,medium,5.0,"[{""ticker"": ""XLF"", ""side"": ""SHORT"", ""weight"": 1.0}]","{""type"": ""close"", ""date"": ""2026-08-20""}",closed,2026-08-20,2026-08-27,-0.016330104539046264,-0.016830104539046264,-0.8908563827967567,-0.004071233890073284,-0.012258870648972981,[1.0]
2026-08-20-k08,2026-08-20,Long crude through Jackson Hole,event_fingerprint,wrong_sign,True,True,high,10.0,"[{""ticker"": ""USO"", ""side"": ""LONG"", ""weight"": 1.0}]","{""type"": ""close"", ""date"": ""2026-08-20""}",closed,2026-08-20,2026-09-03,0.05611716536733313,0.05561716536733313,0.5278530225044283,0.01016251672023311,0.04595464864710003,[1.0]
2026-08-20-k09,2026-08-20,"Long TIP against IEF on a dollar-floor, gold-bid state",instrument_translation,filter_no_filter,True,True,medium,5.0,"[{""ticker"": ""TIP"", ""side"": ""LONG"", ""weight"": 1.0}, {""ticker"": ""IEF"", ""side"": ""SHORT"", ""weight"": ""beta""}]","{""type"": ""close"", ""date"": ""2026-08-20""}",closed,2026-08-20,2026-08-27,-0.0022509983646063656,-0.0030556717207321556,-0.8627895654989551,0.0003927871505341705,-0.002643785515140536,"[1.0, 0.609]"
2026-08-20-k10,2026-08-20,"The opex overnight, i.e. where the post-opex drift accrues",flow_mechanics,cost,False,True,low,,[],null,untradeable,,,,,,,,
2026-08-21-k01,2026-08-21,Long GLD on a miner-led thrust the metal has not joined,interaction_cell,wrong_sign,True,True,high,5.0,"[{""ticker"": ""GLD"", ""side"": ""LONG"", ""weight"": 1.0}]","{""type"": ""close"", ""date"": ""2026-08-21""}",closed,2026-08-21,2026-08-28,-0.034178881339267275,-0.034678881339267276,-0.9340749374315359,0.005998734696812499,-0.04017761603607978,[1.0]
2026-08-21-k02,2026-08-21,Long the index on a five-day washout while high yield sits at its 52-week high,interaction_cell,filter_no_filter,True,True,medium,5.0,"[{""ticker"": ""SPY"", ""side"": ""LONG"", ""weight"": 1.0}]","{""type"": ""close"", ""date"": ""2026-08-21""}",closed,2026-08-21,2026-08-28,0.0047406684097142104,0.00424066840971421,0.24552832463397717,0.004192162938841871,0.0005485054708723397,[1.0]
2026-08-21-k03,2026-08-21,"The post-opex window on gold and silver, a class the opex anchor had never been crossed with",event_fingerprint,era_instability,True,True,medium,10.0,"[{""ticker"": ""GLD"", ""side"": ""LONG"", ""weight"": 1.0}]","{""type"": ""close"", ""date"": ""2026-08-21""}",closed,2026-08-21,2026-09-04,-0.03918650064227047,-0.03968650064227047,-0.7572605978645643,0.011868628810644103,-0.05105512945291457,[1.0]
2026-08-21-k04,2026-08-21,The post-opex window on duration,event_fingerprint,wrong_sign,True,True,medium,10.0,"[{""ticker"": ""TLT"", ""side"": ""LONG"", ""weight"": 1.0}]","{""type"": ""close"", ""date"": ""2026-08-21""}",closed,2026-08-21,2026-09-04,0.005789382553912592,0.005289382553912592,0.3055892121648181,0.0001844425492296383,0.005604940004682954,[1.0]
2026-08-21-k05,2026-08-21,"The post-opex window on the dollar, energy and credit, completing the cross-asset sweep",event_fingerprint,cost,True,True,low,10.0,"[{""ticker"": ""UUP"", ""side"": ""LONG"", ""weight"": 1.0}]","{""type"": ""close"", ""date"": ""2026-08-21""}",closed,2026-08-21,2026-09-04,0.0064516239296372735,0.005951623929637273,0.6318789878795423,0.001597625480178308,0.004853998449458966,[1.0]
2026-08-21-k06,2026-08-21,Long the index on a skew top-pole spike inside a five-day dip,interaction_cell,wrong_sign,True,False,high,5.0,"[{""ticker"": ""SPY"", ""side"": ""LONG"", ""weight"": 1.0}]","{""type"": ""close"", ""date"": ""2026-08-21""}",closed,2026-08-21,2026-08-28,0.0047406684097142104,0.00424066840971421,0.24552832463397717,0.004192162938841871,0.0005485054708723397,[1.0]
2026-08-21-k07,2026-08-21,Long the four most-washed banks on a 92% breadth washout with the 63-day trend broken,flow_mechanics,filter_no_filter,True,True,low,5.0,"[{""ticker"": ""JPM"", ""side"": ""LONG"", ""weight"": 0.0909}, {""ticker"": ""BAC"", ""side"": ""LONG"", ""weight"": 0.0909}, {""ticker"": ""C"", ""side"": ""LONG"", ""weight"": 0.0909}, {""ticker"": ""WFC"", ""side"": ""LONG"", ""weight"": 0.0909}, {""ticker"": ""GS"", ""side"": ""LONG"", ""weight"": 0.0909}, {""ticker"": ""MS"", ""side"": ""LONG"", ""weight"": 0.0909}, {""ticker"": ""USB"", ""side"": ""LONG"", ""weight"": 0.0909}, {""ticker"": ""PNC"", ""side"": ""LONG"", ""weight"": 0.0909}, {""ticker"": ""TFC"", ""side"": ""LONG"", ""weight"": 0.0909}, {""ticker"": ""SCHW"", ""side"": ""LONG"", ""weight"": 0.0909}, {""ticker"": ""STT"", ""side"": ""LONG"", ""weight"": 0.0909}]","{""type"": ""close"", ""date"": ""2026-08-21""}",closed,2026-08-21,2026-08-28,0.007795587084765324,0.007295587084765324,0.2879068975969815,0.006811513331153053,0.000984073753612271,"[0.091, 0.091, 0.091, 0.091, 0.091, 0.091, 0.091, 0.091, 0.091, 0.091, 0.091]"
2026-08-21-k08,2026-08-21,Long silver against gold on the drawdown divergence inside a joint metals thrust,relative_value,cost,True,True,low,5.0,"[{""ticker"": ""SLV"", ""side"": ""LONG"", ""weight"": 1.0}, {""ticker"": ""GLD"", ""side"": ""SHORT"", ""weight"": 1.0}]","{""type"": ""close"", ""date"": ""2026-08-21""}",closed,2026-08-21,2026-08-28,-0.008869599374859649,-0.00986959937485965,-0.2648493713422105,0.002770986470186553,-0.011640585845046202,"[1.0, 1.0]"
2026-08-21-k09,2026-08-21,Long high yield and emerging markets across the Jackson Hole speech at JH-5,event_fingerprint,wrong_sign,True,True,medium,10.0,"[{""ticker"": ""HYG"", ""side"": ""LONG"", ""weight"": 0.5}, {""ticker"": ""EEM"", ""side"": ""LONG"", ""weight"": 0.5}]","{""type"": ""close"", ""date"": ""2026-08-21""}",closed,2026-08-21,2026-09-04,0.01166830913270328,0.01116830913270328,0.3360793938492212,0.006063949194013524,0.005604359938689757,"[0.5, 0.5]"
2026-08-21-k10,2026-08-21,The beat that gets sold: a positive EPS surprise met with a large next-session decline,event_fingerprint,wrong_sign,True,True,low,5.0,"[{""ticker"": ""WMT"", ""side"": ""LONG"", ""weight"": 0.3333}, {""ticker"": ""ROST"", ""side"": ""LONG"", ""weight"": 0.3333}, {""ticker"": ""TJX"", ""side"": ""LONG"", ""weight"": 0.3333}]","{""type"": ""close"", ""date"": ""2026-08-21""}",closed,2026-08-21,2026-08-28,-0.02942111355226325,-0.02992111355226325,-0.8972903208861217,0.00510047914734214,-0.03452159269960539,"[0.333, 0.333, 0.333]"
2026-08-21-k11,2026-08-21,Long Japan on a five-day washout while developed international holds,inversion,other,True,True,high,5.0,"[{""ticker"": ""EWJ"", ""side"": ""LONG"", ""weight"": 1.0}]","{""type"": ""close"", ""date"": ""2026-08-21""}",closed,2026-08-21,2026-08-28,0.007249447774678508,0.0067494477746785075,0.2168292963197408,0.0041151209500989005,0.0031343268245796075,[1.0]
2026-08-24-k01,2026-08-24,Long TLT MOC at ME-5 into the August month-end close,event_fingerprint,wrong_sign,True,True,high,5.0,"[{""ticker"": ""TLT"", ""side"": ""LONG"", ""weight"": 1.0}]","{""type"": ""close"", ""date"": ""2026-08-24""}",closed,2026-08-24,2026-08-31,-0.0004845085285746231,-0.0009845085285746231,-0.036196112070841675,0.0001499978261144766,-0.0006345063546890997,[1.0]
2026-08-24-k02,2026-08-24,"Long SPY MOC at ME-5 into the month-end close, the last week of August",event_fingerprint,wrong_sign,True,True,high,5.0,"[{""ticker"": ""SPY"", ""side"": ""LONG"", ""weight"": 1.0}]","{""type"": ""close"", ""date"": ""2026-08-24""}",closed,2026-08-24,2026-08-31,0.0046891628405763,0.004189162840576299,0.24258522364637242,0.004188203999090866,0.0005009588414854335,[1.0]
2026-08-24-k03,2026-08-24,Long copper on a five-day thrust to a fresh 52-week high,interaction_cell,wrong_sign,True,True,medium,5.0,"[{""ticker"": ""FCX"", ""side"": ""LONG"", ""weight"": 1.0}]","{""type"": ""close"", ""date"": ""2026-08-24""}",closed,2026-08-24,2026-08-31,-0.02647821474528511,-0.026978214745285112,-0.35479837832563665,0.0060061892113360766,-0.03248440395662119,[1.0]
2026-08-24-k04,2026-08-24,Long XLI against the leading cyclical on a five-day washout while the peer prints a 52-week high,relative_value,wrong_sign,True,True,low,3.0,"[{""ticker"": ""XLI"", ""side"": ""LONG"", ""weight"": 1.0}, {""ticker"": ""XLB"", ""side"": ""SHORT"", ""weight"": 1.0}]","{""type"": ""close"", ""date"": ""2026-08-24""}",closed,2026-08-24,2026-08-27,0.005415039643539621,0.004415039643539621,0.2738108415730985,0.0009711782829459514,0.00444386136059367,"[1.0, 1.0]"
2026-08-24-k05,2026-08-24,"The 10-year yield at a 52-week high as a LEVEL trigger, traded outright on duration",instrument_translation,era_instability,True,True,medium,5.0,"[{""ticker"": ""TLT"", ""side"": ""LONG"", ""weight"": 1.0}]","{""type"": ""close"", ""date"": ""2026-08-24""}",closed,2026-08-24,2026-08-31,-0.0004845085285746231,-0.0009845085285746231,-0.036196112070841675,0.0001499978261144766,-0.0006345063546890997,[1.0]
2026-08-24-k06,2026-08-24,Cross-sectional new-high breadth while the index itself is off its high,flow_mechanics,wrong_sign,True,False,medium,5.0,"[{""ticker"": ""SPY"", ""side"": ""LONG"", ""weight"": 1.0}]","{""type"": ""close"", ""date"": ""2026-08-24""}",closed,2026-08-24,2026-08-31,0.0046891628405763,0.004189162840576299,0.24258522364637242,0.004188203999090866,0.0005009588414854335,[1.0]
2026-08-24-k07,2026-08-24,"The energy z10 cluster, five names thrusting at once",interaction_cell,wrong_sign,True,True,high,5.0,"[{""ticker"": ""XLE"", ""side"": ""LONG"", ""weight"": 1.0}]","{""type"": ""close"", ""date"": ""2026-08-24""}",closed,2026-08-24,2026-08-31,0.013468500108718473,0.012968500108718473,0.410735610286526,0.003595588458868973,0.0098729116498495,[1.0]
2026-08-24-k08,2026-08-24,"Tech absent from the entire new-high list, long SPY against short QQQ",inversion,wrong_sign,True,True,medium,5.0,"[{""ticker"": ""SPY"", ""side"": ""LONG"", ""weight"": 1.0}, {""ticker"": ""QQQ"", ""side"": ""SHORT"", ""weight"": 1.0}]","{""type"": ""close"", ""date"": ""2026-08-24""}",closed,2026-08-24,2026-08-31,-0.010091680668602221,-0.011091680668602222,-0.5071423101856359,-0.0008876506807449071,-0.009204029987857314,"[1.0, 1.0]"
2026-08-24-k09,2026-08-24,Gold at a 21-day rank over 95 while the 10-year yield prints a 52-week high,inversion,filter_no_filter,True,True,medium,5.0,"[{""ticker"": ""GLD"", ""side"": ""LONG"", ""weight"": 1.0}]","{""type"": ""close"", ""date"": ""2026-08-24""}",closed,2026-08-24,2026-08-31,-0.042817944899425475,-0.043317944899425476,-1.1573199746121485,0.006074895633722511,-0.048892840533147984,[1.0]
2026-08-24-k10,2026-08-24,Long IEF rather than TLT with the investment-grade complex pinned at 52-week lows,instrument_translation,wrong_sign,True,True,medium,1.0,"[{""ticker"": ""IEF"", ""side"": ""LONG"", ""weight"": 1.0}]","{""type"": ""close"", ""date"": ""2026-08-24""}",closed,2026-08-24,2026-08-25,0.0053758165145951775,0.004875816514595177,1.8032007264360976,0.0001443456967593128,0.005231470817835864,[1.0]
2026-08-25-k01,2026-08-25,Long XLK outright after a 99.6th-percentile five-day tech-to-defensive rotation,inversion,wrong_sign,True,True,medium,5.0,"[{""ticker"": ""XLK"", ""side"": ""LONG"", ""weight"": 1.0}]","{""type"": ""close"", ""date"": ""2026-08-25""}",closed,2026-08-25,2026-09-01,0.010454473241581885,0.009954473241581885,0.21088226213888742,0.005939818053154594,0.004514655188427291,[1.0]
2026-08-25-k02,2026-08-25,Long SMH into the NVDA print with semis at a one-year relative low,event_fingerprint,other,True,True,high,1.0,"[{""ticker"": ""SMH"", ""side"": ""LONG"", ""weight"": 1.0}]","{""type"": ""close"", ""date"": ""2026-08-25""}",closed,2026-08-25,2026-08-26,-8.993521699474094e-05,-0.000589935216994741,-0.0026580772469859556,0.0020387319590092455,-0.0021286671760039864,[1.0]
2026-08-25-k03,2026-08-25,Long XLU after a 21-day washout the bond market did not cause,interaction_cell,wrong_sign,True,True,medium,5.0,"[{""ticker"": ""XLU"", ""side"": ""LONG"", ""weight"": 1.0}]","{""type"": ""close"", ""date"": ""2026-08-25""}",closed,2026-08-25,2026-09-01,-0.01731702480394759,-0.01781702480394759,-0.7660726906264361,0.002976160313895688,-0.02029318511784328,[1.0]
2026-08-25-k04,2026-08-25,Long OIH against short XOP at a 63-day services-versus-E&P extreme,relative_value,wrong_sign,True,True,high,5.0,"[{""ticker"": ""OIH"", ""side"": ""LONG"", ""weight"": 1.0}, {""ticker"": ""XOP"", ""side"": ""SHORT"", ""weight"": 1.0}]","{""type"": ""close"", ""date"": ""2026-08-25""}",closed,2026-08-25,2026-09-01,-0.0024388638795260764,-0.0034388638795260764,-0.06335481418901115,-0.00014027191202246495,-0.0022985919675036115,"[1.0, 1.0]"
2026-08-25-k05,2026-08-25,"Short the dollar into the month-end fix, conditioned on the month's equity move",flow_mechanics,wrong_sign,True,True,medium,4.0,"[{""ticker"": ""DX-Y.NYB"", ""side"": ""SHORT"", ""weight"": 1.0}]","{""type"": ""close"", ""date"": ""2026-08-25""}",closed,2026-08-25,2026-08-31,-0.005155703049644522,-0.005655703049644523,-0.8890860829095907,0.00021112274832876254,-0.005366825797973285,[1.0]
2026-08-25-k06,2026-08-25,Long the tape's five-day losers against its winners on a cross-sectional dispersion extreme,historical_analogue,cost,True,False,low,3.0,"[{""ticker"": ""XLK"", ""side"": ""LONG"", ""weight"": 0.5}, {""ticker"": ""XLI"", ""side"": ""LONG"", ""weight"": 0.5}, {""ticker"": ""XLV"", ""side"": ""SHORT"", ""weight"": 0.5}, {""ticker"": ""XLP"", ""side"": ""SHORT"", ""weight"": 0.5}]","{""type"": ""close"", ""date"": ""2026-08-25""}",closed,2026-08-25,2026-08-28,0.02529972051002638,0.02429972051002638,0.6536821722270153,0.00175635915734739,0.02354336135267899,"[0.5, 0.5, 0.5, 0.5]"
2026-08-25-k07,2026-08-25,"Fade the miner thrust, short GDX after a 99.6th-percentile 21-day run",inversion,wrong_sign,True,True,high,5.0,"[{""ticker"": ""GDX"", ""side"": ""SHORT"", ""weight"": 1.0}]","{""type"": ""close"", ""date"": ""2026-08-25""}",closed,2026-08-25,2026-09-01,0.10282409798421877,0.10232409798421876,1.352892702606978,-0.0101022967495453,0.11292639473376406,[1.0]
2026-08-25-k08,2026-08-25,Long EEM against EFA at a 63-day relative extreme,relative_value,not_live,True,False,medium,5.0,"[{""ticker"": ""EEM"", ""side"": ""LONG"", ""weight"": 1.0}, {""ticker"": ""EFA"", ""side"": ""SHORT"", ""weight"": 1.0}]","{""type"": ""close"", ""date"": ""2026-08-25""}",closed,2026-08-25,2026-09-01,0.014183970996769268,0.013183970996769268,0.43409188910263535,0.0007228882038399842,0.013461082792929284,"[1.0, 1.0]"
2026-08-25-k09,2026-08-25,Long XLI on a five-day washout inside an intact 63-day trend,interaction_cell,wrong_sign,True,True,medium,3.0,"[{""ticker"": ""XLI"", ""side"": ""LONG"", ""weight"": 1.0}]","{""type"": ""close"", ""date"": ""2026-08-25""}",closed,2026-08-25,2026-08-28,-0.007062778230787492,-0.0075627782307874925,-0.3495206170807011,0.0024265912075580372,-0.00948936943834553,[1.0]
2026-08-25-k10,2026-08-25,Short XLV outright after a 63-day rank of 97.6 into a 52-week high,inversion,cost,True,True,medium,5.0,"[{""ticker"": ""XLV"", ""side"": ""SHORT"", ""weight"": 1.0}]","{""type"": ""close"", ""date"": ""2026-08-25""}",closed,2026-08-25,2026-09-01,0.02065142043341983,0.02015142043341983,0.7408082450149212,-0.0022989739005634556,0.022950394333983288,[1.0]
2026-08-25-k11,2026-08-25,Long QQQ while tech's 63-day rank is bottom-quintile and the index's is not,interaction_cell,wrong_sign,True,True,high,5.0,"[{""ticker"": ""QQQ"", ""side"": ""LONG"", ""weight"": 1.0}]","{""type"": ""close"", ""date"": ""2026-08-25""}",closed,2026-08-25,2026-09-01,-0.0043336171690673275,-0.004833617169067328,-0.11944383919064319,0.004992035395875179,-0.009325652564942506,[1.0]
2026-08-26-k01,2026-08-26,Index put/call at a trailing-year low while single-name speculation sits mid-range,flow_mechanics,filter_no_filter,True,True,low,10.0,"[{""ticker"": ""SPY"", ""side"": ""LONG"", ""weight"": 1.0}]","{""type"": ""close"", ""date"": ""2026-08-26""}",closed,2026-08-26,2026-09-10,-0.010769095850567956,-0.011269095850567956,-0.3952579544287918,0.008297737358089781,-0.019066833208657735,[1.0]
2026-08-26-k02,2026-08-26,"The ETF-options put/call at a trailing-year low, traded on small caps",flow_mechanics,cost,True,True,medium,10.0,"[{""ticker"": ""IWM"", ""side"": ""LONG"", ""weight"": 1.0}]","{""type"": ""close"", ""date"": ""2026-08-26""}",closed,2026-08-26,2026-09-10,-0.037567316988989186,-0.038067316988989186,-1.1404803090454734,0.007729374046719951,-0.04529669103570914,[1.0]
2026-08-26-k03,2026-08-26,"The bare dollar washout with no rate leg, the untested parent of two parked cells",inversion,wrong_sign,True,True,low,5.0,"[{""ticker"": ""UUP"", ""side"": ""LONG"", ""weight"": 1.0}]","{""type"": ""close"", ""date"": ""2026-08-26""}",closed,2026-08-26,2026-09-02,0.005353305356164295,0.004853305356164295,0.7400049050152891,0.0007580045005797755,0.00459530085558452,[1.0]
2026-08-26-k04,2026-08-26,The dollar washout translated into the emerging-market funding trade,instrument_translation,wrong_sign,True,True,low,5.0,"[{""ticker"": ""EEM"", ""side"": ""LONG"", ""weight"": 1.0}]","{""type"": ""close"", ""date"": ""2026-08-26""}",closed,2026-08-26,2026-09-02,-0.0002977020040422218,-0.0007977020040422218,-0.006553707764789823,0.004438324818223524,-0.004736026822265746,[1.0]
2026-08-26-k05,2026-08-26,"Breadth of the metals thrust, four of six complex members at a 21-day rank above 95",interaction_cell,wrong_sign,True,True,medium,5.0,"[{""ticker"": ""GDX"", ""side"": ""LONG"", ""weight"": 1.0}]","{""type"": ""close"", ""date"": ""2026-08-26""}",closed,2026-08-26,2026-09-02,-0.04676821910918283,-0.04726821910918283,-0.620372116429053,0.01043432238643848,-0.05720254149562131,[1.0]
2026-08-26-k06,2026-08-26,High yield printing a fresh 52-week high while the index has not,interaction_cell,cost,True,True,medium,3.0,"[{""ticker"": ""SPY"", ""side"": ""LONG"", ""weight"": 1.0}]","{""type"": ""close"", ""date"": ""2026-08-26""}",closed,2026-08-26,2026-08-31,0.0012661772453261833,0.0007661772453261832,0.08484675816815677,0.0025017112452014154,-0.0012355339998752321,[1.0]
2026-08-26-k07,2026-08-26,Long regional banks against the big-bank index at an intra-sector extreme,relative_value,wrong_sign,True,True,high,5.0,"[{""ticker"": ""KRE"", ""side"": ""LONG"", ""weight"": 1.0}, {""ticker"": ""XLF"", ""side"": ""SHORT"", ""weight"": 1.0}]","{""type"": ""close"", ""date"": ""2026-08-26""}",closed,2026-08-26,2026-09-02,0.005739725626507819,0.004739725626507819,0.2619122363293176,0.0006974319179975029,0.005042293708510316,"[1.0, 1.0]"
2026-08-26-k08,2026-08-26,The fragility dial at 88.9 as a directional analogue for the index,historical_analogue,concentration,True,True,low,10.0,"[{""ticker"": ""SPY"", ""side"": ""SHORT"", ""weight"": 1.0}]","{""type"": ""close"", ""date"": ""2026-08-26""}",closed,2026-08-26,2026-09-10,0.010769095850567956,0.010269095850567955,0.3952579544287918,-0.008447930028805605,0.01921702587937356,[1.0]
2026-08-26-k09,2026-08-26,"The turn into September, entered three sessions before month-end",event_fingerprint,cost,True,True,medium,5.0,"[{""ticker"": ""IWM"", ""side"": ""LONG"", ""weight"": 1.0}]","{""type"": ""close"", ""date"": ""2026-08-26""}",closed,2026-08-26,2026-09-02,-0.016458744079472454,-0.016958744079472454,-0.7066254941101359,0.0038647884677235735,-0.020323532547196026,[1.0]
2026-08-26-k10,2026-08-26,Real estate snapping up out of a lagging base while the long end rallies,interaction_cell,wrong_sign,True,True,medium,3.0,"[{""ticker"": ""XLRE"", ""side"": ""LONG"", ""weight"": 1.0}]","{""type"": ""close"", ""date"": ""2026-08-26""}",closed,2026-08-26,2026-08-31,-0.021734245282777453,-0.022234245282777454,-1.257343665031814,0.001477348071120776,-0.02321159335389823,[1.0]
2026-08-26-k11,2026-08-26,"Bond volatility rich to equity volatility, traded on duration",interaction_cell,wrong_sign,True,True,medium,5.0,"[{""ticker"": ""TLT"", ""side"": ""LONG"", ""weight"": 1.0}]","{""type"": ""close"", ""date"": ""2026-08-26""}",closed,2026-08-26,2026-09-02,-0.012436768040071322,-0.012936768040071323,-0.9073506596848584,0.00015424074996722833,-0.012591008790038551,[1.0]
2026-08-26-k12,2026-08-26,The run into payrolls entered seven sessions early,event_fingerprint,cost,True,True,medium,7.0,"[{""ticker"": ""SPY"", ""side"": ""LONG"", ""weight"": 1.0}]","{""type"": ""close"", ""date"": ""2026-08-26""}",closed,2026-08-26,2026-09-04,0.005365019739042687,0.004865019739042686,0.23535513620725623,0.005828697072782612,-0.00046367733373992547,[1.0]
2026-08-27-k01,2026-08-27,"Long SVXY across the Jackson Hole speech, the eighth and last unswept class of that anchor",event_fingerprint,era_instability,True,True,high,4.0,"[{""ticker"": ""SVXY"", ""side"": ""LONG"", ""weight"": 1.0}]","{""type"": ""close"", ""date"": ""2026-08-27""}",closed,2026-08-27,2026-09-02,0.0012708183540566242,0.0007708183540566242,0.042835938371066876,0.0030354910403496524,-0.0017646726862930282,[1.0]
2026-08-27-k02,2026-08-27,"The month turn on the metals and commodity complex, the one class that anchor had never been swept on",flow_mechanics,cost,True,True,high,2.0,"[{""ticker"": ""GLD"", ""side"": ""LONG"", ""weight"": 0.125}, {""ticker"": ""SLV"", ""side"": ""LONG"", ""weight"": 0.125}, {""ticker"": ""GDX"", ""side"": ""LONG"", ""weight"": 0.125}, {""ticker"": ""DBC"", ""side"": ""LONG"", ""weight"": 0.125}, {""ticker"": ""USO"", ""side"": ""LONG"", ""weight"": 0.125}, {""ticker"": ""XLE"", ""side"": ""LONG"", ""weight"": 0.125}, {""ticker"": ""XME"", ""side"": ""LONG"", ""weight"": 0.125}, {""ticker"": ""FCX"", ""side"": ""LONG"", ""weight"": 0.125}]","{""type"": ""close"", ""date"": ""2026-08-27""}",closed,2026-08-27,2026-08-31,-0.016235893659764356,-0.016735893659764356,-0.6828433138317711,0.0025331303697466285,-0.018769024029510983,"[0.125, 0.125, 0.125, 0.125, 0.125, 0.125, 0.125, 0.125]"
2026-08-27-k03,2026-08-27,"A ten-day hold containing both the September PPI and the September CPI, the anchor the registry named as next-reachable",event_fingerprint,filter_no_filter,True,True,high,10.0,"[{""ticker"": ""SPY"", ""side"": ""LONG"", ""weight"": 1.0}]","{""type"": ""close"", ""date"": ""2026-08-27""}",closed,2026-08-27,2026-09-11,-0.008831566157832649,-0.00933156615783265,-0.32415532346941944,0.008241577131689576,-0.017073143289522225,[1.0]
2026-08-27-k04,2026-08-27,"Three-month implied volatility at a one-year floor, forward SPY and SVXY",interaction_cell,wrong_sign,True,True,medium,10.0,"[{""ticker"": ""SPY"", ""side"": ""LONG"", ""weight"": 1.0}]","{""type"": ""close"", ""date"": ""2026-08-27""}",closed,2026-08-27,2026-09-11,-0.008831566157832649,-0.00933156615783265,-0.32415532346941944,0.008241577131689576,-0.017073143289522225,[1.0]
2026-08-27-k05,2026-08-27,"The tech-minus-healthcare 63-day spread at a point-in-time floor, long the laggard against the leader",relative_value,other,True,True,medium,5.0,"[{""ticker"": ""XLK"", ""side"": ""LONG"", ""weight"": 1.0}, {""ticker"": ""XLV"", ""side"": ""SHORT"", ""weight"": 1.0}]","{""type"": ""close"", ""date"": ""2026-08-27""}",closed,2026-08-27,2026-09-03,-0.023788394036230898,-0.0247883940362309,-0.35921046262924805,0.00356466462321515,-0.027353058659446046,"[1.0, 1.0]"
2026-08-27-k06,2026-08-27,"The leader's deep correction, long the semiconductor complex at a 63-day rank floor",historical_analogue,other,True,True,high,10.0,"[{""ticker"": ""SMH"", ""side"": ""LONG"", ""weight"": 1.0}]","{""type"": ""close"", ""date"": ""2026-08-27""}",closed,2026-08-27,2026-09-11,-0.007800995991492199,-0.0083009959914922,-0.07389040382523217,0.02006984455701288,-0.02787084054850508,[1.0]
2026-08-27-k07,2026-08-27,"A pure rates repricing with zero credit stress, investment grade at 52-week lows against high yield at a high",interaction_cell,other,True,True,low,5.0,"[{""ticker"": ""TLT"", ""side"": ""LONG"", ""weight"": 1.0}]","{""type"": ""close"", ""date"": ""2026-08-27""}",closed,2026-08-27,2026-09-03,-0.00896805007212731,-0.00946805007212731,-0.6546473542603626,0.00013816284392722172,-0.009106212916054532,[1.0]
2026-08-27-k08,2026-08-27,"The dollar washout confirmed by a bounce, long the dollar after a 21-day floor turns up",interaction_cell,wrong_sign,True,True,medium,5.0,"[{""ticker"": ""DX-Y.NYB"", ""side"": ""LONG"", ""weight"": 1.0}]","{""type"": ""close"", ""date"": ""2026-08-27""}",closed,2026-08-27,2026-09-03,-0.0016135907240846237,-0.0021135907240846237,-0.2477594043651,-0.0002800140163153167,-0.001333576707769307,[1.0]
2026-08-27-k09,2026-08-27,"The retail washout, long a large-cap name at a 21-day rank floor against a 218-name reference class",historical_analogue,era_instability,True,True,high,10.0,"[{""ticker"": ""TJX"", ""side"": ""LONG"", ""weight"": 1.0}]","{""type"": ""close"", ""date"": ""2026-08-27""}",closed,2026-08-27,2026-09-11,-0.06109376026716862,-0.06159376026716862,-1.2241609865908059,0.007453016738928419,-0.06854677700609704,[1.0]
2026-08-28-k01,2026-08-28,"The round-trip breakout, SPY at a 52-week high with its 63-day return rank in the bottom quartile",interaction_cell,wrong_sign,True,True,high,10.0,"[{""ticker"": ""SPY"", ""side"": ""LONG"", ""weight"": 1.0}]","{""type"": ""close"", ""date"": ""2026-08-28""}",closed,2026-08-28,2026-09-14,-0.011009314839968476,-0.011509314839968476,-0.40357719941721065,0.00819974317804883,-0.019209058018017304,[1.0]
2026-08-28-k02,2026-08-28,SVXY closing at a fresh 52-week high,instrument_translation,registry_collision,True,True,medium,5.0,"[{""ticker"": ""SVXY"", ""side"": ""LONG"", ""weight"": 1.0}]","{""type"": ""close"", ""date"": ""2026-08-28""}",closed,2026-08-28,2026-09-04,0.015667458899914388,0.015167458899914388,0.47153761639810904,0.0037208215564803046,0.011946637343434083,[1.0]
2026-08-28-k03,2026-08-28,"The thrust from inside a drawdown, long a country ETF that is running while its trend is broken",inversion,filter_no_filter,True,True,high,10.0,"[{""ticker"": ""EWZ"", ""side"": ""LONG"", ""weight"": 1.0}]","{""type"": ""close"", ""date"": ""2026-08-28""}",closed,2026-08-28,2026-09-14,0.061040844731731214,0.060540844731731214,1.4207793000233013,0.0047658344607553246,0.05627501027097589,[1.0]
2026-08-28-k04,2026-08-28,"The V that turned, a 21-day rank at the ceiling with a 63-day rank at the floor",interaction_cell,other,True,True,medium,10.0,"[{""ticker"": ""EEM"", ""side"": ""LONG"", ""weight"": 1.0}]","{""type"": ""close"", ""date"": ""2026-08-28""}",closed,2026-08-28,2026-09-14,-0.017128411324594306,-0.017628411324594306,-0.26645312671133853,0.008693956843793961,-0.025822368168388267,[1.0]
2026-08-28-k05,2026-08-28,"Sustained biotech leadership, IBB at a double rank extreme inside 1% of its 52-week high",interaction_cell,other,True,True,high,10.0,"[{""ticker"": ""IBB"", ""side"": ""LONG"", ""weight"": 1.0}]","{""type"": ""close"", ""date"": ""2026-08-28""}",closed,2026-08-28,2026-09-14,-0.020818357627843898,-0.021318357627843898,-0.410101316975109,0.007470232516826619,-0.028288590144670517,[1.0]
2026-08-28-k06,2026-08-28,"The post-Jackson-Hole anchor, sweeping the conference close forward on ten asset classes",event_fingerprint,wrong_sign,True,True,medium,1.0,"[{""ticker"": ""IEF"", ""side"": ""LONG"", ""weight"": 0.5}, {""ticker"": ""LQD"", ""side"": ""LONG"", ""weight"": 0.5}]","{""type"": ""close"", ""date"": ""2026-08-31""}",closed,2026-08-31,2026-09-01,-0.0042476736926762015,-0.004747673692676202,-1.3416269571862391,0.000168348406663657,-0.004416022099339859,"[0.5, 0.5]"
2026-08-28-k07,2026-08-28,The whole defensive complex washed out while the index sits at a high,interaction_cell,concentration,True,True,medium,5.0,"[{""ticker"": ""XLP"", ""side"": ""LONG"", ""weight"": 0.3333333333333333}, {""ticker"": ""XLU"", ""side"": ""LONG"", ""weight"": 0.3333333333333333}, {""ticker"": ""XLRE"", ""side"": ""LONG"", ""weight"": 0.3333333333333333}]","{""type"": ""close"", ""date"": ""2026-08-28""}",closed,2026-08-28,2026-09-04,-0.004785130589881762,-0.005285130589881762,-0.2469483977726555,0.0023797573650702264,-0.007164887954951988,"[0.333, 0.333, 0.333]"
2026-08-28-k08,2026-08-28,"The energy pullback inside the thrust, XLE washing out within 3% of a 52-week high",interaction_cell,cost,True,True,high,7.0,"[{""ticker"": ""XLE"", ""side"": ""LONG"", ""weight"": 1.0}]","{""type"": ""close"", ""date"": ""2026-08-28""}",closed,2026-08-28,2026-09-09,0.04195910199131925,0.04145910199131925,1.1101083099834528,0.004987820390362327,0.03697128160095692,[1.0]
2026-08-28-k09,2026-08-28,"The translation channel, long developed international against the index on a dollar washout",relative_value,wrong_sign,True,True,medium,5.0,"[{""ticker"": ""EFA"", ""side"": ""LONG"", ""weight"": 1.0}, {""ticker"": ""SPY"", ""side"": ""SHORT"", ""weight"": 1.0}]","{""type"": ""close"", ""date"": ""2026-08-28""}",closed,2026-08-28,2026-09-04,0.004756597566774046,0.0037565975667740456,0.3631046451809537,-0.0004466762357105306,0.005203273802484577,"[1.0, 1.0]"
2026-08-28-k10,2026-08-28,Gold and the S&P both in the top decile of their 21-day returns,historical_analogue,filter_no_filter,True,True,low,5.0,"[{""ticker"": ""GLD"", ""side"": ""LONG"", ""weight"": 0.5}, {""ticker"": ""SPY"", ""side"": ""LONG"", ""weight"": 0.5}]","{""type"": ""close"", ""date"": ""2026-08-28""}",closed,2026-08-28,2026-09-04,-0.0020464790284607792,-0.0025464790284607792,-0.08323500444192876,0.005198156466306837,-0.007244635494767616,"[0.5, 0.5]"
2026-08-28-k11,2026-08-28,"The month turn on the washed-out defensive sectors, entered the session before month-end",flow_mechanics,wrong_sign,True,True,medium,5.0,"[{""ticker"": ""XLP"", ""side"": ""LONG"", ""weight"": 0.3333333333333333}, {""ticker"": ""XLU"", ""side"": ""LONG"", ""weight"": 0.3333333333333333}, {""ticker"": ""XLRE"", ""side"": ""LONG"", ""weight"": 0.3333333333333333}]","{""type"": ""close"", ""date"": ""2026-08-28""}",closed,2026-08-28,2026-09-04,-0.004785130589881762,-0.005285130589881762,-0.2469483977726555,0.0023797573650702264,-0.007164887954951988,"[0.333, 0.333, 0.333]"
2026-08-31-k01,2026-08-31,"The month-end closing auction's overnight reversal, SPY and IWM MOC to MOO",flow_mechanics,wrong_sign,True,True,low,1.0,"[{""ticker"": ""SPY"", ""side"": ""LONG"", ""weight"": 0.5}, {""ticker"": ""IWM"", ""side"": ""LONG"", ""weight"": 0.5}]","{""type"": ""close"", ""date"": ""2026-08-31""}",closed,2026-08-31,2026-09-01,-0.009150818881118905,-0.009650818881118906,-1.0109691532907326,0.0007881700428654819,-0.009938988923984387,"[0.5, 0.5]"
2026-08-31-k02,2026-08-31,"The intraday shape of the month-end session, shorting the ME-0 last hour",flow_mechanics,wrong_sign,False,True,low,,[],null,untradeable,,,,,,,,
2026-08-31-k03,2026-08-31,"The small-cap laggard into the month turn, long IWM against short SPY",relative_value,filter_no_filter,True,True,medium,3.0,"[{""ticker"": ""IWM"", ""side"": ""LONG"", ""weight"": 1.0}, {""ticker"": ""SPY"", ""side"": ""SHORT"", ""weight"": ""beta""}]","{""type"": ""close"", ""date"": ""2026-08-31""}",closed,2026-08-31,2026-09-03,-0.003347423381933598,-0.004325841167174922,-0.29608377353180054,-8.2273561889243e-05,-0.003265149820044355,"[1.0, 0.957]"
2026-08-31-k04,2026-08-31,Long duration with the ten-year at a 52-week yield high and bond volatility compressed,interaction_cell,wrong_sign,True,True,medium,5.0,"[{""ticker"": ""TLT"", ""side"": ""LONG"", ""weight"": 1.0}]","{""type"": ""close"", ""date"": ""2026-08-31""}",closed,2026-08-31,2026-09-08,-6.0790143792344153e-05,-0.0005607901437923442,-0.004455582319146305,8.019720600394611e-05,-0.00014098734979629026,[1.0]
2026-08-31-k05,2026-08-31,Short duration into September with the ten-year at a 52-week yield high,interaction_cell,cost,True,True,medium,10.0,"[{""ticker"": ""TLT"", ""side"": ""SHORT"", ""weight"": 1.0}]","{""type"": ""close"", ""date"": ""2026-08-31""}",closed,2026-08-31,2026-09-15,0.01818618359755697,0.01768618359755697,0.9425358428001562,-0.00017367376405812268,0.018359857361615092,[1.0]
2026-08-31-k06,2026-08-31,High yield at a 52-week high while the small-cap index sits 3% below its own,interaction_cell,cost,True,True,high,3.0,"[{""ticker"": ""IWM"", ""side"": ""LONG"", ""weight"": 1.0}]","{""type"": ""close"", ""date"": ""2026-08-31""}",closed,2026-08-31,2026-09-03,0.0042868260436159655,0.0037868260436159655,0.23515525194662432,0.0023039863768794066,0.001982839666736559,[1.0]
2026-08-31-k07,2026-08-31,"Tail premium rich against at-the-money volatility at a floor, the SKEW to VIX3M ratio",inversion,wrong_sign,True,True,low,5.0,"[{""ticker"": ""SPY"", ""side"": ""LONG"", ""weight"": 1.0}]","{""type"": ""close"", ""date"": ""2026-08-31""}",closed,2026-08-31,2026-09-08,-0.0014210028432022348,-0.0019210028432022348,-0.07364687913158129,0.00411925448159957,-0.005540257324801805,[1.0]
2026-08-31-k08,2026-08-31,"The dollar confirming a rate rise, the inversion of the parked unconfirmed form",inversion,wrong_sign,True,False,medium,5.0,"[{""ticker"": ""DX-Y.NYB"", ""side"": ""LONG"", ""weight"": 1.0}]","{""type"": ""close"", ""date"": ""2026-08-31""}",closed,2026-08-31,2026-09-08,-0.005933862671973045,-0.006433862671973045,-0.8912670696278068,-0.00025722764084612894,-0.0056766350311269155,[1.0]
2026-08-31-k09,2026-08-31,"Pre-print drift in a deeply lagging mega-cap, Broadcom into its September print",flow_mechanics,filter_no_filter,True,True,high,1.0,"[{""ticker"": ""AVGO"", ""side"": ""LONG"", ""weight"": 1.0}]","{""type"": ""close"", ""date"": ""2026-08-31""}",closed,2026-08-31,2026-09-01,-0.0017820991455385071,-0.002282099145538507,-0.052122764215796084,0.002438752355096414,-0.004220851500634921,[1.0]
2026-08-31-k10,2026-08-31,Long oil services outright at a services-versus-exploration 63-day spread extreme,relative_value,wrong_sign,True,True,medium,10.0,"[{""ticker"": ""OIH"", ""side"": ""LONG"", ""weight"": 1.0}]","{""type"": ""close"", ""date"": ""2026-08-31""}",closed,2026-08-31,2026-09-15,-0.04117149730114478,-0.04167149730114478,-0.644135582178778,0.005244317475471213,-0.04641581477661599,[1.0]
2026-08-31-k11,2026-08-31,Fade the miners' 21-day outperformance of the metal at a 98th-percentile spread,relative_value,wrong_sign,True,True,low,5.0,"[{""ticker"": ""GDX"", ""side"": ""SHORT"", ""weight"": 1.0}, {""ticker"": ""GLD"", ""side"": ""LONG"", ""weight"": ""beta""}]","{""type"": ""close"", ""date"": ""2026-08-31""}",closed,2026-08-31,2026-09-08,-0.03808883849036456,-0.03950670128922074,-1.2945915287590646,0.0009968881356633955,-0.03908572662602796,"[1.0, 1.836]"
2026-08-31-k12,2026-08-31,Industrial metals thrusting while precious metals flush,relative_value,concentration,True,True,medium,5.0,"[{""ticker"": ""XME"", ""side"": ""LONG"", ""weight"": 1.0}, {""ticker"": ""SLV"", ""side"": ""SHORT"", ""weight"": 1.0}]","{""type"": ""close"", ""date"": ""2026-08-31""}",closed,2026-08-31,2026-09-08,0.028046084782864633,0.027046084782864632,0.6930240144247614,-0.001994122607908617,0.03004020739077325,"[1.0, 1.0]"
2026-08-31-k13,2026-08-31,Short silver after the whole metals complex breaks together,instrument_translation,cost,True,True,medium,1.0,"[{""ticker"": ""SLV"", ""side"": ""SHORT"", ""weight"": 1.0}]","{""type"": ""close"", ""date"": ""2026-08-31""}",closed,2026-08-31,2026-09-01,0.03675374787814212,0.03625374787814212,1.3063138907103247,-0.0016830279044923173,0.038436775782634436,[1.0]
2026-08-31-k14,2026-08-31,The whole metals-complex break read as a long-dollar signal,interaction_cell,other,True,True,medium,5.0,"[{""ticker"": ""DX-Y.NYB"", ""side"": ""LONG"", ""weight"": 1.0}]","{""type"": ""close"", ""date"": ""2026-08-31""}",closed,2026-08-31,2026-09-08,-0.005933862671973045,-0.006433862671973045,-0.8912670696278068,-0.00025722764084612894,-0.0056766350311269155,[1.0]
2026-08-31-k15,2026-08-31,The whole metals-complex break traded as a short on gold and the miners,relative_value,cost,True,True,medium,5.0,"[{""ticker"": ""GLD"", ""side"": ""SHORT"", ""weight"": 0.5}, {""ticker"": ""GDX"", ""side"": ""SHORT"", ""weight"": 0.5}]","{""type"": ""close"", ""date"": ""2026-08-31""}",closed,2026-08-31,2026-09-08,0.011158370168630083,0.010658370168630082,0.1997810002558195,-0.00818875346837665,0.019347123637006733,"[0.5, 0.5]"
2026-08-31-k16,2026-08-31,"The September month-of-year effect on the dollar, entered at the August month-end close",event_fingerprint,registry_collision,True,True,low,3.0,"[{""ticker"": ""DX-Y.NYB"", ""side"": ""LONG"", ""weight"": 1.0}]","{""type"": ""close"", ""date"": ""2026-08-31""}",closed,2026-08-31,2026-09-03,-0.004324653563874126,-0.004824653563874126,-0.838583025614844,-0.00015451687966172668,-0.004170136684212399,[1.0]
2026-08-31-k17,2026-08-31,Buy the month's largest 21-day winner at the month-end close,flow_mechanics,other,True,True,low,2.0,"[{""ticker"": ""GDX"", ""side"": ""LONG"", ""weight"": 1.0}]","{""type"": ""close"", ""date"": ""2026-08-31""}",closed,2026-08-31,2026-09-02,-0.008933152611199091,-0.009433152611199092,-0.18655926784913163,0.004057121988685472,-0.012990274599884563,[1.0]
2026-08-31-k18,2026-08-31,A two-member idiosyncratic shock inside an already-washed-out utilities sector,interaction_cell,wrong_sign,True,False,medium,5.0,"[{""ticker"": ""XLU"", ""side"": ""LONG"", ""weight"": 1.0}]","{""type"": ""close"", ""date"": ""2026-08-31""}",closed,2026-08-31,2026-09-08,0.02888939078046615,0.02838939078046615,1.2745695086403537,0.0028938436075278784,0.025995547172938272,[1.0]
2026-08-31-k19,2026-08-31,Equipment and analog semiconductors at simultaneous 63-day rank floors while the leader runs,relative_value,registry_collision,True,False,medium,10.0,"[{""ticker"": ""AMAT"", ""side"": ""LONG"", ""weight"": 0.16666666666666666}, {""ticker"": ""ADI"", ""side"": ""LONG"", ""weight"": 0.16666666666666666}, {""ticker"": ""TXN"", ""side"": ""LONG"", ""weight"": 0.16666666666666666}, {""ticker"": ""MU"", ""side"": ""LONG"", ""weight"": 0.16666666666666666}, {""ticker"": ""QCOM"", ""side"": ""LONG"", ""weight"": 0.16666666666666666}, {""ticker"": ""INTC"", ""side"": ""LONG"", ""weight"": 0.16666666666666666}]","{""type"": ""close"", ""date"": ""2026-08-31""}",closed,2026-08-31,2026-09-15,0.014947110033606324,0.014447110033606323,0.12188710916974949,0.019555211042989185,-0.004608101009382861,"[0.167, 0.167, 0.167, 0.167, 0.167, 0.167]"
2026-08-31-k20,2026-08-31,"A one-day skew rise on a session the volatility index fell, as a co-movement trigger",inversion,wrong_sign,True,True,medium,5.0,"[{""ticker"": ""SPY"", ""side"": ""LONG"", ""weight"": 1.0}]","{""type"": ""close"", ""date"": ""2026-08-31""}",closed,2026-08-31,2026-09-08,-0.0014210028432022348,-0.0019210028432022348,-0.07364687913158129,0.00411925448159957,-0.005540257324801805,[1.0]
2026-08-31-k21,2026-08-31,Pooled: a single name at a 21-day rank floor while its own sector holds up,relative_value,era_instability,False,True,low,,[],null,untradeable,,,,,,,,
2026-08-31-k22,2026-08-31,The Nasdaq at a 63-day rank extreme while the index sits near its 52-week high,relative_value,registry_collision,True,True,medium,5.0,"[{""ticker"": ""QQQ"", ""side"": ""LONG"", ""weight"": 1.0}, {""ticker"": ""SPY"", ""side"": ""SHORT"", ""weight"": ""beta""}]","{""type"": ""close"", ""date"": ""2026-08-31""}",closed,2026-08-31,2026-09-08,0.0046815695975665934,0.003319744504694917,0.33174394790544415,-0.0022065236292745866,0.00688809322684118,"[1.0, 1.724]"
2026-08-31-k23,2026-08-31,"The fragility dial above 85 with a calm volatility index, traded on volatility rather than direction",interaction_cell,registry_collision,True,True,high,5.0,"[{""ticker"": ""SVXY"", ""side"": ""SHORT"", ""weight"": 1.0}]","{""type"": ""close"", ""date"": ""2026-08-31""}",closed,2026-08-31,2026-09-08,0.0,-0.0005,0.0,-0.003952493150567748,0.003952493150567748,[1.0]
2026-09-01-k01,2026-09-01,"The parked duration-neutral flattener, long IEF against short 0.523 TLT, with the ten-year at a 52-week high",relative_value,cost,True,True,high,8.0,"[{""ticker"": ""IEF"", ""side"": ""LONG"", ""weight"": 1.0}, {""ticker"": ""TLT"", ""side"": ""SHORT"", ""weight"": 0.523}]","{""type"": ""close"", ""date"": ""2026-09-01""}",closed,2026-09-01,2026-09-14,-0.006698662201965689,-0.007460162201965689,-1.597033779591788,0.001044378220000124,-0.007743040421965813,"[1.0, 0.523]"
2026-09-01-k02,2026-09-01,Duration into the September FOMC with the ten-year pinned at a one-year high,event_fingerprint,other,True,True,medium,10.0,"[{""ticker"": ""TLT"", ""side"": ""LONG"", ""weight"": 1.0}]","{""type"": ""close"", ""date"": ""2026-09-01""}",closed,2026-09-01,2026-09-16,-0.012092408207539651,-0.012592408207539652,-0.6247022922502795,0.00012690957083281987,-0.012219317778372471,[1.0]
2026-09-01-k03,2026-09-01,A trailing-252 yield maximum reached with no rate thrust behind it,interaction_cell,concentration,True,True,low,5.0,"[{""ticker"": ""TLT"", ""side"": ""LONG"", ""weight"": 1.0}]","{""type"": ""close"", ""date"": ""2026-09-01""}",closed,2026-09-01,2026-09-09,-0.0017100205808199265,-0.0022100205808199265,-0.12493284654658203,7.022786150256623e-05,-0.0017802484423224928,[1.0]
2026-09-01-k04,2026-09-01,"Bond volatility popping while equity volatility falls, at the yield level extreme",interaction_cell,era_instability,True,False,low,5.0,"[{""ticker"": ""TLT"", ""side"": ""LONG"", ""weight"": 1.0}]","{""type"": ""close"", ""date"": ""2026-09-01""}",closed,2026-09-01,2026-09-09,-0.0017100205808199265,-0.0022100205808199265,-0.12493284654658203,7.022786150256623e-05,-0.0017802484423224928,[1.0]
2026-09-01-k05,2026-09-01,The pre-FOMC midterm drift swept across fifteen asset classes,event_fingerprint,wrong_sign,False,True,low,,[],null,untradeable,,,,,,,,
2026-09-01-k06,2026-09-01,"Long crude and energy equity into a midterm-year FOMC, the one class that inverts the other way",inversion,wrong_sign,True,True,medium,10.0,"[{""ticker"": ""USO"", ""side"": ""LONG"", ""weight"": 0.5}, {""ticker"": ""XLE"", ""side"": ""LONG"", ""weight"": 0.5}]","{""type"": ""close"", ""date"": ""2026-09-01""}",closed,2026-09-01,2026-09-16,0.04808183697829044,0.04758183697829044,0.6866365354994547,0.00856887776706394,0.039512959211226495,"[0.5, 0.5]"
2026-09-01-k07,2026-09-01,"Short the index at FOMC-10td in a midterm year, the window the event sleeve declines to trade",event_fingerprint,wrong_sign,True,True,high,10.0,"[{""ticker"": ""SPY"", ""side"": ""SHORT"", ""weight"": 1.0}]","{""type"": ""close"", ""date"": ""2026-09-01""}",closed,2026-09-01,2026-09-16,0.010147317834219294,0.009647317834219293,0.3716746842445012,-0.008297961177936524,0.01844527901215582,[1.0]
2026-09-01-k08,2026-09-01,"The policy decision that is also the volatility settle, as a flow coincidence",flow_mechanics,other,True,True,low,10.0,"[{""ticker"": ""SVXY"", ""side"": ""LONG"", ""weight"": 1.0}]","{""type"": ""close"", ""date"": ""2026-09-01""}",closed,2026-09-01,2026-09-16,0.003381689280675948,0.002881689280675948,0.07236552053101848,0.0066168700677568795,-0.0032351807870809315,[1.0]
2026-09-01-k09,2026-09-01,Long silver deep inside a post-parabolic drawdown while still up sharply on the year,historical_analogue,wrong_sign,True,True,medium,10.0,"[{""ticker"": ""SLV"", ""side"": ""LONG"", ""weight"": 1.0}]","{""type"": ""close"", ""date"": ""2026-09-01""}",closed,2026-09-01,2026-09-16,-0.01502070026568525,-0.01552070026568525,-0.1689174086448161,0.017028565356342194,-0.032049265622027444,[1.0]
2026-09-01-k10,2026-09-01,Energy closing at a fresh 52-week high on a session the index fell,interaction_cell,wrong_sign,True,True,medium,10.0,"[{""ticker"": ""XLE"", ""side"": ""LONG"", ""weight"": 1.0}]","{""type"": ""close"", ""date"": ""2026-09-01""}",closed,2026-09-01,2026-09-16,-0.011424965539485243,-0.011924965539485244,-0.25363111601775673,0.006903179245363783,-0.018328144784849027,[1.0]
2026-09-01-k11,2026-09-01,The count of sectors simultaneously in the bottom fifteenth of their five-day rank,interaction_cell,filter_no_filter,True,True,low,21.0,"[{""ticker"": ""SPY"", ""side"": ""LONG"", ""weight"": 1.0}]","{""type"": ""close"", ""date"": ""2026-09-01""}",open,2026-09-01,2026-09-28,0.0075233203170932406,0.00702332031709324,0.19015669615049657,0.017543326124707048,-0.010020005807613808,[1.0]
2026-09-01-k12,2026-09-01,Natural gas thrusting into the September shoulder season,interaction_cell,wrong_sign,True,True,medium,5.0,"[{""ticker"": ""UNG"", ""side"": ""LONG"", ""weight"": 1.0}]","{""type"": ""close"", ""date"": ""2026-09-01""}",closed,2026-09-01,2026-09-09,-0.046313778322459864,-0.046813778322459865,-1.0143937183285217,-0.0034226094682561618,-0.0428911688542037,[1.0]
2026-09-02-k01,2026-09-02,Long the energy complex on a crude one-day thrust in the five to six percent band,interaction_cell,wrong_sign,True,True,high,3.0,"[{""ticker"": ""XLE"", ""side"": ""LONG"", ""weight"": 1.0}]","{""type"": ""close"", ""date"": ""2026-09-02""}",closed,2026-09-02,2026-09-08,-0.0050692212363340206,-0.005569221236334021,-0.20527132931909775,0.002164495906387384,-0.007233717142721405,[1.0]
2026-09-02-k02,2026-09-02,The same crude thrust expressed in the commodity itself rather than the producers,instrument_translation,wrong_sign,True,True,high,3.0,"[{""ticker"": ""USO"", ""side"": ""LONG"", ""weight"": 1.0}]","{""type"": ""close"", ""date"": ""2026-09-02""}",closed,2026-09-02,2026-09-08,0.0345731852201947,0.0340731852201947,0.598665292066044,0.0032907299161906794,0.031282455304004024,[1.0]
2026-09-02-k03,2026-09-02,Short silver after the whole metals complex breaks together out of a parabolic miner run,inversion,wrong_sign,True,True,high,1.0,"[{""ticker"": ""SLV"", ""side"": ""SHORT"", ""weight"": 1.0}]","{""type"": ""close"", ""date"": ""2026-09-02""}",closed,2026-09-02,2026-09-03,-0.025055011848358122,-0.025555011848358122,-0.8804833198368262,-0.0016409370349206348,-0.023414074813437488,[1.0]
2026-09-02-k04,2026-09-02,"Long the miners against the metal after the complex break, on the overshoot",relative_value,cost,True,True,medium,3.0,"[{""ticker"": ""GDX"", ""side"": ""LONG"", ""weight"": 1.0}, {""ticker"": ""GLD"", ""side"": ""SHORT"", ""weight"": ""beta""}]","{""type"": ""close"", ""date"": ""2026-09-02""}",closed,2026-09-02,2026-09-08,0.021758983636808928,0.020352756201107835,0.9512143764189973,-0.0005052520304959405,0.022264235667304868,"[1.0, 1.812]"
2026-09-02-k05,2026-09-02,"Long industrials at a triple five, twenty-one and sixty-three day rank floor with the index near its high",interaction_cell,filter_no_filter,True,True,high,10.0,"[{""ticker"": ""XLI"", ""side"": ""LONG"", ""weight"": 1.0}]","{""type"": ""close"", ""date"": ""2026-09-02""}",closed,2026-09-02,2026-09-17,-0.021819701993073704,-0.022319701993073704,-0.5819945395619489,0.007869185671845703,-0.02968888766491941,[1.0]
2026-09-02-k06,2026-09-02,Long the defense complex on a coordinated five-name washout with the index near its high,interaction_cell,concentration,True,True,medium,5.0,"[{""ticker"": ""ITA"", ""side"": ""LONG"", ""weight"": 1.0}]","{""type"": ""close"", ""date"": ""2026-09-02""}",closed,2026-09-02,2026-09-10,-0.022608188607907143,-0.023108188607907143,-0.6427322620456051,0.005155842300482883,-0.027764030908390025,[1.0]
2026-09-02-k07,2026-09-02,Long the index on a violent volatility pop out of a compressed twenty-one day range,flow_mechanics,wrong_sign,True,True,high,10.0,"[{""ticker"": ""SPY"", ""side"": ""LONG"", ""weight"": 1.0}]","{""type"": ""close"", ""date"": ""2026-09-02""}",closed,2026-09-02,2026-09-17,-0.003345693931418703,-0.003845693931418703,-0.1219079606326531,0.008111463200019249,-0.011457157131437952,[1.0]
2026-09-02-k08,2026-09-02,Broad commodities at a fresh fifty-two week high with an inflation print inside the hold,event_fingerprint,concentration,True,True,high,6.0,"[{""ticker"": ""DBC"", ""side"": ""LONG"", ""weight"": 1.0}]","{""type"": ""close"", ""date"": ""2026-09-02""}",closed,2026-09-02,2026-09-11,0.038521751659267744,0.038021751659267744,1.1178548024301287,0.0032741532217581207,0.035247598437509624,[1.0]
2026-09-02-k09,2026-09-02,Long Brazil at the tape's momentum extreme inside an emerging-market complex at a sixty-three day floor,relative_value,other,True,True,medium,5.0,"[{""ticker"": ""EWZ"", ""side"": ""LONG"", ""weight"": 1.0}]","{""type"": ""close"", ""date"": ""2026-09-02""}",closed,2026-09-02,2026-09-10,0.012339228637970878,0.011839228637970878,0.40035250407852346,0.002569066970437117,0.00977016166753376,[1.0]
2026-09-02-k10,2026-09-02,The index over the first week of September in a midterm year,interaction_cell,wrong_sign,True,True,medium,5.0,"[{""ticker"": ""SPY"", ""side"": ""SHORT"", ""weight"": 1.0}]","{""type"": ""close"", ""date"": ""2026-09-02""}",closed,2026-09-02,2026-09-10,0.009579676758578404,0.009079676758578403,0.4936415536848759,-0.004102508722451178,0.013682185481029582,[1.0]
2026-09-02-k11,2026-09-02,Short volatility into the payrolls print out of a dead twenty-one day range,event_fingerprint,era_instability,True,True,high,2.0,"[{""ticker"": ""SVXY"", ""side"": ""LONG"", ""weight"": 1.0}]","{""type"": ""close"", ""date"": ""2026-09-02""}",closed,2026-09-02,2026-09-04,0.007932730599452764,0.007432730599452764,0.37629532545016225,0.0014971804388382295,0.006435550160614535,[1.0]
2026-09-03-k01,2026-09-03,Long duration into the payrolls print with the ten-year at a 252-day yield high,event_fingerprint,wrong_sign,True,True,high,1.0,"[{""ticker"": ""TLT"", ""side"": ""LONG"", ""weight"": 1.0}]","{""type"": ""close"", ""date"": ""2026-09-03""}",closed,2026-09-03,2026-09-04,0.0017058534198735043,0.0012058534198735042,0.27889887314122136,8.213028335252582e-06,0.0016976403915382517,[1.0]
2026-09-03-k02,2026-09-03,"Bond volatility bid while equity volatility is dead, into the labour print",interaction_cell,wrong_sign,True,True,low,1.0,"[{""ticker"": ""UVXY"", ""side"": ""LONG"", ""weight"": 1.0}]","{""type"": ""close"", ""date"": ""2026-09-03""}",closed,2026-09-03,2026-09-04,0.006892638729760536,0.006392638729760536,0.15386394283974994,-0.0020410098912024043,0.00893364862096294,[1.0]
2026-09-03-k03,2026-09-03,The twelve-name industrial and rail rank floor as a family rather than an XLI call,relative_value,filter_no_filter,True,True,medium,10.0,"[{""ticker"": ""XLI"", ""side"": ""LONG"", ""weight"": 1.0}]","{""type"": ""close"", ""date"": ""2026-09-03""}",closed,2026-09-03,2026-09-18,-0.02755497708010135,-0.02805497708010135,-0.7349930861758402,0.00781277513792781,-0.03536775221802916,[1.0]
2026-09-03-k04,2026-09-03,The two-name California utility catastrophe after a 26 percent five-day collapse,historical_analogue,other,True,True,low,10.0,"[{""ticker"": ""PCG"", ""side"": ""LONG"", ""weight"": 0.5}, {""ticker"": ""EIX"", ""side"": ""LONG"", ""weight"": 0.5}]","{""type"": ""close"", ""date"": ""2026-09-03""}",closed,2026-09-03,2026-09-18,-0.03601280436786669,-0.03651280436786669,-0.3288799634396264,0.002551830683965071,-0.03856463505183176,"[0.5, 0.5]"
2026-09-03-k05,2026-09-03,Long gold into the payrolls print after a five-day metal washout with the miners still bid,interaction_cell,wrong_sign,True,True,medium,1.0,"[{""ticker"": ""GLD"", ""side"": ""LONG"", ""weight"": 1.0}]","{""type"": ""close"", ""date"": ""2026-09-03""}",closed,2026-09-03,2026-09-04,-0.008410151130527455,-0.008910151130527455,-0.484788845244803,0.0011698711296183563,-0.009580022260145812,[1.0]
2026-09-03-k06,2026-09-03,The energy complex at 52-week highs into a payrolls print,event_fingerprint,other,True,True,high,3.0,"[{""ticker"": ""XLE"", ""side"": ""LONG"", ""weight"": 1.0}]","{""type"": ""close"", ""date"": ""2026-09-03""}",closed,2026-09-03,2026-09-09,0.010677775369440479,0.010177775369440478,0.4343060176877159,0.0021964711343542653,0.008481304235086213,[1.0]
2026-09-03-k07,2026-09-03,"Investment grade at its 252-day low while high yield holds its high, into the print",interaction_cell,other,True,True,low,1.0,"[{""ticker"": ""LQD"", ""side"": ""LONG"", ""weight"": 1.0}]","{""type"": ""close"", ""date"": ""2026-09-03""}",closed,2026-09-03,2026-09-04,-0.00018954164043982757,-0.0006895416404398276,-0.0554428644034923,0.00019355948724679358,-0.00038310112768662115,[1.0]
2026-09-03-k08,2026-09-03,The Brazil thrust into a payrolls print with the dollar mid-range,event_fingerprint,other,True,True,medium,2.0,"[{""ticker"": ""EWZ"", ""side"": ""LONG"", ""weight"": 1.0}]","{""type"": ""close"", ""date"": ""2026-09-03""}",closed,2026-09-03,2026-09-08,0.01258850062392769,0.01208850062392769,0.6314843623456659,0.0010942617507707832,0.011494238873156907,[1.0]
2026-09-03-k09,2026-09-03,Tail hedges bid while at-the-money volatility is dead,inversion,filter_no_filter,True,True,medium,5.0,"[{""ticker"": ""SPY"", ""side"": ""LONG"", ""weight"": 1.0}]","{""type"": ""close"", ""date"": ""2026-09-03""}",closed,2026-09-03,2026-09-11,-0.01148522119595874,-0.01198522119595874,-0.5940314219524663,0.00401788933128073,-0.015503110527239468,[1.0]
2026-09-04-k01,2026-09-04,"Long SVXY from the last close before a three-day market closure, on a clear calendar",event_fingerprint,wrong_sign,True,True,high,1.0,"[{""ticker"": ""SVXY"", ""side"": ""LONG"", ""weight"": 1.0}]","{""type"": ""close"", ""date"": ""2026-09-04""}",closed,2026-09-04,2026-09-08,-0.008027677181372761,-0.008527677181372761,-0.5390615292292288,0.0007519344290746577,-0.008779611610447418,[1.0]
2026-09-04-k02,2026-09-04,"Long the index into the Labor Day closure, and short it from the first session after",event_fingerprint,wrong_sign,True,True,medium,1.0,"[{""ticker"": ""SPY"", ""side"": ""LONG"", ""weight"": 1.0}]","{""type"": ""close"", ""date"": ""2026-09-04""}",closed,2026-09-04,2026-09-08,-0.005492178930014524,-0.0059921789300145245,-0.6290724941374375,0.00081410405988386,-0.006306282989898384,[1.0]
2026-09-04-k03,2026-09-04,Post-NFP duration conditioned on the prior payroll print's surprise,interaction_cell,wrong_sign,True,True,high,3.0,"[{""ticker"": ""TLT"", ""side"": ""LONG"", ""weight"": 1.0}]","{""type"": ""close"", ""date"": ""2026-09-04""}",closed,2026-09-04,2026-09-10,-0.017394481463336664,-0.017894481463336664,-1.6431719371304145,-2.604459959592836e-05,-0.017368436863740736,[1.0]
2026-09-04-k04,2026-09-04,CFTC speculative net positioning in the metals complex as a live conditioner,flow_mechanics,wrong_sign,True,False,low,5.0,"[{""ticker"": ""GLD"", ""side"": ""LONG"", ""weight"": 1.0}]","{""type"": ""close"", ""date"": ""2026-09-04""}",closed,2026-09-04,2026-09-14,-0.034245379580628454,-0.034745379580628455,-0.8764626458568701,0.005836159289442579,-0.040081538870071036,[1.0]
2026-09-04-k05,2026-09-04,Cross-sectional dispersion at the 92nd percentile read as a short-correlation signal,inversion,wrong_sign,True,True,medium,10.0,"[{""ticker"": ""SVXY"", ""side"": ""LONG"", ""weight"": 1.0}]","{""type"": ""close"", ""date"": ""2026-09-04""}",closed,2026-09-04,2026-09-21,0.0006296382228230257,0.00012963822282302572,0.01337024986933419,0.006450653024223622,-0.005821014801400596,[1.0]
2026-09-04-k06,2026-09-04,The small-cap laggard into September quad witching,interaction_cell,concentration,True,True,medium,8.0,"[{""ticker"": ""IWM"", ""side"": ""LONG"", ""weight"": 1.0}, {""ticker"": ""SPY"", ""side"": ""SHORT"", ""weight"": 1.0}]","{""type"": ""close"", ""date"": ""2026-09-08""}",closed,2026-09-08,2026-09-18,-0.030247215532984595,-0.031247215532984596,-1.7071954307758441,-0.0005418700193890565,-0.02970534551359554,"[1.0, 1.0]"
2026-09-04-k07,2026-09-04,The post-Labor-Day driving-season boundary on crude and refiners,event_fingerprint,era_instability,False,True,low,,[],null,untradeable,,,,,,,,
2026-09-07-k01,2026-09-07,Long HYG at the first close back after the long weekend,event_fingerprint,wrong_sign,True,True,high,5.0,"[{""ticker"": ""HYG"", ""side"": ""LONG"", ""weight"": 1.0}]","{""type"": ""close"", ""date"": ""2026-09-07""}",closed,2026-09-08,2026-09-15,-0.009352950802267612,-0.009852950802267613,-2.2997637639668853,0.0015866135788307186,-0.01093956438109833,[1.0]
2026-09-07-k02,2026-09-07,Long TLT on a resting limit at the level that arms the three-way investment-grade floor,interaction_cell,wrong_sign,True,False,low,2.0,"[{""ticker"": ""TLT"", ""side"": ""LONG"", ""weight"": 1.0}]","{""type"": ""close"", ""date"": ""2026-09-07""}",closed,2026-09-08,2026-09-10,-0.01727491753849364,-0.01777491753849364,-2.0065219846500426,-9.899013024596822e-06,-0.017265018525469043,[1.0]
2026-09-07-k03,2026-09-07,Long SVXY into the September VIX settle,event_fingerprint,cost,True,True,high,5.0,"[{""ticker"": ""SVXY"", ""side"": ""LONG"", ""weight"": 1.0}]","{""type"": ""close"", ""date"": ""2026-09-07""}",closed,2026-09-08,2026-09-15,-0.006981888662534574,-0.007481888662534575,-0.22259982529782377,0.003411163423400842,-0.010393052085935417,[1.0]
2026-09-07-k04,2026-09-07,"Long GLD out of the market closure, MOO into a five-session hold",event_fingerprint,cost,True,True,high,5.0,"[{""ticker"": ""GLD"", ""side"": ""LONG"", ""weight"": 1.0}]","{""type"": ""open"", ""date"": ""2026-09-07""}",closed,2026-09-08,2026-09-15,-0.023317483692726793,-0.023817483692726793,-0.6181015958030228,0.005844346332512419,-0.029161830025239213,[1.0]
2026-09-07-k05,2026-09-07,Long silver into the September VIX expiry,event_fingerprint,concentration,True,True,medium,6.0,"[{""ticker"": ""SLV"", ""side"": ""LONG"", ""weight"": 1.0}]","{""type"": ""close"", ""date"": ""2026-09-07""}",closed,2026-09-08,2026-09-16,-0.03907697046594116,-0.039576970465941164,-0.596718912155654,0.010176128774375806,-0.04925309924031697,[1.0]
2026-09-07-k06,2026-09-07,Short the dollar out of the Labor Day closure,event_fingerprint,other,True,True,high,1.0,"[{""ticker"": ""UUP"", ""side"": ""SHORT"", ""weight"": 1.0}]","{""type"": ""close"", ""date"": ""2026-09-07""}",closed,2026-09-08,2026-09-09,0.00035727863392676085,-0.00014272136607323916,0.10851875549242604,-0.0001621181243355143,0.0005193967582622751,[1.0]
2026-09-07-k07,2026-09-07,Long the gold miners against the metal on the leadership divergence,relative_value,concentration,True,True,high,5.0,"[{""ticker"": ""GDX"", ""side"": ""LONG"", ""weight"": 1.0}, {""ticker"": ""GLD"", ""side"": ""SHORT"", ""weight"": 1.49}]","{""type"": ""close"", ""date"": ""2026-09-07""}",closed,2026-09-08,2026-09-15,-0.022728767406664126,-0.023973767406664126,-0.7562988065075772,0.001156342168735243,-0.02388510957539937,"[1.0, 1.49]"
2026-09-07-k08,2026-09-07,Long a washed-out sector while the index sits at its high,interaction_cell,other,True,True,medium,5.0,"[{""ticker"": ""XLI"", ""side"": ""LONG"", ""weight"": 1.0}]","{""type"": ""close"", ""date"": ""2026-09-07""}",closed,2026-09-08,2026-09-15,-0.03193440437187234,-0.03243440437187234,-1.2153770875371783,0.003720339404068723,-0.035654743775941064,[1.0]
2026-09-07-k09,2026-09-07,Long energy at a 52-week high behind a 21-day crude thrust,interaction_cell,cost,True,True,medium,5.0,"[{""ticker"": ""XLE"", ""side"": ""LONG"", ""weight"": 1.0}]","{""type"": ""close"", ""date"": ""2026-09-07""}",closed,2026-09-08,2026-09-15,0.01790963281733493,0.01740963281733493,0.5691800415685472,0.0035352159006090647,0.014374416916725866,[1.0]
2026-09-07-k10,2026-09-07,Long SPY or SVXY on the tail bid inside a compressed volatility range,inversion,other,True,True,high,5.0,"[{""ticker"": ""SPY"", ""side"": ""LONG"", ""weight"": 1.0}]","{""type"": ""close"", ""date"": ""2026-09-07""}",closed,2026-09-08,2026-09-15,-0.011188567743026012,-0.011688567743026013,-0.6191848600115428,0.004012153046079474,-0.015200720789105487,[1.0]
2026-09-07-k11,2026-09-07,Long IWM into September quad witching,event_fingerprint,other,True,True,medium,7.0,"[{""ticker"": ""IWM"", ""side"": ""LONG"", ""weight"": 1.0}]","{""type"": ""close"", ""date"": ""2026-09-07""}",closed,2026-09-08,2026-09-17,-0.028827297672397,-0.029327297672397,-1.1699194620810363,0.005141105466911912,-0.03396840313930891,[1.0]
2026-09-07-k12,2026-09-07,"Long LQD at the first close back after the closure, three-session hold",event_fingerprint,other,True,True,high,3.0,"[{""ticker"": ""LQD"", ""side"": ""LONG"", ""weight"": 1.0}]","{""type"": ""close"", ""date"": ""2026-09-07""}",closed,2026-09-08,2026-09-11,-0.010997379836859111,-0.011497379836859112,-1.9090701066978781,0.0005639107883448279,-0.011561290625203939,[1.0]
2026-09-07-k13,2026-09-07,Long volatility across or out of the extended market closure,event_fingerprint,other,True,True,medium,3.0,"[{""ticker"": ""UVXY"", ""side"": ""LONG"", ""weight"": 1.0}]","{""type"": ""open"", ""date"": ""2026-09-07""}",closed,2026-09-08,2026-09-11,0.03384969261375703,0.03334969261375703,0.4647109959956188,-0.006238859224627537,0.04008855183838457,[1.0]
2026-09-07-k14,2026-09-07,Short GLD on a nearest-neighbour tape analogue,historical_analogue,cost,True,True,high,5.0,"[{""ticker"": ""GLD"", ""side"": ""SHORT"", ""weight"": 1.0}]","{""type"": ""close"", ""date"": ""2026-09-07""}",closed,2026-09-08,2026-09-15,0.013934772608847568,0.013434772608847567,0.36938399100789504,-0.0058935625129099885,0.019828335121757558,[1.0]
2026-09-07-k15,2026-09-07,Short XLE on a nearest-neighbour tape analogue,historical_analogue,wrong_sign,True,True,high,10.0,"[{""ticker"": ""XLE"", ""side"": ""SHORT"", ""weight"": 1.0}]","{""type"": ""close"", ""date"": ""2026-09-07""}",closed,2026-09-08,2026-09-22,0.040493667239813735,0.039993667239813735,0.9099868004773687,-0.0066942052378104215,0.047187872477624154,[1.0]
2026-09-07-k16,2026-09-07,Long SPY against short IWM at the fragility dial's top decile,interaction_cell,concentration,True,True,high,5.0,"[{""ticker"": ""SPY"", ""side"": ""LONG"", ""weight"": 1.0}, {""ticker"": ""IWM"", ""side"": ""SHORT"", ""weight"": 1.0}]","{""type"": ""close"", ""date"": ""2026-09-07""}",closed,2026-09-08,2026-09-15,0.018625377274280264,0.017625377274280263,1.3297282903527559,0.0003971721203772529,0.01822820515390301,"[1.0, 1.0]"
2026-09-08-k01,2026-09-08,Long SPY and IWM MOC into the back-to-back PPI and CPI pair,event_fingerprint,filter_no_filter,True,True,high,3.0,"[{""ticker"": ""SPY"", ""side"": ""LONG"", ""weight"": 0.5}, {""ticker"": ""IWM"", ""side"": ""LONG"", ""weight"": 0.5}]","{""type"": ""close"", ""date"": ""2026-09-08""}",closed,2026-09-08,2026-09-11,-0.010897701688235784,-0.011397701688235784,-0.773236339584799,0.002281309102623281,-0.013179010790859064,"[0.5, 0.5]"
2026-09-08-k02,2026-09-08,"Long duration, IEF and TLT, across the consecutive PPI and CPI prints",event_fingerprint,wrong_sign,True,True,high,3.0,"[{""ticker"": ""IEF"", ""side"": ""LONG"", ""weight"": 0.5}, {""ticker"": ""TLT"", ""side"": ""LONG"", ""weight"": 0.5}]","{""type"": ""close"", ""date"": ""2026-09-08""}",closed,2026-09-08,2026-09-11,-0.014329146697598771,-0.014829146697598772,-1.8685301763319058,0.00018652613352346196,-0.014515672831122234,"[0.5, 0.5]"
2026-09-08-k03,2026-09-08,"Long SVXY across a two-print-in-two-sessions cluster, the structurally zero-runway case",interaction_cell,wrong_sign,True,True,high,3.0,"[{""ticker"": ""SVXY"", ""side"": ""LONG"", ""weight"": 1.0}]","{""type"": ""close"", ""date"": ""2026-09-08""}",closed,2026-09-08,2026-09-11,-0.0022215072775549904,-0.0027215072775549905,-0.09143743089819427,0.002098137967858875,-0.004319645245413865,[1.0]
2026-09-08-k04,2026-09-08,"Long SPY on the SKEW 21-day rank at or above 90, the parent of the parked 5-day form",inversion,wrong_sign,True,True,high,5.0,"[{""ticker"": ""SPY"", ""side"": ""LONG"", ""weight"": 1.0}]","{""type"": ""close"", ""date"": ""2026-09-08""}",closed,2026-09-08,2026-09-15,-0.011188567743026012,-0.011688567743026013,-0.6191848600115428,0.004012153046079474,-0.015200720789105487,[1.0]
2026-09-08-k05,2026-09-08,"Long SVXY on the same 21-day skew state, the levered expression",instrument_translation,era_instability,True,True,medium,5.0,"[{""ticker"": ""SVXY"", ""side"": ""LONG"", ""weight"": 1.0}]","{""type"": ""close"", ""date"": ""2026-09-08""}",closed,2026-09-08,2026-09-15,-0.006981888662534574,-0.007481888662534575,-0.22259982529782377,0.003411163423400842,-0.010393052085935417,[1.0]
2026-09-08-k06,2026-09-08,"Long SPY against short IWM on a 21-day skew spike, the cross-sectional form",relative_value,wrong_sign,True,True,medium,5.0,"[{""ticker"": ""SPY"", ""side"": ""LONG"", ""weight"": 1.0}, {""ticker"": ""IWM"", ""side"": ""SHORT"", ""weight"": 1.0}]","{""type"": ""close"", ""date"": ""2026-09-08""}",closed,2026-09-08,2026-09-15,0.018625377274280264,0.017625377274280263,1.3297282903527559,0.0003971721203772529,0.01822820515390301,"[1.0, 1.0]"
2026-09-08-k07,2026-09-08,"Long the commodity complex, DBC and USO, at a 52-week high into the back-to-back inflation print",interaction_cell,concentration,True,True,high,3.0,"[{""ticker"": ""DBC"", ""side"": ""LONG"", ""weight"": 0.5}, {""ticker"": ""USO"", ""side"": ""LONG"", ""weight"": 0.5}]","{""type"": ""close"", ""date"": ""2026-09-08""}",closed,2026-09-08,2026-09-11,0.042098823963323206,0.041598823963323206,1.0596700291909573,0.0025539417861743683,0.03954488217714884,"[0.5, 0.5]"
2026-09-08-k08,2026-09-08,"Short duration on the commodity-high-into-print state, the rates expression",interaction_cell,other,True,True,medium,3.0,"[{""ticker"": ""TLT"", ""side"": ""SHORT"", ""weight"": 1.0}]","{""type"": ""close"", ""date"": ""2026-09-08""}",closed,2026-09-08,2026-09-11,0.0161799787230843,0.015679978723084298,1.5344765509962384,-9.320707385050877e-06,0.01618929943046935,[1.0]
2026-09-08-k09,2026-09-08,"Long energy equity leadership, XLE or XOP at a 21-day rank above 83, with a print inside the hold",event_fingerprint,wrong_sign,True,True,high,3.0,"[{""ticker"": ""XLE"", ""side"": ""LONG"", ""weight"": 1.0}]","{""type"": ""close"", ""date"": ""2026-09-08""}",closed,2026-09-08,2026-09-11,0.005712630885081671,0.0052126308850816705,0.2343816025408021,0.0021496900291867117,0.003562940855894959,[1.0]
2026-09-08-k10,2026-09-08,"Long the food and packaged-staples flush basket, outright and against XLP",relative_value,concentration,True,True,medium,5.0,"[{""ticker"": ""CPB"", ""side"": ""LONG"", ""weight"": 0.2}, {""ticker"": ""GIS"", ""side"": ""LONG"", ""weight"": 0.2}, {""ticker"": ""TSN"", ""side"": ""LONG"", ""weight"": 0.2}, {""ticker"": ""SJM"", ""side"": ""LONG"", ""weight"": 0.2}, {""ticker"": ""MKC"", ""side"": ""LONG"", ""weight"": 0.2}]","{""type"": ""close"", ""date"": ""2026-09-08""}",closed,2026-09-08,2026-09-15,-0.021143907908330872,-0.021643907908330873,-0.5315989547739316,-0.0007605110466386398,-0.020383396861692233,"[0.2, 0.2, 0.2, 0.2, 0.2]"
2026-09-08-k11,2026-09-08,"Short the food and packaged-staples flush, the side this repo's prior pointed at",inversion,wrong_sign,True,True,medium,5.0,"[{""ticker"": ""CPB"", ""side"": ""SHORT"", ""weight"": 0.2}, {""ticker"": ""GIS"", ""side"": ""SHORT"", ""weight"": 0.2}, {""ticker"": ""TSN"", ""side"": ""SHORT"", ""weight"": 0.2}, {""ticker"": ""SJM"", ""side"": ""SHORT"", ""weight"": 0.2}, {""ticker"": ""MKC"", ""side"": ""SHORT"", ""weight"": 0.2}]","{""type"": ""close"", ""date"": ""2026-09-08""}",closed,2026-09-08,2026-09-15,0.021143907908330872,0.020643907908330872,0.5315989547739316,0.0006854643724843929,0.020458443535846478,"[0.2, 0.2, 0.2, 0.2, 0.2]"
2026-09-08-k12,2026-09-08,"Long ITA at a 21-day rank floor while the index sits near its high, watchlist 40's live arm",historical_analogue,other,True,True,medium,10.0,"[{""ticker"": ""ITA"", ""side"": ""LONG"", ""weight"": 1.0}]","{""type"": ""close"", ""date"": ""2026-09-08""}",closed,2026-09-08,2026-09-22,-0.0415242989823883,-0.0420242989823883,-0.862417520900002,0.010552077398873691,-0.05207637638126199,[1.0]
2026-09-09-k01,2026-09-09,Long TLT with the ten-year at a 252-day high while index realized vol sits in its bottom decile,interaction_cell,wrong_sign,True,True,medium,5.0,"[{""ticker"": ""TLT"", ""side"": ""LONG"", ""weight"": 1.0}]","{""type"": ""close"", ""date"": ""2026-09-09""}",closed,2026-09-09,2026-09-16,-0.010400172135114905,-0.010900172135114905,-0.7679825490971365,7.162223265067848e-05,-0.010471794367765583,[1.0]
2026-09-09-k02,2026-09-09,"Long SVXY on three-month vol bid while spot vol stays dead, the session before a print cluster",event_fingerprint,wrong_sign,True,False,medium,3.0,"[{""ticker"": ""SVXY"", ""side"": ""LONG"", ""weight"": 1.0}]","{""type"": ""close"", ""date"": ""2026-09-09""}",closed,2026-09-09,2026-09-14,0.0001597785379277017,-0.0003402214620722983,0.006564167254372656,0.002080424208674345,-0.0019206456707466435,[1.0]
2026-09-09-k03,2026-09-09,Long SPY into the run-in when a VIX settlement lands on an FOMC decision date,flow_mechanics,filter_no_filter,True,True,high,5.0,"[{""ticker"": ""SPY"", ""side"": ""LONG"", ""weight"": 1.0}]","{""type"": ""close"", ""date"": ""2026-09-09""}",closed,2026-09-09,2026-09-16,-0.010952293703297866,-0.011452293703297867,-0.6034413302778543,0.0040284258508666475,-0.014980719554164513,[1.0]
2026-09-09-k04,2026-09-09,Short XLE on a crude-led inflation impulse that gold refuses to confirm,interaction_cell,wrong_sign,True,True,medium,3.0,"[{""ticker"": ""XLE"", ""side"": ""SHORT"", ""weight"": 1.0}]","{""type"": ""close"", ""date"": ""2026-09-09""}",closed,2026-09-09,2026-09-14,0.01194303462036983,0.01144303462036983,0.4901420801582458,-0.0020652426602752534,0.014008277280645083,[1.0]
2026-09-09-k05,2026-09-09,Long the metals complex against energy with the commodity index at a 252-day high,relative_value,wrong_sign,True,True,medium,5.0,"[{""ticker"": ""GLD"", ""side"": ""LONG"", ""weight"": 0.5}, {""ticker"": ""SLV"", ""side"": ""LONG"", ""weight"": 0.5}, {""ticker"": ""DBC"", ""side"": ""SHORT"", ""weight"": 1.0}]","{""type"": ""close"", ""date"": ""2026-09-09""}",closed,2026-09-09,2026-09-16,-0.05404956390436755,-0.05504956390436755,-1.0052997430516344,0.0043260967185268845,-0.05837566062289443,"[0.5, 0.5, 1.0]"
2026-09-09-k06,2026-09-09,Long EWZ against short FXI at a commodity-EM versus China rank extreme,relative_value,wrong_sign,True,True,high,5.0,"[{""ticker"": ""EWZ"", ""side"": ""LONG"", ""weight"": 1.0}, {""ticker"": ""FXI"", ""side"": ""SHORT"", ""weight"": 1.0}]","{""type"": ""close"", ""date"": ""2026-09-09""}",closed,2026-09-09,2026-09-16,0.002736702751046094,0.001736702751046094,0.07378452830392078,0.00010519050255767424,0.00263151224848842,"[1.0, 1.0]"
2026-09-09-k07,2026-09-09,Short SPY on a breadth extreme of 21-day rank floors with the index near its high,interaction_cell,concentration,True,False,medium,3.0,"[{""ticker"": ""SPY"", ""side"": ""SHORT"", ""weight"": 1.0}]","{""type"": ""close"", ""date"": ""2026-09-09""}",closed,2026-09-09,2026-09-14,0.0019937848614403064,0.0014937848614403064,0.14181841897866407,-0.0024276827739853333,0.004421467635425639,[1.0]
2026-09-09-k08,2026-09-09,Short the dollar into an inflation print with the currency at a 63-day rank floor,inversion,wrong_sign,True,True,high,5.0,"[{""ticker"": ""UUP"", ""side"": ""SHORT"", ""weight"": 1.0}]","{""type"": ""close"", ""date"": ""2026-09-09""}",closed,2026-09-09,2026-09-16,-0.015010724916558527,-0.015510724916558527,-2.0236516360630397,-0.000731609725934061,-0.014279115190624466,[1.0]
2026-09-09-k09,2026-09-09,Long high yield with credit at a 252-day high while the ten-year prints one too,interaction_cell,other,True,True,medium,3.0,"[{""ticker"": ""HYG"", ""side"": ""LONG"", ""weight"": 1.0}]","{""type"": ""close"", ""date"": ""2026-09-09""}",closed,2026-09-09,2026-09-14,-0.00569770269068004,-0.00619770269068004,-1.8131871727140203,0.0009451029134034755,-0.006642805604083516,[1.0]
2026-09-09-k10,2026-09-09,Long duration into the PPI print with the ten-year already at a 252-day high,event_fingerprint,wrong_sign,True,True,medium,3.0,"[{""ticker"": ""IEF"", ""side"": ""LONG"", ""weight"": 1.0}]","{""type"": ""close"", ""date"": ""2026-09-09""}",closed,2026-09-09,2026-09-14,-0.0105549641414312,-0.0110549641414312,-2.0382909413273183,0.0003884470892659474,-0.010943411230697147,[1.0]
2026-09-09-k11,2026-09-09,Trade the nearest-neighbour analogues of this tape configuration,historical_analogue,era_instability,False,True,low,1.0,[],"{""type"": ""close"", ""date"": ""2026-09-09""}",untradeable,,,,,,,,
2026-09-09-k12,2026-09-09,Long SPY on bond volatility bid while equity volatility is dead,interaction_cell,wrong_sign,True,True,high,10.0,"[{""ticker"": ""SPY"", ""side"": ""LONG"", ""weight"": 1.0}]","{""type"": ""close"", ""date"": ""2026-09-09""}",closed,2026-09-09,2026-09-23,0.009596780025009188,0.009096780025009188,0.3738871272078588,0.008109669546170829,0.0014871104788383594,[1.0]
2026-09-09-k13,2026-09-09,Short USO or XLE as a fade of the crude thrust into the print week,instrument_translation,cost,True,True,low,5.0,"[{""ticker"": ""USO"", ""side"": ""SHORT"", ""weight"": 1.0}]","{""type"": ""close"", ""date"": ""2026-09-09""}",closed,2026-09-09,2026-09-16,-0.041341580968036196,-0.041841580968036196,-0.5619084857873099,-0.005412315126572454,-0.03592926584146374,[1.0]
2026-09-10-k01,2026-09-10,"Long SVXY into the CPI print out of a (5,15] 21-day VIX range, the armed watchlist rung",interaction_cell,era_instability,True,True,high,1.0,"[{""ticker"": ""SVXY"", ""side"": ""LONG"", ""weight"": 1.0}]","{""type"": ""close"", ""date"": ""2026-09-10""}",closed,2026-09-10,2026-09-11,0.022771658040060982,0.022271658040060982,1.6233157661673214,0.000684779827656139,0.022086878212404844,[1.0]
2026-09-10-k02,2026-09-10,"The duration-neutral curve position, long IEF against short 0.523 TLT at a 252-day yield maximum",relative_value,cost,True,True,high,8.0,"[{""ticker"": ""IEF"", ""side"": ""LONG"", ""weight"": 1.0}, {""ticker"": ""TLT"", ""side"": ""SHORT"", ""weight"": 0.523}]","{""type"": ""close"", ""date"": ""2026-09-10""}",closed,2026-09-10,2026-09-22,-0.006499461128685895,-0.007260961128685895,-1.58427763278405,0.0009960956080153148,-0.00749555673670121,"[1.0, 0.523]"
2026-09-10-k03,2026-09-10,Long XLRE against short XLF when real estate sits at a 63-day rank floor and the ten-year prints a 252-day yield high,interaction_cell,wrong_sign,True,True,medium,5.0,"[{""ticker"": ""XLRE"", ""side"": ""LONG"", ""weight"": 1.0}, {""ticker"": ""XLF"", ""side"": ""SHORT"", ""weight"": 1.0}]","{""type"": ""close"", ""date"": ""2026-09-10""}",closed,2026-09-10,2026-09-17,0.014852947783029258,0.013852947783029257,0.6898173162701264,-0.0019132620793584324,0.01676620986238769,"[1.0, 1.0]"
2026-09-10-k04,2026-09-10,"Long XLY against short XLE at a 21-day energy-minus-discretionary spread extreme, the consumption-tax pair",relative_value,filter_no_filter,True,False,high,5.0,"[{""ticker"": ""XLY"", ""side"": ""LONG"", ""weight"": 1.0}, {""ticker"": ""XLE"", ""side"": ""SHORT"", ""weight"": 1.0}]","{""type"": ""close"", ""date"": ""2026-09-10""}",closed,2026-09-10,2026-09-17,0.0018393227687182323,0.0008393227687182323,0.035182373253028906,-0.0007483050271234187,0.002587627795841651,"[1.0, 1.0]"
2026-09-10-k05,2026-09-10,Long the index or industry ETF whose 63-day rank is bottom-decile while its five-day rank has turned top-quartile,inversion,wrong_sign,True,True,high,5.0,"[{""ticker"": ""SMH"", ""side"": ""LONG"", ""weight"": 1.0}]","{""type"": ""close"", ""date"": ""2026-09-10""}",closed,2026-09-10,2026-09-17,0.0005889127533271754,8.89127533271754e-05,0.008515038153011462,0.009909215182609156,-0.00932030242928198,[1.0]
2026-09-10-k06,2026-09-10,Long the dollar with the currency at a 63-day rank floor while the ten-year prints a 252-day yield high,inversion,cost,True,True,high,5.0,"[{""ticker"": ""UUP"", ""side"": ""LONG"", ""weight"": 1.0}]","{""type"": ""close"", ""date"": ""2026-09-10""}",closed,2026-09-10,2026-09-17,0.012486566733758364,0.011986566733758364,1.683818623330124,0.0006922104889844443,0.01179435624477392,[1.0]
2026-09-10-k07,2026-09-10,"Long EWJ against short EFA on a 252-day yield high, the Japan term-premium translation",interaction_cell,wrong_sign,True,True,high,5.0,"[{""ticker"": ""EWJ"", ""side"": ""LONG"", ""weight"": 1.0}, {""ticker"": ""EFA"", ""side"": ""SHORT"", ""weight"": 1.0}]","{""type"": ""close"", ""date"": ""2026-09-10""}",closed,2026-09-10,2026-09-17,0.011646234884669537,0.010646234884669536,0.6677953340497579,0.00030573812196962456,0.011340496762699912,"[1.0, 1.0]"
2026-09-10-k08,2026-09-10,Long GLD against short SLV when silver outruns a washed-out gold,relative_value,wrong_sign,True,True,medium,5.0,"[{""ticker"": ""GLD"", ""side"": ""LONG"", ""weight"": 1.0}, {""ticker"": ""SLV"", ""side"": ""SHORT"", ""weight"": 1.0}]","{""type"": ""close"", ""date"": ""2026-09-10""}",closed,2026-09-10,2026-09-17,-0.02051932058198247,-0.02151932058198247,-0.6833357278696652,-0.002862264576403807,-0.017657056005578663,"[1.0, 1.0]"
2026-09-10-k09,2026-09-10,Short the index into a forward six sessions carrying four or more scheduled macro events,event_fingerprint,wrong_sign,True,True,high,6.0,"[{""ticker"": ""SPY"", ""side"": ""SHORT"", ""weight"": 1.0}]","{""type"": ""close"", ""date"": ""2026-09-10""}",closed,2026-09-10,2026-09-18,-0.007589339528519146,-0.008089339528519146,-0.3810140655138845,-0.004913517862833617,-0.0026758216656855285,[1.0]
2026-09-10-k10,2026-09-10,Long natural gas through UNG in September within 6% of a one-year low,interaction_cell,other,True,True,high,5.0,"[{""ticker"": ""UNG"", ""side"": ""LONG"", ""weight"": 1.0}]","{""type"": ""close"", ""date"": ""2026-09-10""}",closed,2026-09-10,2026-09-17,0.013738994022361561,0.013238994022361561,0.3106417645822749,-0.0031890544927701808,0.016928048515131744,[1.0]
2026-09-10-k11,2026-09-10,Long SVXY at a sub-fifth-percentile 21-day VIX range into a dense calendar,interaction_cell,era_instability,True,False,high,6.0,"[{""ticker"": ""SVXY"", ""side"": ""LONG"", ""weight"": 1.0}]","{""type"": ""close"", ""date"": ""2026-09-10""}",closed,2026-09-10,2026-09-18,0.03155495512611739,0.03105495512611739,0.9183332202066947,0.004028076320974979,0.027526878805142412,[1.0]
2026-09-11-k01,2026-09-11,Long TLT with the whole investment-grade complex pinned at 252-day lows (armed watchlist 5),interaction_cell,filter_no_filter,True,True,high,1.0,"[{""ticker"": ""TLT"", ""side"": ""LONG"", ""weight"": 1.0}]","{""type"": ""close"", ""date"": ""2026-09-11""}",closed,2026-09-11,2026-09-14,0.0007419012805249814,0.00024190128052498138,0.1196996201107912,1.0184368184268143e-05,0.0007317169123407133,[1.0]
2026-09-11-k02,2026-09-11,"Long the five-day flush inside a top-decile 63-day trend, pooled over industry ETFs and live on IBB",interaction_cell,wrong_sign,True,True,high,5.0,"[{""ticker"": ""IBB"", ""side"": ""LONG"", ""weight"": 1.0}]","{""type"": ""close"", ""date"": ""2026-09-11""}",closed,2026-09-11,2026-09-18,0.0080865480743888,0.007586548074388799,0.23376020283702673,0.0037254875981509203,0.004361060476237879,[1.0]
2026-09-11-k03,2026-09-11,Short IWM into September quad witching in a midterm year,event_fingerprint,wrong_sign,True,True,high,5.0,"[{""ticker"": ""IWM"", ""side"": ""SHORT"", ""weight"": 1.0}]","{""type"": ""close"", ""date"": ""2026-09-11""}",closed,2026-09-11,2026-09-18,0.014012323430691254,0.013512323430691253,0.6635193477530785,-0.0037671140000714444,0.0177794374307627,[1.0]
2026-09-11-k04,2026-09-11,SPY forward from a CPI print session with the ten-year at a 252-day high,interaction_cell,era_instability,True,True,low,1.0,"[{""ticker"": ""SPY"", ""side"": ""SHORT"", ""weight"": 1.0}]","{""type"": ""close"", ""date"": ""2026-09-11""}",closed,2026-09-11,2026-09-14,0.004461653484890693,0.003961653484890693,0.5644487855306869,-0.0007874014330326312,0.0052490549179233245,[1.0]
2026-09-11-k05,2026-09-11,Long SPY on a five-session VIX thrust that leaves the term structure in contango,interaction_cell,wrong_sign,True,True,medium,1.0,"[{""ticker"": ""SPY"", ""side"": ""LONG"", ""weight"": 1.0}]","{""type"": ""close"", ""date"": ""2026-09-11""}",closed,2026-09-11,2026-09-14,-0.004461653484890693,-0.0049616534848906935,-0.5644487855306869,0.0007874014330326319,-0.0052490549179233245,[1.0]
2026-09-11-k06,2026-09-11,Short IWM against long SPY with the ten-year at a 252-day high,relative_value,cost,True,True,high,5.0,"[{""ticker"": ""SPY"", ""side"": ""LONG"", ""weight"": 1.0}, {""ticker"": ""IWM"", ""side"": ""SHORT"", ""weight"": 1.0}]","{""type"": ""close"", ""date"": ""2026-09-11""}",closed,2026-09-11,2026-09-18,0.013085264031882038,0.012085264031882037,0.9373865394312265,0.00033781746867790266,0.012747446563204135,"[1.0, 1.0]"
2026-09-11-k07,2026-09-11,"The joint inflation repricing, commodities at a 252-day high while the investment-grade complex prints 252-day lows",interaction_cell,other,False,True,low,1.0,[],"{""type"": ""close"", ""date"": ""2026-09-11""}",untradeable,,,,,,,,
2026-09-11-k08,2026-09-11,"The industrial-complex washout count, the energy thrust-count object mirrored onto the downside",inversion,other,True,True,medium,5.0,"[{""ticker"": ""XLI"", ""side"": ""LONG"", ""weight"": 1.0}]","{""type"": ""close"", ""date"": ""2026-09-11""}",closed,2026-09-11,2026-09-18,-0.015199853792254525,-0.015699853792254526,-0.6147148467956818,0.00379218350111475,-0.018992037293369277,[1.0]
2026-09-11-k09,2026-09-11,SLV reversal after a four percent single-session break inside a deep drawdown but a strong year,inversion,wrong_sign,True,True,high,5.0,"[{""ticker"": ""SLV"", ""side"": ""LONG"", ""weight"": 1.0}]","{""type"": ""close"", ""date"": ""2026-09-11""}",closed,2026-09-11,2026-09-18,0.03114248806873343,0.03064248806873343,0.514513754791892,0.00867597504551886,0.02246651302321457,[1.0]
2026-09-11-k10,2026-09-11,EWZ's residual against EEM on a 21-day rank thrust,relative_value,concentration,True,True,medium,5.0,"[{""ticker"": ""EWZ"", ""side"": ""LONG"", ""weight"": 1.0}, {""ticker"": ""EEM"", ""side"": ""SHORT"", ""weight"": 1.0}]","{""type"": ""close"", ""date"": ""2026-09-11""}",closed,2026-09-11,2026-09-18,-0.005603989186682146,-0.006603989186682146,-0.13236927218687486,-0.0014251265214952934,-0.004178862665186852,"[1.0, 1.0]"
2026-09-11-k11,2026-09-11,"Nearest-neighbour tapes to today on a five-feature vector, forward on SPY, TLT, GLD and DBC",historical_analogue,wrong_sign,False,True,low,5.0,[],"{""type"": ""close"", ""date"": ""2026-09-11""}",untradeable,,,,,,,,
2026-09-11-k12,2026-09-11,The run-in when an FOMC decision and a VIX expiry land on the same date,flow_mechanics,other,True,True,low,3.0,"[{""ticker"": ""SPY"", ""side"": ""SHORT"", ""weight"": 1.0}]","{""type"": ""close"", ""date"": ""2026-09-11""}",closed,2026-09-11,2026-09-16,0.01339800973636529,0.01289800973636529,0.9786071103948937,-0.002418512578729983,0.015816522315095272,[1.0]
2026-09-14-k01,2026-09-14,"Long IEF against 0.523 TLT, ten-year at a 252-day max with a +88 bp year of thrust (armed watchlist 18)",relative_value,filter_no_filter,True,True,high,8.0,"[{""ticker"": ""IEF"", ""side"": ""LONG"", ""weight"": 1.0}, {""ticker"": ""TLT"", ""side"": ""SHORT"", ""weight"": 0.523}]","{""type"": ""close"", ""date"": ""2026-09-14""}",closed,2026-09-14,2026-09-24,-0.0038786401274239213,-0.004640140127423921,-0.9138603840173385,0.0009823037664001832,-0.0048609438938241045,"[1.0, 0.523]"
2026-09-14-k02,2026-09-14,Long HYG on a five-day flush driven by duration rather than spread,interaction_cell,wrong_sign,True,True,high,5.0,"[{""ticker"": ""HYG"", ""side"": ""LONG"", ""weight"": 1.0}]","{""type"": ""close"", ""date"": ""2026-09-14""}",closed,2026-09-14,2026-09-21,0.0019101175119138336,0.0014101175119138336,0.4880273257388824,0.0015779387275728558,0.00033217878434097783,[1.0]
2026-09-14-k03,2026-09-14,Long gold after a yield-thrust week with an FOMC inside the hold,interaction_cell,wrong_sign,True,True,high,5.0,"[{""ticker"": ""GLD"", ""side"": ""LONG"", ""weight"": 1.0}]","{""type"": ""close"", ""date"": ""2026-09-14""}",closed,2026-09-14,2026-09-21,0.014102455443861572,0.013602455443861572,0.400336127496164,0.005832232334252165,0.008270223109609409,[1.0]
2026-09-14-k04,2026-09-14,Long TLT against SPY from mid-September into quarter-end rebalancing,flow_mechanics,wrong_sign,True,True,high,10.0,"[{""ticker"": ""TLT"", ""side"": ""LONG"", ""weight"": 1.0}, {""ticker"": ""SPY"", ""side"": ""SHORT"", ""weight"": 1.0}]","{""type"": ""close"", ""date"": ""2026-09-14""}",closed,2026-09-14,2026-09-28,-0.037258290351533385,-0.038258290351533386,-1.4193355206776703,-0.008095873076490227,-0.029162417275043158,"[1.0, 1.0]"
2026-09-14-k05,2026-09-14,"Long XLV, and XLV against SPY, after a healthcare complex flush",interaction_cell,cost,True,True,medium,10.0,"[{""ticker"": ""XLV"", ""side"": ""LONG"", ""weight"": 1.0}]","{""type"": ""close"", ""date"": ""2026-09-14""}",closed,2026-09-14,2026-09-28,0.024831191362111094,0.024331191362111093,0.6473469778679072,0.004349501111612667,0.020481690250498428,[1.0]
2026-09-14-k06,2026-09-14,Long IWM against SPY with small caps at a 21-day and 63-day rank floor near an index high,relative_value,wrong_sign,True,True,high,5.0,"[{""ticker"": ""IWM"", ""side"": ""LONG"", ""weight"": 1.0}, {""ticker"": ""SPY"", ""side"": ""SHORT"", ""weight"": 1.0}]","{""type"": ""close"", ""date"": ""2026-09-14""}",closed,2026-09-14,2026-09-21,-0.024612695095617476,-0.025612695095617477,-1.8237204693357039,-0.00033711251353524794,-0.024275582582082227,"[1.0, 1.0]"
2026-09-14-k07,2026-09-14,SPY forward after a narrow-leadership week near its high (two of nine SPDRs beating the index),historical_analogue,filter_no_filter,True,True,medium,5.0,"[{""ticker"": ""SPY"", ""side"": ""LONG"", ""weight"": 1.0}]","{""type"": ""close"", ""date"": ""2026-09-14""}",closed,2026-09-14,2026-09-21,0.019110476577390623,0.018610476577390622,1.1109291919309896,0.004033453958384313,0.01507702261900631,[1.0]
2026-09-14-k08,2026-09-14,Long ITA on a defense complex washout at a 21-day and 63-day floor,interaction_cell,cost,True,True,high,10.0,"[{""ticker"": ""ITA"", ""side"": ""LONG"", ""weight"": 1.0}]","{""type"": ""close"", ""date"": ""2026-09-14""}",closed,2026-09-14,2026-09-28,-0.033526007079738296,-0.034026007079738296,-0.7813987451747288,0.010506947105682776,-0.044032954185421073,[1.0]
2026-09-14-k09,2026-09-14,Crude reversal day: USO down 2% within 3% of its 252-day high after a 21-day thrust,inversion,concentration,True,True,low,3.0,"[{""ticker"": ""XLE"", ""side"": ""SHORT"", ""weight"": 1.0}]","{""type"": ""close"", ""date"": ""2026-09-14""}",closed,2026-09-14,2026-09-17,0.0007747293145251577,0.0002747293145251577,0.03296595676885719,-0.002052394261307855,0.0028271235758330127,[1.0]
2026-09-14-k10,2026-09-14,Long volatility after a 10% VIX crush in the three sessions before an FOMC,event_fingerprint,wrong_sign,True,True,high,2.0,"[{""ticker"": ""UVXY"", ""side"": ""LONG"", ""weight"": 1.0}]","{""type"": ""close"", ""date"": ""2026-09-14""}",closed,2026-09-14,2026-09-16,0.01590789483320898,0.01540789483320898,0.2750987178338974,-0.0039093064563712155,0.019817201289580196,[1.0]
2026-09-14-k11,2026-09-14,Short SPY and IWM over the second half of September in a midterm year,inversion,concentration,True,True,high,12.0,"[{""ticker"": ""SPY"", ""side"": ""SHORT"", ""weight"": 0.5}, {""ticker"": ""IWM"", ""side"": ""SHORT"", ""weight"": 0.5}]","{""type"": ""close"", ""date"": ""2026-09-14""}",open,2026-09-14,2026-09-28,0.008074551374948613,0.007574551374948613,0.30549857595388147,-0.009707594414504304,0.01778214578945292,"[0.5, 0.5]"
2026-09-15-k01,2026-09-15,Long a money-centre bank against XLF after a 2 ATR one-day drop with regionals green,relative_value,wrong_sign,True,True,medium,1.0,"[{""ticker"": ""BAC"", ""side"": ""LONG"", ""weight"": 1.0}, {""ticker"": ""XLF"", ""side"": ""SHORT"", ""weight"": ""beta""}]","{""type"": ""close"", ""date"": ""2026-09-15""}",closed,2026-09-15,2026-09-16,-0.010616467133424654,-0.0116293938157033,-1.074095954797735,0.0003961063974271839,-0.011012573530851838,"[1.0, 1.026]"
2026-09-15-k02,2026-09-15,Short a large bank against XLF after a non-earnings intraday slide (the continuation counter-story),relative_value,cost,True,True,medium,5.0,"[{""ticker"": ""BAC"", ""side"": ""SHORT"", ""weight"": 1.0}, {""ticker"": ""XLF"", ""side"": ""LONG"", ""weight"": ""beta""}]","{""type"": ""close"", ""date"": ""2026-09-15""}",closed,2026-09-15,2026-09-22,0.022287262502063414,0.021274335819784766,1.0084045288639538,-0.002193566194420526,0.02448082869648394,"[1.0, 1.026]"
2026-09-15-k03,2026-09-15,"Long SMH at a 63-day floor inside a top-decile year while still falling, as a 23-ETF family",interaction_cell,filter_no_filter,True,True,high,10.0,"[{""ticker"": ""SMH"", ""side"": ""LONG"", ""weight"": 1.0}]","{""type"": ""close"", ""date"": ""2026-09-15""}",open,2026-09-15,2026-09-28,0.10680493991733786,0.10630493991733786,1.1218830822289954,0.020181967710919197,0.08662297220641867,[1.0]
2026-09-15-k04,2026-09-15,Long oil services on a five-day flush while the front crude contract thrusts,relative_value,wrong_sign,True,True,high,5.0,"[{""ticker"": ""OIH"", ""side"": ""LONG"", ""weight"": 1.0}]","{""type"": ""close"", ""date"": ""2026-09-15""}",closed,2026-09-15,2026-09-22,-0.03997475593947353,-0.04047475593947353,-0.9210230235598479,0.0025050234110277057,-0.042479779350501234,[1.0]
2026-09-15-k05,2026-09-15,Short an industry ETF against SPY after a 1.5 ATR one-day shock on a calm index day,inversion,wrong_sign,True,True,medium,3.0,"[{""ticker"": ""SMH"", ""side"": ""SHORT"", ""weight"": 0.5}, {""ticker"": ""OIH"", ""side"": ""SHORT"", ""weight"": 0.5}, {""ticker"": ""SPY"", ""side"": ""LONG"", ""weight"": ""beta""}]","{""type"": ""close"", ""date"": ""2026-09-15""}",closed,2026-09-15,2026-09-18,-0.0006701177873730899,-0.0019204787237287284,-0.023565185119451538,-0.00012637341002977052,-0.0005437443773433194,"[0.5, 0.5, 1.501]"
2026-09-15-k06,2026-09-15,Long a single name after its five-day thrust fails with a 1 ATR drop,inversion,wrong_sign,True,True,medium,5.0,"[{""ticker"": ""GLW"", ""side"": ""LONG"", ""weight"": 0.25}, {""ticker"": ""ADI"", ""side"": ""LONG"", ""weight"": 0.25}, {""ticker"": ""INTC"", ""side"": ""LONG"", ""weight"": 0.25}, {""ticker"": ""AMD"", ""side"": ""LONG"", ""weight"": 0.25}, {""ticker"": ""SPY"", ""side"": ""SHORT"", ""weight"": ""beta""}]","{""type"": ""close"", ""date"": ""2026-09-15""}",closed,2026-09-15,2026-09-22,0.1024481783063652,0.10038876098985779,1.4162316228841567,-0.0016625841312904,0.1041107624376556,"[0.25, 0.25, 0.25, 0.25, 3.119]"
2026-09-15-k07,2026-09-15,Long SVXY from the eve of the FOMC decision after a 5% VIX re-bid,event_fingerprint,filter_no_filter,True,True,high,1.0,"[{""ticker"": ""SVXY"", ""side"": ""LONG"", ""weight"": 1.0}]","{""type"": ""close"", ""date"": ""2026-09-15""}",closed,2026-09-15,2026-09-16,-0.004314484657456319,-0.004814484657456319,-0.32001287219637364,0.0007008575611913226,-0.0050153422186476415,[1.0]
2026-09-15-k08,2026-09-15,Long duration into the FOMC decision with bond vol and yields thrusting together,interaction_cell,wrong_sign,True,True,medium,1.0,"[{""ticker"": ""TLT"", ""side"": ""LONG"", ""weight"": 1.0}]","{""type"": ""close"", ""date"": ""2026-09-15""}",closed,2026-09-15,2026-09-16,0.00210628386660483,0.00160628386660483,0.35372494985231795,5.7180096022602865e-06,0.0021005658570025696,[1.0]
2026-09-15-k09,2026-09-15,Short gold into the FOMC decision after a yield-thrust week (sign flip of the 09-14 kill),inversion,era_instability,True,True,high,5.0,"[{""ticker"": ""GLD"", ""side"": ""SHORT"", ""weight"": 1.0}]","{""type"": ""close"", ""date"": ""2026-09-15""}",closed,2026-09-15,2026-09-22,-0.015019696865171461,-0.015519696865171462,-0.4231371697467715,-0.0058451930492309095,-0.009174503815940552,[1.0]
2026-09-16-k01,2026-09-16,Long TLT from the FOMC decision close with the ten-year at a 252-day high,event_fingerprint,wrong_sign,True,True,medium,3.0,"[{""ticker"": ""TLT"", ""side"": ""LONG"", ""weight"": 1.0}]","{""type"": ""close"", ""date"": ""2026-09-16""}",closed,2026-09-16,2026-09-21,0.011374948436969179,0.010874948436969178,1.1019273883912997,1.9966373809349284e-06,0.011372951799588244,[1.0]
2026-09-16-k02,2026-09-16,Short the dollar from the FOMC decision close with the ten-year at a 252-day high,event_fingerprint,wrong_sign,True,True,medium,3.0,"[{""ticker"": ""DX-Y.NYB"", ""side"": ""SHORT"", ""weight"": 1.0}]","{""type"": ""close"", ""date"": ""2026-09-16""}",closed,2026-09-16,2026-09-21,-0.0011963189064174706,-0.0016963189064174706,-0.2284569891853049,0.0001911150008999617,-0.0013874339073174323,[1.0]
2026-09-16-k03,2026-09-16,Long gold from the FOMC decision close with the ten-year at a 252-day high,event_fingerprint,era_instability,True,True,medium,1.0,"[{""ticker"": ""GLD"", ""side"": ""LONG"", ""weight"": 1.0}]","{""type"": ""close"", ""date"": ""2026-09-16""}",closed,2026-09-16,2026-09-17,0.01689895155515475,0.01639895155515475,1.087422059812769,0.001142371004697215,0.015756580550457536,[1.0]
2026-09-16-k04,2026-09-16,"Long SPY from the FOMC decision close to the end of FOMC week zero, midterm split",inversion,other,True,True,high,2.0,"[{""ticker"": ""SPY"", ""side"": ""LONG"", ""weight"": 1.0}]","{""type"": ""close"", ""date"": ""2026-09-16""}",closed,2026-09-16,2026-09-18,0.012640305270642749,0.012140305270642748,1.2079980141938023,0.0015891778797033351,0.011051127390939414,[1.0]
2026-09-16-k05,2026-09-16,Long XLU from the FOMC decision close at a rank floor with the ten-year at its high,interaction_cell,wrong_sign,True,True,high,5.0,"[{""ticker"": ""XLU"", ""side"": ""LONG"", ""weight"": 1.0}]","{""type"": ""close"", ""date"": ""2026-09-16""}",closed,2026-09-16,2026-09-23,-0.030922577214373415,-0.031422577214373415,-1.5017955964773049,0.0026998394628521064,-0.03362241667722552,[1.0]
2026-09-16-k06,2026-09-16,Long HYG from the FOMC decision close after a five-day flush,interaction_cell,filter_no_filter,True,True,medium,3.0,"[{""ticker"": ""HYG"", ""side"": ""LONG"", ""weight"": 1.0}]","{""type"": ""close"", ""date"": ""2026-09-16""}",closed,2026-09-16,2026-09-21,0.0033155080630113964,0.0028155080630113964,1.0868264117185846,0.0009220710709726193,0.002393436992038777,[1.0]
2026-09-16-k07,2026-09-16,"Long the SPDRs at a 5, 21 and 63-day rank floor, today XLU and XLI, h=10",interaction_cell,wrong_sign,True,True,high,10.0,"[{""ticker"": ""XLU"", ""side"": ""LONG"", ""weight"": 0.5}, {""ticker"": ""XLI"", ""side"": ""LONG"", ""weight"": 0.5}]","{""type"": ""close"", ""date"": ""2026-09-16""}",open,2026-09-16,2026-09-28,-0.02000432515452033,-0.02050432515452033,-0.8337351704613487,0.006616427329701129,-0.02662075248422146,"[0.5, 0.5]"
2026-09-16-k08,2026-09-16,"Long XLU and XLI against short XLE, floors against an energy 252-day high",relative_value,other,True,True,medium,10.0,"[{""ticker"": ""XLU"", ""side"": ""LONG"", ""weight"": 0.5}, {""ticker"": ""XLI"", ""side"": ""LONG"", ""weight"": 0.5}, {""ticker"": ""XLE"", ""side"": ""SHORT"", ""weight"": 1.0}]","{""type"": ""close"", ""date"": ""2026-09-16""}",open,2026-09-16,2026-09-28,0.0043729649153764205,0.0033729649153764205,0.08584294402922629,-0.00013466655234011326,0.004507631467716534,"[0.5, 0.5, 1.0]"
2026-09-16-k09,2026-09-16,Long EEM at a 63-day rank floor inside a year still up more than 20%,interaction_cell,wrong_sign,True,True,medium,10.0,"[{""ticker"": ""EEM"", ""side"": ""LONG"", ""weight"": 1.0}]","{""type"": ""close"", ""date"": ""2026-09-16""}",open,2026-09-16,2026-09-28,0.022519715460273426,0.022019715460273426,0.4106640713884465,0.00893245825514304,0.013587257205130387,[1.0]
2026-09-17-k01,2026-09-17,Short SPY from two sessions before Yom Kippur to the Yom Kippur close,event_fingerprint,era_instability,True,True,high,2.0,"[{""ticker"": ""SPY"", ""side"": ""SHORT"", ""weight"": 1.0}]","{""type"": ""close"", ""date"": ""2026-09-17""}",closed,2026-09-17,2026-09-21,-0.016811905558708373,-0.017311905558708374,-1.6105874467990446,-0.0015870179785213308,-0.015224887580187042,[1.0]
2026-09-17-k02,2026-09-17,Quarter-end window dressing: long the two best 63d SPDRs against the two worst from QE-9,flow_mechanics,cost,True,True,high,9.0,"[{""ticker"": ""XLE"", ""side"": ""LONG"", ""weight"": 0.5}, {""ticker"": ""XLV"", ""side"": ""LONG"", ""weight"": 0.5}, {""ticker"": ""XLU"", ""side"": ""SHORT"", ""weight"": 0.5}, {""ticker"": ""XLY"", ""side"": ""SHORT"", ""weight"": 0.5}]","{""type"": ""close"", ""date"": ""2026-09-17""}",open,2026-09-17,2026-09-28,0.029057710121136615,0.028057710121136614,0.8069315845035384,0.00038285616884187635,0.02867485395229474,"[0.5, 0.5, 0.5, 0.5]"
2026-09-17-k03,2026-09-17,Short SPY on new-low breadth under a near-high index,interaction_cell,filter_no_filter,True,True,medium,5.0,"[{""ticker"": ""SPY"", ""side"": ""SHORT"", ""weight"": 1.0}]","{""type"": ""close"", ""date"": ""2026-09-17""}",closed,2026-09-17,2026-09-24,-0.00850387880953729,-0.009003878809537291,-0.5152457594159993,-0.0040229414299737766,-0.004480937379563514,[1.0]
2026-09-17-k04,2026-09-17,Long EWJ into the Japanese half-year and year-end dividend-reinvestment window,flow_mechanics,other,True,True,high,9.0,"[{""ticker"": ""EWJ"", ""side"": ""LONG"", ""weight"": 1.0}]","{""type"": ""close"", ""date"": ""2026-09-17""}",open,2026-09-17,2026-09-28,-0.01103055653824514,-0.01153055653824514,-0.26911910537506745,0.006944777901534017,-0.017975334439779157,[1.0]
2026-09-17-k05,2026-09-17,Long GDX against beta-GLD after a downside miner/metal break,relative_value,not_live,True,False,medium,5.0,"[{""ticker"": ""GDX"", ""side"": ""LONG"", ""weight"": 1.0}, {""ticker"": ""GLD"", ""side"": ""SHORT"", ""weight"": ""beta""}]","{""type"": ""close"", ""date"": ""2026-09-17""}",closed,2026-09-17,2026-09-24,-0.007075442344208725,-0.008475579070949913,-0.2698620206490308,-0.0007587277108137741,-0.006316714633394951,"[1.0, 1.8]"
2026-09-17-k06,2026-09-17,Short VLO against XLE when the refiner prints a 252 high on a crude down day,relative_value,wrong_sign,True,True,medium,10.0,"[{""ticker"": ""VLO"", ""side"": ""SHORT"", ""weight"": 1.0}, {""ticker"": ""XLE"", ""side"": ""LONG"", ""weight"": 1.0}]","{""type"": ""close"", ""date"": ""2026-09-17""}",open,2026-09-17,2026-09-28,0.0244703947681586,0.023470394768158598,0.42544409563969154,-0.009789670304205543,0.03426006507236414,"[1.0, 1.0]"
2026-09-17-k07,2026-09-17,Long the dollar from QE-9 into the quarter-end close,flow_mechanics,other,True,True,high,9.0,"[{""ticker"": ""DX-Y.NYB"", ""side"": ""LONG"", ""weight"": 1.0}]","{""type"": ""close"", ""date"": ""2026-09-17""}",open,2026-09-17,2026-09-28,0.009778444577953405,0.009278444577953404,1.040229416785322,-0.000649135945680368,0.010427580523633772,[1.0]
2026-09-17-k08,2026-09-17,Long IEF against 0.523 TLT after a belly-led five-day selloff,relative_value,cost,True,True,medium,5.0,"[{""ticker"": ""IEF"", ""side"": ""LONG"", ""weight"": 1.0}, {""ticker"": ""TLT"", ""side"": ""SHORT"", ""weight"": 0.523}]","{""type"": ""close"", ""date"": ""2026-09-17""}",closed,2026-09-17,2026-09-24,-0.0020031718285100624,-0.0027646718285100624,-0.5893178302784867,0.0005761858283694873,-0.00257935765687955,"[1.0, 0.523]"
2026-09-18-k01,2026-09-18,Long IWM from the September quad-witching close after a small-cap washout,inversion,other,True,True,medium,8.0,"[{""ticker"": ""IWM"", ""side"": ""LONG"", ""weight"": 1.0}]","{""type"": ""close"", ""date"": ""2026-09-18""}",open,2026-09-18,2026-09-28,-0.014361200289299325,-0.014861200289299326,-0.5953859056500371,0.005914837729508614,-0.020276038018807938,[1.0]
2026-09-18-k02,2026-09-18,"Short SPY from a monthly opex close after a VIX crush into expiry, the vanna unwind",flow_mechanics,wrong_sign,True,True,medium,2.0,"[{""ticker"": ""SPY"", ""side"": ""SHORT"", ""weight"": 1.0}]","{""type"": ""close"", ""date"": ""2026-09-18""}",closed,2026-09-18,2026-09-22,-0.015347454218824996,-0.015847454218824997,-1.4798199602997946,-0.0016019745378623258,-0.01374547968096267,[1.0]
2026-09-18-k03,2026-09-18,SPY-hedged short SVXY the session after a 12.8% VIX crush (watchlist 51 live),interaction_cell,cost,True,True,high,1.0,"[{""ticker"": ""SVXY"", ""side"": ""SHORT"", ""weight"": 1.0}, {""ticker"": ""SPY"", ""side"": ""LONG"", ""weight"": ""beta""}]","{""type"": ""close"", ""date"": ""2026-09-18""}",closed,2026-09-18,2026-09-21,0.0184721885806393,0.017300230900706284,2.3325338481496627,0.0003885631721986725,0.018083625408440628,"[1.0, 1.344]"
2026-09-18-k04,2026-09-18,SPY-hedged short SVXY over the September post-opex window that V4 carves out,inversion,cost,True,True,high,3.0,"[{""ticker"": ""SVXY"", ""side"": ""SHORT"", ""weight"": 1.0}, {""ticker"": ""SPY"", ""side"": ""LONG"", ""weight"": ""beta""}]","{""type"": ""close"", ""date"": ""2026-09-18""}",closed,2026-09-18,2026-09-23,0.004963869972523648,0.0037919122925906303,0.3618839903150151,0.0011888237822185298,0.003775046190305118,"[1.0, 1.344]"
2026-09-18-k05,2026-09-18,Long SLV after a complex-wide metals up day on a flat dollar,interaction_cell,era_instability,True,True,medium,1.0,"[{""ticker"": ""SLV"", ""side"": ""LONG"", ""weight"": 1.0}]","{""type"": ""close"", ""date"": ""2026-09-18""}",closed,2026-09-18,2026-09-21,-0.005005827390837436,-0.005505827390837437,-0.1943475269074258,0.0017344021942771511,-0.006740229585114587,[1.0]
2026-09-18-k06,2026-09-18,Long ITB the session after a bond rally the homebuilders underreacted to,interaction_cell,wrong_sign,True,True,medium,5.0,"[{""ticker"": ""ITB"", ""side"": ""LONG"", ""weight"": 1.0}]","{""type"": ""close"", ""date"": ""2026-09-18""}",closed,2026-09-18,2026-09-25,0.0231094446680824,0.0226094446680824,0.5245483106572821,0.0014894990412314154,0.021619945626850986,[1.0]
2026-09-18-k07,2026-09-18,Long TLT after a +1.0% to +1.5% session near its 252-day low,inversion,concentration,True,True,high,2.0,"[{""ticker"": ""TLT"", ""side"": ""LONG"", ""weight"": 1.0}]","{""type"": ""close"", ""date"": ""2026-09-18""}",closed,2026-09-18,2026-09-22,0.006153846153846176,0.005653846153846176,0.7134369498043434,1.6734355083001413e-05,0.006137111798763175,[1.0]
2026-09-18-k08,2026-09-18,Short crude into the fall refinery-turnaround window after a 21-day thrust,flow_mechanics,wrong_sign,True,True,medium,5.0,"[{""ticker"": ""USO"", ""side"": ""SHORT"", ""weight"": 1.0}]","{""type"": ""close"", ""date"": ""2026-09-18""}",closed,2026-09-18,2026-09-25,0.03569110149365895,0.03519110149365895,0.49239018944685237,-0.005779105127357004,0.041470206621015956,[1.0]
2026-09-18-k09,2026-09-18,Short FXI into and across China's Golden Week Stock Connect suspension,event_fingerprint,wrong_sign,True,True,high,8.0,"[{""ticker"": ""FXI"", ""side"": ""SHORT"", ""weight"": 1.0}]","{""type"": ""close"", ""date"": ""2026-09-18""}",open,2026-09-18,2026-09-28,0.004370673869834807,0.003870673869834807,0.13701353614870762,-0.004705439936608086,0.009076113806442892,[1.0]
2026-09-21-k01,2026-09-21,Long XLU on a utilities washout with the long end hit alongside (armed watchlist 23),,wrong_sign,True,True,high,5.0,"[{""ticker"": ""XLU"", ""side"": ""LONG"", ""weight"": 1.0}]","{""type"": ""close"", ""date"": ""2026-09-21""}",closed,2026-09-21,2026-09-28,-0.03467781241277723,-0.03517781241277723,-1.685295596959158,0.0024944458806499957,-0.03717225829342723,[1.0]
2026-09-21-k02,2026-09-21,Long TLT with the ten-year at a whole-percent yield after a thrust,,filter_no_filter,True,True,high,5.0,"[{""ticker"": ""TLT"", ""side"": ""LONG"", ""weight"": 1.0}]","{""type"": ""close"", ""date"": ""2026-09-21""}",closed,2026-09-21,2026-09-28,-0.038875307903884604,-0.039375307903884604,-2.849605555751662,7.16509827890277e-05,-0.038946958886673634,[1.0]
2026-09-21-k03,2026-09-21,Long XLF on an 11-bank breadth floor under a bear steepener,,filter_no_filter,True,False,high,5.0,"[{""ticker"": ""XLF"", ""side"": ""LONG"", ""weight"": 1.0}]","{""type"": ""close"", ""date"": ""2026-09-21""}",closed,2026-09-21,2026-09-28,-0.03059039092115723,-0.03109039092115723,-1.7020399641673642,0.0037524669693213535,-0.034342857890478584,[1.0]
2026-09-21-k04,2026-09-21,Short a 52-week-low laggard into its earnings print (live NKE),,wrong_sign,True,True,medium,7.0,"[{""ticker"": ""NKE"", ""side"": ""SHORT"", ""weight"": 1.0}, {""ticker"": ""SPY"", ""side"": ""LONG"", ""weight"": ""beta""}]","{""type"": ""close"", ""date"": ""2026-09-21""}",open,2026-09-21,2026-09-28,-0.012441834864766948,-0.013157932529296685,-0.23715992010060907,0.008914036956313978,-0.021355871821080924,"[1.0, 0.432]"
2026-09-21-k05,2026-09-21,"Long a 63-day winner into its earnings print (live GIS, PAYX, CAG)",,wrong_sign,True,True,medium,1.0,"[{""ticker"": ""GIS"", ""side"": ""LONG"", ""weight"": 1.0}, {""ticker"": ""SPY"", ""side"": ""SHORT"", ""weight"": ""beta""}]","{""type"": ""close"", ""date"": ""2026-09-21""}",closed,2026-09-21,2026-09-22,0.0011907207044322193,0.0004938877414502,0.05044240752707866,-0.0008010112328570681,0.0019917319372892875,"[1.0, 0.394]"
2026-09-21-k06,2026-09-21,Short 52-week-low names into the quarter-end close (single-stock window dressing),,wrong_sign,False,True,low,,[],null,untradeable,,,,,,,,
2026-09-21-k07,2026-09-21,Long EFA against beta-SPY after an expiry-day lag,,other,True,True,medium,1.0,"[{""ticker"": ""EFA"", ""side"": ""LONG"", ""weight"": 1.0}, {""ticker"": ""SPY"", ""side"": ""SHORT"", ""weight"": ""beta""}]","{""type"": ""close"", ""date"": ""2026-09-21""}",closed,2026-09-21,2026-09-22,0.003624650257783286,0.002678793517535966,0.6830068039526869,-2.3030162827135535e-05,0.003647680420610422,"[1.0, 0.892]"
2026-09-21-k08,2026-09-21,Long volatility (short SVXY) across an election-year October,,other,True,True,medium,22.0,"[{""ticker"": ""SVXY"", ""side"": ""SHORT"", ""weight"": 1.0}]","{""type"": ""close"", ""date"": ""2026-09-30""}",future,,,,,,,,
2026-09-21-k09,2026-09-21,Long yen into Japan's fiscal half-year end,,wrong_sign,True,True,high,7.0,"[{""ticker"": ""JPY=X"", ""side"": ""SHORT"", ""weight"": 1.0}]","{""type"": ""close"", ""date"": ""2026-09-21""}",open,2026-09-21,2026-09-28,-0.002655223142026264,-0.003155223142026264,-0.18069217198855456,-0.00043107128292600163,-0.0022241518591002624,[1.0]
2026-09-21-k10,2026-09-21,Long SPY from the late-September close into a midterm election,,wrong_sign,True,True,high,30.0,"[{""ticker"": ""SPY"", ""side"": ""LONG"", ""weight"": 1.0}]","{""type"": ""close"", ""date"": ""2026-09-21""}",open,2026-09-21,2026-09-28,-0.010200406785310312,-0.010700406785310312,-0.2577721192575872,0.026388327996727252,-0.036588734782037564,[1.0]
2026-09-21-k11,2026-09-21,Long LQD against beta-IEF into the pre-earnings issuance blackout,,other,True,True,high,17.0,"[{""ticker"": ""LQD"", ""side"": ""LONG"", ""weight"": 1.0}, {""ticker"": ""IEF"", ""side"": ""SHORT"", ""weight"": ""beta""}]","{""type"": ""close"", ""date"": ""2026-09-21""}",open,2026-09-21,2026-09-28,-0.006033474316125182,-0.0070651111890018955,-1.3068186254507443,0.000983501467688204,-0.007016975783813386,"[1.0, 1.063]"
2026-09-23-k01,2026-09-23,Short SPY while NYSE net new highs are negative with SPY within 1% of its high,,concentration,True,True,medium,5.0,"[{""ticker"": ""SPY"", ""side"": ""SHORT"", ""weight"": 1.0}]","{""type"": ""close"", ""date"": ""2026-09-23""}",open,2026-09-23,2026-09-28,0.0028653081022995686,0.0023653081022995685,0.1779905187334687,-0.0041731322097118525,0.007038440312011421,[1.0]
2026-09-23-k02,2026-09-23,"Long TLT in the NYSE net-highs divergence, reading the new-lows list as the rate-sensitive complex",,filter_no_filter,True,True,medium,5.0,"[{""ticker"": ""TLT"", ""side"": ""LONG"", ""weight"": 1.0}]","{""type"": ""close"", ""date"": ""2026-09-23""}",open,2026-09-23,2026-09-28,-0.022868460835537285,-0.023368460835537286,-1.6744230884765474,0.00015912655955179907,-0.023027587395089085,[1.0]
2026-09-23-k03,2026-09-23,"Short SPY across the quarter turn from QE-5 to QE+5, the buyback-blackout straddle",,wrong_sign,True,True,high,10.0,"[{""ticker"": ""SPY"", ""side"": ""SHORT"", ""weight"": 1.0}]","{""type"": ""close"", ""date"": ""2026-09-23""}",open,2026-09-23,2026-09-28,0.0028653081022995686,0.0023653081022995685,0.1258583027833469,-0.008556007064083434,0.011421315166383002,[1.0]
2026-09-23-k04,2026-09-23,Short EEM from QE-5 into the quarter-end close on dollar-funding demand,,wrong_sign,True,True,high,5.0,"[{""ticker"": ""EEM"", ""side"": ""SHORT"", ""weight"": 1.0}]","{""type"": ""close"", ""date"": ""2026-09-23""}",open,2026-09-23,2026-09-28,0.0075321539377692925,0.007032153937769292,0.21538803421667058,-0.0046106938600331965,0.012142847797802489,[1.0]
2026-09-23-k05,2026-09-23,"Beta-hedged short SMH after the deep-laggard V-turn (r63 <= 10, r5 >= 95)",,wrong_sign,True,True,medium,5.0,"[{""ticker"": ""SMH"", ""side"": ""SHORT"", ""weight"": 1.0}, {""ticker"": ""SPY"", ""side"": ""LONG"", ""weight"": ""beta""}]","{""type"": ""close"", ""date"": ""2026-09-23""}",open,2026-09-23,2026-09-28,-0.005036708018745139,-0.006821824631570045,-0.11080777835093447,-6.21139778052874e-05,-0.004974594040939852,"[1.0, 2.57]"
2026-09-23-k06,2026-09-23,Short XLF against beta-SPY after a sector-idiosyncratic high-volume down day,,wrong_sign,True,True,medium,1.0,"[{""ticker"": ""XLF"", ""side"": ""SHORT"", ""weight"": 1.0}, {""ticker"": ""SPY"", ""side"": ""LONG"", ""weight"": ""beta""}]","{""type"": ""close"", ""date"": ""2026-09-23""}",closed,2026-09-23,2026-09-24,-0.00023869980018829278,-0.000995908448337069,-0.031583388427889346,-0.00029178848485328395,5.308868466499117e-05,"[1.0, 0.514]"
2026-09-23-k07,2026-09-23,Short USO after a crude thrust round-trips inside five sessions,,wrong_sign,True,True,high,5.0,"[{""ticker"": ""USO"", ""side"": ""SHORT"", ""weight"": 1.0}]","{""type"": ""close"", ""date"": ""2026-09-23""}",open,2026-09-23,2026-09-28,-0.00792845972763434,-0.008428459727634341,-0.1076326141949635,-0.005516467410937564,-0.0024119923166967764,[1.0]
2026-09-23-k08,2026-09-23,Short GDX against beta-GLD after a one-day miner overshoot of 2.5pp or more,,cost,True,True,medium,5.0,"[{""ticker"": ""GDX"", ""side"": ""SHORT"", ""weight"": 1.0}, {""ticker"": ""GLD"", ""side"": ""LONG"", ""weight"": ""beta""}]","{""type"": ""close"", ""date"": ""2026-09-23""}",open,2026-09-23,2026-09-28,-0.007366519579958694,-0.008758429596527104,-0.2726621149161911,0.0006129485258286132,-0.007979468105787308,"[1.0, 1.784]"
2026-09-23-k09,2026-09-23,Long IEF after a crude collapse with the ten-year still near its highs,,wrong_sign,True,True,medium,5.0,"[{""ticker"": ""IEF"", ""side"": ""LONG"", ""weight"": 1.0}]","{""type"": ""close"", ""date"": ""2026-09-23""}",open,2026-09-23,2026-09-28,-0.007317924872417669,-0.00781792487241767,-1.0786262336793169,0.0006446953040753159,-0.007962620176492985,[1.0]
2026-09-24-k01,2026-09-24,Long TLT after a high-volume down day into a fresh 252-day low,,wrong_sign,True,True,high,5.0,"[{""ticker"": ""TLT"", ""side"": ""LONG"", ""weight"": 1.0}]","{""type"": ""close"", ""date"": ""2026-09-24""}",open,2026-09-24,2026-09-28,-0.01007297205751001,-0.01057297205751001,-0.7359324065277989,0.00017410802067135096,-0.010247080078181361,[1.0]
2026-09-24-k02,2026-09-24,"Long TLT from six sessions before payrolls into the NFP close, ten-year at its 252-day high",,wrong_sign,True,True,high,6.0,"[{""ticker"": ""TLT"", ""side"": ""LONG"", ""weight"": 1.0}]","{""type"": ""close"", ""date"": ""2026-09-24""}",open,2026-09-24,2026-09-28,-0.01007297205751001,-0.01057297205751001,-0.6718112997572295,0.00023971553189358245,-0.010312687589403593,[1.0]
2026-09-24-k03,2026-09-24,Long IWM against beta-SPY after a small-cap lag on a rates-shock day,,cost,True,True,medium,1.0,"[{""ticker"": ""IWM"", ""side"": ""LONG"", ""weight"": 1.0}, {""ticker"": ""SPY"", ""side"": ""SHORT"", ""weight"": ""beta""}]","{""type"": ""close"", ""date"": ""2026-09-24""}",closed,2026-09-24,2026-09-25,-0.003482823924354537,-0.004404446527784936,-0.6148480387746283,2.3138107026994998e-05,-0.003505962031381532,"[1.0, 0.843]"
2026-09-24-k04,2026-09-24,Long the dollar after a ten-session thrust into its 252-day high,,wrong_sign,True,True,high,5.0,"[{""ticker"": ""DX-Y.NYB"", ""side"": ""LONG"", ""weight"": 1.0}]","{""type"": ""close"", ""date"": ""2026-09-24""}",open,2026-09-24,2026-09-28,-0.0008885770211436439,-0.001388577021143644,-0.13561642407584124,-0.00029427372219295974,-0.0005943032989506841,[1.0]
2026-09-24-k05,2026-09-24,Short gold after a rate rise the dollar confirms,,other,True,True,high,5.0,"[{""ticker"": ""GLD"", ""side"": ""SHORT"", ""weight"": 1.0}]","{""type"": ""close"", ""date"": ""2026-09-24""}",open,2026-09-24,2026-09-28,0.035180879505236407,0.034680879505236406,1.0550278497488899,-0.005807076418117793,0.0409879559233542,[1.0]
2026-09-24-k06,2026-09-24,Short EEM against beta-SPY after a dollar-breakout session,,filter_no_filter,True,True,high,5.0,"[{""ticker"": ""EEM"", ""side"": ""SHORT"", ""weight"": 1.0}, {""ticker"": ""SPY"", ""side"": ""LONG"", ""weight"": ""beta""}]","{""type"": ""close"", ""date"": ""2026-09-24""}",open,2026-09-24,2026-09-28,-0.002246656102783588,-0.0034772318261512853,-0.08536381515124697,0.00147033124610935,-0.003716987348892938,"[1.0, 1.461]"
2026-09-24-k07,2026-09-24,Short silver after the metals complex breaks together (watchlist 28),,wrong_sign,True,False,high,1.0,"[{""ticker"": ""SLV"", ""side"": ""SHORT"", ""weight"": 1.0}]","{""type"": ""close"", ""date"": ""2026-09-24""}",closed,2026-09-24,2026-09-25,-0.0090246523325761,-0.0095246523325761,-0.3803676231479879,-0.001706745724969348,-0.007317906607606752,[1.0]
2026-09-24-k08,2026-09-24,Long crude after it rallies through a dollar breakout,,era_instability,True,True,high,5.0,"[{""ticker"": ""USO"", ""side"": ""LONG"", ""weight"": 1.0}]","{""type"": ""close"", ""date"": ""2026-09-24""}",open,2026-09-24,2026-09-28,-0.02011889675832701,-0.02061889675832701,-0.2766943275535855,0.005537382654225953,-0.02565627941255296,[1.0]
2026-09-24-k09,2026-09-24,Short SPY with high yield weak under a near-high index,,concentration,True,True,medium,10.0,"[{""ticker"": ""SPY"", ""side"": ""SHORT"", ""weight"": 1.0}]","{""type"": ""close"", ""date"": ""2026-09-24""}",open,2026-09-24,2026-09-28,0.0020464654177735353,0.0015464654177735353,0.08902074504673375,-0.008618387859548148,0.010664853277321683,[1.0]
2026-09-24-k10,2026-09-24,Long a 60/40 SPY/TLT basket after a joint stock-bond down day,,wrong_sign,True,True,high,5.0,"[{""ticker"": ""SPY"", ""side"": ""LONG"", ""weight"": 0.6}, {""ticker"": ""TLT"", ""side"": ""LONG"", ""weight"": 0.4}]","{""type"": ""close"", ""date"": ""2026-09-24""}",open,2026-09-24,2026-09-28,-0.005257068073668125,-0.005757068073668124,-0.40199769855782463,0.0025942286709709434,-0.007851296744639068,"[0.6, 0.4]"
2026-09-24-k11,2026-09-24,Long SVXY hedged against SPY after a bond-vol spike with VIX bid in sympathy,,wrong_sign,True,True,high,5.0,"[{""ticker"": ""SVXY"", ""side"": ""LONG"", ""weight"": 1.0}, {""ticker"": ""SPY"", ""side"": ""SHORT"", ""weight"": ""beta""}]","{""type"": ""close"", ""date"": ""2026-09-24""}",open,2026-09-24,2026-09-28,0.005472258894660005,0.00436366005763457,0.2930856862988668,-0.0015679372523134548,0.00704019614697346,"[1.0, 1.217]"
2026-09-25-k01,2026-09-25,Long natural gas for two more sessions after the volume thrust fires again,,filter_no_filter,True,True,high,2.0,"[{""ticker"": ""NG=F"", ""side"": ""LONG"", ""weight"": 1.0}]","{""type"": ""close"", ""date"": ""2026-09-25""}",open,2026-09-25,2026-09-28,-0.06132668745294667,-0.06182668745294667,-1.7728933600110983,0.0028755903334053037,-0.06420227778635197,[1.0]
2026-09-25-k02,2026-09-25,Long equity volatility with bond volatility at a one-year extreme and the VIX calm,,wrong_sign,True,True,medium,5.0,"[{""ticker"": ""UVXY"", ""side"": ""LONG"", ""weight"": 1.0}]","{""type"": ""close"", ""date"": ""2026-09-25""}",open,2026-09-25,2026-09-28,0.013649824156043433,0.013149824156043433,0.16810166689496517,-0.011622921959142581,0.025272746115186012,[1.0]
2026-09-25-k03,2026-09-25,Long SVXY hedged against SPY across the quarter turn,,wrong_sign,True,True,low,8.0,"[{""ticker"": ""SVXY"", ""side"": ""LONG"", ""weight"": 1.0}, {""ticker"": ""SPY"", ""side"": ""SHORT"", ""weight"": ""beta""}]","{""type"": ""close"", ""date"": ""2026-09-25""}",open,2026-09-25,2026-09-28,0.00438338452691512,0.0032749795942687097,0.18610982129942685,-0.002473966388099913,0.006857350915015032,"[1.0, 1.217]"
2026-09-25-k04,2026-09-25,Short TLT when copper/gold confirms a ten-year breakout,,wrong_sign,True,True,high,5.0,"[{""ticker"": ""TLT"", ""side"": ""SHORT"", ""weight"": 1.0}]","{""type"": ""close"", ""date"": ""2026-09-25""}",open,2026-09-25,2026-09-28,0.008824974167112365,0.008324974167112364,0.6265977336301826,-0.00022749411043073556,0.0090524682775431,[1.0]
2026-09-25-k05,2026-09-25,Long copper miners against beta-copper after a 21-session lag with the metal near its high,,era_instability,True,True,medium,5.0,"[{""ticker"": ""FCX"", ""side"": ""LONG"", ""weight"": 1.0}, {""ticker"": ""HG=F"", ""side"": ""SHORT"", ""weight"": ""beta""}]","{""type"": ""close"", ""date"": ""2026-09-25""}",open,2026-09-25,2026-09-28,0.023993658186448656,0.022748262198521826,0.5195086565018101,-0.001182080303188421,0.025175738489637077,"[1.0, 1.491]"
2026-09-25-k06,2026-09-25,Long the peso after a carry-unwind session,,wrong_sign,True,True,high,2.0,"[{""ticker"": ""MXN=X"", ""side"": ""SHORT"", ""weight"": 1.0}]","{""type"": ""close"", ""date"": ""2026-09-25""}",open,2026-09-25,2026-09-28,-0.0005625699381850424,-0.0010625699381850424,-0.1002240161017845,7.989368241946977e-05,-0.0006424636206045122,[1.0]
2026-09-25-k07,2026-09-25,Long FXI from the September quarter-end run-in across Golden Week,,wrong_sign,True,True,low,8.0,"[{""ticker"": ""FXI"", ""side"": ""LONG"", ""weight"": 1.0}]","{""type"": ""close"", ""date"": ""2026-09-25""}",open,2026-09-25,2026-09-28,0.006183718790754522,0.005683718790754522,0.20068214600512535,0.004637040086582464,0.0015466787041720585,[1.0]
2026-09-25-k08,2026-09-25,Long a turned 63-day laggard into its earnings print (live MU),,filter_no_filter,True,True,low,2.0,"[{""ticker"": ""MU"", ""side"": ""LONG"", ""weight"": 1.0}, {""ticker"": ""SPY"", ""side"": ""SHORT"", ""weight"": ""beta""}]","{""type"": ""close"", ""date"": ""2026-09-25""}",open,2026-09-25,2026-09-28,-0.0027972625839046174,-0.00486625581748285,-0.04393003845270332,0.0036567350712146023,-0.00645399765511922,"[1.0, 3.138]"
2026-09-28-k01,2026-09-28,Long IWM against short QQQ after a record 21-day size spread,,cost,True,True,high,5.0,"[{""ticker"": ""IWM"", ""side"": ""LONG"", ""weight"": 1.0}, {""ticker"": ""QQQ"", ""side"": ""SHORT"", ""weight"": 1.0}]","{""type"": ""close"", ""date"": ""2026-09-28""}",open,2026-09-28,2026-09-28,0.0,-0.001,0.0,-0.0015317476585345782,0.0015317476585345782,"[1.0, 1.0]"
2026-09-28-k02,2026-09-28,Long IWM across the Q4 turn from a 63-day small-cap floor,,filter_no_filter,True,True,medium,4.0,"[{""ticker"": ""IWM"", ""side"": ""LONG"", ""weight"": 1.0}]","{""type"": ""close"", ""date"": ""2026-09-28""}",open,2026-09-28,2026-09-28,0.0,-0.0005,0.0,0.003004080530553811,-0.003004080530553811,[1.0]
2026-09-28-k03,2026-09-28,Nearest-neighbour analogue of the joint tape across ten proxies,,other,False,True,low,,[],null,untradeable,,,,,,,,
2026-09-28-k04,2026-09-28,"NFP run-in, short the dollar and long gold, with dollar and yields crowded",,wrong_sign,True,True,medium,4.0,"[{""ticker"": ""GLD"", ""side"": ""LONG"", ""weight"": 1.0}, {""ticker"": ""DX-Y.NYB"", ""side"": ""SHORT"", ""weight"": 1.0}]","{""type"": ""close"", ""date"": ""2026-09-28""}",open,2026-09-28,2026-09-28,0.0,-0.001,0.0,0.004750287167663531,-0.004750287167663531,"[1.0, 1.0]"
2026-09-28-k05,2026-09-28,"Short equity vol (SVXY residual, or SPY) with bond vol at a 21-day extreme while VIX sleeps",,filter_no_filter,True,True,medium,5.0,"[{""ticker"": ""SVXY"", ""side"": ""LONG"", ""weight"": 1.0}, {""ticker"": ""SPY"", ""side"": ""SHORT"", ""weight"": ""beta""}]","{""type"": ""close"", ""date"": ""2026-09-28""}",open,2026-09-28,2026-09-28,0.0,-0.0011159014813116959,0.0,-0.0015357981350183037,0.0015357981350183037,"[1.0, 1.232]"
2026-09-28-k06,2026-09-28,"Credit failing to confirm an index high, short SPY or long HYG",,registry_collision,True,True,high,5.0,"[{""ticker"": ""SPY"", ""side"": ""SHORT"", ""weight"": 1.0}]","{""type"": ""close"", ""date"": ""2026-09-28""}",open,2026-09-28,2026-09-28,0.0,-0.0005,0.0,-0.004355207677530481,0.004355207677530481,[1.0]
2026-09-28-k07,2026-09-28,Long silver against beta-gold after the silver bust,,not_live,True,False,medium,5.0,"[{""ticker"": ""SLV"", ""side"": ""LONG"", ""weight"": 1.0}, {""ticker"": ""GLD"", ""side"": ""SHORT"", ""weight"": ""beta""}]","{""type"": ""close"", ""date"": ""2026-09-28""}",open,2026-09-28,2026-09-28,0.0,-0.0012190741438478287,0.0,0.00031271545292185077,-0.00031271545292185077,"[1.0, 1.438]"
2026-09-28-k08,2026-09-28,Long gold after a dollar-led 15% drawdown,,filter_no_filter,True,True,medium,5.0,"[{""ticker"": ""GLD"", ""side"": ""LONG"", ""weight"": 1.0}]","{""type"": ""close"", ""date"": ""2026-09-28""}",open,2026-09-28,2026-09-28,0.0,-0.0005,0.0,0.005737560906577677,-0.005737560906577677,[1.0]
2026-09-28-k09,2026-09-28,Short crude on the first -3% day after a 21-day thrust,,wrong_sign,True,False,high,3.0,"[{""ticker"": ""USO"", ""side"": ""SHORT"", ""weight"": 1.0}]","{""type"": ""close"", ""date"": ""2026-09-28""}",open,2026-09-28,2026-09-28,0.0,-0.0005,0.0,-0.0032976893873682485,0.0032976893873682485,[1.0]
2026-09-28-k10,2026-09-28,Long XLE against short USO on the 21-day crude-over-equity gap,,wrong_sign,True,True,medium,5.0,"[{""ticker"": ""XLE"", ""side"": ""LONG"", ""weight"": 1.0}, {""ticker"": ""USO"", ""side"": ""SHORT"", ""weight"": 1.0}]","{""type"": ""close"", ""date"": ""2026-09-28""}",open,2026-09-28,2026-09-28,0.0,-0.001,0.0,-0.002214150794687698,0.002214150794687698,"[1.0, 1.0]"
2026-09-28-k11,2026-09-28,Long duration after a bond-volatility spike starts to crush,,wrong_sign,True,True,medium,3.0,"[{""ticker"": ""TLT"", ""side"": ""LONG"", ""weight"": 1.0}]","{""type"": ""close"", ""date"": ""2026-09-28""}",open,2026-09-28,2026-09-28,0.0,-0.0005,0.0,4.883649729980398e-05,-4.883649729980398e-05,[1.0]
2026-09-28-k12,2026-09-28,Long equity volatility into the midterm October,,filter_no_filter,True,True,medium,10.0,"[{""ticker"": ""UVXY"", ""side"": ""LONG"", ""weight"": 1.0}]","{""type"": ""close"", ""date"": ""2026-09-28""}",open,2026-09-28,2026-09-28,0.0,-0.0005,0.0,-0.02696087361628841,0.02696087361628841,[1.0]
2026-09-28-k13,2026-09-28,Long utilities against beta-TLT and beta-SPY after the residual washes out,,wrong_sign,True,True,high,5.0,"[{""ticker"": ""XLU"", ""side"": ""LONG"", ""weight"": 1.0}, {""ticker"": ""TLT"", ""side"": ""SHORT"", ""weight"": ""beta""}, {""ticker"": ""SPY"", ""side"": ""SHORT"", ""weight"": ""beta""}]","{""type"": ""close"", ""date"": ""2026-09-28""}",open,2026-09-28,2026-09-28,0.0,-0.0007544089192380766,0.0,0.002209460132782847,-0.002209460132782847,"[1.0, 0.489, 0.02]"
2026-09-29-k01,2026-09-29,"Long gold after a one-day crash of 3.5% or more, with the dollar and ten-year at 252-day highs",,wrong_sign,True,True,high,5.0,"[{""ticker"": ""GLD"", ""side"": ""LONG"", ""weight"": 1.0}]","{""type"": ""close"", ""date"": ""2026-09-29""}",future,,,,,,,,
2026-09-29-k02,2026-09-29,Long gold from the day after a crash into the payrolls close,,filter_no_filter,True,True,high,3.0,"[{""ticker"": ""GLD"", ""side"": ""LONG"", ""weight"": 1.0}]","{""type"": ""close"", ""date"": ""2026-09-29""}",future,,,,,,,,
2026-09-29-k03,2026-09-29,Short silver against beta-weighted gold after the first complex-wide metals break,,registry_collision,True,True,medium,1.0,"[{""ticker"": ""SLV"", ""side"": ""SHORT"", ""weight"": 1.0}, {""ticker"": ""GLD"", ""side"": ""LONG"", ""weight"": ""beta""}]","{""type"": ""close"", ""date"": ""2026-09-29""}",future,,,,,,,,
2026-09-29-k04,2026-09-29,Long HYG across the Q4 turn after a down day on 2.5 times its 63-day volume,,filter_no_filter,True,True,low,4.0,"[{""ticker"": ""HYG"", ""side"": ""LONG"", ""weight"": 1.0}]","{""type"": ""close"", ""date"": ""2026-09-29""}",future,,,,,,,,
2026-09-29-k05,2026-09-29,Long SPY from the Q3-end in a midterm year with the index near its high,,other,True,True,medium,10.0,"[{""ticker"": ""SPY"", ""side"": ""LONG"", ""weight"": 1.0}]","{""type"": ""close"", ""date"": ""2026-09-29""}",future,,,,,,,,
2026-09-29-k06,2026-09-29,EWZ into and across the Brazilian first-round vote,,wrong_sign,False,True,low,,[],null,untradeable,,,,,,,,
2026-09-29-k07,2026-09-29,Long USDJPY after the Japanese fiscal half-year book close,,wrong_sign,True,True,high,6.0,"[{""ticker"": ""JPY=X"", ""side"": ""LONG"", ""weight"": 1.0}]","{""type"": ""close"", ""date"": ""2026-09-29""}",future,,,,,,,,
2026-09-29-k08,2026-09-29,Long crude into payrolls after a 63-day crude thrust,,filter_no_filter,True,False,medium,3.0,"[{""ticker"": ""USO"", ""side"": ""LONG"", ""weight"": 1.0}]","{""type"": ""close"", ""date"": ""2026-09-29""}",future,,,,,,,,
