Signal Date,Entry Date,Exit Date,Exit Type,Time Stop,Strategy,Ticker,Action,Entry Criteria,Entry Price,Exit Price,Target Price,Shares,PnL_flat_750k,ATR,stop_atr,tgt_atr,T+1 Open,Signal Close,Range %,Equity at Signal,Risk_flat_750k,Risk bps,Size_Mult,Tranche,Entry Offset ATR,Pivot Rule Version,Pivot Nearest Type,Pivot Level,Pivot Date,Pivot Source Age Bars,Pivot High Source Age Bars,Pivot Low Source Age Bars,Pivot High Expired,Pivot Low Expired,Pivot Max Source Age Bars,Pivot Distance ATR,Pivot Matched Rule,Shares_flat,Direction,Return_Pct,R_Multiple,Tier,dial,fear,near1,near2,near3,spy_dd,near,hi50,hi65,year,mult_incumbent,mult_variant_a,mult_variant_b,mult_nobands
2016-01-07,2016-01-08,2016-01-12,Time,2016-01-12,Indices Oversold Bounce,^GSPC,BUY,Limit Order -0.25 ATR (Persistent),1936.2263881138392,1938.6800537109375,1991.135009765625,143,351.0,27.454310825892858,1.0,2.0,1945.969970703125,1943.0899658203125,9.163283847014279,1282660.9196466715,3937.5,52.5,1.0,,0.25,,,,,,,,False,False,,,,143,Long,0.12672410685862512,0.08914285714285715,Liquid,,off,False,False,False,0.07700391832786868,False,False,False,2016,1.0,1.0,1.0,1.0
2016-01-07,2016-01-08,2016-01-12,Time,2016-01-12,Indices Oversold Bounce,^NDX,BUY,Limit Order -0.25 ATR (Persistent),4288.769304547991,4333.72021484375,4424.3765869140625,58,2607.0,67.80364118303571,1.0,2.0,4336.1201171875,4305.72021484375,2.0610951797046364,1282660.9196466715,3937.5,52.5,1.0,,0.25,,,,,,,,False,False,,,,58,Long,1.0481074430394572,0.6620952380952381,Liquid,,off,False,False,False,0.07700391832786868,False,False,False,2016,1.0,1.0,1.0,1.0
2016-01-08,2016-01-11,2016-01-13,Time,2016-01-13,Indices Oversold Bounce,^GSPC,BUY,Limit Order -0.25 ATR (Persistent),1915.037344796317,1890.280029296875,1970.9788208007812,80,-1981.0,27.970738002232142,1.0,2.0,1926.1199951171875,1922.030029296875,8.512310338705312,1279587.4482111246,2250.0,52.5,0.5714,,0.25,,,,,,,,False,False,,,,80,Long,-1.292784997990481,-0.8804444444444445,Liquid,,off,False,False,False,0.08713531008303088,False,False,False,2016,1.0,1.0,1.0,1.0
2016-01-08,2016-01-11,2016-01-13,Time,2016-01-13,Indices Oversold Bounce,^NDX,BUY,Limit Order -0.25 ATR (Persistent),4253.575840541294,4183.1201171875,4391.2073974609375,32,-2255.0,68.81577845982143,1.0,2.0,4300.97021484375,4270.77978515625,6.113397370829103,1279587.4482111246,2250.0,52.5,0.5714,,0.25,,,,,,,,False,False,,,,32,Long,-1.6563880836982667,-1.0022222222222221,Liquid,,off,False,False,False,0.08713531008303088,False,False,False,2016,1.0,1.0,1.0,1.0
2016-01-08,2016-01-11,2016-01-13,Stop,2016-01-13,SPY QQQ MonFri Reversion,SPY,BUY,Limit (Open +/- 0.25 ATR),162.53614943368095,160.08113370963505,167.3501033782959,467,-1146.0,2.406976972307478,1.0,2.0,163.1378936767578,162.21656799316406,7.962270851653927,1279587.4482111246,1125.0,68.25,0.2198,,,,,,,,,,False,False,,,,467,Long,-1.5104428969185126,-1.0186666666666666,Liquid,,off,False,False,False,0.08713531008303088,False,False,False,2016,1.0,1.0,1.0,1.0
2016-01-08,2016-01-11,2016-01-13,Stop,2016-01-13,SPY QQQ MonFri Reversion,QQQ,BUY,Limit (Open +/- 0.25 ATR),96.90698787144252,95.28674026456561,100.09029388427734,706,-1144.0,1.5916530064174108,1.0,2.0,97.30490112304688,96.61750030517578,4.602452946250305,1279587.4482111246,1125.0,68.25,0.2198,,,,,,,,,,False,False,,,,706,Long,-1.6719615813736235,-1.016888888888889,Liquid,,off,False,False,False,0.08713531008303088,False,False,False,2016,1.0,1.0,1.0,1.0
2016-01-25,2016-01-26,2016-01-28,Time,2016-01-28,SPY QQQ MonFri Reversion,QQQ,BUY,Limit (Open +/- 0.25 ATR),94.67970166887555,94.7503433227539,100.14974212646484,1871,132.0,2.735020228794643,1.0,2.0,95.36345672607422,94.96401977539062,4.865282420787661,1278426.66692652,5118.75,68.25,1.0,,,,,,,,,,False,False,,,,1871,Long,0.07461119187448456,0.025787545787545788,Liquid,,on,False,False,False,0.10749323532018107,False,False,False,2016,1.0,1.0,1.0,1.0
2016-02-02,2016-02-03,2016-02-05,Time,2016-02-05,Indices Oversold Bounce,^NDX,BUY,Limit Order -0.25 ATR (Persistent),4163.365622384207,4024.469970703125,4401.241424560547,33,-4584.0,118.93790108816964,1.0,2.0,4213.669921875,4193.10009765625,14.83395473857626,1278558.8374609265,3937.5,52.5,1.0,,0.25,,,,,,,,False,False,,,,33,Long,-3.3361386983241155,-1.1641904761904762,Liquid,,off,False,False,False,0.09550683749586975,False,False,False,2016,1.0,1.0,1.0,1.0
2016-02-05,2016-02-08,2016-02-10,Time,2016-02-10,Indices Oversold Bounce,^NDX,BUY,Limit Order -0.25 ATR (Persistent),3947.989990234375,3966.280029296875,4159.342878069197,21,384.0,105.67644391741071,1.0,2.0,3947.989990234375,4024.469970703125,11.103421318474172,1273975.2809554508,2250.0,52.5,0.5714,,0.25,,,,,,,,False,False,,,,21,Long,0.46327470707224866,0.17066666666666666,Liquid,,off,False,False,False,0.1060187961583351,False,False,False,2016,1.0,1.0,1.0,1.0
2016-02-05,2016-02-08,2016-02-10,Time,2016-02-10,SPY QQQ MonFri Reversion,QQQ,BUY,Limit (Open +/- 0.25 ATR),88.84008898053851,89.81773376464844,93.68907928466797,928,907.0,2.424495152064732,1.0,2.0,89.44621276855469,91.14611053466797,11.080447740819949,1273975.2809554508,2250.0,68.25,0.4396,,,,,,,,,,False,False,,,,928,Long,1.100454530526294,0.4031111111111111,Liquid,,off,False,False,False,0.1060187961583351,False,False,False,2016,1.0,1.0,1.0,1.0
2016-02-26,2016-02-29,2016-03-02,Time,2016-03-02,SPY QQQ MonFri Reversion,SPY,BUY,Limit (Open +/- 0.25 ATR),164.24361746651786,168.2008056640625,169.5975341796875,1912,7566.0,2.6769583565848216,1.0,2.0,164.91285705566406,164.89596557617188,10.674442190669371,1275266.6261354173,5118.75,68.25,1.0,,,,,,,,,,False,False,,,,1912,Long,2.4093406237544284,1.4780952380952381,Liquid,,off,False,False,False,0.07205714960881981,False,False,False,2016,1.0,1.0,1.0,1.0
2016-03-08,2016-03-10,2016-03-11,Time,2016-03-11,Indices Oversold Bounce,^NDX,BUY,Limit Order -0.25 ATR (Persistent),4248.904401506697,4361.830078125,4381.747314453125,59,6663.0,66.42145647321429,1.0,2.0,4281.10009765625,4265.509765625,13.374527776964301,1282832.7699691227,3937.5,52.5,1.0,,0.25,,,,,,,,False,False,,,,59,Long,2.6577598822477406,1.6921904761904762,Liquid,,off,False,False,False,0.05631342638675074,False,False,False,2016,1.0,1.0,1.0,1.0
2016-03-23,2016-03-24,2016-03-29,Target,2016-03-29,Weak Close Decent Sznls,IWM,BUY,Limit (Open +/- 0.25 ATR),93.04828875405448,96.16734981536865,96.16734981536865,1893,5904.0,1.559530530657087,1.0,2.0,93.43817138671875,94.00106048583984,4.46917086267307,1289495.3848896027,2953.125,39.375,1.0,,,,,,,,,,False,False,,,,1893,Long,3.352088580111862,1.9992380952380953,Liquid,,off,False,False,True,0.02844952302051973,False,False,False,2016,1.0,1.0,1.0,1.0
2016-03-23,2016-03-24,2016-03-29,Time,2016-03-29,Weak Close Decent Sznls,IHI,BUY,Limit (Open +/- 0.25 ATR),19.082935094833374,19.53441619873047,19.55469298362732,12519,5652.0,0.23587894439697266,1.0,2.0,19.141904830932617,19.18195343017578,0.0,1289495.3848896027,2953.125,39.375,1.0,,,,,,,,,,False,False,,,,12519,Long,2.365889218054991,1.913904761904762,Liquid,,off,False,False,True,0.02844952302051973,False,False,False,2016,1.0,1.0,1.0,1.0
2016-03-23,2016-03-24,2016-03-29,Target,2016-03-29,Weak Close Decent Sznls,VNQ,BUY,Limit (Open +/- 0.25 ATR),54.1553589957101,55.54600143432617,55.54600143432617,4247,5906.0,0.6953212193080357,1.0,2.0,54.32918930053711,54.42335891723633,8.62043674271688,1289495.3848896027,2953.125,39.375,1.0,,,,,,,,,,False,False,,,,4247,Long,2.567875948761098,1.9999153439153439,Liquid,,off,False,False,True,0.02844952302051973,False,False,False,2016,1.0,1.0,1.0,1.0
2016-03-23,2016-03-24,2016-03-29,Target,2016-03-29,Weak Close Decent Sznls,IYR,BUY,Limit (Open +/- 0.25 ATR),55.6552540915353,57.10896110534668,57.10896110534668,4062,5905.0,0.726853506905692,1.0,2.0,55.83696746826172,56.045169830322266,1.515693254776377,1289495.3848896027,2953.125,39.375,1.0,,,,,,,,,,False,False,,,,4062,Long,2.611985225007676,1.9995767195767196,Liquid,,off,False,False,True,0.02844952302051973,False,False,False,2016,1.0,1.0,1.0,1.0
2016-04-11,2016-04-12,2016-04-13,Target,2016-04-14,SPY QQQ MonFri Reversion,SPY,BUY,Limit (Open +/- 0.25 ATR),173.07531493050712,176.4979419708252,176.4979419708252,2991,10237.0,1.7113135201590401,1.0,2.0,173.50314331054688,173.333251953125,5.092877454974806,1319104.4409546512,5118.75,68.25,1.0,,,,,,,,,,False,False,,,,2991,Long,1.9775362198198647,1.9999023199023198,Liquid,,off,False,False,True,0.02457679105159427,False,False,False,2016,1.0,1.0,1.0,1.0
2016-04-11,2016-04-12,2016-04-13,Target,2016-04-14,SPY QQQ MonFri Reversion,QQQ,BUY,Limit (Open +/- 0.25 ATR),100.94742243630546,103.40838718414307,103.40838718414307,4159,10235.0,1.2304823739188058,1.0,2.0,101.25504302978516,101.18051147460938,0.6992045903554434,1319104.4409546512,5118.75,68.25,1.0,,,,,,,,,,False,False,,,,4159,Long,2.437867840945019,1.9995115995115995,Liquid,,off,False,False,True,0.02457679105159427,False,False,False,2016,1.0,1.0,1.0,1.0
2016-04-21,2016-04-22,2016-04-26,Time,2016-04-26,Weak Close Decent Sznls,XHB,BUY,Limit (Open +/- 0.25 ATR),31.86441104752677,31.939586639404297,32.7591507434845,6601,496.0,0.4473698479788644,1.0,2.0,31.976253509521484,31.847888946533203,0.0,1339909.9039603982,2953.125,39.375,1.0,,,,,,,,,,False,False,,,,6601,Long,0.2359233684419942,0.16795767195767194,Liquid,,off,True,True,True,0.005378483484444807,True,False,False,2016,1.0,1.0,1.0,1.0
2016-06-13,2016-06-14,2016-06-15,Stop,2016-06-16,Weak Close Decent Sznls,IHI,BUY,Limit (Open +/- 0.25 ATR),21.19298597744533,20.989629338771955,21.587101697921753,14986,-3048.0,0.1970578602382115,1.0,2.0,21.242250442504883,21.33197593688965,2.9860956865532406,1340406.1380423817,2953.125,39.375,1.0,,,,,,,,,,False,False,,,,14986,Long,-0.9595468939100692,-1.0321269841269842,Liquid,,off,False,True,True,0.01845864433695943,True,False,False,2016,1.0,1.0,1.0,1.0
2016-06-13,2016-06-14,2016-06-16,Time,2016-06-16,Indices Oversold Bounce,^GSPC,BUY,Limit Order -0.25 ATR (Persistent),2075.081303187779,2077.989990234375,2106.911346435547,141,410.0,15.915021623883929,1.0,2.0,2076.64990234375,2079.06005859375,3.0523544605603017,1340406.1380423817,2250.0,52.5,0.5714,,0.25,,,,,,,,False,False,,,,141,Long,0.1401721967292273,0.18222222222222223,Liquid,,off,False,True,True,0.01845864433695943,True,False,False,2016,1.0,1.0,1.0,1.0
2016-06-13,2016-06-14,2016-06-16,Time,2016-06-16,Indices Oversold Bounce,^NDX,BUY,Limit Order -0.25 ATR (Persistent),4413.082798549107,4424.22998046875,4490.49853515625,58,647.0,38.70786830357143,1.0,2.0,4413.7099609375,4422.759765625,7.293650233914005,1340406.1380423817,2250.0,52.5,0.5714,,0.25,,,,,,,,False,False,,,,58,Long,0.2525939899271318,0.28755555555555556,Liquid,,off,False,True,True,0.01845864433695943,True,False,False,2016,1.0,1.0,1.0,1.0
2016-06-13,2016-06-14,2016-06-16,Time,2016-06-16,Weak Close Decent Sznls,XLB,BUY,Limit (Open +/- 0.25 ATR),19.190512044089182,19.315763473510742,19.669009685516357,12343,1546.0,0.23924882071358816,1.0,2.0,19.250324249267578,19.307580947875977,1.3697404903977612,1340406.1380423817,2953.125,39.375,1.0,,,,,,,,,,False,False,,,,12343,Long,0.652673723003334,0.5235132275132275,Liquid,,off,False,True,True,0.01845864433695943,True,False,False,2016,1.0,1.0,1.0,1.0
2016-06-13,2016-06-14,2016-06-16,Time,2016-06-16,Weak Close Decent Sznls,XLV,BUY,Limit (Open +/- 0.25 ATR),59.961643082754954,60.147518157958984,61.17773914337158,4856,903.0,0.6080480303083148,1.0,2.0,60.11365509033203,60.25752258300781,2.298600423862747,1340406.1380423817,2953.125,39.375,1.0,,,,,,,,,,False,False,,,,4856,Long,0.30998996299600856,0.30577777777777776,Liquid,,off,False,True,True,0.01845864433695943,True,False,False,2016,1.0,1.0,1.0,1.0
2016-06-13,2016-06-14,2016-06-16,Time,2016-06-16,Monday Dip,IWM,BUY,Limit (Open +/- 0.25 ATR),100.30176271711078,100.7468490600586,102.73672103881836,2772,1234.0,1.2174791608537947,1.0,2.0,100.60613250732422,100.97552490234375,13.83639220478799,1340406.1380423817,3375.0,45.0,1.0,,,,,,,,,,False,False,,,,2772,Long,0.4437472791012964,0.36562962962962964,Liquid,,off,False,True,True,0.01845864433695943,True,False,False,2016,1.0,1.0,1.0,1.0
2016-06-13,2016-06-14,2016-06-16,Stop,2016-06-16,Monday Dip,DIA,BUY,Limit (Open +/- 0.25 ATR),145.5106032235282,144.34179287027632,147.76159286499023,2998,-3504.0,1.1254948207310267,1.0,2.0,145.79197692871094,146.08843994140625,0.0,1340406.1380423817,3375.0,45.0,1.0,,,,,,,,,,False,False,,,,2998,Long,-0.803247548535268,-1.0382222222222222,Liquid,,off,False,True,True,0.01845864433695943,True,False,False,2016,1.0,1.0,1.0,1.0
2016-06-13,2016-06-14,2016-06-16,Stop,2016-06-16,Monday Dip,SMH,BUY,Limit (Open +/- 0.25 ATR),25.594755956104823,25.298577761183466,26.171928644180298,11694,-3464.0,0.28858634403773714,1.0,2.0,25.666902542114258,25.71700668334961,12.500072698510554,1340406.1380423817,3375.0,45.0,1.0,,,,,,,,,,False,False,,,,11694,Long,-1.1571831176249707,-1.0263703703703704,Liquid,,off,False,True,True,0.01845864433695943,True,False,False,2016,1.0,1.0,1.0,1.0
2016-06-13,2016-06-14,2016-06-16,Stop,2016-06-16,SPY QQQ MonFri Reversion,QQQ,BUY,Limit (Open +/- 0.25 ATR),100.15550994873047,99.23065125350952,101.94567108154297,2513,-2324.0,0.89508056640625,1.0,2.0,100.37928009033203,100.64946746826172,13.46120533534905,1340406.1380423817,2250.0,68.25,0.4396,,,,,,,,,,False,False,,,,2513,Long,-0.9234226810830302,-1.032888888888889,Liquid,,off,False,True,True,0.01845864433695943,True,False,False,2016,1.0,1.0,1.0,1.0
2016-06-13,2016-06-14,2016-06-16,Stop,2016-06-16,SPY QQQ MonFri Reversion,SPY,BUY,Limit (Open +/- 0.25 ATR),176.3718659537179,174.94849206853596,179.1136131286621,1641,-2336.0,1.3708735874720983,1.0,2.0,176.71458435058594,177.09690856933594,4.949764381612875,1340406.1380423817,2250.0,68.25,0.4396,,,,,,,,,,False,False,,,,1641,Long,-0.8070300087177484,-1.0382222222222222,Liquid,,off,False,True,True,0.01845864433695943,True,False,False,2016,1.0,1.0,1.0,1.0
2016-06-20,2016-06-21,2016-06-23,Time,2016-06-23,SPY QQQ MonFri Reversion,SPY,BUY,Limit (Open +/- 0.25 ATR),177.49856185913086,180.03330993652344,180.62823104858398,3271,8291.0,1.5648345947265625,1.0,2.0,177.8897705078125,177.5055389404297,5.376509351495183,1345892.731478146,5118.75,68.25,1.0,,,,,,,,,,False,False,,,,3271,Long,1.428038656112743,1.6197313797313797,Liquid,,off,False,True,True,0.016193852638173634,True,False,False,2016,1.0,1.0,1.0,1.0
2016-06-24,2016-06-27,2016-06-29,Target,2016-06-29,SPY QQQ MonFri Reversion,SPY,BUY,Limit (Open +/- 0.25 ATR),171.66411645071847,175.6264533996582,175.6264533996582,2583,10235.0,1.981168474469866,1.0,2.0,172.15940856933594,173.5684814453125,6.39617425091534,1354183.8924392972,5118.75,68.25,1.0,,,,,,,,,,False,False,,,,2583,Long,2.3081917356195105,1.9995115995115995,Liquid,,off,False,False,False,0.03801458786330436,False,False,False,2016,1.0,1.0,1.0,1.0
2016-06-24,2016-06-27,2016-06-29,Target,2016-06-29,SPY QQQ MonFri Reversion,QQQ,BUY,Limit (Open +/- 0.25 ATR),96.45620087214878,99.0399923324585,99.0399923324585,3962,10237.0,1.2918957301548548,1.0,2.0,96.7791748046875,97.42374420166016,9.426295354130405,1354183.8924392972,5118.75,68.25,1.0,,,,,,,,,,False,False,,,,3962,Long,2.678719913232419,1.9999023199023198,Liquid,,off,False,False,False,0.03801458786330436,False,False,False,2016,1.0,1.0,1.0,1.0
2016-08-01,2016-08-02,2016-08-04,Time,2016-08-04,Weak Close Decent Sznls,KRE,BUY,Limit (Open +/- 0.25 ATR),31.05566246168954,31.30105209350586,31.95266318321228,6584,1616.0,0.44850036076136995,1.0,2.0,31.167787551879883,31.105083465576172,6.493375171032135,1377957.0096706662,2953.125,39.375,1.0,,,,,,,,,,False,False,,,,6584,Long,0.7901606739802565,0.5472169312169313,Liquid,0.0,off,True,True,True,0.001380922039754262,True,False,False,2016,1.0,1.0,1.0,1.0
2016-08-16,2016-08-17,2016-08-19,Time,2016-08-19,Weak Close Decent Sznls,QQQ,BUY,Limit (Open +/- 0.25 ATR),109.1851829801287,109.53983306884766,110.67716884613037,3958,1404.0,0.745992933000837,1.0,2.0,109.3716812133789,109.34367370605469,4.348134864975233,1379572.6550065447,2953.125,39.375,1.0,,,,,,,,,,False,False,,,,3958,Long,0.3248152167162647,0.4754285714285714,Liquid,0.0,off,True,True,True,0.005157687714421155,True,False,False,2016,1.0,1.0,1.0,1.0
2016-09-07,2016-09-08,2016-09-09,Stop,2016-09-12,Weak Close Decent Sznls,SMH,BUY,Limit (Open +/- 0.25 ATR),30.03107479640416,29.732915358870372,30.609548568725586,10210,-3044.0,0.2892368861607143,1.0,2.0,30.103384017944336,30.203594207763672,7.777953547234423,1380976.3600576944,2953.125,39.375,1.0,,,,,,,,,,False,False,,,,10210,Long,-0.9928363854945607,-1.0307724867724868,Liquid,0.0,off,True,True,True,0.00036527233054350905,True,False,False,2016,1.0,1.0,1.0,1.0
2016-09-09,2016-09-12,2016-09-13,Target,2016-09-14,Indices Oversold Bounce,^NDX,BUY,Limit Order -0.25 ATR (Persistent),4656.58984375,4736.981236049107,4736.981236049107,55,4422.0,40.19569614955357,1.0,2.0,4656.58984375,4681.5400390625,0.0,1370971.8277613774,2250.0,52.5,0.5714,,0.25,,,,,,,,False,False,,,,55,Long,1.7264005419546864,1.9653333333333334,Liquid,0.0,off,False,False,True,0.02651873857657472,False,False,False,2016,1.0,1.0,1.0,1.0
2016-09-09,2016-09-12,2016-09-14,Time,2016-09-14,Weak Close Decent Sznls,KRE,BUY,Limit (Open +/- 0.25 ATR),32.95227003097534,32.71992111206055,33.85263395309448,6559,-1524.0,0.4501819610595703,1.0,2.0,33.064815521240234,33.284324645996094,7.143043353580645,1370971.8277613774,2953.125,39.375,1.0,,,,,,,,,,False,False,,,,6559,Long,-0.7051074742237348,-0.5160634920634921,Liquid,0.0,off,False,False,True,0.02651873857657472,False,False,False,2016,1.0,1.0,1.0,1.0
2016-10-10,2016-10-11,2016-10-12,Stop,2016-10-13,Monday Dip,SMH,BUY,Limit (Open +/- 0.25 ATR),31.36485266685486,30.88089899442196,32.314225912094116,7109,-3440.0,0.4746866226196289,1.0,2.0,31.483524322509766,31.611051559448242,4.706212713129412,1373092.165167059,3375.0,45.0,1.0,,,,,,,,,,False,False,,,,7109,Long,-1.5429808568631451,-1.0192592592592593,Liquid,0.0,off,True,True,True,0.008389520084840396,True,False,False,2016,1.0,1.0,1.0,1.0
2016-10-14,2016-10-17,2016-10-19,Time,2016-10-19,SPY QQQ MonFri Reversion,SPY,BUY,Limit (Open +/- 0.25 ATR),182.46339552743095,183.92117309570312,185.9543514251709,2932,4274.0,1.7454779488699776,1.0,2.0,182.89976501464844,182.92550659179688,5.4210932145305,1370212.0000300065,5118.75,68.25,1.0,,,,,,,,,,False,False,,,,2932,Long,0.7989424750418066,0.8349694749694749,Liquid,0.0,off,False,False,True,0.02233535506688744,False,False,False,2016,1.0,1.0,1.0,1.0
2016-10-14,2016-10-17,2016-10-19,Time,2016-10-19,SPY QQQ MonFri Reversion,QQQ,BUY,Limit (Open +/- 0.25 ATR),109.3432036808559,110.36680603027344,111.46372413635254,4827,4941.0,1.060260227748326,1.0,2.0,109.60826873779297,109.70191192626953,7.142500872861489,1370212.0000300065,5118.75,68.25,1.0,,,,,,,,,,False,False,,,,4827,Long,0.9361371488667651,0.9652747252747252,Liquid,0.0,off,False,False,True,0.02233535506688744,False,False,False,2016,1.0,1.0,1.0,1.0
2016-10-27,2016-10-28,2016-11-01,Time,2016-11-01,Indices Oversold Bounce,^NDX,BUY,Limit Order -0.25 ATR (Persistent),4820.5,4766.93994140625,4908.755719866072,89,-4767.0,44.127859933035715,1.0,2.0,4820.5,4836.4501953125,8.79246746453341,1379427.132400819,3937.5,52.5,1.0,,0.25,,,,,,,,False,False,,,,89,Long,-1.111089276916295,-1.2106666666666666,Liquid,0.0,off,False,False,True,0.022106030263697396,False,False,False,2016,1.0,1.0,1.0,1.0
2016-10-31,2016-11-01,2016-11-02,Stop,2016-11-03,SPY QQQ MonFri Reversion,QQQ,BUY,Limit (Open +/- 0.25 ATR),109.51060049874442,108.5254704827445,111.41572570800781,5373,-5293.0,0.9525626046316964,1.0,2.0,109.74874114990234,109.56144714355469,10.0,1377715.6641391004,5118.75,68.25,1.0,,,,,,,,,,False,False,,,,5373,Long,-0.8995750288221853,-1.034041514041514,Liquid,0.0,off,False,False,True,0.024950408103549093,False,False,False,2016,1.0,1.0,1.0,1.0
2016-11-30,2016-12-01,2016-12-02,Stop,2016-12-05,Weak Close Decent Sznls,SMH,BUY,Limit (Open +/- 0.25 ATR),32.21222564152309,30.76479189090729,33.05098056793213,7041,-10191.0,0.4193774632045201,1.0,2.0,32.31707000732422,32.36717224121094,9.523429710867399,1365825.9249063558,2953.125,39.375,1.0,,,,,,,,,,False,False,,,,7041,Long,-4.493429813648113,-3.4509206349206347,Liquid,0.0,off,True,True,True,0.005146654494011416,True,False,False,2016,1.0,1.0,1.0,1.0
2016-12-01,2016-12-02,2016-12-06,Time,2016-12-06,Indices Oversold Bounce,^NDX,BUY,Limit Order -0.25 ATR (Persistent),4721.540832519531,4788.669921875,4822.014953613281,78,5236.0,50.237060546875,1.0,2.0,4734.3798828125,4734.10009765625,12.121859367095722,1356076.9000046933,3937.5,52.5,1.0,,0.25,,,,,,,,False,False,,,,78,Long,1.421762338538265,1.3297777777777777,Liquid,0.0,off,True,True,True,0.008803105696334024,True,False,False,2016,1.0,1.0,1.0,1.0
2016-12-12,2016-12-13,2016-12-15,Stop,2016-12-15,Weak Close Decent Sznls,XME,BUY,Limit (Open +/- 0.25 ATR),28.749329090118408,27.905217784166336,30.420803546905518,3533,-2982.0,0.8357372283935547,1.0,2.0,28.958263397216797,28.896223068237305,8.333205248407904,1364808.677855798,2953.125,39.375,1.0,,,,,,,,,,False,False,,,,3533,Long,-2.936107842051196,-1.0097777777777779,Liquid,0.0,off,True,True,True,0.001147832507652602,True,False,False,2016,1.0,1.0,1.0,1.0
2016-12-16,2016-12-19,2016-12-21,Time,2016-12-21,Weak Close Decent Sznls,XLF,BUY,Limit (Open +/- 0.25 ATR),19.614668369293213,19.864778518676758,20.20141077041626,10066,2518.0,0.29337120056152344,1.0,2.0,19.688011169433594,19.662761688232422,8.333752958356412,1363354.7557800496,2953.125,39.375,1.0,,,,,,,,,,False,False,,,,10066,Long,1.2751179100998347,0.8526560846560847,Liquid,0.0,off,True,True,True,0.006118461717504409,True,False,False,2016,1.0,1.0,1.0,1.0
2016-12-28,2016-12-29,2017-01-03,Time,2017-01-03,Weak Close Decent Sznls,XLF,BUY,Limit (Open +/- 0.25 ATR),19.63028383255005,19.789016723632812,20.09205675125122,12790,2030.0,0.23088645935058594,1.0,2.0,19.688005447387695,19.67117691040039,6.2499114843716805,1365872.3645437444,2953.125,39.375,1.0,,,,,,,,,,False,False,,,,12790,Long,0.8086123075793736,0.6874074074074074,Liquid,0.0,off,True,True,True,0.00894485883508045,True,False,False,2016,1.0,1.0,1.0,1.0
2016-12-28,2016-12-29,2017-01-03,Time,2017-01-03,Weak Close Decent Sznls,SPY,BUY,Limit (Open +/- 0.25 ATR),193.50879696437292,194.46792602539062,195.93195152282715,2437,2337.0,1.2115772792271204,1.0,2.0,193.8116912841797,193.74264526367188,5.602913057720289,1365872.3645437444,2953.125,39.375,1.0,,,,,,,,,,False,False,,,,2437,Long,0.4956513998659666,0.7913650793650794,Liquid,0.0,off,True,True,True,0.00894485883508045,True,False,False,2016,1.0,1.0,1.0,1.0
2016-12-28,2016-12-29,2017-01-03,Time,2017-01-03,Weak Close Decent Sznls,XLK,BUY,Limit (Open +/- 0.25 ATR),22.09902306965419,22.174560546875,22.48515272140503,15296,1155.0,0.19306482587541854,1.0,2.0,22.147289276123047,22.14728355407715,3.3900475147238742,1365872.3645437444,2953.125,39.375,1.0,,,,,,,,,,False,False,,,,15296,Long,0.34181364933065933,0.39111111111111113,Liquid,0.0,off,True,True,True,0.00894485883508045,True,False,False,2016,1.0,1.0,1.0,1.0
2016-12-28,2016-12-29,2017-01-03,Time,2017-01-03,Weak Close Decent Sznls,DIA,BUY,Limit (Open +/- 0.25 ATR),165.18649319240026,165.7711944580078,166.98995780944824,3274,1914.0,0.9017323085239956,1.0,2.0,165.41192626953125,165.4871063232422,5.128025007902778,1365872.3645437444,2953.125,39.375,1.0,,,,,,,,,,False,False,,,,3274,Long,0.3539643310464379,0.6481269841269841,Liquid,0.0,off,True,True,True,0.00894485883508045,True,False,False,2016,1.0,1.0,1.0,1.0
2016-12-28,2016-12-29,2017-01-03,Time,2017-01-03,Weak Close Decent Sznls,SMH,BUY,Limit (Open +/- 0.25 ATR),33.060080596378874,32.94932174682617,33.97390604019165,6463,-716.0,0.4569127219063895,1.0,2.0,33.17430877685547,33.307472229003906,0.0,1365872.3645437444,2953.125,39.375,1.0,,,,,,,,,,False,False,,,,6463,Long,-0.3350229266072453,-0.24245502645502645,Liquid,0.0,off,True,True,True,0.00894485883508045,True,False,False,2016,1.0,1.0,1.0,1.0
2017-02-28,2017-03-01,2017-03-03,Time,2017-03-03,Weak Close Decent Sznls,XLY,BUY,Limit (Open +/- 0.25 ATR),39.73404359817505,39.665645599365234,40.28115892410278,10795,-738.0,0.2735576629638672,1.0,2.0,39.802433013916016,39.37839889526367,13.7251041769203,1372593.8544929025,2953.125,39.375,1.0,,,,,,,,,,False,False,,,,10795,Long,-0.17213953732349535,-0.2499047619047619,Liquid,,off,True,True,True,0.0026988108998031723,True,False,False,2017,1.0,1.0,1.0,1.0
2017-03-21,2017-03-22,2017-03-24,Time,2017-03-24,Indices Oversold Bounce,^GSPC,BUY,Limit Order -0.25 ATR (Persistent),2340.3712550571986,2343.97998046875,2369.5613708496094,269,971.0,14.595057896205358,1.0,2.0,2343.0,2344.02001953125,5.296316851972701,1371855.4980957506,3937.5,52.5,1.0,,0.25,,,,,,,,False,False,,,,269,Long,0.1541945707867279,0.2466031746031746,Liquid,,off,False,False,True,0.020990679465525908,False,False,False,2017,1.0,1.0,1.0,1.0
2017-04-26,2017-04-27,2017-04-28,Stop,2017-05-01,Weak Close Decent Sznls,XLP,BUY,Limit (Open +/- 0.25 ATR),43.35429688862392,43.062303330428264,43.91243886947632,10581,-3090.0,0.27907099042619976,1.0,2.0,43.42406463623047,43.361305236816406,6.000136145714814,1372826.245231458,2953.125,39.375,1.0,,,,,,,,,,False,False,,,,10581,Long,-0.6735054634740831,-1.0463492063492064,Liquid,,off,True,True,True,0.0014298291745148406,True,False,False,2017,1.0,1.0,1.0,1.0
2017-05-17,2017-05-18,2017-05-19,Target,2017-05-22,Indices Oversold Bounce,^NDX,BUY,Limit Order -0.25 ATR (Persistent),5569.81005859375,5644.84716796875,5644.84716796875,104,7804.0,37.5185546875,1.0,2.0,5569.81005859375,5580.5498046875,2.161011710263702,1372153.194936241,3937.5,52.5,1.0,,0.25,,,,,,,,False,False,,,,104,Long,1.3472112798393194,1.981968253968254,Liquid,0.0,off,False,True,True,0.01864318285169886,True,False,False,2017,1.0,1.0,1.0,1.0
2017-05-17,2017-05-18,2017-05-19,Target,2017-05-22,Indices Oversold Bounce,^GSPC,BUY,Limit Order -0.25 ATR (Persistent),2353.826102120536,2379.45751953125,2379.45751953125,307,7869.0,12.815708705357142,1.0,2.0,2354.68994140625,2357.030029296875,2.86135341420199,1372153.194936241,3937.5,52.5,1.0,,0.25,,,,,,,,False,False,,,,307,Long,1.0889257021843357,1.9984761904761905,Liquid,0.0,off,False,True,True,0.01864318285169886,True,False,False,2017,1.0,1.0,1.0,1.0
2017-05-17,2017-05-18,2017-05-19,Target,2017-05-22,Weak Close Decent Sznls,SMH,BUY,Limit (Open +/- 0.25 ATR),37.46901178359985,38.4483323097229,38.4483323097229,6030,5905.0,0.48966026306152344,1.0,2.0,37.591426849365234,37.458274841308594,2.0494119730059177,1372153.194936241,2953.125,39.375,1.0,,,,,,,,,,False,False,,,,6030,Long,2.613681224845365,1.9995767195767196,Liquid,0.0,off,False,True,True,0.01864318285169886,True,False,False,2017,1.0,1.0,1.0,1.0
2017-06-27,2017-06-28,2017-06-29,Stop,2017-06-30,Weak Close Decent Sznls,VNQ,BUY,Limit (Open +/- 0.25 ATR),59.594163349696565,58.95426956931523,60.83856773376465,4746,-3037.0,0.6222021920340401,1.0,2.0,59.74971389770508,59.58653259277344,5.617448042532624,1395165.0893338406,2953.125,39.375,1.0,,,,,,,,,,False,False,,,,4746,Long,-1.0737524354968455,-1.0284021164021164,Liquid,,off,False,True,True,0.013610560466503774,True,False,False,2017,1.0,1.0,1.0,1.0
2017-06-27,2017-06-29,2017-06-30,Time,2017-06-30,Indices Oversold Bounce,^GSPC,BUY,Limit Order -0.25 ATR (Persistent),2415.5830993652344,2423.409912109375,2445.9573669433594,259,2027.0,15.1871337890625,1.0,2.0,2428.699951171875,2419.3798828125,0.0,1395165.0893338406,3937.5,52.5,1.0,,0.25,,,,,,,,False,False,,,,259,Long,0.32401339230256043,0.5147936507936508,Liquid,,off,False,True,True,0.013610560466503774,True,False,False,2017,1.0,1.0,1.0,1.0
2017-06-27,2017-06-29,2017-06-30,Time,2017-06-30,Indices Oversold Bounce,^NDX,BUY,Limit Order -0.25 ATR (Persistent),5651.185634068081,5646.919921875,5814.5013427734375,48,-205.0,81.65785435267857,1.0,2.0,5693.47998046875,5671.60009765625,0.0,1395165.0893338406,3937.5,52.5,1.0,,0.25,,,,,,,,False,False,,,,48,Long,-0.07548349088667058,-0.05206349206349206,Liquid,,off,False,True,True,0.013610560466503774,True,False,False,2017,1.0,1.0,1.0,1.0
2017-07-06,2017-07-07,2017-07-11,Time,2017-07-11,Weak Close Decent Sznls,XLV,BUY,Limit (Open +/- 0.25 ATR),68.1068228312901,68.17171478271484,69.45457172393799,4382,284.0,0.6738744463239398,1.0,2.0,68.2752914428711,68.03361511230469,11.579006131430326,1394392.4208381174,2953.125,39.375,1.0,,,,,,,,,,False,False,,,,4382,Long,0.09527966322182911,0.09616931216931217,Liquid,16.527942342959424,off,False,True,True,0.016798764113011733,True,False,False,2017,1.0,1.0,1.0,1.0
2017-07-21,2017-07-24,2017-07-26,Time,2017-07-26,Weak Close Decent Sznls,IHI,BUY,Limit (Open +/- 0.25 ATR),27.114110742296493,26.97639274597168,27.611548900604248,11873,-1635.0,0.24871907915387834,1.0,2.0,27.17629051208496,27.148883819580078,10.896638553485833,1394676.7773692606,2953.125,39.375,1.0,,,,,,,,,,False,False,,,,11873,Long,-0.5079200185974783,-0.5536507936507936,Liquid,37.79196513160845,off,True,True,True,0.0008902373869512648,True,False,False,2017,1.0,1.0,1.0,1.0
2017-09-11,2017-09-12,2017-09-14,Time,2017-09-14,Weak Close Decent Sznls,XME,BUY,Limit (Open +/- 0.25 ATR),28.485136917659215,28.436279296875,29.59142255783081,5338,-261.0,0.553142820085798,1.0,2.0,28.623422622680664,28.623422622680664,1.9995120009246299,1393041.651598896,2953.125,39.375,1.0,,,,,,,,,,False,False,,,,5338,Long,-0.17151969788822058,-0.08838095238095238,Liquid,36.14353049535023,off,True,True,True,0.0,True,False,False,2017,1.0,1.0,1.0,1.0
2017-10-12,2017-10-13,2017-10-17,Time,2017-10-17,Weak Close Decent Sznls,XLF,BUY,Limit (Open +/- 0.25 ATR),22.080474955695017,22.283615112304688,22.479460954666138,14803,3007.0,0.19949299948556082,1.0,2.0,22.130348205566406,22.241043090820312,9.677582519220765,1392780.84961915,2953.125,39.375,1.0,,,,,,,,,,False,False,,,,14803,Long,0.9199990354250797,1.0182433862433862,Liquid,47.383997394792715,off,True,True,True,0.0014902909705831746,True,False,False,2017,1.0,1.0,1.0,1.0
2017-11-01,2017-11-02,2017-11-06,Time,2017-11-06,Weak Close Decent Sznls,XLF,BUY,Limit (Open +/- 0.25 ATR),22.656451293400355,22.777484893798828,23.07976770401001,13952,1689.0,0.211658205304827,1.0,2.0,22.709365844726562,22.683818817138672,13.635530576088946,1395787.9333574427,2953.125,39.375,1.0,,,,,,,,,,False,False,,,,13952,Long,0.5342125244200491,0.571936507936508,Liquid,32.22434724452377,off,True,True,True,0.0008536981404242416,True,False,False,2017,1.0,1.0,1.0,1.0
2017-11-27,2017-11-28,2017-11-30,Time,2017-11-30,Weak Close Decent Sznls,IYR,BUY,Limit (Open +/- 0.25 ATR),64.63337162562779,64.6111068725586,65.65355682373047,5789,-129.0,0.5100925990513393,1.0,2.0,64.76089477539062,64.7608642578125,0.0,1397476.5941502023,2953.125,39.375,1.0,,,,,,,,,,False,False,,,,5789,Long,-0.03444776670194039,-0.043682539682539684,Liquid,14.494388625001829,off,True,True,True,0.0004993356246152381,True,False,False,2017,1.0,1.0,1.0,1.0
2017-12-13,2017-12-14,2017-12-18,Time,2017-12-18,Weak Close Decent Sznls,KRE,BUY,Limit (Open +/- 0.25 ATR),46.8356283051627,48.0259895324707,48.915067195892334,2840,3381.0,1.0397194453648158,1.0,2.0,47.095558166503906,46.88785171508789,7.692464657677364,1397347.7034946848,2953.125,39.375,1.0,,,,,,,,,,False,False,,,,2840,Long,2.5415720262191703,1.1448888888888888,Liquid,23.771551144234163,off,True,True,True,0.00011260397742851591,True,False,False,2017,1.0,1.0,1.0,1.0
2017-12-14,2017-12-15,2017-12-19,Time,2017-12-19,Weak Close Decent Sznls,XLI,BUY,Limit (Open +/- 0.25 ATR),64.6055109160287,65.3409194946289,66.10193872451782,3946,2902.0,0.7482139042445591,1.0,2.0,64.79256439208984,64.40787506103516,1.190800931657469,1396111.96432897,2953.125,39.375,1.0,,,,,,,,,,False,False,,,,3946,Long,1.1383062654764093,0.9826878306878307,Liquid,26.46936687365967,off,True,True,True,0.004198286460077139,True,False,False,2017,1.0,1.0,1.0,1.0
2017-12-29,2018-01-02,2018-01-03,Target,2018-01-04,Weak Close Decent Sznls,XLK,BUY,Limit (Open +/- 0.25 ATR),29.57299072401864,30.016027212142944,30.016027212142944,13331,5906.0,0.22151824406215123,1.0,2.0,29.62837028503418,29.508394241333008,11.11111111111111,1403630.251631396,2953.125,39.375,1.0,,,,,,,,,,False,False,,,,13331,Long,1.4981118827609032,1.9999153439153439,Liquid,33.42942700876869,off,True,True,True,0.004996103217894565,True,False,False,2017,1.0,1.0,1.0,1.0
2017-12-29,2018-01-02,2018-01-03,Target,2018-01-04,Weak Close Decent Sznls,SPY,BUY,Limit (Open +/- 0.25 ATR),235.456477028983,237.75351333618164,237.75351333618164,2571,5906.0,1.1485181535993303,1.0,2.0,235.7436065673828,234.8810577392578,11.516537777293687,1403630.251631396,2953.125,39.375,1.0,,,,,,,,,,False,False,,,,2571,Long,0.975567262443965,1.9999153439153439,Liquid,33.42942700876869,off,True,True,True,0.004996103217894565,True,False,False,2017,1.0,1.0,1.0,1.0
2017-12-29,2018-01-02,2018-01-03,Target,2018-01-04,Weak Close Decent Sznls,IBB,BUY,Limit (Open +/- 0.25 ATR),104.8488997050694,107.40902042388916,107.40902042388916,2307,5906.0,1.2800603594098772,1.0,2.0,105.16891479492188,104.46444702148438,5.6246527540865365,1403630.251631396,2953.125,39.375,1.0,,,,,,,,,,False,False,,,,2307,Long,2.4417239723269883,1.9999153439153439,Liquid,33.42942700876869,off,True,True,True,0.004996103217894565,True,False,False,2017,1.0,1.0,1.0,1.0
2017-12-29,2018-01-02,2018-01-04,Time,2018-01-04,Weak Close Decent Sznls,XLF,BUY,Limit (Open +/- 0.25 ATR),23.964771713529313,24.23487663269043,24.483155012130737,11393,3077.0,0.2591916493007115,1.0,2.0,24.029569625854492,23.87558364868164,0.0,1403630.251631396,2953.125,39.375,1.0,,,,,,,,,,False,False,,,,11393,Long,1.1270915591848896,1.04194708994709,Liquid,33.42942700876869,off,True,True,True,0.004996103217894565,True,False,False,2017,1.0,1.0,1.0,1.0
2018-01-29,2018-01-30,2018-02-01,Time,2018-02-01,Monday Dip,IWM,BUY,Limit (Open +/- 0.25 ATR),141.89260482788086,141.54660034179688,144.97246932983398,2191,-758.0,1.5399322509765625,1.0,2.0,142.277587890625,143.21604919433594,6.451129049852733,1429107.2312125475,3375.0,45.0,1.0,,,,,,,,,,False,False,,,,2191,Long,-0.24384955544631526,-0.2245925925925926,Liquid,33.98569698843558,off,True,True,True,0.006629862328545899,True,False,False,2018,1.0,1.0,1.0,1.0
2018-01-29,2018-01-30,2018-02-01,Time,2018-02-01,SPY QQQ MonFri Reversion,SPY,BUY,Limit (Open +/- 0.25 ATR),248.25406864711218,247.83706665039062,252.10042572021484,2661,-1110.0,1.9231785365513392,1.0,2.0,248.73486328125,250.5655517578125,9.325763972477228,1429107.2312125475,5118.75,68.25,1.0,,,,,,,,,,False,False,,,,2661,Long,-0.16797388215792416,-0.21684981684981686,Liquid,33.98569698843558,off,True,True,True,0.006629862328545899,True,False,False,2018,1.0,1.0,1.0,1.0
2018-02-02,2018-02-05,2018-02-06,Stop,2018-02-07,SPY QQQ MonFri Reversion,SPY,BUY,Limit (Open +/- 0.25 ATR),240.0794416155134,228.49285583496095,244.89520263671875,934,-10822.0,2.4078805106026784,1.0,2.0,240.68141174316406,242.44171142578125,0.8301232596365153,1427239.4930702616,2250.0,68.25,0.4396,,,,,,,,,,False,False,,,,934,Long,-4.826146588223213,-4.809777777777778,Liquid,31.25645005114499,off,False,False,False,0.03883692484147638,False,False,False,2018,1.0,1.0,1.0,1.0
2018-02-02,2018-02-05,2018-02-06,Stop,2018-02-07,SPY QQQ MonFri Reversion,QQQ,BUY,Limit (Open +/- 0.25 ATR),154.0762517111642,147.48992879333497,157.9718532562256,1155,-7607.0,1.947800772530692,1.0,2.0,154.56320190429688,156.0228729248047,4.334173984987888,1427239.4930702616,2250.0,68.25,0.4396,,,,,,,,,,False,False,,,,1155,Long,-4.274716476213436,-3.380888888888889,Liquid,31.25645005114499,off,False,False,False,0.03883692484147638,False,False,False,2018,1.0,1.0,1.0,1.0
2018-02-05,2018-02-06,2018-02-07,Target,2018-02-08,Monday Dip,IWM,BUY,Limit (Open +/- 0.25 ATR),130.85552133832658,134.65991020202637,134.65991020202637,1774,6749.0,1.9021944318498885,1.0,2.0,131.33106994628906,133.48785400390625,1.0116620569701462,1402492.6992625506,3375.0,45.0,1.0,,,,,,,,,,False,False,,,,1774,Long,2.90732009225927,1.9997037037037038,Liquid,29.951082924262398,off,False,False,False,0.07903507784928132,False,False,False,2018,1.0,1.0,1.0,1.0
2018-02-05,2018-02-06,2018-02-07,Target,2018-02-08,SPY QQQ MonFri Reversion,QQQ,BUY,Limit (Open +/- 0.25 ATR),147.11270659310478,151.6663761138916,151.6663761138916,988,4499.0,2.2768347603934154,1.0,2.0,147.68191528320312,149.8714141845703,1.5483715510096405,1402492.6992625506,2250.0,68.25,0.4396,,,,,,,,,,False,False,,,,988,Long,3.095361118860863,1.9995555555555555,Liquid,29.951082924262398,off,False,False,False,0.07903507784928132,False,False,False,2018,1.0,1.0,1.0,1.0
2018-02-05,2018-02-06,2018-02-07,Target,2018-02-08,SPY QQQ MonFri Reversion,SPY,BUY,Limit (Open +/- 0.25 ATR),228.05267306736536,233.95355415344238,233.95355415344238,762,4496.0,2.9504405430385043,1.0,2.0,228.790283203125,232.30221557617188,4.944147980202947,1402492.6992625506,2250.0,68.25,0.4396,,,,,,,,,,False,False,,,,762,Long,2.58750796765883,1.9982222222222221,Liquid,29.951082924262398,off,False,False,False,0.07903507784928132,False,False,False,2018,1.0,1.0,1.0,1.0
2018-02-02,2018-02-05,2018-02-07,Time,2018-02-07,Indices Oversold Bounce,^NDX,BUY,Limit Order -0.25 ATR (Persistent),6687.47021484375,6582.02001953125,6854.371721540178,26,-2742.0,83.45075334821429,1.0,2.0,6687.47021484375,6760.2900390625,2.8295526138360705,1427239.4930702616,2250.0,52.5,0.5714,,0.25,,,,,,,,False,False,,,,26,Long,-1.5768323734502616,-1.2186666666666666,Liquid,31.25645005114499,off,False,False,False,0.03883692484147638,False,False,False,2018,1.0,1.0,1.0,1.0
2018-02-05,2018-02-06,2018-02-07,Target,2018-02-08,Indices Oversold Bounce,^GSPC,BUY,Limit Order -0.25 ATR (Persistent),2614.780029296875,2681.281494140625,2681.281494140625,67,4456.0,33.250732421875,1.0,2.0,2614.780029296875,2648.93994140625,8.60088009186958,1402492.6992625506,2250.0,52.5,0.5714,,0.25,,,,,,,,False,False,,,,67,Long,2.5432909881001544,1.9804444444444445,Liquid,29.951082924262398,off,False,False,False,0.07903507784928132,False,False,False,2018,1.0,1.0,1.0,1.0
2018-02-02,2018-02-05,2018-02-07,Time,2018-02-07,Indices Oversold Bounce,^GSPC,BUY,Limit Order -0.25 ATR (Persistent),2741.06005859375,2681.659912109375,2795.2301199776784,83,-4930.0,27.085030691964285,1.0,2.0,2741.06005859375,2762.1298828125,4.412490835365762,1427239.4930702616,2250.0,52.5,0.5714,,0.25,,,,,,,,False,False,,,,83,Long,-2.167050163608934,-2.1911111111111112,Liquid,31.25645005114499,off,False,False,False,0.03883692484147638,False,False,False,2018,1.0,1.0,1.0,1.0
2018-02-05,2018-02-06,2018-02-07,Target,2018-02-08,Indices Oversold Bounce,^NDX,BUY,Limit Order -0.25 ATR (Persistent),6378.60009765625,6573.48583984375,6573.48583984375,23,4482.0,97.44287109375,1.0,2.0,6378.60009765625,6495.919921875,0.1694933788231692,1402492.6992625506,2250.0,52.5,0.5714,,0.25,,,,,,,,False,False,,,,23,Long,3.0553058540087616,1.992,Liquid,29.951082924262398,off,False,False,False,0.07903507784928132,False,False,False,2018,1.0,1.0,1.0,1.0
2018-02-08,2018-02-09,2018-02-12,Target,2018-02-13,Indices Oversold Bounce,^GSPC,BUY,Limit Order -0.25 ATR (Persistent),2569.065359933036,2664.54248046875,2664.54248046875,82,7829.0,47.738560267857146,1.0,2.0,2601.780029296875,2581.0,0.42015239267694426,1443641.25244597,3937.5,52.5,1.0,,0.25,,,,,,,,False,False,,,,82,Long,3.7164146161778806,1.9883174603174603,Liquid,24.19706620188802,off,False,False,False,0.10101871310643373,False,False,False,2018,1.0,1.0,1.0,1.0
2018-02-08,2018-02-09,2018-02-12,Target,2018-02-13,Indices Oversold Bounce,^NDX,BUY,Limit Order -0.25 ATR (Persistent),6271.50634765625,6548.25634765625,6548.25634765625,28,7749.0,138.375,1.0,2.0,6395.16015625,6306.10009765625,0.6360102809800252,1443641.25244597,3937.5,52.5,1.0,,0.25,,,,,,,,False,False,,,,28,Long,4.412815433144309,1.968,Liquid,24.19706620188802,off,False,False,False,0.10101871310643373,False,False,False,2018,1.0,1.0,1.0,1.0
2018-02-28,2018-03-01,2018-03-05,Time,2018-03-05,Indices Oversold Bounce,^NDX,BUY,Limit Order -0.25 ATR (Persistent),6819.612444196428,6881.27978515625,7098.072265625,28,1727.0,139.22991071428572,1.0,2.0,6862.93994140625,6854.419921875,0.0,1457835.5179314609,3937.5,52.5,1.0,,0.25,,,,,,,,False,False,,,,28,Long,0.9042645966238331,0.4386031746031746,Liquid,8.214621310322562,off,False,False,False,0.052097072954134904,False,False,False,2018,1.0,1.0,1.0,1.0
2018-02-28,2018-03-01,2018-03-05,Time,2018-03-05,Indices Oversold Bounce,^GSPC,BUY,Limit Order -0.25 ATR (Persistent),2701.3197283063614,2720.93994140625,2801.4025268554688,78,1530.0,50.04139927455357,1.0,2.0,2715.219970703125,2713.830078125,0.6045001679167133,1457835.5179314609,3937.5,52.5,1.0,,0.25,,,,,,,,False,False,,,,78,Long,0.7263195427884361,0.38857142857142857,Liquid,8.214621310322562,off,False,False,False,0.052097072954134904,False,False,False,2018,1.0,1.0,1.0,1.0
2018-03-16,2018-03-19,2018-03-21,Time,2018-03-21,SPY QQQ MonFri Reversion,SPY,BUY,Limit (Open +/- 0.25 ATR),240.74238777160645,238.97657775878906,247.25848579406738,1571,-2774.0,3.2580490112304688,1.0,2.0,241.55690002441406,242.3080291748047,4.800254171731684,1461092.5801001273,5118.75,68.25,1.0,,,,,,,,,,False,False,,,,1571,Long,-0.7334852948673982,-0.5419291819291819,Liquid,5.284622047019272,off,False,False,False,0.03936690973016199,False,False,False,2018,1.0,1.0,1.0,1.0
2018-03-16,2018-03-19,2018-03-21,Time,2018-03-21,SPY QQQ MonFri Reversion,QQQ,BUY,Limit (Open +/- 0.25 ATR),159.9237880706787,158.4690704345703,164.84305381774902,2081,-3027.0,2.4596328735351562,1.0,2.0,160.5386962890625,162.09848022460938,6.348780456642007,1461092.5801001273,5118.75,68.25,1.0,,,,,,,,,,False,False,,,,2081,Long,-0.9096318025342687,-0.5913553113553114,Liquid,5.284622047019272,off,False,False,False,0.03936690973016199,False,False,False,2018,1.0,1.0,1.0,1.0
2018-03-22,2018-03-23,2018-03-27,Time,2018-03-27,Indices Oversold Bounce,^GSPC,BUY,Limit Order -0.25 ATR (Persistent),2635.3247593470983,2612.6201171875,2702.2462158203125,117,-2656.0,33.460728236607146,1.0,2.0,2646.7099609375,2643.68994140625,3.88215859030837,1455291.2251692496,3937.5,52.5,1.0,,0.25,,,,,,,,False,False,,,,117,Long,-0.861550064335272,-0.6745396825396826,Liquid,4.2315469684712514,off,False,False,False,0.07625751179928686,False,False,False,2018,1.0,1.0,1.0,1.0
2018-03-22,2018-03-23,2018-03-27,Time,2018-03-27,Indices Oversold Bounce,^NDX,BUY,Limit Order -0.25 ATR (Persistent),6656.862104143415,6529.83984375,6860.043395996094,38,-4827.0,101.59064592633929,1.0,2.0,6683.18994140625,6682.259765625,2.22809667673716,1455291.2251692496,3937.5,52.5,1.0,,0.25,,,,,,,,False,False,,,,38,Long,-1.9081401778527625,-1.2259047619047618,Liquid,4.2315469684712514,off,False,False,False,0.07625751179928686,False,False,False,2018,1.0,1.0,1.0,1.0
2018-03-23,2018-03-27,2018-03-28,Time,2018-03-28,Indices Oversold Bounce,^NDX,BUY,Limit Order -0.25 ATR (Persistent),6481.746817452567,6460.81005859375,6692.491027832031,37,-775.0,105.37210518973214,1.0,2.0,6644.39990234375,6508.08984375,0.12453905953550821,1444131.3035732675,3937.5,52.5,1.0,,0.25,,,,,,,,False,False,,,,37,Long,-0.3230110562548178,-0.19682539682539682,Liquid,3.8858164253928478,off,False,False,False,0.09594698578278182,False,False,False,2018,1.0,1.0,1.0,1.0
2018-04-09,2018-04-10,2018-04-12,Time,2018-04-12,Monday Dip,SMH,BUY,Limit (Open +/- 0.25 ATR),47.38628380639212,48.83439636230469,50.40209245681763,1119,1620.0,1.507904325212751,1.0,2.0,47.76325988769531,46.6362419128418,2.127659574468085,1447033.2760638506,1687.5,45.0,0.5,,,,,,,,,,False,False,,,,1119,Long,3.055974091214184,0.96,Liquid,0.6123798582571356,on,False,False,False,0.08561170576371424,False,False,False,2018,1.25,1.25,1.25,1.0
2018-04-09,2018-04-10,2018-04-12,Time,2018-04-12,SPY QQQ MonFri Reversion,QQQ,BUY,Limit (Open +/- 0.25 ATR),151.02918679373605,153.9975128173828,159.58573150634766,598,1775.0,4.278272356305804,1.0,2.0,152.0987548828125,149.74436950683594,7.894353455365745,1447033.2760638506,2559.375,68.25,0.5,,,,,,,,,,False,False,,,,598,Long,1.9653989315990141,0.6935286935286935,Liquid,0.6123798582571356,on,False,False,False,0.08561170576371424,False,False,False,2018,1.25,1.25,1.25,1.0
2018-04-30,2018-05-01,2018-05-03,Stop,2018-05-03,Monday Dip,DIA,BUY,Limit (Open +/- 0.25 ATR),206.09310504368372,203.3426754961559,211.47192192077637,1254,-3449.0,2.689408438546317,1.0,2.0,206.7654571533203,207.49569702148438,0.9009153171605966,1450428.7729760576,3375.0,45.0,1.0,,,,,,,,,,False,False,,,,1254,Long,-1.3345567999205241,-1.021925925925926,Liquid,0.0,off,False,False,False,0.0733144956099756,False,False,False,2018,1.0,1.0,1.0,1.0
2018-04-30,2018-05-01,2018-05-03,Time,2018-05-03,Monday Dip,IWM,BUY,Limit (Open +/- 0.25 ATR),137.97750118800573,139.1236572265625,141.35780906677246,1996,2288.0,1.6901539393833704,1.0,2.0,138.40003967285156,138.6804656982422,1.2716498566802719,1450428.7729760576,3375.0,45.0,1.0,,,,,,,,,,False,False,,,,1996,Long,0.8306832843675258,0.6779259259259259,Liquid,0.0,off,False,False,False,0.0733144956099756,False,False,False,2018,1.0,1.0,1.0,1.0
2018-04-30,2018-05-01,2018-05-03,Stop,2018-05-03,SPY QQQ MonFri Reversion,SPY,BUY,Limit (Open +/- 0.25 ATR),232.47572326660156,229.59163955841066,238.10609436035156,1818,-5243.0,2.815185546875,1.0,2.0,233.1795196533203,233.7451629638672,2.31258296653392,1450428.7729760576,5118.75,68.25,1.0,,,,,,,,,,False,False,,,,1818,Long,-1.2405956491566446,-1.0242735042735043,Liquid,0.0,off,False,False,False,0.0733144956099756,False,False,False,2018,1.0,1.0,1.0,1.0
2018-07-13,2018-07-16,2018-07-18,Stop,2018-07-18,Weak Close Decent Sznls,VNQ,BUY,Limit (Open +/- 0.25 ATR),60.73707825796945,60.0514951908929,62.07220268249512,4423,-3032.0,0.6675622122628349,1.0,2.0,60.903968811035156,61.01524353027344,8.572415161155234,1451118.1460572649,2953.125,39.375,1.0,,,,,,,,,,False,False,,,,4423,Long,-1.1287718914707474,-1.0267089947089947,Liquid,4.916593934140903,off,False,True,True,0.016085201679787775,True,False,False,2018,1.0,1.0,1.0,1.0
2018-07-20,2018-07-23,2018-07-24,Stop,2018-07-25,Weak Close Decent Sznls,XBI,BUY,Limit (Open +/- 0.25 ATR),98.71635477883476,97.02394093610219,102.04295063018799,1775,-3004.0,1.6632979256766183,1.0,2.0,99.1321792602539,99.26107025146484,6.9997075438299445,1447952.2475649966,2953.125,39.375,1.0,,,,,,,,,,False,False,,,,1775,Long,-1.7144209250070732,-1.0172275132275133,Liquid,19.525514291065093,off,False,True,True,0.015768335928511013,True,False,False,2018,1.0,1.0,1.0,1.0
2018-08-09,2018-08-10,2018-08-14,Time,2018-08-14,Weak Close Decent Sznls,XLI,BUY,Limit (Open +/- 0.25 ATR),65.87752437591553,66.00772094726562,67.41049098968506,3852,502.0,0.7664833068847656,1.0,2.0,66.06914520263672,66.45519256591797,7.692101883561644,1444731.308156967,2953.125,39.375,1.0,,,,,,,,,,False,False,,,,3852,Long,0.19763428055850993,0.169989417989418,Liquid,36.146077029707286,off,True,True,True,0.001785445781786521,True,False,False,2018,1.0,1.0,1.0,1.0
2018-08-13,2018-08-14,2018-08-15,Stop,2018-08-16,SPY QQQ MonFri Reversion,QQQ,BUY,Limit (Open +/- 0.25 ATR),171.68329429626465,169.51147680110932,175.92519187927246,1206,-2619.0,2.1209487915039062,1.0,2.0,172.21353149414062,171.5570526123047,4.519712579625049,1443475.4267597196,2559.375,68.25,0.5,,,,,,,,,,False,False,,,,1206,Long,-1.2650138757283718,-1.0232967032967033,Liquid,39.917010007157636,off,False,True,True,0.012185357466566682,True,False,False,2018,1.0,1.0,1.0,1.0
2018-08-13,2018-08-14,2018-08-15,Stop,2018-08-16,Monday Dip,SMH,BUY,Limit (Open +/- 0.25 ATR),49.29869113649641,48.533334672144484,50.80027532577515,2247,-1720.0,0.7507920946393695,1.0,2.0,49.48638916015625,49.248878479003906,12.380447162716678,1443475.4267597196,1687.5,45.0,0.5,,,,,,,,,,False,False,,,,2247,Long,-1.5524884063003492,-1.0192592592592593,Liquid,39.917010007157636,off,False,True,True,0.012185357466566682,True,False,False,2018,1.0,1.0,1.0,1.0
2018-08-13,2018-08-15,2018-08-16,Time,2018-08-16,Indices Oversold Bounce,^GSPC,BUY,Limit Order -0.25 ATR (Persistent),2816.7581569126673,2840.68994140625,2858.132354736328,108,2585.0,20.687098911830358,1.0,2.0,2827.8798828125,2821.929931640625,8.716186759118935,1443475.4267597196,2250.0,52.5,0.5714,,0.25,,,,,,,,False,False,,,,108,Long,0.8496215564283054,1.1488888888888888,Liquid,39.917010007157636,off,False,True,True,0.012185357466566682,True,False,False,2018,1.0,1.0,1.0,1.0
2018-09-05,2018-09-06,2018-09-07,Stop,2018-09-10,Weak Close Decent Sznls,XLY,BUY,Limit (Open +/- 0.25 ATR),53.86533212661743,53.396467574167254,54.77101373672485,6521,-3057.0,0.45284080505371094,1.0,2.0,53.97854232788086,53.834564208984375,6.299070014098534,1444209.6933632577,2953.125,39.375,1.0,,,,,,,,,,False,False,,,,6521,Long,-0.8704384321775853,-1.0351746031746032,Liquid,51.93282499459366,off,True,True,True,0.008405180141501378,True,True,False,2018,0.0,0.0,0.0,1.0
2018-09-06,2018-09-07,2018-09-11,Time,2018-09-11,Weak Close Decent Sznls,IBB,BUY,Limit (Open +/- 0.25 ATR),115.4215920312064,115.06694030761719,118.54153156280518,1893,-671.0,1.559969765799386,1.0,2.0,115.81158447265625,116.02715301513672,12.627796779534444,1443039.851052829,2953.125,39.375,1.0,,,,,,,,,,False,False,,,,1893,Long,-0.3072663592210088,-0.2272169312169312,Liquid,51.38027240871438,off,False,True,True,0.011390357225758652,True,True,False,2018,0.0,0.0,0.0,1.0
2018-09-10,2018-09-11,2018-09-13,Target,2018-09-13,Weak Close Decent Sznls,XLV,BUY,Limit (Open +/- 0.25 ATR),80.60390990121024,81.62016487121582,81.62016487121582,5811,5905.0,0.5081274850027901,1.0,2.0,80.73094177246094,80.87113189697266,12.328064419922457,1443265.6849496022,2953.125,39.375,1.0,,,,,,,,,,False,False,,,,5811,Long,1.260801084278813,1.9995767195767196,Liquid,50.19806122536506,off,False,True,True,0.011596119659022963,True,True,False,2018,0.0,0.0,0.0,1.0
2018-10-10,2018-10-11,2018-10-15,Time,2018-10-15,Indices Oversold Bounce,^NDX,BUY,Limit Order -0.25 ATR (Persistent),7013.47998046875,7068.669921875,7244.105747767857,34,1876.0,115.31288364955357,1.0,2.0,7013.47998046875,7044.5,0.8496204167339687,1451680.216648374,3937.5,52.5,1.0,,0.25,,,,,,,,False,False,,,,34,Long,0.7869123681816134,0.47644444444444445,Liquid,69.26638231391405,off,False,False,False,0.04775586590340408,False,True,True,2018,0.0,0.0,1.0,1.0
2018-10-10,2018-10-11,2018-10-15,Time,2018-10-15,Indices Oversold Bounce,^GSPC,BUY,Limit Order -0.25 ATR (Persistent),2776.8701171875,2750.7900390625,2831.472900390625,144,-3756.0,27.3013916015625,1.0,2.0,2776.8701171875,2785.679931640625,0.9194986842789821,1451680.216648374,3937.5,52.5,1.0,,0.25,,,,,,,,False,False,,,,144,Long,-0.9391897000719179,-0.9539047619047619,Liquid,69.26638231391405,off,False,False,False,0.04775586590340408,False,True,True,2018,0.0,0.0,1.0,1.0
2018-10-24,2018-10-26,2018-10-29,Time,2018-10-29,Indices Oversold Bounce,^GSPC,BUY,Limit Order -0.25 ATR (Persistent),2643.2974286760605,2641.25,2745.718780517578,76,-156.0,51.21067592075893,1.0,2.0,2674.8798828125,2656.10009765625,4.641891964641408,1449801.1434061865,3937.5,52.5,1.0,,0.25,,,,,,,,False,False,,,,76,Long,-0.07745737024705356,-0.039619047619047616,Liquid,39.22889781843404,on,False,False,False,0.0921690132466253,False,False,False,2018,1.25,1.25,1.25,1.0
2018-11-12,2018-11-14,2018-11-15,Time,2018-11-15,Indices Oversold Bounce,^GSPC,BUY,Limit Order -0.25 ATR (Persistent),2712.680145263672,2730.199951171875,2820.998748779297,41,718.0,54.1593017578125,1.0,2.0,2730.050048828125,2726.219970703125,7.816209421053346,1449645.538826806,2250.0,52.5,0.5714,,0.25,,,,,,,,False,False,,,,41,Long,0.6458485693122586,0.3191111111111111,Liquid,23.8393683608073,off,False,False,False,0.0673622578506663,False,False,False,2018,1.0,1.0,1.0,1.0
2018-11-12,2018-11-14,2018-11-15,Time,2018-11-15,Indices Oversold Bounce,^NDX,BUY,Limit Order -0.25 ATR (Persistent),6777.674752371652,6890.4501953125,7189.0775146484375,10,1128.0,205.70138113839286,1.0,2.0,6858.58984375,6829.10009765625,5.417578350369572,1449645.538826806,2250.0,52.5,0.5714,,0.25,,,,,,,,False,False,,,,10,Long,1.6639252702615348,0.5013333333333333,Liquid,23.8393683608073,off,False,False,False,0.0673622578506663,False,False,False,2018,1.0,1.0,1.0,1.0
2018-11-12,2018-11-13,2018-11-15,Time,2018-11-15,SPY QQQ MonFri Reversion,SPY,BUY,Limit (Open +/- 0.25 ATR),242.28384290422713,243.44569396972656,252.07828521728516,459,533.0,4.897221156529018,1.0,2.0,243.50814819335938,243.04443359375,10.603472548099484,1449645.538826806,2250.0,68.25,0.4396,,,,,,,,,,False,False,,,,459,Long,0.47954128990710465,0.2368888888888889,Liquid,23.8393683608073,off,False,False,False,0.0673622578506663,False,False,False,2018,1.0,1.0,1.0,1.0
2018-11-19,2018-11-20,2018-11-23,Time,2018-11-23,SPY QQQ MonFri Reversion,QQQ,BUY,Limit (Open +/- 0.25 ATR),149.9815412248884,151.74549865722656,157.68817138671875,583,1028.0,3.8533150809151784,1.0,2.0,150.9448699951172,154.46189880371094,9.701496995256926,1452024.8949375148,2250.0,68.25,0.4396,,,,,,,,,,False,False,,,,583,Long,1.176116352673843,0.4568888888888889,Liquid,23.428916281698594,on,False,False,False,0.0792351182595965,False,False,False,2018,1.25,1.25,1.25,1.0
2018-11-19,2018-11-20,2018-11-23,Time,2018-11-23,Indices Oversold Bounce,^NDX,BUY,Limit Order -0.25 ATR (Persistent),6475.68017578125,6527.35009765625,6804.179966517857,13,672.0,164.24989536830358,1.0,2.0,6475.68017578125,6642.919921875,8.964928897218359,1452024.8949375148,2250.0,52.5,0.5714,,0.25,,,,,,,,False,False,,,,13,Long,0.7979072541019422,0.2986666666666667,Liquid,23.428916281698594,on,False,False,False,0.0792351182595965,False,False,False,2018,1.25,1.25,1.25,1.0
2018-11-20,2018-11-21,2018-11-26,Time,2018-11-26,Weak Close Decent Sznls,VNQ,BUY,Limit (Open +/- 0.25 ATR),60.02161863871983,60.26822280883789,61.57315683364868,3806,939.0,0.7757690974644252,1.0,2.0,60.21556091308594,60.223079681396484,0.926082464544003,1453692.137513024,2953.125,39.375,1.0,,,,,,,,,,False,False,,,,3806,Long,0.4108589133565578,0.31796825396825396,Liquid,22.64762931082754,on,False,False,False,0.09627473283253551,False,False,False,2018,1.25,1.25,1.25,1.0
2018-11-20,2018-11-21,2018-11-26,Time,2018-11-26,Weak Close Decent Sznls,IYR,BUY,Limit (Open +/- 0.25 ATR),65.13087906156268,65.44474029541016,66.78990125656128,3560,1117.0,0.8295110974993024,1.0,2.0,65.3382568359375,65.34642791748047,0.0,1453692.137513024,2953.125,39.375,1.0,,,,,,,,,,False,False,,,,3560,Long,0.48189313328752936,0.37824338624338627,Liquid,22.64762931082754,on,False,False,False,0.09627473283253551,False,False,False,2018,1.25,1.25,1.25,1.0
2018-12-07,2018-12-10,2018-12-12,Time,2018-12-12,SPY QQQ MonFri Reversion,SPY,BUY,Limit (Open +/- 0.25 ATR),233.7245635986328,236.70465087890625,242.6565704345703,1146,3415.0,4.46600341796875,1.0,2.0,234.841064453125,235.01943969726562,10.942997047655854,1455780.9125689096,5118.75,68.25,1.0,,,,,,,,,,False,False,,,,1146,Long,1.2750423979359908,0.6671550671550671,Liquid,13.297292987656778,on,False,False,False,0.098156677116773,False,False,False,2018,1.25,1.25,1.25,1.0
2018-12-07,2018-12-10,2018-12-12,Time,2018-12-12,SPY QQQ MonFri Reversion,QQQ,BUY,Limit (Open +/- 0.25 ATR),152.5715274810791,157.3116912841797,160.2223300933838,1338,6342.0,3.8254013061523438,1.0,2.0,153.5278778076172,153.813720703125,8.306736228325917,1455780.9125689096,5118.75,68.25,1.0,,,,,,,,,,False,False,,,,1338,Long,3.1068469204966367,1.238974358974359,Liquid,13.297292987656778,on,False,False,False,0.098156677116773,False,False,False,2018,1.25,1.25,1.25,1.0
2018-12-14,2018-12-17,2018-12-19,Time,2018-12-19,Indices Oversold Bounce,^GSPC,BUY,Limit Order -0.25 ATR (Persistent),2586.70119367327,2506.9599609375,2692.6912536621094,42,-3349.0,52.995029994419646,1.0,2.0,2590.75,2599.949951171875,14.818981750139153,1465538.4317606515,2250.0,52.5,0.5714,,0.25,,,,,,,,False,False,,,,42,Long,-3.0827384674660796,-1.4884444444444445,Liquid,11.044592038076555,off,False,False,False,0.10876397815419914,False,False,False,2018,1.0,1.0,1.0,1.0
2018-12-14,2018-12-17,2018-12-19,Time,2018-12-19,Indices Oversold Bounce,^NDX,BUY,Limit Order -0.25 ATR (Persistent),6553.560677664621,6342.97021484375,6884.754943847656,13,-2738.0,165.59713309151786,1.0,2.0,6571.0,6594.9599609375,7.71374485275463,1465538.4317606515,2250.0,52.5,0.5714,,0.25,,,,,,,,False,False,,,,13,Long,-3.213374731366879,-1.216888888888889,Liquid,11.044592038076555,off,False,False,False,0.10876397815419914,False,False,False,2018,1.0,1.0,1.0,1.0
2018-12-14,2018-12-17,2018-12-19,Stop,2018-12-19,SPY QQQ MonFri Reversion,SPY,BUY,Limit (Open +/- 0.25 ATR),230.0960805075509,225.2083519838878,239.73637199401855,466,-2278.0,4.820145743233817,1.0,2.0,231.30111694335938,232.25518798828125,14.832600525656456,1465538.4317606515,2250.0,68.25,0.4396,,,,,,,,,,False,False,,,,466,Long,-2.12421198695851,-1.0124444444444445,Liquid,11.044592038076555,off,False,False,False,0.10876397815419914,False,False,False,2018,1.0,1.0,1.0,1.0
2018-12-14,2018-12-17,2018-12-19,Stop,2018-12-19,SPY QQQ MonFri Reversion,QQQ,BUY,Limit (Open +/- 0.25 ATR),151.89495195661272,147.9495876615252,159.69688415527344,576,-2273.0,3.900966099330357,1.0,2.0,152.8701934814453,153.52781677246094,12.218613102990307,1465538.4317606515,2250.0,68.25,0.4396,,,,,,,,,,False,False,,,,576,Long,-2.597429502604197,-1.0102222222222221,Liquid,11.044592038076555,off,False,False,False,0.10876397815419914,False,False,False,2018,1.0,1.0,1.0,1.0
2018-12-21,2018-12-24,2018-12-27,Time,2018-12-27,SPY QQQ MonFri Reversion,QQQ,BUY,Limit (Open +/- 0.25 ATR),138.44008881705147,146.2916717529297,147.95490074157715,1075,8440.0,4.757405962262835,1.0,2.0,139.6294403076172,140.65126037597656,11.533273234786199,1453975.458742005,5118.75,68.25,1.0,,,,,,,,,,False,False,,,,1075,Long,5.671466265999061,1.6488400488400488,Liquid,5.744506257356288,on,False,False,False,0.17160057601863943,False,False,False,2018,1.25,1.25,1.25,1.0
2018-12-21,2018-12-24,2018-12-27,Time,2018-12-27,Indices Oversold Bounce,^GSPC,BUY,Limit Order -0.25 ATR (Persistent),2400.0263671875,2488.830078125,2532.7763671875,33,2931.0,66.375,1.0,2.0,2400.56005859375,2416.6201171875,8.41861033715191,1453975.458742005,2250.0,52.5,0.5714,,0.25,,,,,,,,False,False,,,,33,Long,3.70011397172964,1.3026666666666666,Liquid,5.744506257356288,on,False,False,False,0.17160057601863943,False,False,False,2018,1.25,1.25,1.25,1.0
2018-12-21,2018-12-24,2018-12-27,Time,2018-12-27,SPY QQQ MonFri Reversion,SPY,BUY,Limit (Open +/- 0.25 ATR),212.88116727556502,222.49009704589844,224.96171188354492,372,3575.0,6.040272303989956,1.0,2.0,214.3912353515625,215.88003540039062,7.399739820112185,1453975.458742005,2250.0,68.25,0.4396,,,,,,,,,,False,False,,,,372,Long,4.513752857196191,1.5888888888888888,Liquid,5.744506257356288,on,False,False,False,0.17160057601863943,False,False,False,2018,1.25,1.25,1.25,1.0
2018-12-24,2018-12-26,2018-12-27,Target,2018-12-28,SPY QQQ MonFri Reversion,SPY,BUY,Limit (Open +/- 0.25 ATR),210.09817586626326,222.41543006896973,222.41543006896973,831,10236.0,6.158627101353237,1.0,2.0,211.63783264160156,210.17588806152344,1.0653284028878325,1449982.045141901,5118.75,68.25,1.0,,,,,,,,,,False,False,,,,831,Long,5.862618345885563,1.9997069597069597,Liquid,4.789165473363868,on,False,False,False,0.19348917892283302,False,False,False,2018,1.25,1.25,1.25,1.0
2019-03-06,2019-03-07,2019-03-08,Stop,2019-03-11,Weak Close Decent Sznls,XRT,BUY,Limit (Open +/- 0.25 ATR),40.16930062430246,39.48013282230922,41.52394104003906,4360,-3005.0,0.6773202078683036,1.0,2.0,40.33863067626953,40.553531646728516,1.2662050518777368,1479218.6412338524,2953.125,39.375,1.0,,,,,,,,,,False,False,,,,4360,Long,-1.715657955907474,-1.0175661375661376,Liquid,0.0,off,False,False,False,0.045533788631794136,False,False,False,2019,1.0,1.0,1.0,1.0
2019-03-22,2019-03-25,2019-03-27,Time,2019-03-27,SPY QQQ MonFri Reversion,SPY,BUY,Limit (Open +/- 0.25 ATR),250.5873680114746,251.91848754882812,255.61510848999023,2036,2710.0,2.5138702392578125,1.0,2.0,251.21583557128906,251.5581512451172,1.5153015021026504,1477028.9090909953,5118.75,68.25,1.0,,,,,,,,,,False,False,,,,2036,Long,0.5311997759171014,0.5294261294261294,Liquid,0.0,off,False,False,False,0.034692452209529434,False,False,False,2019,1.0,1.0,1.0,1.0
2019-03-22,2019-03-25,2019-03-27,Time,2019-03-27,SPY QQQ MonFri Reversion,QQQ,BUY,Limit (Open +/- 0.25 ATR),169.8258168356759,170.35382080078125,174.12638664245605,2380,1257.0,2.150284903390067,1.0,2.0,170.36338806152344,170.98580932617188,4.871930018100176,1477028.9090909953,5118.75,68.25,1.0,,,,,,,,,,False,False,,,,2380,Long,0.3109091273302928,0.24556776556776558,Liquid,0.0,off,False,False,False,0.034692452209529434,False,False,False,2019,1.0,1.0,1.0,1.0
2019-05-17,2019-05-20,2019-05-22,Time,2019-05-22,SPY QQQ MonFri Reversion,QQQ,BUY,Limit (Open +/- 0.25 ATR),171.94419288635254,173.3414306640625,179.06179237365723,1438,2009.0,3.5587997436523438,1.0,2.0,172.83389282226562,175.27577209472656,5.925366351709445,1480995.7179059978,5118.75,68.25,1.0,,,,,,,,,,False,False,,,,1438,Long,0.8126112049817659,0.39247863247863246,Liquid,23.32008445444479,on,False,False,True,0.027854306894303016,False,False,False,2019,1.25,1.25,1.25,1.0
2019-05-24,2019-05-28,2019-05-30,Time,2019-05-30,SPY QQQ MonFri Reversion,QQQ,BUY,Limit (Open +/- 0.25 ATR),170.23645755222864,169.2717742919922,176.9970188140869,1514,-1461.0,3.3802806309291293,1.0,2.0,171.08152770996094,170.60279846191406,11.518053794300206,1483004.9458303447,5118.75,68.25,1.0,,,,,,,,,,False,False,,,,1514,Long,-0.56667254130361,-0.2854212454212454,Liquid,18.870946350578432,on,False,False,False,0.03826080093647677,False,False,False,2019,1.25,1.25,1.25,1.0
2019-05-31,2019-06-03,2019-06-05,Time,2019-06-05,SPY QQQ MonFri Reversion,QQQ,BUY,Limit (Open +/- 0.25 ATR),165.39916937691825,168.7355194091797,171.17615127563477,1772,5912.0,2.888490949358259,1.0,2.0,166.1212921142578,166.5713653564453,5.634355993446596,1481544.4153743465,5118.75,68.25,1.0,,,,,,,,,,False,False,,,,1772,Long,2.0171504154645588,1.154969474969475,Liquid,16.940126154369523,on,False,False,False,0.063803065670892,False,False,False,2019,1.25,1.25,1.25,1.0
2019-05-31,2019-06-03,2019-06-05,Target,2019-06-05,SPY QQQ MonFri Reversion,SPY,BUY,Limit (Open +/- 0.25 ATR),247.16414179120744,253.92168617248535,253.92168617248535,1514,10231.0,3.378772190638951,1.0,2.0,248.0088348388672,247.97276306152344,1.595639246778989,1481544.4153743465,5118.75,68.25,1.0,,,,,,,,,,False,False,,,,1514,Long,2.7340310500972116,1.9987301587301587,Liquid,16.940126154369523,on,False,False,False,0.063803065670892,False,False,False,2019,1.25,1.25,1.25,1.0
2019-05-31,2019-06-03,2019-06-07,Target,2019-06-10,Monthly Weak Close,QQQ,BUY,Limit Order -0.25 ATR (Persistent),165.84924261910575,171.62622451782227,171.62622451782227,1168,6748.0,2.888490949358259,1.0,2.0,166.1212921142578,166.5713653564453,5.634355993446596,1481544.4153743465,3375.0,45.0,1.0,,0.25,,,,,,,,False,False,,,,1168,Long,3.4832730059455863,1.9994074074074073,Liquid,16.940126154369523,on,False,False,False,0.063803065670892,False,False,False,2019,1.25,1.25,1.25,1.0
2019-06-21,2019-06-24,2019-06-25,Stop,2019-06-26,SPY QQQ MonFri Reversion,SPY,BUY,Limit (Open +/- 0.25 ATR),265.71139744349887,263.11084277757914,270.7545928955078,2029,-5277.0,2.5215977260044644,1.0,2.0,266.341796875,266.133544921875,13.636624844363569,1507942.1324704029,5118.75,68.25,1.0,,,,,,,,,,False,False,,,,2029,Long,-0.9787140073555615,-1.030915750915751,Liquid,33.333505211805445,off,True,True,True,0.0014539646930930017,True,False,False,2019,1.0,1.0,1.0,1.0
2019-06-24,2019-06-25,2019-06-26,Stop,2019-06-27,Weak Close Decent Sznls,IYR,BUY,Limit (Open +/- 0.25 ATR),74.47890744890485,73.49477889175415,76.13330459594727,3570,-3513.0,0.8271985735212054,1.0,2.0,74.68570709228516,74.54356384277344,5.608241795729003,1508137.548091479,2953.125,39.375,1.0,,,,,,,,,,False,False,,,,3570,Long,-1.321352032219114,-1.1895873015873015,Liquid,35.39342678492598,off,True,True,True,0.0026765179320403787,True,False,False,2019,1.0,1.0,1.0,1.0
2019-06-24,2019-06-25,2019-06-27,Time,2019-06-27,Monday Dip,DIA,BUY,Limit (Open +/- 0.25 ATR),235.3282974788121,233.8828125,239.57069206237793,1591,-2300.0,2.121197291782924,1.0,2.0,235.8585968017578,235.66470336914062,8.643003587903639,1508137.548091479,3375.0,45.0,1.0,,,,,,,,,,False,False,,,,1591,Long,-0.6142418885864054,-0.6814814814814815,Liquid,35.39342678492598,off,True,True,True,0.0026765179320403787,True,False,False,2019,1.0,1.0,1.0,1.0
2019-06-25,2019-06-26,2019-06-28,Time,2019-06-28,Weak Close Decent Sznls,DIA,BUY,Limit (Open +/- 0.25 ATR),234.20618002755302,234.5003204345703,238.4643325805664,1387,408.0,2.1290762765066966,1.0,2.0,234.7384490966797,233.97976684570312,5.726892389291511,1497530.6653021397,2953.125,39.375,1.0,,,,,,,,,,False,False,,,,1387,Long,0.1255903695550182,0.13815873015873015,Liquid,36.90444538403717,off,False,True,True,0.012458088878028906,True,False,False,2019,1.0,1.0,1.0,1.0
2019-06-25,2019-06-26,2019-06-28,Time,2019-06-28,Weak Close Decent Sznls,SPY,BUY,Limit (Open +/- 0.25 ATR),263.5397175380162,265.2283935546875,267.9961471557617,1325,2237.0,2.228214808872768,1.0,2.0,264.0967712402344,263.2007141113281,3.8829972942306017,1497530.6653021397,2953.125,39.375,1.0,,,,,,,,,,False,False,,,,1325,Long,0.640767180160506,0.7575026455026455,Liquid,36.90444538403717,off,False,True,True,0.012458088878028906,True,False,False,2019,1.0,1.0,1.0,1.0
2019-06-26,2019-06-27,2019-07-01,Time,2019-07-01,Weak Close Decent Sznls,XLP,BUY,Limit (Open +/- 0.25 ATR),48.46449661254883,48.85501480102539,49.3139533996582,6952,2715.0,0.4247283935546875,1.0,2.0,48.5706787109375,48.50377655029297,3.3902367367135193,1491360.0157878052,2953.125,39.375,1.0,,,,,,,,,,False,False,,,,6952,Long,0.8057819966615445,0.9193650793650794,Liquid,37.88074959084132,off,False,True,True,0.013443390987342596,True,False,False,2019,1.0,1.0,1.0,1.0
2019-07-08,2019-07-09,2019-07-11,Stop,2019-07-11,Weak Close Decent Sznls,XLB,BUY,Limit (Open +/- 0.25 ATR),25.25896957942418,25.006002292483196,25.74989604949951,12030,-3043.0,0.2454632350376674,1.0,2.0,25.320335388183594,25.41197395324707,14.925752909859597,1497782.0631358277,2953.125,39.375,1.0,,,,,,,,,,False,False,,,,12030,Long,-1.0014948794548164,-1.0304338624338625,Liquid,36.537177434374826,off,True,True,True,0.006626616473232372,True,False,False,2019,1.0,1.0,1.0,1.0
2019-07-19,2019-07-22,2019-07-24,Time,2019-07-24,SPY QQQ MonFri Reversion,SPY,BUY,Limit (Open +/- 0.25 ATR),268.90568978445873,272.8684387207031,272.87184143066406,2581,10228.0,1.9830758231026786,1.0,2.0,269.4014587402344,269.00311279296875,6.149079165575631,1497313.067271777,5118.75,68.25,1.0,,,,,,,,,,False,False,,,,2581,Long,1.4736575263322749,1.9981440781440782,Liquid,31.93144931465879,off,False,True,True,0.011903196556483642,True,False,False,2019,1.0,1.0,1.0,1.0
2019-08-23,2019-08-26,2019-08-28,Time,2019-08-28,SPY QQQ MonFri Reversion,SPY,BUY,Limit (Open +/- 0.25 ATR),258.8944304330008,261.5079345703125,268.07077407836914,245,640.0,4.588171822684152,1.0,2.0,260.0414733886719,257.8508605957031,14.854733236077545,1507540.9222762238,1125.0,68.25,0.2198,,,,,,,,,,False,False,,,,245,Long,1.0094864277074616,0.5688888888888889,Liquid,15.65775909999508,on,False,False,False,0.05681929937502361,False,False,False,2019,1.25,1.25,1.25,1.0
2019-09-09,2019-09-10,2019-09-12,Target,2019-09-12,Weak Close Decent Sznls,ITA,BUY,Limit (Open +/- 0.25 ATR),102.91863523210797,106.12656021118164,106.12656021118164,1841,5906.0,1.6039624895368303,1.0,2.0,103.31962585449219,103.53937530517578,6.8967634014210955,1508181.2307898651,2953.125,39.375,1.0,,,,,,,,,,False,False,,,,1841,Long,3.11695250509198,1.9999153439153439,Liquid,14.26181930454635,off,False,True,True,0.012615286072885312,True,False,False,2019,1.0,1.0,1.0,1.0
2019-09-30,2019-10-01,2019-10-02,Stop,2019-10-03,Weak Close Decent Sznls,KRE,BUY,Limit (Open +/- 0.25 ATR),44.17599425997053,42.466522653579716,45.90909242630005,3407,-5824.0,0.8665490831647601,1.0,2.0,44.39263153076172,43.89374923706055,0.0,1513662.0324446808,2953.125,39.375,1.0,,,,,,,,,,False,False,,,,3407,Long,-3.8696845085834957,-1.9721481481481482,Liquid,23.99737984164016,off,False,True,True,0.012812869107713953,True,False,False,2019,1.0,1.0,1.0,1.0
2019-09-30,2019-10-01,2019-10-02,Stop,2019-10-03,Weak Close Decent Sznls,XLI,BUY,Limit (Open +/- 0.25 ATR),70.0012536730085,67.58317009277344,71.46723747253418,4028,-9740.0,0.7329918997628349,1.0,2.0,70.18450164794922,69.93228149414062,7.141344786909047,1513662.0324446808,2953.125,39.375,1.0,,,,,,,,,,False,False,,,,4028,Long,-3.4543432486659045,-3.2982010582010584,Liquid,23.99737984164016,off,False,True,True,0.012812869107713953,True,False,False,2019,1.0,1.0,1.0,1.0
2019-10-01,2019-10-02,2019-10-04,Time,2019-10-04,Indices Oversold Bounce,^GSPC,BUY,Limit Order -0.25 ATR (Persistent),2924.780029296875,2952.010009765625,2980.2943987165177,141,3839.0,27.757184709821427,1.0,2.0,2924.780029296875,2940.25,2.879521788033816,1502302.252663816,3937.5,52.5,1.0,,0.25,,,,,,,,False,False,,,,141,Long,0.9310095185276603,0.974984126984127,Liquid,23.28741238987755,off,False,False,True,0.02455465956052394,False,False,False,2019,1.0,1.0,1.0,1.0
2019-10-07,2019-10-08,2019-10-10,Time,2019-10-10,SPY QQQ MonFri Reversion,SPY,BUY,Limit (Open +/- 0.25 ATR),263.8281021118164,266.6715087890625,270.56900787353516,1518,4316.0,3.370452880859375,1.0,2.0,264.67071533203125,266.5259094238281,12.449966981577068,1499139.711358274,5118.75,68.25,1.0,,,,,,,,,,False,False,,,,1518,Long,1.0777497372288993,0.8431746031746031,Liquid,19.5013435869804,off,False,False,True,0.02508724072389512,False,False,False,2019,1.0,1.0,1.0,1.0
2019-11-21,2019-11-22,2019-11-26,Time,2019-11-26,Weak Close Decent Sznls,ITA,BUY,Limit (Open +/- 0.25 ATR),108.41635649544853,109.1276626586914,110.43194007873535,2930,2084.0,1.0077917916434151,1.0,2.0,108.66830444335938,108.14331817626953,5.581631262585734,1503456.0026943337,2953.125,39.375,1.0,,,,,,,,,,False,False,,,,2930,Long,0.656087500295901,0.7056931216931217,Liquid,24.603845627597543,off,True,True,True,0.005608996420704893,True,False,False,2019,1.0,1.0,1.0,1.0
2019-12-02,2019-12-03,2019-12-04,Target,2019-12-05,SPY QQQ MonFri Reversion,SPY,BUY,Limit (Open +/- 0.25 ATR),280.2614620753697,283.6521873474121,283.6521873474121,3019,10237.0,1.6953626360212053,1.0,2.0,280.685302734375,283.404296875,13.467437186896028,1505540.1297526353,5118.75,68.25,1.0,,,,,,,,,,False,False,,,,3019,Long,1.2098435678361468,1.9999023199023198,Liquid,27.966260172800236,off,False,True,True,0.012172185941891622,True,False,False,2019,1.0,1.0,1.0,1.0
2019-12-02,2019-12-03,2019-12-05,Target,2019-12-05,Monday Dip,IWM,BUY,Limit (Open +/- 0.25 ATR),146.08433396475655,149.0430850982666,149.0430850982666,2281,6749.0,1.4793755667550224,1.0,2.0,146.4541778564453,147.71751403808594,12.17364403548278,1505540.1297526353,3375.0,45.0,1.0,,,,,,,,,,False,False,,,,2281,Long,2.02537195687517,1.9997037037037038,Liquid,27.966260172800236,off,False,True,True,0.012172185941891622,True,False,False,2019,1.0,1.0,1.0,1.0
2019-12-02,2019-12-03,2019-12-05,Time,2019-12-05,Monday Dip,DIA,BUY,Limit (Open +/- 0.25 ATR),244.61502020699638,246.69891357421875,247.5521583557129,2298,4789.0,1.468569074358259,1.0,2.0,244.98216247558594,247.44602966308594,0.0,1505540.1297526353,3375.0,45.0,1.0,,,,,,,,,,False,False,,,,2298,Long,0.8519073626218683,1.418962962962963,Liquid,27.966260172800236,off,False,True,True,0.012172185941891622,True,False,False,2019,1.0,1.0,1.0,1.0
2019-12-02,2019-12-03,2019-12-05,Target,2019-12-05,Monday Dip,SMH,BUY,Limit (Open +/- 0.25 ATR),60.85053839002337,62.559292793273926,62.559292793273926,3950,6750.0,0.854377201625279,1.0,2.0,61.06413269042969,62.26500701904297,9.623312776159956,1505540.1297526353,3375.0,45.0,1.0,,,,,,,,,,False,False,,,,3950,Long,2.808117148115019,2.0,Liquid,27.966260172800236,off,False,True,True,0.012172185941891622,True,False,False,2019,1.0,1.0,1.0,1.0
2019-12-09,2019-12-10,2019-12-12,Target,2019-12-12,SPY QQQ MonFri Reversion,SPY,BUY,Limit (Open +/- 0.25 ATR),284.8881721496582,288.8777656555176,288.8777656555176,2566,10237.0,1.9947967529296875,1.0,2.0,285.3868713378906,285.4413757324219,5.797383395749234,1531806.7946407446,5118.75,68.25,1.0,,,,,,,,,,False,False,,,,2566,Long,1.4004068599111763,1.9999023199023198,Liquid,32.00818237318187,off,True,True,True,0.005071788463872462,True,False,False,2019,1.0,1.0,1.0,1.0
2019-12-09,2019-12-10,2019-12-12,Time,2019-12-12,SPY QQQ MonFri Reversion,QQQ,BUY,Limit (Open +/- 0.25 ATR),195.8838541848319,198.5870819091797,199.50784492492676,2824,7634.0,1.811995370047433,1.0,2.0,196.33685302734375,196.24075317382812,5.59109052382595,1531806.7946407446,5118.75,68.25,1.0,,,,,,,,,,False,False,,,,2824,Long,1.3800155891343013,1.4913797313797315,Liquid,32.00818237318187,off,True,True,True,0.005071788463872462,True,False,False,2019,1.0,1.0,1.0,1.0
2019-12-19,2019-12-20,2019-12-24,Time,2019-12-24,Weak Close Decent Sznls,XME,BUY,Limit (Open +/- 0.25 ATR),26.91649760518755,27.357952117919922,27.820295572280884,6534,2884.0,0.45189898354666574,1.0,2.0,27.02947235107422,27.063251495361328,3.9996081216782193,1548444.3701423227,2953.125,39.375,1.0,,,,,,,,,,False,False,,,,6534,Long,1.6400889863445314,0.9765925925925926,Liquid,51.36125280527339,off,True,True,True,0.0,True,True,False,2019,0.0,0.0,0.0,1.0
2020-02-24,2020-02-25,2020-02-26,Stop,2020-02-27,SPY QQQ MonFri Reversion,SPY,BUY,Limit (Open +/- 0.25 ATR),295.1809278215681,286.7457943084717,302.04014587402344,746,-6293.0,3.4296090262276784,1.0,2.0,296.038330078125,294.64923095703125,9.578213812338893,1551328.8339285161,2559.375,68.25,0.5,,,,,,,,,,False,False,,,,746,Long,-2.8576146756321887,-2.4588034188034187,Liquid,70.7412253521169,off,False,False,False,0.047053238318956137,False,True,True,2020,0.0,0.0,1.0,1.0
2020-02-25,2020-02-26,2020-02-28,Time,2020-02-28,Indices Oversold Bounce,^GSPC,BUY,Limit Order -0.25 ATR (Persistent),3117.672646658761,2954.219970703125,3201.971160888672,93,-15201.0,42.149257114955354,1.0,2.0,3139.89990234375,3128.2099609375,7.362301952249571,1544271.551837103,3937.5,52.5,1.0,,0.25,,,,,,,,False,False,,,,93,Long,-5.242778651915551,-3.8605714285714288,Liquid,68.10165892101199,off,False,False,False,0.07592944985096428,False,True,True,2020,0.0,0.0,1.0,1.0
2020-02-25,2020-02-27,2020-02-28,Time,2020-02-28,Indices Oversold Bounce,^NDX,BUY,Limit Order -0.25 ATR (Persistent),8632.5400390625,8461.830078125,8948.405691964286,24,-4097.0,157.93282645089286,1.0,2.0,8883.009765625,8834.8701171875,7.369785590210262,1544271.551837103,3937.5,52.5,1.0,,0.25,,,,,,,,False,False,,,,24,Long,-1.9775171637204387,-1.0405079365079366,Liquid,68.10165892101199,off,False,False,False,0.07592944985096428,False,True,True,2020,0.0,0.0,1.0,1.0
2020-02-26,2020-02-27,2020-03-02,Time,2020-03-02,Indices Oversold Bounce,^GSPC,BUY,Limit Order -0.25 ATR (Persistent),3062.5400390625,3090.22998046875,3151.6285574776784,88,2437.0,44.544259207589285,1.0,2.0,3062.5400390625,3116.389892578125,10.065152853509023,1549157.5780342638,3937.5,52.5,1.0,,0.25,,,,,,,,False,False,,,,88,Long,0.9041495312082974,0.6189206349206349,Liquid,64.57188237140504,off,False,False,False,0.07932815491817846,False,True,False,2020,0.0,0.0,1.0,1.0
2020-03-09,2020-03-11,2020-03-12,Time,2020-03-12,Indices Oversold Bounce,^GSPC,BUY,Limit Order -0.25 ATR (Persistent),2717.5066659109934,2480.639892578125,2949.933807373047,19,-4500.0,116.21357073102679,1.0,2.0,2813.47998046875,2746.56005859375,9.369790370152451,1526626.1776436386,2250.0,52.5,0.5714,,0.25,,,,,,,,False,False,,,,19,Long,-8.716327223928383,-2.0,Liquid,22.696639581736214,on,False,False,False,0.18948400086855244,False,False,False,2020,1.25,1.25,1.25,1.0
2020-03-09,2020-03-10,2020-03-12,Stop,2020-03-12,SPY QQQ MonFri Reversion,SPY,BUY,Limit (Open +/- 0.25 ATR),257.4527083805629,233.6459533859253,278.81761360168457,105,-2500.0,10.682452610560826,1.0,2.0,260.1233215332031,250.60992431640625,7.2625541990358045,1526626.1776436386,1125.0,68.25,0.2198,,,,,,,,,,False,False,,,,105,Long,-9.247040027035489,-2.2222222222222223,Liquid,22.696639581736214,on,False,False,False,0.18948400086855244,False,False,False,2020,1.25,1.25,1.25,1.0
2020-03-12,2020-03-16,2020-03-17,Time,2020-03-17,Indices Oversold Bounce,^GSPC,BUY,Limit Order -0.25 ATR (Persistent),2443.1940002441406,2529.18994140625,2742.7611389160156,26,2236.0,149.7835693359375,1.0,2.0,2569.989990234375,2480.639892578125,0.9774214308698916,1518900.8398993346,3937.5,52.5,1.0,,0.25,,,,,,,,False,False,,,,26,Long,3.5198163205016084,0.5678730158730159,Liquid,12.325882019786114,on,False,False,False,0.26668454766181726,False,False,False,2020,1.25,1.25,1.25,1.0
2020-03-12,2020-03-16,2020-03-17,Time,2020-03-17,Indices Oversold Bounce,^NDX,BUY,Limit Order -0.25 ATR (Persistent),7155.630109514509,7473.9501953125,8019.7884521484375,9,2865.0,432.0791713169643,1.0,2.0,7683.0400390625,7263.64990234375,1.452855309039861,1518900.8398993346,3937.5,52.5,1.0,,0.25,,,,,,,,False,False,,,,9,Long,4.448526278276116,0.7276190476190476,Liquid,12.325882019786114,on,False,False,False,0.26668454766181726,False,False,False,2020,1.25,1.25,1.25,1.0
2020-03-16,2020-03-18,2020-03-19,Time,2020-03-19,Indices Oversold Bounce,^GSPC,BUY,Limit Order -0.25 ATR (Persistent),2343.1580941336497,2409.389892578125,2686.932403564453,13,861.0,171.88715471540178,1.0,2.0,2425.659912109375,2386.1298828125,2.8509889543959788,1516199.920805794,2250.0,52.5,0.5714,,0.25,,,,,,,,False,False,,,,13,Long,2.826603915898539,0.38266666666666665,Liquid,8.79676712444152,on,False,False,False,0.29109773189364185,False,False,False,2020,1.25,1.25,1.25,1.0
2020-03-16,2020-03-18,2020-03-19,Time,2020-03-19,Indices Oversold Bounce,^NDX,BUY,Limit Order -0.25 ATR (Persistent),6895.538312639509,7288.52001953125,7894.2708740234375,4,1572.0,499.3662806919643,1.0,2.0,7198.52978515625,7020.3798828125,4.697810601756762,1516199.920805794,2250.0,52.5,0.5714,,0.25,,,,,,,,False,False,,,,4,Long,5.699072198198162,0.6986666666666667,Liquid,8.79676712444152,on,False,False,False,0.29109773189364185,False,False,False,2020,1.25,1.25,1.25,1.0
2020-03-16,2020-03-17,2020-03-19,Time,2020-03-19,SPY QQQ MonFri Reversion,SPY,BUY,Limit (Open +/- 0.25 ATR),219.9963218144008,219.7943115234375,251.49864768981934,71,-14.0,15.751162937709264,1.0,2.0,223.93411254882812,219.191162109375,12.743084098253913,1516199.920805794,1125.0,68.25,0.2198,,,,,,,,,,False,False,,,,71,Long,-0.09182439474316592,-0.012444444444444444,Liquid,8.79676712444152,on,False,False,False,0.29109773189364185,False,False,False,2020,1.25,1.25,1.25,1.0
2020-03-16,2020-03-17,2020-03-19,Time,2020-03-19,SPY QQQ MonFri Reversion,QQQ,BUY,Limit (Open +/- 0.25 ATR),166.17117636544364,171.21435546875,189.63220977783203,95,479.0,11.730516706194196,1.0,2.0,169.1038055419922,163.1576690673828,0.9020460796395896,1516199.920805794,1125.0,68.25,0.2198,,,,,,,,,,False,False,,,,95,Long,3.0349301326575424,0.42577777777777776,Liquid,8.79676712444152,on,False,False,False,0.29109773189364185,False,False,False,2020,1.25,1.25,1.25,1.0
2020-03-20,2020-03-23,2020-03-25,Time,2020-03-25,Indices Oversold Bounce,^GSPC,BUY,Limit Order -0.25 ATR (Persistent),2257.3233163016184,2475.56005859375,2638.096160888672,11,2401.0,190.38642229352678,1.0,2.0,2290.7099609375,2304.919921875,5.944659373715916,1526899.314633232,2250.0,52.5,0.5714,,0.25,,,,,,,,False,False,,,,11,Long,9.667943476067444,1.0671111111111111,Liquid,3.1528087678753915,on,False,False,False,0.31978073984879296,False,False,False,2020,1.25,1.25,1.25,1.0
2020-03-20,2020-03-23,2020-03-25,Time,2020-03-25,Indices Oversold Bounce,^NDX,BUY,Limit Order -0.25 ATR (Persistent),6855.690761021206,7469.6201171875,7964.4849853515625,4,2456.0,554.3971121651786,1.0,2.0,6952.7099609375,6994.2900390625,4.733045739485969,1526899.314633232,2250.0,52.5,0.5714,,0.25,,,,,,,,False,False,,,,4,Long,8.95503279781606,1.0915555555555556,Liquid,3.1528087678753915,on,False,False,False,0.31978073984879296,False,False,False,2020,1.25,1.25,1.25,1.0
2020-03-20,2020-03-23,2020-03-25,Time,2020-03-25,SPY QQQ MonFri Reversion,SPY,BUY,Limit (Open +/- 0.25 ATR),205.3899552481515,226.85963439941406,240.36418533325195,128,2748.0,17.487115042550222,1.0,2.0,209.76173400878906,210.3224334716797,1.8785203417154581,1526899.314633232,2250.0,68.25,0.4396,,,,,,,,,,False,False,,,,128,Long,10.453130059511901,1.2213333333333334,Liquid,3.1528087678753915,on,False,False,False,0.31978073984879296,False,False,False,2020,1.25,1.25,1.25,1.0
2020-03-20,2020-03-23,2020-03-25,Time,2020-03-25,SPY QQQ MonFri Reversion,QQQ,BUY,Limit (Open +/- 0.25 ATR),161.81149918692452,176.0604248046875,187.87870979309082,172,2451.0,13.033605303083148,1.0,2.0,165.0699005126953,164.5069122314453,4.69839349014483,1526899.314633232,2250.0,68.25,0.4396,,,,,,,,,,False,False,,,,172,Long,8.805879489011241,1.0893333333333333,Liquid,3.1528087678753915,on,False,False,False,0.31978073984879296,False,False,False,2020,1.25,1.25,1.25,1.0
2020-04-20,2020-04-21,2020-04-23,Time,2020-04-23,SPY QQQ MonFri Reversion,SPY,BUY,Limit (Open +/- 0.25 ATR),252.3009308406285,256.5419006347656,268.9470729827881,615,2608.0,8.323071071079799,1.0,2.0,254.38169860839844,258.8492126464844,4.4116390621376524,1536954.5703607276,5118.75,68.25,1.0,,,,,,,,,,False,False,,,,615,Long,1.6809172205615175,0.5094993894993896,Liquid,0.5890610685155042,off,False,False,False,0.16283671213407291,False,False,False,2020,1.0,1.0,1.0,1.0
2020-04-20,2020-04-21,2020-04-23,Time,2020-04-23,SPY QQQ MonFri Reversion,QQQ,BUY,Limit (Open +/- 0.25 ATR),201.80185045514787,203.31451416015625,214.52108001708984,804,1216.0,6.359614780970982,1.0,2.0,203.39175415039062,205.4585418701172,5.136038186157518,1536954.5703607276,5118.75,68.25,1.0,,,,,,,,,,False,False,,,,804,Long,0.7495787088159435,0.23755799755799756,Liquid,0.5890610685155042,off,False,False,False,0.16283671213407291,False,False,False,2020,1.0,1.0,1.0,1.0
2020-05-19,2020-05-20,2020-05-22,Time,2020-05-22,Weak Close Decent Sznls,IBB,BUY,Limit (Open +/- 0.25 ATR),129.40110342843192,131.21817016601562,136.69459533691406,809,1470.0,3.6467459542410716,1.0,2.0,130.3127899169922,129.12208557128906,6.603994382899048,1540778.9484029487,2953.125,39.375,1.0,,,,,,,,,,False,False,,,,809,Long,1.404212707188134,0.49777777777777776,Liquid,0.5095038607969352,off,False,False,False,0.13197694387966596,False,False,False,2020,1.0,1.0,1.0,1.0
2020-05-26,2020-05-27,2020-05-29,Time,2020-05-29,Weak Close Decent Sznls,IBB,BUY,Limit (Open +/- 0.25 ATR),127.48303658621651,132.59588623046875,134.61203002929688,828,4233.0,3.5644967215401784,1.0,2.0,128.37416076660156,128.7284393310547,2.272654462975659,1542248.9553936538,2953.125,39.375,1.0,,,,,,,,,,False,False,,,,828,Long,4.0106117497400735,1.4333968253968254,Liquid,0.3074853210627486,off,False,False,False,0.11083914013304641,False,False,False,2020,1.0,1.0,1.0,1.0
2020-05-26,2020-05-27,2020-05-29,Time,2020-05-29,Weak Close Decent Sznls,XBI,BUY,Limit (Open +/- 0.25 ATR),101.27794756208148,102.76124572753906,108.69883728027344,795,1179.0,3.710444859095982,1.0,2.0,102.20555877685547,102.75133514404297,4.661103228759597,1542248.9553936538,2953.125,39.375,1.0,,,,,,,,,,False,False,,,,795,Long,1.464581580850411,0.3992380952380952,Liquid,0.3074853210627486,off,False,False,False,0.11083914013304641,False,False,False,2020,1.0,1.0,1.0,1.0
2020-06-11,2020-06-12,2020-06-16,Target,2020-06-16,Indices Oversold Bounce,^GSPC,BUY,Limit Order -0.25 ATR (Persistent),2987.6226109095983,3103.4425048828125,3103.4425048828125,67,7760.0,57.909946986607146,1.0,2.0,3071.0400390625,3002.10009765625,2.1042458883456545,1547661.6169406336,3937.5,52.5,1.0,,0.25,,,,,,,,False,False,,,,67,Long,3.87665743157407,1.9707936507936508,Liquid,0.0,off,False,False,False,0.10629088612092619,False,False,False,2020,1.0,1.0,1.0,1.0
2020-06-11,2020-06-12,2020-06-16,Target,2020-06-16,Indices Oversold Bounce,^NDX,BUY,Limit Order -0.25 ATR (Persistent),9541.702096121651,9915.929077148438,9915.929077148438,21,7859.0,187.11349051339286,1.0,2.0,9785.580078125,9588.48046875,0.569083610940159,1547661.6169406336,3937.5,52.5,1.0,,0.25,,,,,,,,False,False,,,,21,Long,3.9220149325233664,1.995936507936508,Liquid,0.0,off,False,False,False,0.10629088612092619,False,False,False,2020,1.0,1.0,1.0,1.0
2020-06-26,2020-06-29,2020-07-01,Target,2020-07-01,Indices Oversold Bounce,^NDX,BUY,Limit Order -0.25 ATR (Persistent),9792.193394252232,10249.529052734375,10249.529052734375,9,4116.0,228.66782924107142,1.0,2.0,9850.5498046875,9849.3603515625,4.534852700179123,1565409.5097977766,2250.0,52.5,0.5714,,0.25,,,,,,,,False,False,,,,9,Long,4.670410806536843,1.8293333333333333,Liquid,0.0,off,False,False,False,0.10403008349947684,False,False,False,2020,1.0,1.0,1.0,1.0
2020-06-26,2020-06-29,2020-07-01,Time,2020-07-01,SPY QQQ MonFri Reversion,SPY,BUY,Limit (Open +/- 0.25 ATR),276.5731713431222,286.69891357421875,290.29053497314453,328,3321.0,6.858681815011161,1.0,2.0,278.287841796875,277.0321044921875,9.03818430137714,1565409.5097977766,2250.0,68.25,0.4396,,,,,,,,,,False,False,,,,328,Long,3.661144058884267,1.476,Liquid,0.0,off,False,False,False,0.10403008349947684,False,False,False,2020,1.0,1.0,1.0,1.0
2020-06-26,2020-06-29,2020-07-01,Target,2020-07-01,SPY QQQ MonFri Reversion,QQQ,BUY,Limit (Open +/- 0.25 ATR),230.8006763458252,241.67199897766113,241.67199897766113,413,4490.0,5.435661315917969,1.0,2.0,232.1595916748047,232.40142822265625,8.598818095742784,1565409.5097977766,2250.0,68.25,0.4396,,,,,,,,,,False,False,,,,413,Long,4.710264633517215,1.9955555555555555,Liquid,0.0,off,False,False,False,0.10403008349947684,False,False,False,2020,1.0,1.0,1.0,1.0
2020-07-13,2020-07-14,2020-07-15,Target,2020-07-16,Weak Close Decent Sznls,XRT,BUY,Limit (Open +/- 0.25 ATR),39.09234728131975,41.22100067138672,41.22100067138672,2774,5905.0,1.0643266950334822,1.0,2.0,39.358428955078125,39.56958770751953,5.2324654430202395,1577878.817104611,2953.125,39.375,1.0,,,,,,,,,,False,False,,,,2774,Long,5.4451920595828245,1.9995767195767196,Liquid,0.0,off,False,False,False,0.05986596656072962,False,False,False,2020,1.0,1.0,1.0,1.0
2020-07-13,2020-07-14,2020-07-16,Time,2020-07-16,Weak Close Decent Sznls,XLK,BUY,Limit (Open +/- 0.25 ATR),49.933646133967805,50.825016021728516,52.05429029464722,2785,2482.0,1.0603220803397042,1.0,2.0,50.198726654052734,50.60032653808594,6.5059814730074255,1577878.817104611,2953.125,39.375,1.0,,,,,,,,,,False,False,,,,2785,Long,1.785108752862227,0.8404656084656085,Liquid,0.0,off,False,False,False,0.05986596656072962,False,False,False,2020,1.0,1.0,1.0,1.0
2020-07-13,2020-07-14,2020-07-16,Time,2020-07-16,Weak Close Decent Sznls,XBI,BUY,Limit (Open +/- 0.25 ATR),110.4405630656651,115.42100524902344,117.41459369659424,846,4213.0,3.4870153154645647,1.0,2.0,111.31231689453125,111.1038818359375,3.7537138912808103,1577878.817104611,2953.125,39.375,1.0,,,,,,,,,,False,False,,,,846,Long,4.509613175728824,1.4266243386243387,Liquid,0.0,off,False,False,False,0.05986596656072962,False,False,False,2020,1.0,1.0,1.0,1.0
2020-07-13,2020-07-14,2020-07-16,Time,2020-07-16,Weak Close Decent Sznls,QQQ,BUY,Limit (Open +/- 0.25 ATR),246.22529411315918,250.68629455566406,257.22384452819824,537,2396.0,5.499275207519531,1.0,2.0,247.60011291503906,250.1251678466797,7.024854792120713,1577878.817104611,2953.125,39.375,1.0,,,,,,,,,,False,False,,,,537,Long,1.8117555544292354,0.8113439153439154,Liquid,0.0,off,False,False,False,0.05986596656072962,False,False,False,2020,1.0,1.0,1.0,1.0
2020-07-13,2020-07-14,2020-07-16,Time,2020-07-16,Indices Oversold Bounce,^NDX,BUY,Limit Order -0.25 ATR (Persistent),10502.849609375,10626.4599609375,10966.7880859375,9,1112.0,231.96923828125,1.0,2.0,10502.849609375,10602.2099609375,5.589322762958152,1577878.817104611,2250.0,52.5,0.5714,,0.25,,,,,,,,False,False,,,,9,Long,1.1769220369695055,0.49422222222222223,Liquid,0.0,off,False,False,False,0.05986596656072962,False,False,False,2020,1.0,1.0,1.0,1.0
2020-07-13,2020-07-14,2020-07-16,Time,2020-07-16,Monday Dip,SMH,BUY,Limit (Open +/- 0.25 ATR),75.03158051627022,76.82904052734375,78.46527671813965,1965,3532.0,1.7168481009347099,1.0,2.0,75.4607925415039,75.96185302734375,4.633833422494071,1577878.817104611,3375.0,45.0,1.0,,,,,,,,,,False,False,,,,1965,Long,2.3956046223546563,1.0465185185185186,Liquid,0.0,off,False,False,False,0.05986596656072962,False,False,False,2020,1.0,1.0,1.0,1.0
2020-07-13,2020-07-14,2020-07-16,Time,2020-07-16,SPY QQQ MonFri Reversion,QQQ,BUY,Limit (Open +/- 0.25 ATR),246.22529411315918,250.68629455566406,257.22384452819824,409,1825.0,5.499275207519531,1.0,2.0,247.60011291503906,250.1251678466797,7.024854792120713,1577878.817104611,2250.0,68.25,0.4396,,,,,,,,,,False,False,,,,409,Long,1.8117555544292354,0.8111111111111111,Liquid,0.0,off,False,False,False,0.05986596656072962,False,False,False,2020,1.0,1.0,1.0,1.0
2020-08-27,2020-08-28,2020-09-01,Time,2020-09-01,Weak Close Decent Sznls,ITB,BUY,Limit (Open +/- 0.25 ATR),52.91304670061384,53.73341751098633,55.19268798828125,2590,2125.0,1.1398206438337053,1.0,2.0,53.198001861572266,52.82511901855469,4.964615267076211,1600595.3145121837,2953.125,39.375,1.0,,,,,,,,,,False,False,,,,2590,Long,1.5504131051349397,0.7195767195767195,Liquid,39.20398311150704,off,True,True,True,0.0,True,False,False,2020,1.0,1.0,1.0,1.0
2020-08-31,2020-09-01,2020-09-02,Target,2020-09-03,SPY QQQ MonFri Reversion,SPY,BUY,Limit (Open +/- 0.25 ATR),322.68735449654713,327.9421806335449,327.9421806335449,974,5118.0,2.627413068498884,1.0,2.0,323.3442077636719,322.5132751464844,11.161280802715066,1598683.6629008555,2559.375,68.25,0.5,,,,,,,,,,False,False,,,,974,Long,1.6284574104852383,1.9997069597069597,Liquid,44.34213076434631,off,True,True,True,0.0036225769426366794,True,False,False,2020,1.0,1.0,1.0,1.0
2020-08-31,2020-09-01,2020-09-02,Target,2020-09-03,Monday Dip,IWM,BUY,Limit (Open +/- 0.25 ATR),144.25196729387557,147.8584213256836,147.8584213256836,1871,6748.0,1.8032270159040178,1.0,2.0,144.70277404785156,144.89854431152344,6.279899104114117,1598683.6629008555,3375.0,45.0,1.0,,,,,,,,,,False,False,,,,1871,Long,2.500107346515991,1.9994074074074073,Liquid,44.34213076434631,off,True,True,True,0.0036225769426366794,True,False,False,2020,1.0,1.0,1.0,1.0
2020-09-21,2020-09-22,2020-09-24,Time,2020-09-24,3x Bear ETF Overbot Fade,TZA,SELL SHORT,Limit (Open +/- 0.5 ATR),1293.897447858538,1346.267578125,,22,-1152.0,89.08908517020089,1.0,8.0,1249.3529052734375,1265.50537109375,58.400045610478166,1616590.1141631934,1968.7499999999998,37.5,0.7,,,,,,,,,,False,False,,,,22,Short,-4.047471486487358,-0.5851428571428572,Liquid,31.21903879645414,off,False,False,False,0.08225090344178332,False,False,False,2020,1.0,1.0,1.0,1.0
2020-09-23,2020-09-24,2020-09-28,Time,2020-09-28,3x Bear ETF Overbot Fade,TZA,SELL SHORT,Limit (Open +/- 0.5 ATR),1394.6746477399554,1184.041015625,,20,4213.0,95.40959821428571,1.0,8.0,1346.9698486328125,1344.8629150390625,96.37309619297135,1615468.8738852218,1968.7499999999995,37.5,0.7,,,,,,,,,,False,False,,,,20,Short,15.10270746344198,2.1399365079365085,Liquid,27.361374620063582,off,False,False,False,0.09440444548430649,False,False,False,2020,1.0,1.0,1.0,1.0
2020-10-16,2020-10-19,2020-10-20,Stop,2020-10-21,SPY QQQ MonFri Reversion,QQQ,BUY,Limit (Open +/- 0.25 ATR),279.662531716483,274.08929383757453,290.64450454711914,466,-2597.0,5.490986415318081,1.0,2.0,281.0352783203125,279.1197204589844,7.031562863884765,1619650.6439396301,2559.375,68.25,0.5,,,,,,,,,,False,False,,,,466,Long,-1.9928439625793382,-1.0147008547008547,Liquid,23.776876595817548,off,False,False,True,0.025215792942268833,False,False,False,2020,1.0,1.0,1.0,1.0
2020-10-16,2020-10-19,2020-10-21,Stop,2020-10-21,SPY QQQ MonFri Reversion,SPY,BUY,Limit (Open +/- 0.25 ATR),322.03506905691967,317.31022618931365,331.2943115234375,552,-2608.0,4.629621233258929,1.0,2.0,323.1924743652344,321.931884765625,5.205195273744025,1619650.6439396301,2559.375,68.25,0.5,,,,,,,,,,False,False,,,,552,Long,-1.4671827144300544,-1.018998778998779,Liquid,23.776876595817548,off,False,False,True,0.025215792942268833,False,False,False,2020,1.0,1.0,1.0,1.0
2020-10-19,2020-10-20,2020-10-22,Time,2020-10-22,SPY QQQ MonFri Reversion,QQQ,BUY,Limit (Open +/- 0.25 ATR),273.81576865059986,274.9305725097656,285.6753616333008,863,962.0,5.929796491350446,1.0,2.0,275.2982177734375,274.5630187988281,11.622369194804817,1614515.5150955052,5118.75,68.25,1.0,,,,,,,,,,False,False,,,,863,Long,0.40713647159901023,0.18793650793650793,Liquid,23.89884397494568,off,False,False,False,0.040036137671332406,False,False,False,2020,1.0,1.0,1.0,1.0
2020-10-19,2020-10-20,2020-10-22,Time,2020-10-22,Monday Dip,IWM,BUY,Limit (Open +/- 0.25 ATR),150.44077736990792,151.7206268310547,156.41248321533203,565,723.0,2.9858529227120534,1.0,2.0,151.18724060058594,150.1110076904297,9.500108025257529,1614515.5150955052,1687.5,45.0,0.5,,,,,,,,,,False,False,,,,565,Long,0.8507330814968063,0.42844444444444446,Liquid,23.89884397494568,off,False,False,False,0.040036137671332406,False,False,False,2020,1.0,1.0,1.0,1.0
2020-10-21,2020-10-22,2020-10-26,Stop,2020-10-26,Weak Close Decent Sznls,SMH,BUY,Limit (Open +/- 0.25 ATR),88.48659896850586,86.68179329185486,92.04418563842773,1660,-2996.0,1.7787933349609375,1.0,2.0,88.9312973022461,88.89274597167969,7.949139290494428,1615398.5360785201,2953.125,39.375,1.0,,,,,,,,,,False,False,,,,1660,Long,-2.0396372984042097,-1.0145185185185186,Liquid,23.664653163100333,off,False,False,False,0.03801524457519112,False,False,False,2020,1.0,1.0,1.0,1.0
2020-10-28,2020-10-29,2020-11-02,Time,2020-11-02,3x Bear ETF Overbot Fade,SDOW,SELL SHORT,Limit (Open +/- 0.5 ATR),279.95758165631975,261.89996337890625,,267,4821.0,10.517946515764509,1.0,8.0,274.6986083984375,274.0249938964844,93.91304690393085,1613959.4355841354,2812.5,37.5,1.0,,,,,,,,,,False,False,,,,267,Short,6.45012654080621,1.7141333333333333,Liquid,19.862074199284574,off,False,False,False,0.08312098709030946,False,False,False,2020,1.0,1.0,1.0,1.0
2020-10-28,2020-10-30,2020-11-02,Time,2020-11-02,Indices Oversold Bounce,^GSPC,BUY,Limit Order -0.25 ATR (Persistent),3257.617706298828,3310.239990234375,3364.916290283203,73,3841.0,53.6492919921875,1.0,2.0,3277.169921875,3271.030029296875,2.908186115949241,1613959.4355841354,3937.5,52.5,1.0,,0.25,,,,,,,,False,False,,,,73,Long,1.6153609379577618,0.9754920634920635,Liquid,19.862074199284574,off,False,False,False,0.08312098709030946,False,False,False,2020,1.0,1.0,1.0,1.0
2020-10-28,2020-10-30,2020-11-02,Time,2020-11-02,Indices Oversold Bounce,^NDX,BUY,Limit Order -0.25 ATR (Persistent),11081.21156529018,11084.759765625,11573.59716796875,15,53.0,246.19280133928572,1.0,2.0,11214.330078125,11142.759765625,2.296605603448276,1613959.4355841354,3937.5,52.5,1.0,,0.25,,,,,,,,False,False,,,,15,Long,0.032019967436906646,0.01346031746031746,Liquid,19.862074199284574,off,False,False,False,0.08312098709030946,False,False,False,2020,1.0,1.0,1.0,1.0
2020-10-29,2020-10-30,2020-11-03,Time,2020-11-03,3x Bear ETF Overbot Fade,SDOW,SELL SHORT,Limit (Open +/- 0.5 ATR),280.8188509259905,245.7333526611328,,246,8631.0,11.432135445731026,1.0,8.0,275.102783203125,270.522216796875,39.7162847113446,1624353.5533198619,2812.5,37.5,1.0,,,,,,,,,,False,False,,,,246,Short,12.493996805828546,3.0688,Liquid,18.519848221050506,off,False,False,False,0.07380242448032459,False,False,False,2020,1.0,1.0,1.0,1.0
2020-10-30,2020-11-02,2020-11-04,Target,2020-11-09,Monthly Weak Close,QQQ,BUY,Limit Order -0.25 ATR (Persistent),259.122316632952,271.04270935058594,271.04270935058594,566,6747.0,5.960196358816964,1.0,2.0,263.0019836425781,260.61236572265625,28.274131274131275,1617415.3442548332,3375.0,45.0,1.0,,0.25,,,,,,,,False,False,,,,566,Long,4.600295672147467,1.999111111111111,Liquid,17.049168248453356,off,False,False,False,0.08345780260633295,False,False,False,2020,1.0,1.0,1.0,1.0
2020-11-09,2020-11-10,2020-11-12,Time,2020-11-12,SPY QQQ MonFri Reversion,SPY,BUY,Limit (Open +/- 0.25 ATR),325.96856907435824,327.41949462890625,339.6521453857422,748,1085.0,6.841788155691964,1.0,2.0,327.67901611328125,328.6709289550781,4.8450589203570305,1641748.8794590393,5118.75,68.25,1.0,,,,,,,,,,False,False,,,,748,Long,0.4451121034976319,0.21196581196581196,Liquid,11.00820180096277,off,True,True,True,0.004810501769182407,True,False,False,2020,1.0,1.0,1.0,1.0
2020-11-09,2020-11-10,2020-11-12,Time,2020-11-12,SPY QQQ MonFri Reversion,QQQ,BUY,Limit (Open +/- 0.25 ATR),274.07863180977955,279.01324462890625,288.55724334716797,707,3489.0,7.239305768694196,1.0,2.0,275.8884582519531,279.1970520019531,4.265051481175093,1641748.8794590393,5118.75,68.25,1.0,,,,,,,,,,False,False,,,,707,Long,1.800436898908448,0.6816117216117216,Liquid,11.00820180096277,off,True,True,True,0.004810501769182407,True,False,False,2020,1.0,1.0,1.0,1.0
2020-11-18,2020-11-19,2020-11-23,Time,2020-11-23,Weak Close Decent Sznls,XLB,BUY,Limit (Open +/- 0.25 ATR),30.900581972939626,31.54255485534668,32.48482084274292,3728,2393.0,0.7921194349016462,1.0,2.0,31.09861183166504,31.17934226989746,2.857050266747143,1646322.9430369637,2953.125,39.375,1.0,,,,,,,,,,False,False,,,,3728,Long,2.077543015109696,0.8103280423280423,Liquid,10.537775496636149,off,False,True,True,0.017348371657815886,True,False,False,2020,1.0,1.0,1.0,1.0
2020-11-18,2020-11-19,2020-11-23,Time,2020-11-23,Indices Oversold Bounce,^GSPC,BUY,Limit Order -0.25 ATR (Persistent),3551.413072858538,3577.590087890625,3682.4288024902344,60,1571.0,65.50786481584821,1.0,2.0,3559.409912109375,3567.7900390625,0.8886415199354745,1646322.9430369637,3937.5,52.5,1.0,,0.25,,,,,,,,False,False,,,,60,Long,0.7370873084897799,0.398984126984127,Liquid,10.537775496636149,off,False,True,True,0.017348371657815886,True,False,False,2020,1.0,1.0,1.0,1.0
2020-11-20,2020-11-23,2020-11-25,Time,2020-11-25,Weak Close Decent Sznls,SPY,BUY,Limit (Open +/- 0.25 ATR),329.756160736084,336.1795349121094,341.2454490661621,514,3302.0,5.7446441650390625,1.0,2.0,331.19232177734375,329.3846740722656,3.2387908514154717,1648114.2350847367,2953.125,39.375,1.0,,,,,,,,,,False,False,,,,514,Long,1.9479163517937284,1.118137566137566,Liquid,9.827256509840664,off,False,True,True,0.019968592220513615,True,False,False,2020,1.0,1.0,1.0,1.0
2020-11-20,2020-11-23,2020-11-25,Time,2020-11-25,Weak Close Decent Sznls,XLP,BUY,Limit (Open +/- 0.25 ATR),57.37627049854824,57.87657928466797,59.2342095375061,3178,1590.0,0.9289695194789341,1.0,2.0,57.60851287841797,57.50472640991211,8.955155090565516,1648114.2350847367,2953.125,39.375,1.0,,,,,,,,,,False,False,,,,3178,Long,0.8719785754154074,0.5384126984126985,Liquid,9.827256509840664,off,False,True,True,0.019968592220513615,True,False,False,2020,1.0,1.0,1.0,1.0
2020-11-20,2020-11-23,2020-11-25,Time,2020-11-25,SPY QQQ MonFri Reversion,SPY,BUY,Limit (Open +/- 0.25 ATR),329.756160736084,336.1795349121094,341.2454490661621,445,2858.0,5.7446441650390625,1.0,2.0,331.19232177734375,329.3846740722656,3.2387908514154717,1648114.2350847367,2559.375,68.25,0.5,,,,,,,,,,False,False,,,,445,Long,1.9479163517937284,1.1166788766788767,Liquid,9.827256509840664,off,False,True,True,0.019968592220513615,True,False,False,2020,1.0,1.0,1.0,1.0
2020-11-20,2020-11-23,2020-11-25,Time,2020-11-25,SPY QQQ MonFri Reversion,QQQ,BUY,Limit (Open +/- 0.25 ATR),280.45724650791715,286.63677978515625,292.2021064758301,871,5382.0,5.872429983956473,1.0,2.0,281.92535400390625,280.9288635253906,3.2372631340065814,1648114.2350847367,5118.75,68.25,1.0,,,,,,,,,,False,False,,,,871,Long,2.2033780029515686,1.0514285714285714,Liquid,9.827256509840664,off,False,True,True,0.019968592220513615,True,False,False,2020,1.0,1.0,1.0,1.0
2020-11-23,2020-11-24,2020-11-25,Stop,2020-11-27,Weak Close Decent Sznls,VNQ,BUY,Limit (Open +/- 0.25 ATR),68.89160673958915,67.1673086108344,72.29989051818848,1732,-2986.0,1.7041418892996651,1.0,2.0,69.31764221191406,68.55743408203125,12.28029525669458,1652706.5830059722,2953.125,39.375,1.0,,,,,,,,,,False,False,,,,1732,Long,-2.502914666038513,-1.011132275132275,Liquid,9.201489103054595,off,False,True,True,0.014093821093697168,True,False,False,2020,1.0,1.0,1.0,1.0
2020-12-01,2020-12-02,2020-12-04,Time,2020-12-04,Weak Close Decent Sznls,XHB,BUY,Limit (Open +/- 0.25 ATR),53.84703608921596,54.25159454345703,56.01239776611328,2727,1103.0,1.0826808384486608,1.0,2.0,54.117706298828125,54.42373275756836,10.377333639404966,1663540.7307012412,2953.125,39.375,1.0,,,,,,,,,,False,False,,,,2727,Long,0.7513105337325912,0.3735026455026455,Liquid,5.045878165651871,off,True,True,True,0.0,True,False,False,2020,1.0,1.0,1.0,1.0
2020-12-02,2020-12-03,2020-12-07,Time,2020-12-07,Weak Close Decent Sznls,XLB,BUY,Limit (Open +/- 0.25 ATR),31.727382728031703,31.977537155151367,32.7959246635437,5527,1383.0,0.5342709677559989,1.0,2.0,31.860950469970703,31.771257400512695,12.036657792340774,1662218.6289071345,2953.125,39.375,1.0,,,,,,,,,,False,False,,,,5527,Long,0.7884496154756832,0.4683174603174603,Liquid,4.225569838978701,off,True,True,True,0.0,True,False,False,2020,1.0,1.0,1.0,1.0
2020-12-14,2020-12-15,2020-12-17,Time,2020-12-17,Weak Close Decent Sznls,ITA,BUY,Limit (Open +/- 0.25 ATR),90.46302713666644,89.77730560302734,93.85555076599121,1740,-1193.0,1.6962618146623885,1.0,2.0,90.88709259033203,90.51396179199219,1.3100710405348934,1666026.5651246468,2953.125,39.375,1.0,,,,,,,,,,False,False,,,,1740,Long,-0.7580130306751145,-0.403978835978836,Liquid,0.29638428415724793,off,False,True,True,0.01488520595337084,True,False,False,2020,1.0,1.0,1.0,1.0
2020-12-14,2020-12-15,2020-12-17,Time,2020-12-17,Weak Close Decent Sznls,KRE,BUY,Limit (Open +/- 0.25 ATR),43.51058803285871,44.238243103027344,45.81617307662964,2561,1864.0,1.152792521885463,1.0,2.0,43.79878616333008,43.436885833740234,13.999935069342989,1666026.5651246468,2953.125,39.375,1.0,,,,,,,,,,False,False,,,,2561,Long,1.6723632179347092,0.6311957671957672,Liquid,0.29638428415724793,off,False,True,True,0.01488520595337084,True,False,False,2020,1.0,1.0,1.0,1.0
2020-12-14,2020-12-15,2020-12-17,Time,2020-12-17,SPY QQQ MonFri Reversion,SPY,BUY,Limit (Open +/- 0.25 ATR),339.72924314226424,345.05999755859375,346.4829444885254,757,4035.0,3.3768506731305803,1.0,2.0,340.5734558105469,338.033447265625,3.564546016059296,1666026.5651246468,2559.375,68.25,0.5,,,,,,,,,,False,False,,,,757,Long,1.5691185036129545,1.5765567765567765,Liquid,0.29638428415724793,off,False,True,True,0.01488520595337084,True,False,False,2020,1.0,1.0,1.0,1.0
2020-12-14,2020-12-15,2020-12-17,Time,2020-12-17,Monday Dip,IWM,BUY,Limit (Open +/- 0.25 ATR),179.2295265197754,184.2606201171875,185.45959854125977,541,2722.0,3.1150360107421875,1.0,2.0,180.00828552246094,178.29039001464844,1.5427221143570988,1666026.5651246468,1687.5,45.0,0.5,,,,,,,,,,False,False,,,,541,Long,2.80706739291475,1.613037037037037,Liquid,0.29638428415724793,off,False,True,True,0.01488520595337084,True,False,False,2020,1.0,1.0,1.0,1.0
2020-12-14,2020-12-15,2020-12-17,Time,2020-12-17,Monday Dip,DIA,BUY,Limit (Open +/- 0.25 ATR),273.0809211730957,276.1186218261719,278.8959541320801,580,1762.0,2.9075164794921875,1.0,2.0,273.80780029296875,272.1245422363281,2.083158630328442,1666026.5651246468,1687.5,45.0,0.5,,,,,,,,,,False,False,,,,580,Long,1.1123811359749618,1.044148148148148,Liquid,0.29638428415724793,off,False,True,True,0.01488520595337084,True,False,False,2020,1.0,1.0,1.0,1.0
2020-12-28,2020-12-29,2020-12-31,Stop,2020-12-31,Weak Close Decent Sznls,IBB,BUY,Limit (Open +/- 0.25 ATR),151.01373481750488,147.9917925233841,156.96879768371582,991,-2995.0,2.9775314331054688,1.0,2.0,151.75811767578125,151.5116424560547,6.060700802726299,1675216.0033989623,2953.125,39.375,1.0,,,,,,,,,,False,False,,,,991,Long,-2.001104268941295,-1.014179894179894,Liquid,0.0,off,True,True,True,0.0,True,False,False,2020,1.0,1.0,1.0,1.0
2020-12-28,2020-12-29,2020-12-31,Stop,2020-12-31,Weak Close Decent Sznls,XBI,BUY,Limit (Open +/- 0.25 ATR),145.10610035487585,140.78781330255782,153.65817642211914,690,-2980.0,4.276038033621652,1.0,2.0,146.17510986328125,145.63818359375,1.7343535645016321,1675216.0033989623,2953.125,39.375,1.0,,,,,,,,,,False,False,,,,690,Long,-2.97595141882877,-1.009100529100529,Liquid,0.0,off,True,True,True,0.0,True,False,False,2020,1.0,1.0,1.0,1.0
2020-12-28,2020-12-29,2020-12-31,Time,2020-12-31,Weak Close Decent Sznls,XME,BUY,Limit (Open +/- 0.25 ATR),30.75225465638297,31.874727249145508,32.640299558639526,3128,3511.0,0.9440224511282784,1.0,2.0,30.98826026916504,30.883413314819336,4.705921126972767,1675216.0033989623,2953.125,39.375,1.0,,,,,,,,,,False,False,,,,3128,Long,3.650049745310483,1.188910052910053,Liquid,0.0,off,True,True,True,0.0,True,False,False,2020,1.0,1.0,1.0,1.0
2020-12-28,2020-12-29,2020-12-31,Time,2020-12-31,Monday Dip,IWM,BUY,Limit (Open +/- 0.25 ATR),185.68748555864607,184.04478454589844,191.92063331604004,1082,-1777.0,3.1165738786969865,1.0,2.0,186.4666290283203,186.1192626953125,4.590294987608921,1675216.0033989623,3375.0,45.0,1.0,,,,,,,,,,False,False,,,,1082,Long,-0.8846589783934677,-0.5265185185185185,Liquid,0.0,off,True,True,True,0.0,True,False,False,2020,1.0,1.0,1.0,1.0
2021-01-26,2021-01-27,2021-01-29,Time,2021-01-29,Weak Close Decent Sznls,IHI,BUY,Limit (Open +/- 0.25 ATR),54.07910244805472,54.37555694580078,55.56359243392944,3978,1179.0,0.7422449929373605,1.0,2.0,54.26466369628906,54.742488861083984,0.0,1671783.0132741234,2953.125,39.375,1.0,,,,,,,,,,False,False,,,,3978,Long,0.5481867936525372,0.3992380952380952,Liquid,19.820086585234947,off,True,True,True,0.0015609225433442786,True,False,False,2021,1.0,1.0,1.0,1.0
2021-02-22,2021-02-23,2021-02-24,Target,2021-02-25,SPY QQQ MonFri Reversion,SPY,BUY,Limit (Open +/- 0.25 ATR),357.2662140982492,363.88113021850586,363.88113021850586,1547,10233.0,3.307458060128348,1.0,2.0,358.09307861328125,360.29937744140625,10.070116329364627,1672962.3092661574,5118.75,68.25,1.0,,,,,,,,,,False,False,,,,1547,Long,1.8515369937660997,1.9991208791208792,Liquid,29.79742046403541,off,False,True,True,0.014287882651208283,True,False,False,2021,1.0,1.0,1.0,1.0
2021-02-22,2021-02-23,2021-02-25,Stop,2021-02-25,SPY QQQ MonFri Reversion,QQQ,BUY,Limit (Open +/- 0.25 ATR),306.1604804992676,301.7583566120148,314.78361892700195,1187,-5225.0,4.3115692138671875,1.0,2.0,307.2383728027344,312.51080322265625,3.7700117583212736,1672962.3092661574,5118.75,68.25,1.0,,,,,,,,,,False,False,,,,1187,Long,-1.4378485035279822,-1.0207570207570207,Liquid,29.79742046403541,off,False,True,True,0.014287882651208283,True,False,False,2021,1.0,1.0,1.0,1.0
2021-02-22,2021-02-23,2021-02-25,Time,2021-02-25,Monday Dip,SMH,BUY,Limit (Open +/- 0.25 ATR),115.67560740879604,114.5301742553711,121.53185653686523,1152,-1320.0,2.928124564034598,1.0,2.0,116.40763854980469,118.65380096435547,11.111196453019598,1672962.3092661574,3375.0,45.0,1.0,,,,,,,,,,False,False,,,,1152,Long,-0.9902114880425922,-0.39111111111111113,Liquid,29.79742046403541,off,False,True,True,0.014287882651208283,True,False,False,2021,1.0,1.0,1.0,1.0
2021-02-25,2021-02-26,2021-03-01,Target,2021-03-02,Indices Oversold Bounce,^GSPC,BUY,Limit Order -0.25 ATR (Persistent),3818.316698346819,3906.5038146972656,3906.5038146972656,89,7849.0,44.093558175223215,1.0,2.0,3839.659912109375,3829.340087890625,13.786314219467016,1679643.421655858,3937.5,52.5,1.0,,0.25,,,,,,,,False,False,,,,89,Long,2.309580983385378,1.9933968253968255,Liquid,27.523435546610642,off,False,False,True,0.026258321698943266,False,False,False,2021,1.0,1.0,1.0,1.0
2021-02-25,2021-02-26,2021-03-02,Time,2021-03-02,3x Bear ETF Overbot Fade,SQQQ,SELL SHORT,Limit (Open +/- 0.5 ATR),1471.9349452427455,1393.0931396484375,,40,3154.0,68.97780064174107,1.0,8.0,1437.446044921875,1481.79931640625,87.97470731380176,1679643.421655858,2812.5,37.5,1.0,,,,,,,,,,False,False,,,,40,Short,5.356337645839756,1.1214222222222223,Liquid,27.523435546610642,off,False,False,True,0.026258321698943266,False,False,False,2021,1.0,1.0,1.0,1.0
2021-03-03,2021-03-04,2021-03-08,Time,2021-03-08,3x Bear ETF Overbot Fade,SQQQ,SELL SHORT,Limit (Open +/- 0.5 ATR),1566.2934788295202,1645.099853515625,,28,-2207.0,90.36234828404018,1.0,8.0,1521.1123046875,1514.0562744140625,98.31927813219657,1690228.8938107477,2531.25,37.5,0.9,,,,,,,,,,False,False,,,,28,Short,-5.031392631794412,-0.8719012345679013,Liquid,24.40067493531974,off,False,False,True,0.028575765302416456,False,False,False,2021,1.0,1.0,1.0,1.0
2021-03-03,2021-03-04,2021-03-08,Time,2021-03-08,3x Bear ETF Overbot Fade,LABD,SELL SHORT,Limit (Open +/- 0.5 ATR),209.00552667890275,219.0305938720703,,146,-1464.0,17.235418592180526,1.0,8.0,200.3878173828125,199.23919677734375,98.5714638162967,1690228.8938107477,2531.25,37.5,0.9,,,,,,,,,,False,False,,,,146,Short,-4.7965560301040115,-0.5783703703703704,Liquid,24.40067493531974,off,False,False,True,0.028575765302416456,False,False,False,2021,1.0,1.0,1.0,1.0
2021-03-04,2021-03-05,2021-03-09,Time,2021-03-09,3x Bear ETF Overbot Fade,LABD,SELL SHORT,Limit (Open +/- 0.5 ATR),217.84221948896135,187.39971923828125,,148,4505.0,18.952017102922714,1.0,8.0,208.3662109375,217.528564453125,69.11766448816498,1688358.5436013753,2812.5,37.5,1.0,,,,,,,,,,False,False,,,,148,Short,13.97456393994494,1.6017777777777777,Liquid,23.510837480268645,off,False,False,False,0.040596883035431186,False,False,False,2021,1.0,1.0,1.0,1.0
2021-03-24,2021-03-25,2021-03-26,Target,2021-03-29,Weak Close Decent Sznls,IYR,BUY,Limit (Open +/- 0.25 ATR),78.74563680376325,81.31160926818848,81.31160926818848,2301,5904.0,1.2829862322126115,1.0,2.0,79.0663833618164,79.19487762451172,4.310798023341395,1691064.145546435,2953.125,39.375,1.0,,,,,,,,,,False,False,,,,2301,Long,3.2585582751965267,1.9992380952380953,Liquid,15.482361515321813,off,False,False,True,0.021323026103790443,False,False,False,2021,1.0,1.0,1.0,1.0
2021-03-24,2021-03-25,2021-03-26,Target,2021-03-29,Weak Close Decent Sznls,VNQ,BUY,Limit (Open +/- 0.25 ATR),73.93932737622943,76.42690563201904,76.42690563201904,2374,5906.0,1.2437891278948103,1.0,2.0,74.25027465820312,74.36103820800781,0.0,1691064.145546435,2953.125,39.375,1.0,,,,,,,,,,False,False,,,,2374,Long,3.36435066974837,1.9999153439153439,Liquid,15.482361515321813,off,False,False,True,0.021323026103790443,False,False,False,2021,1.0,1.0,1.0,1.0
2021-03-24,2021-03-25,2021-03-29,Time,2021-03-29,Indices Oversold Bounce,^GSPC,BUY,Limit Order -0.25 ATR (Persistent),3875.3800659179688,3971.090087890625,3985.4586791992188,71,6795.0,55.039306640625,1.0,2.0,3879.340087890625,3889.139892578125,0.13171893206342772,1691064.145546435,3937.5,52.5,1.0,,0.25,,,,,,,,False,False,,,,71,Long,2.469693819565675,1.7257142857142858,Liquid,15.482361515321813,off,False,False,True,0.021323026103790443,False,False,False,2021,1.0,1.0,1.0,1.0
2021-03-24,2021-03-25,2021-03-29,Time,2021-03-29,Indices Oversold Bounce,^NDX,BUY,Limit Order -0.25 ATR (Persistent),12707.580078125,12965.740234375,13353.39439174107,12,3098.0,322.9071568080357,1.0,2.0,12707.580078125,12798.8798828125,0.3684276694418059,1691064.145546435,3937.5,52.5,1.0,,0.25,,,,,,,,False,False,,,,12,Long,2.031544595138144,0.7867936507936508,Liquid,15.482361515321813,off,False,False,True,0.021323026103790443,False,False,False,2021,1.0,1.0,1.0,1.0
2021-03-29,2021-03-30,2021-04-01,Time,2021-04-01,3x Bear ETF Overbot Fade,LABD,SELL SHORT,Limit (Open +/- 0.5 ATR),240.29719924926758,187.04632568359375,,128,6816.0,21.858253479003906,1.0,8.0,229.36807250976562,224.77365112304688,90.65419354005668,1714212.8061152175,2812.5,37.5,1.0,,,,,,,,,,False,False,,,,128,Short,22.160422065691694,2.4234666666666667,Liquid,13.395835551013153,off,True,True,True,0.0005050800941012179,True,False,False,2021,1.0,1.0,1.0,1.0
2021-04-22,2021-04-23,2021-04-26,Target,2021-04-27,Weak Close Decent Sznls,XLB,BUY,Limit (Open +/- 0.25 ATR),36.96128422873361,37.90586757659912,37.90586757659912,6252,5906.0,0.4722916739327567,1.0,2.0,37.0793571472168,36.91643524169922,7.142857142857142,1721028.9179316238,2953.125,39.375,1.0,,,,,,,,,,False,False,,,,6252,Long,2.555602078163706,1.9999153439153439,Liquid,34.80044371703531,off,False,True,True,0.011958837093224872,True,False,False,2021,1.0,1.0,1.0,1.0
2021-04-22,2021-04-23,2021-04-27,Stop,2021-04-27,Weak Close Decent Sznls,XLU,BUY,Limit (Open +/- 0.25 ATR),28.56370963369097,28.202083295532635,29.270035982131958,8361,-3024.0,0.35316317422049387,1.0,2.0,28.652000427246094,28.639110565185547,8.332768030588017,1721028.9179316238,2953.125,39.375,1.0,,,,,,,,,,False,False,,,,8361,Long,-1.2660342189300062,-1.024,Liquid,34.80044371703531,off,False,True,True,0.011958837093224872,True,False,False,2021,1.0,1.0,1.0,1.0
2021-05-03,2021-05-04,2021-05-06,Time,2021-05-06,Indices Oversold Bounce,^NDX,BUY,Limit Order -0.25 ATR (Persistent),13680.6298828125,13613.73046875,14037.504324776786,12,-803.0,178.43722098214286,1.0,2.0,13680.6298828125,13799.7197265625,8.840897103676015,1723037.1417120174,2250.0,52.5,0.5714,,0.25,,,,,,,,False,False,,,,12,Long,-0.48900828862089385,-0.35688888888888887,Liquid,60.691950246382774,off,True,True,True,0.0044279507653879335,True,True,False,2021,0.0,0.0,0.0,1.0
2021-05-03,2021-05-04,2021-05-06,Stop,2021-05-06,SPY QQQ MonFri Reversion,QQQ,BUY,Limit (Open +/- 0.25 ATR),322.6159313746861,318.1971817678724,331.26245498657227,520,-2298.0,4.323261805943081,1.0,2.0,323.6967468261719,326.24896240234375,10.772493942451447,1723037.1417120174,2250.0,68.25,0.4396,,,,,,,,,,False,False,,,,520,Long,-1.3696625544762027,-1.0213333333333334,Liquid,60.691950246382774,off,True,True,True,0.0044279507653879335,True,True,False,2021,0.0,0.0,0.0,1.0
2021-05-03,2021-05-04,2021-05-06,Time,2021-05-06,Monday Dip,SMH,BUY,Limit (Open +/- 0.25 ATR),114.56845760345459,116.53376770019531,119.81205654144287,1287,2529.0,2.6217994689941406,1.0,2.0,115.22390747070312,116.51921844482422,14.126278865828706,1723037.1417120174,3375.0,45.0,1.0,,,,,,,,,,False,False,,,,1287,Long,1.71540242214229,0.7493333333333333,Liquid,60.691950246382774,off,True,True,True,0.0044279507653879335,True,True,False,2021,0.0,0.0,0.0,1.0
2021-05-10,2021-05-11,2021-05-12,Stop,2021-05-13,SPY QQQ MonFri Reversion,SPY,BUY,Limit (Open +/- 0.25 ATR),384.8985230582101,381.06490702062337,392.3370475769043,1376,-5275.0,3.719262259347098,1.0,2.0,385.8283386230469,390.348876953125,2.637177643308303,1724291.233464342,5118.75,68.25,1.0,,,,,,,,,,False,False,,,,1376,Long,-0.9960069493451847,-1.0305250305250304,Liquid,74.71872344279944,off,True,True,True,0.009902253121362392,True,True,True,2021,0.0,0.0,0.0,1.0
2021-05-11,2021-05-12,2021-05-14,Time,2021-05-14,3x Bear ETF Overbot Fade,SQQQ,SELL SHORT,Limit (Open +/- 0.5 ATR),1307.302699497768,1202.576171875,,51,5341.0,54.217459542410715,1.0,8.0,1280.1939697265625,1221.7283935546875,10.0,1726997.17628312,2812.5,37.5,1.0,,,,,,,,,,False,False,,,,51,Short,8.01088589987622,1.8990222222222222,Liquid,76.34175930434671,off,False,True,True,0.018738779017806295,True,True,True,2021,0.0,0.0,0.0,1.0
2021-05-12,2021-05-13,2021-05-17,Time,2021-05-17,3x Bear ETF Overbot Fade,SQQQ,SELL SHORT,Limit (Open +/- 0.5 ATR),1309.0307442801338,1223.7447509765625,,39,3326.0,57.673549107142854,1.0,8.0,1280.1939697265625,1316.48291015625,85.13518820961127,1715219.60760985,2250.0,37.5,0.8,,,,,,,,,,False,False,,,,39,Short,6.515201699901407,1.4782222222222223,Liquid,77.57970904896293,off,False,False,False,0.03958586806067832,False,True,True,2021,0.0,0.0,1.0,1.0
2021-05-18,2021-05-19,2021-05-20,Target,2021-05-21,Indices Oversold Bounce,^NDX,BUY,Limit Order -0.25 ATR (Persistent),12998.5302734375,13501.0830078125,13501.0830078125,15,7538.0,251.2763671875,1.0,2.0,12998.5302734375,13217.6796875,2.573709242665501,1724355.005001033,3937.5,52.5,1.0,,0.25,,,,,,,,False,False,,,,15,Long,3.866227364196448,1.9144126984126983,Liquid,77.53888414976612,on,False,False,True,0.02411641320554303,False,True,True,2021,1.0,1.0,1.0,1.0
2021-05-18,2021-05-19,2021-05-21,Time,2021-05-21,Indices Oversold Bounce,^GSPC,BUY,Limit Order -0.25 ATR (Persistent),4098.4501953125,4155.85986328125,4201.781808035715,76,4363.0,51.665806361607146,1.0,2.0,4098.4501953125,4127.830078125,4.262877442273535,1724355.005001033,3937.5,52.5,1.0,,0.25,,,,,,,,False,False,,,,76,Long,1.4007652949988478,1.108063492063492,Liquid,77.53888414976612,on,False,False,True,0.02411641320554303,False,True,True,2021,1.0,1.0,1.0,1.0
2021-05-21,2021-05-24,2021-05-26,Time,2021-05-26,SPY QQQ MonFri Reversion,QQQ,BUY,Limit (Open +/- 0.25 ATR),318.0465638296945,324.249755859375,330.7189750671387,403,2500.0,6.336205618722098,1.0,2.0,319.630615234375,317.34039306640625,8.767353995424433,1736151.5333213455,2559.375,68.25,0.5,,,,,,,,,,False,False,,,,403,Long,1.9504037254752902,0.9768009768009768,Liquid,74.17933290065191,on,False,True,True,0.017009371866504197,True,True,True,2021,1.0,0.0,1.0,1.0
2021-06-17,2021-06-18,2021-06-22,Time,2021-06-22,3x Bear ETF Overbot Fade,FAZ,SELL SHORT,Limit (Open +/- 0.5 ATR),266.45565250941684,250.40753173828125,,296,4750.0,9.475452968052455,1.0,8.0,261.7179260253906,251.28424072265625,89.93290981485958,1738651.4197093067,2812.5,37.5,1.0,,,,,,,,,,False,False,,,,296,Short,6.022811158253972,1.6888888888888889,Liquid,77.44871780674968,off,True,True,True,0.007736547845105801,True,True,True,2021,0.0,0.0,0.0,1.0
2021-07-13,2021-07-14,2021-07-15,Stop,2021-07-16,Weak Close Decent Sznls,XLY,BUY,Limit (Open +/- 0.25 ATR),87.54901354653495,86.66858328095846,89.25785732269287,3456,-3043.0,0.854421888078962,1.0,2.0,87.76261901855469,87.28184509277344,6.549788649435244,1743401.6634575627,2953.125,39.375,1.0,,,,,,,,,,False,False,,,,3456,Long,-1.005642702197344,-1.0304338624338625,Liquid,56.07751864042759,off,True,True,True,0.003408966692644344,True,True,False,2021,0.0,0.0,0.0,1.0
2021-07-14,2021-07-15,2021-07-19,Time,2021-07-19,Weak Close Decent Sznls,IHI,BUY,Limit (Open +/- 0.25 ATR),59.02734565734863,59.16693878173828,60.144121170043945,5288,738.0,0.5583877563476562,1.0,2.0,59.16694259643555,59.56360626220703,14.522729035761383,1741929.997250113,2953.125,39.375,1.0,,,,,,,,,,False,False,,,,5288,Long,0.23648890668399847,0.2499047619047619,Liquid,54.3513551512203,off,True,True,True,0.0019219120853196658,True,True,False,2021,0.0,0.0,0.0,1.0
2021-07-14,2021-07-15,2021-07-19,Time,2021-07-19,3x Bear ETF Overbot Fade,TZA,SELL SHORT,Limit (Open +/- 0.5 ATR),297.8381445748465,316.113037109375,,214,-3911.0,13.13637215750558,1.0,8.0,291.26995849609375,287.1440124511719,95.49178342551512,1741929.997250113,2812.5,37.5,1.0,,,,,,,,,,False,False,,,,214,Short,-6.135846891141241,-1.3905777777777777,Liquid,54.3513551512203,off,True,True,True,0.0019219120853196658,True,True,False,2021,0.0,0.0,0.0,1.0
2021-07-15,2021-07-16,2021-07-20,Time,2021-07-20,3x Bear ETF Overbot Fade,TZA,SELL SHORT,Limit (Open +/- 0.5 ATR),289.87790080479215,286.9685363769531,,207,602.0,13.543948582240514,1.0,8.0,283.1059265136719,291.7966613769531,34.23902569896577,1742997.4025627875,2812.5,37.5,1.0,,,,,,,,,,False,False,,,,207,Short,1.0036516822295571,0.21404444444444445,Liquid,53.0180657736819,off,True,True,True,0.005330655239164539,True,True,False,2021,0.0,0.0,0.0,1.0
2021-07-16,2021-07-19,2021-07-20,Target,2021-07-21,SPY QQQ MonFri Reversion,SPY,BUY,Limit (Open +/- 0.25 ATR),398.5717364719936,404.8498954772949,404.8498954772949,716,4495.0,3.1390795026506697,1.0,2.0,399.35650634765625,404.1822814941406,8.171179105707026,1740021.4343037936,2250.0,68.25,0.4396,,,,,,,,,,False,False,,,,716,Long,1.5751641250012456,1.9977777777777779,Liquid,52.05597875014231,on,False,True,True,0.013132457394063657,True,True,False,2021,1.0,0.0,1.0,1.0
2021-07-16,2021-07-19,2021-07-21,Time,2021-07-21,3x Bear ETF Overbot Fade,FAZ,SELL SHORT,Limit (Open +/- 0.5 ATR),265.5882873535156,233.0473175048828,,235,7647.0,11.94921875,1.0,8.0,259.6136779785156,245.2344970703125,89.75912203672718,1740021.4343037936,2812.5,37.5,1.0,,,,,,,,,,False,False,,,,235,Short,12.252411494833213,2.718933333333333,Liquid,52.05597875014231,on,False,True,True,0.013132457394063657,True,True,False,2021,1.0,0.0,1.0,1.0
2021-07-16,2021-07-19,2021-07-21,Time,2021-07-21,Indices Oversold Bounce,^GSPC,BUY,Limit Order -0.25 ATR (Persistent),4296.39990234375,4358.68994140625,4362.595772879465,67,4173.0,33.097935267857146,1.0,2.0,4296.39990234375,4327.16015625,8.809676430422787,1740021.4343037936,2250.0,52.5,0.5714,,0.25,,,,,,,,False,False,,,,67,Long,1.4498193948035392,1.8546666666666667,Liquid,52.05597875014231,on,False,True,True,0.013132457394063657,True,True,False,2021,1.0,0.0,1.0,1.0
2021-07-16,2021-07-19,2021-07-21,Target,2021-07-21,Indices Oversold Bounce,^NDX,BUY,Limit Order -0.25 ATR (Persistent),14517.9599609375,14818.373046875,14818.373046875,14,4206.0,150.20654296875,1.0,2.0,14517.9599609375,14681.3798828125,6.836915509881571,1740021.4343037936,2250.0,52.5,0.5714,,0.25,,,,,,,,False,False,,,,14,Long,2.0692513737866842,1.8693333333333333,Liquid,52.05597875014231,on,False,True,True,0.013132457394063657,True,True,False,2021,1.0,0.0,1.0,1.0
2021-07-16,2021-07-19,2021-07-21,Target,2021-07-21,SPY QQQ MonFri Reversion,QQQ,BUY,Limit (Open +/- 0.25 ATR),343.0705871582031,350.3406066894531,350.3406066894531,618,4493.0,3.635009765625,1.0,2.0,343.9793395996094,347.4283142089844,6.963278895693594,1740021.4343037936,2250.0,68.25,0.4396,,,,,,,,,,False,False,,,,618,Long,2.119103124365923,1.996888888888889,Liquid,52.05597875014231,on,False,True,True,0.013132457394063657,True,True,False,2021,1.0,0.0,1.0,1.0
2021-08-02,2021-08-03,2021-08-05,Time,2021-08-05,SPY QQQ MonFri Reversion,SPY,BUY,Limit (Open +/- 0.25 ATR),409.8543003627232,413.9461669921875,417.7012939453125,1304,5336.0,3.923496791294643,1.0,2.0,410.8351745605469,410.0386962890625,10.215194971196443,1762997.21459031,5118.75,68.25,1.0,,,,,,,,,,False,False,,,,1304,Long,0.9983710371814944,1.0424420024420025,Liquid,51.27068040454374,off,True,True,True,0.0077772246617665575,True,True,False,2021,0.0,0.0,0.0,1.0
2021-08-02,2021-08-03,2021-08-05,Time,2021-08-05,Monday Dip,DIA,BUY,Limit (Open +/- 0.25 ATR),320.1846471514021,322.4320068359375,326.98163986206055,993,2232.0,3.398496355329241,1.0,2.0,321.0342712402344,320.3537292480469,7.532451860918134,1762997.21459031,3375.0,45.0,1.0,,,,,,,,,,False,False,,,,993,Long,0.7018948923783742,0.6613333333333333,Liquid,51.27068040454374,off,True,True,True,0.0077772246617665575,True,True,False,2021,0.0,0.0,0.0,1.0
2021-09-10,2021-09-13,2021-09-15,Time,2021-09-15,3x Bear ETF Overbot Fade,SDOW,SELL SHORT,Limit (Open +/- 0.5 ATR),105.81588118416923,104.64547729492188,,1357,1588.0,2.0713528224400113,1.0,8.0,104.78020477294922,106.834716796875,97.77773303264605,1770564.636841875,2812.5,37.5,1.0,,,,,,,,,,False,False,,,,1357,Short,1.1060758329936335,0.5646222222222222,Liquid,61.835508383376315,off,False,True,True,0.017100936936046085,True,True,False,2021,0.0,0.0,0.0,1.0
2021-09-17,2021-09-20,2021-09-22,Time,2021-09-22,SPY QQQ MonFri Reversion,SPY,BUY,Limit (Open +/- 0.25 ATR),407.9776175362723,411.60614013671875,414.59539794921875,1546,5610.0,3.3088902064732144,1.0,2.0,408.8048400878906,414.93389892578125,8.735465767123902,1772152.8749195836,5118.75,68.25,1.0,,,,,,,,,,False,False,,,,1546,Long,0.8893925657879606,1.095970695970696,Liquid,52.93972962400553,off,False,False,True,0.0228951996472333,False,True,False,2021,0.0,0.0,1.0,1.0
2021-09-20,2021-09-21,2021-09-23,Time,2021-09-23,3x Bear ETF Overbot Fade,SPXS,SELL SHORT,Limit (Open +/- 0.5 ATR),195.73646981375558,184.26068115234375,,545,6254.0,5.153664725167411,1.0,8.0,193.15963745117188,196.64944458007812,33.03564457242441,1772210.9739360455,2812.5,37.5,1.0,,,,,,,,,,False,False,,,,545,Short,5.8628770981366465,2.2236444444444445,Liquid,50.83044863480358,off,False,False,False,0.03918766489229286,False,True,False,2021,0.0,0.0,1.0,1.0
2021-09-28,2021-09-29,2021-10-01,Time,2021-10-01,3x Bear ETF Overbot Fade,SQQQ,SELL SHORT,Limit (Open +/- 0.5 ATR),864.3829694475446,853.798828125,,79,836.0,35.280953543526785,1.0,8.0,846.7424926757812,855.8147583007812,90.9090909090909,1784016.8756803432,2812.5,37.5,1.0,,,,,,,,,,False,False,,,,79,Short,1.2244736067983015,0.2972444444444444,Liquid,38.519931875922126,off,False,False,False,0.039896173550198255,False,False,False,2021,1.0,1.0,1.0,1.0
2021-09-28,2021-09-30,2021-10-01,Time,2021-10-01,Indices Oversold Bounce,^GSPC,BUY,Limit Order -0.25 ATR (Persistent),4338.491298130581,4357.0400390625,4451.5999755859375,69,1280.0,56.55433872767857,1.0,2.0,4362.41015625,4352.6298828125,8.605119585951151,1784016.8756803432,3937.5,52.5,1.0,,0.25,,,,,,,,False,False,,,,69,Long,0.4275389682102596,0.3250793650793651,Liquid,38.519931875922126,off,False,False,False,0.039896173550198255,False,False,False,2021,1.0,1.0,1.0,1.0
2021-09-28,2021-09-30,2021-10-01,Time,2021-10-01,Indices Oversold Bounce,^NDX,BUY,Limit Order -0.25 ATR (Persistent),14713.286429268974,14791.8701171875,15169.393432617188,17,1336.0,228.05350167410714,1.0,2.0,14835.509765625,14770.2998046875,4.019795524851915,1784016.8756803432,3937.5,52.5,1.0,,0.25,,,,,,,,False,False,,,,17,Long,0.534100170592755,0.3393015873015873,Liquid,38.519931875922126,off,False,False,False,0.039896173550198255,False,False,False,2021,1.0,1.0,1.0,1.0
2021-09-29,2021-09-30,2021-10-04,Time,2021-10-04,3x Bear ETF Overbot Fade,SQQQ,SELL SHORT,Limit (Open +/- 0.5 ATR),868.0191563197544,907.2241821289062,,77,-3019.0,36.50498744419643,1.0,8.0,849.7666625976562,860.8548583984375,85.29405479334957,1786415.6889127651,2812.5,37.5,1.0,,,,,,,,,,False,False,,,,77,Short,-4.516608363273238,-1.0734222222222223,Liquid,36.99399614854709,off,False,False,False,0.038279876945578106,False,False,False,2021,1.0,1.0,1.0,1.0
2021-09-30,2021-10-01,2021-10-05,Time,2021-10-05,3x Bear ETF Overbot Fade,SPXS,SELL SHORT,Limit (Open +/- 0.5 ATR),203.43896157400948,196.38772583007812,,376,2651.0,7.471886771065848,1.0,8.0,199.70301818847656,202.23309326171875,96.69430805233024,1780894.0002530972,2812.5,37.5,1.0,,,,,,,,,,False,False,,,,376,Short,3.4660203185151306,0.9425777777777777,Liquid,35.333573594436324,off,False,False,False,0.05003448041931868,False,False,False,2021,1.0,1.0,1.0,1.0
2021-09-30,2021-10-01,2021-10-07,Target,2021-10-08,Monthly Weak Close,SPY,BUY,Limit Order -0.25 ATR (Persistent),402.0437709263393,412.9658203125,412.9658203125,618,6750.0,5.461024693080357,1.0,2.0,405.13873291015625,403.4090270996094,4.505968681689271,1780894.0002530972,3375.0,45.0,1.0,,0.25,,,,,,,,False,False,,,,618,Long,2.71663191323559,2.0,Liquid,35.333573594436324,off,False,False,False,0.05003448041931868,False,False,False,2021,1.0,1.0,1.0,1.0
2021-09-30,2021-10-01,2021-10-08,Time,2021-10-08,Monthly Weak Close,QQQ,BUY,Limit Order -0.25 ATR (Persistent),346.76392909458707,351.2761535644531,357.9615783691406,602,2716.0,5.598824637276786,1.0,2.0,348.78619384765625,348.16363525390625,15.412081578488651,1780894.0002530972,3375.0,45.0,1.0,,0.25,,,,,,,,False,False,,,,602,Long,1.3012381309808185,0.8047407407407408,Liquid,35.333573594436324,off,False,False,False,0.05003448041931868,False,False,False,2021,1.0,1.0,1.0,1.0
2021-10-11,2021-10-12,2021-10-14,Time,2021-10-14,Monday Dip,DIA,BUY,Limit (Open +/- 0.25 ATR),317.8258808680943,322.314697265625,326.85213470458984,747,3353.0,4.513126918247768,1.0,2.0,318.95416259765625,318.4834289550781,2.553787074222294,1796191.896650279,3375.0,45.0,1.0,,,,,,,,,,False,False,,,,747,Long,1.4123508083325833,0.9934814814814815,Liquid,24.028984221381243,off,False,False,False,0.037748800874787936,False,False,False,2021,1.0,1.0,1.0,1.0
2021-10-11,2021-10-12,2021-10-14,Time,2021-10-14,Indices Oversold Bounce,^GSPC,BUY,Limit Order -0.25 ATR (Persistent),4346.039245605469,4438.259765625,4467.244812011719,37,3412.0,60.602783203125,1.0,2.0,4368.31005859375,4361.18994140625,1.0853630534998322,1796191.896650279,2250.0,52.5,0.5714,,0.25,,,,,,,,False,False,,,,37,Long,2.1219440232340454,1.5164444444444445,Liquid,24.028984221381243,off,False,False,False,0.037748800874787936,False,False,False,2021,1.0,1.0,1.0,1.0
2021-10-11,2021-10-12,2021-10-14,Time,2021-10-14,Indices Oversold Bounce,^NDX,BUY,Limit Order -0.25 ATR (Persistent),14652.750313895089,15052.419921875,15140.591552734375,9,3597.0,243.92061941964286,1.0,2.0,14772.2900390625,14713.73046875,2.3577735691270876,1796191.896650279,2250.0,52.5,0.5714,,0.25,,,,,,,,False,False,,,,9,Long,2.7276081241956853,1.5986666666666667,Liquid,24.028984221381243,off,False,False,False,0.037748800874787936,False,False,False,2021,1.0,1.0,1.0,1.0
2021-10-11,2021-10-12,2021-10-14,Time,2021-10-14,SPY QQQ MonFri Reversion,SPY,BUY,Limit (Open +/- 0.25 ATR),408.0991227286203,415.9679870605469,419.6857795715332,388,3053.0,5.793328421456473,1.0,2.0,409.5474548339844,408.626220703125,1.241006158982329,1796191.896650279,2250.0,68.25,0.4396,,,,,,,,,,False,False,,,,388,Long,1.9281747726665115,1.3568888888888888,Liquid,24.028984221381243,off,False,False,False,0.037748800874787936,False,False,False,2021,1.0,1.0,1.0,1.0
2021-10-11,2021-10-12,2021-10-14,Time,2021-10-14,SPY QQQ MonFri Reversion,QQQ,BUY,Limit (Open +/- 0.25 ATR),348.5511921473912,356.596435546875,360.3909225463867,380,3057.0,5.919865199497768,1.0,2.0,350.0311584472656,348.5819091796875,1.8371005955048985,1796191.896650279,2250.0,68.25,0.4396,,,,,,,,,,False,False,,,,380,Long,2.308195634023748,1.3586666666666667,Liquid,24.028984221381243,off,False,False,False,0.037748800874787936,False,False,False,2021,1.0,1.0,1.0,1.0
2021-10-11,2021-10-12,2021-10-14,Time,2021-10-14,Monday Dip,SMH,BUY,Limit (Open +/- 0.25 ATR),122.91422217232841,126.32859802246094,128.18485641479492,640,2185.0,2.635317121233259,1.0,2.0,123.57305145263672,122.8501968383789,1.6948700764614495,1796191.896650279,1687.5,45.0,0.5,,,,,,,,,,False,False,,,,640,Long,2.7778525460995884,1.2948148148148149,Liquid,24.028984221381243,off,False,False,False,0.037748800874787936,False,False,False,2021,1.0,1.0,1.0,1.0
2021-11-10,2021-11-11,2021-11-15,Time,2021-11-15,Weak Close Decent Sznls,IYR,BUY,Limit (Open +/- 0.25 ATR),97.1823091506958,98.17233276367188,99.4971513748169,2551,2526.0,1.1574211120605469,1.0,2.0,97.47166442871094,97.34749603271484,5.494952168487919,1814849.7406084526,2953.125,39.375,1.0,,,,,,,,,,False,False,,,,2551,Long,1.018728224949763,0.8553650793650793,Liquid,29.26920781373709,off,False,True,True,0.011323703922727524,True,False,False,2021,1.0,1.0,1.0,1.0
2021-11-11,2021-11-12,2021-11-16,Time,2021-11-16,Weak Close Decent Sznls,DIA,BUY,Limit (Open +/- 0.25 ATR),332.5430717468262,334.2435607910156,336.9851188659668,1329,2260.0,2.2210235595703125,1.0,2.0,333.09832763671875,331.9626159667969,4.255431343598397,1815791.503491639,2953.125,39.375,1.0,,,,,,,,,,False,False,,,,1329,Long,0.5113590354647594,0.7652910052910052,Liquid,33.999848666807566,off,False,True,True,0.011003722022266182,True,False,False,2021,1.0,1.0,1.0,1.0
2021-11-11,2021-11-12,2021-11-16,Time,2021-11-16,Weak Close Decent Sznls,SPY,BUY,Limit (Open +/- 0.25 ATR),436.4600154331752,441.1422424316406,442.63340759277344,956,4476.0,3.086696079799107,1.0,2.0,437.231689453125,435.9626159667969,1.2985370378177832,1815791.503491639,2953.125,39.375,1.0,,,,,,,,,,False,False,,,,956,Long,1.0727734117450418,1.5156825396825397,Liquid,33.999848666807566,off,False,True,True,0.011003722022266182,True,False,False,2021,1.0,1.0,1.0,1.0
2021-11-11,2021-11-12,2021-11-16,Time,2021-11-16,Weak Close Decent Sznls,XLY,BUY,Limit (Open +/- 0.25 ATR),97.37320014408657,99.58968353271484,101.00649547576904,1625,3602.0,1.816647665841239,1.0,2.0,97.82736206054688,97.7984848022461,3.180166510831042,1815791.503491639,2953.125,39.375,1.0,,,,,,,,,,False,False,,,,1625,Long,2.276276619591908,1.2197248677248678,Liquid,33.999848666807566,off,False,True,True,0.011003722022266182,True,False,False,2021,1.0,1.0,1.0,1.0
2021-11-16,2021-11-17,2021-11-19,Stop,2021-11-19,Weak Close Decent Sznls,XLB,BUY,Limit (Open +/- 0.25 ATR),40.65806382043021,40.207406702770506,41.5352463722229,6733,-3034.0,0.4385912758963449,1.0,2.0,40.7677116394043,40.831634521484375,9.83671680227939,1827713.235301936,2953.125,39.375,1.0,,,,,,,,,,False,False,,,,6733,Long,-1.1084077187002006,-1.0273862433862433,Liquid,50.41076150259494,off,True,True,True,0.0,True,True,False,2021,0.0,0.0,0.0,1.0
2021-11-19,2021-11-22,2021-11-23,Stop,2021-11-24,Weak Close Decent Sznls,XRT,BUY,Limit (Open +/- 0.25 ATR),94.21595055716378,92.32734534252711,97.93774795532227,1586,-2995.0,1.860898699079241,1.0,2.0,94.6811752319336,93.85453033447266,4.62176172956257,1825408.514223949,2953.125,39.375,1.0,,,,,,,,,,False,False,,,,1586,Long,-2.004549339541815,-1.014179894179894,Liquid,62.6338234823545,off,True,True,True,0.0017882109665973145,True,True,False,2021,0.0,0.0,0.0,1.0
2021-11-19,2021-11-22,2021-11-24,Time,2021-11-24,3x Bear ETF Overbot Fade,FAZ,SELL SHORT,Limit (Open +/- 0.5 ATR),170.42979758126395,160.62554931640625,,504,4941.0,5.580054146902902,1.0,8.0,167.6397705078125,174.04022216796875,47.94522507402339,1825408.514223949,2812.5,37.5,1.0,,,,,,,,,,False,False,,,,504,Short,5.7526608632993685,1.7568,Liquid,62.6338234823545,off,True,True,True,0.0017882109665973145,True,True,False,2021,0.0,0.0,0.0,1.0
2021-11-22,2021-11-23,2021-11-26,Stop,2021-11-26,Weak Close Decent Sznls,SPY,BUY,Limit (Open +/- 0.25 ATR),438.41236005510603,434.0533737945557,444.7589874267578,930,-4054.0,3.173313685825893,1.0,2.0,439.2056884765625,439.5347595214844,3.5542712091969455,1828730.9638448772,2953.125,39.375,1.0,,,,,,,,,,False,False,,,,930,Long,-0.9942662793545446,-1.3727830687830689,Liquid,64.95348074290487,off,True,True,True,0.004598385122615567,True,True,False,2021,0.0,0.0,0.0,1.0
2021-11-22,2021-11-23,2021-11-26,Stop,2021-11-26,Weak Close Decent Sznls,XLB,BUY,Limit (Open +/- 0.25 ATR),40.2878930909293,39.16911808204651,41.13181257247925,6998,-7829.0,0.4219597407749721,1.0,2.0,40.39338302612305,40.379676818847656,12.843628781258145,1828730.9638448772,2953.125,39.375,1.0,,,,,,,,,,False,False,,,,6998,Long,-2.776950897774005,-2.651089947089947,Liquid,64.95348074290487,off,True,True,True,0.004598385122615567,True,True,False,2021,0.0,0.0,0.0,1.0
2021-11-22,2021-11-23,2021-11-26,Stop,2021-11-26,SPY QQQ MonFri Reversion,SPY,BUY,Limit (Open +/- 0.25 ATR),438.41236005510603,434.0533737945557,444.7589874267578,1613,-7031.0,3.173313685825893,1.0,2.0,439.2056884765625,439.5347595214844,3.5542712091969455,1828730.9638448772,5118.75,68.25,1.0,,,,,,,,,,False,False,,,,1613,Long,-0.9942662793545446,-1.3735775335775335,Liquid,64.95348074290487,off,True,True,True,0.004598385122615567,True,True,False,2021,0.0,0.0,0.0,1.0
2021-11-22,2021-11-23,2021-11-26,Stop,2021-11-26,SPY QQQ MonFri Reversion,QQQ,BUY,Limit (Open +/- 0.25 ATR),386.0265568324498,381.1587830721174,395.53334045410156,1076,-5238.0,4.753391810825893,1.0,2.0,387.21490478515625,388.3722839355469,1.1551911091482565,1828730.9638448772,5118.75,68.25,1.0,,,,,,,,,,False,False,,,,1076,Long,-1.2609945285306359,-1.0232967032967033,Liquid,64.95348074290487,off,True,True,True,0.004598385122615567,True,True,False,2021,0.0,0.0,0.0,1.0
2021-11-22,2021-11-23,2021-11-26,Stop,2021-11-26,Monday Dip,IWM,BUY,Limit (Open +/- 0.25 ATR),217.76775741577148,212.25422790527344,224.4673728942871,1007,-5552.0,3.3498077392578125,1.0,2.0,218.60520935058594,218.92642211914062,2.6700275587927447,1828730.9638448772,3375.0,45.0,1.0,,,,,,,,,,False,False,,,,1007,Long,-2.531839229060609,-1.645037037037037,Liquid,64.95348074290487,off,True,True,True,0.004598385122615567,True,True,False,2021,0.0,0.0,0.0,1.0
2021-11-22,2021-11-23,2021-11-26,Stop,2021-11-26,Monday Dip,DIA,BUY,Limit (Open +/- 0.25 ATR),329.0580831255232,323.7418567932129,333.9449806213379,1381,-7342.0,2.443448747907366,1.0,2.0,329.6689453125,329.594970703125,3.4928279761281544,1828730.9638448772,3375.0,45.0,1.0,,,,,,,,,,False,False,,,,1381,Long,-1.6155890418538525,-2.1754074074074072,Liquid,64.95348074290487,off,True,True,True,0.004598385122615567,True,True,False,2021,0.0,0.0,0.0,1.0
2021-11-22,2021-11-23,2021-11-26,Time,2021-11-26,Monday Dip,SMH,BUY,Limit (Open +/- 0.25 ATR),147.52154077802385,145.248779296875,154.4499225616455,974,-2214.0,3.464190891810826,1.0,2.0,148.38758850097656,149.1735076904297,1.8195743242690767,1828730.9638448772,3375.0,45.0,1.0,,,,,,,,,,False,False,,,,974,Long,-1.540630249089304,-0.656,Liquid,64.95348074290487,off,True,True,True,0.004598385122615567,True,True,False,2021,0.0,0.0,0.0,1.0
2021-11-26,2021-11-30,2021-12-01,Time,2021-12-01,Indices Oversold Bounce,^GSPC,BUY,Limit Order -0.25 ATR (Persistent),4584.374590192522,4513.0400390625,4666.338806152344,96,-6848.0,40.982107979910715,1.0,2.0,4628.75,4594.6201171875,11.603504294054908,1782165.9433382908,3937.5,52.5,1.0,,0.25,,,,,,,,False,False,,,,96,Long,-1.5560367008976566,-1.7391746031746032,Liquid,68.70795731957863,off,False,False,True,0.022906710179754097,False,True,True,2021,0.0,0.0,1.0,1.0
2021-11-30,2021-12-01,2021-12-07,Target,2021-12-08,Monthly Weak Close,SPY,BUY,Limit Order -0.25 ATR (Persistent),427.0901620047433,436.3280944824219,436.3280944824219,730,6744.0,4.618966238839286,1.0,2.0,433.9602966308594,428.2449035644531,2.9782866577666383,1780497.9826798087,3375.0,45.0,1.0,,0.25,,,,,,,,False,False,,,,730,Long,2.162993508049,1.9982222222222221,Liquid,68.6438306956512,off,False,False,False,0.030166194284276804,False,True,True,2021,0.0,0.0,1.0,1.0
2021-12-03,2021-12-06,2021-12-08,Time,2021-12-08,3x Bear ETF Overbot Fade,SQQQ,SELL SHORT,Limit (Open +/- 0.5 ATR),704.7187391008649,602.800048828125,,77,7848.0,36.50498308454241,1.0,8.0,686.4662475585938,687.4743041992188,67.1641939416505,1774692.233080897,2812.5,37.5,1.0,,,,,,,,,,False,False,,,,77,Short,14.462321578503182,2.7904,Liquid,66.54787424469906,off,False,False,False,0.034722075358640914,False,True,True,2021,0.0,0.0,1.0,1.0
2021-12-13,2021-12-14,2021-12-16,Time,2021-12-16,SPY QQQ MonFri Reversion,SPY,BUY,Limit (Open +/- 0.25 ATR),433.5541801452637,438.48187255859375,447.7071647644043,723,3563.0,7.0764923095703125,1.0,2.0,435.32330322265625,438.5946960449219,6.993726683163446,1792737.3156767222,5118.75,68.25,1.0,,,,,,,,,,False,False,,,,723,Long,1.1365805334131571,0.696068376068376,Liquid,69.6551655780397,on,True,True,True,0.008858356229379805,True,True,True,2021,1.0,0.0,1.0,1.0
2021-12-13,2021-12-14,2021-12-16,Time,2021-12-16,SPY QQQ MonFri Reversion,QQQ,BUY,Limit (Open +/- 0.25 ATR),374.639830998012,376.25323486328125,391.127384185791,620,1000.0,8.243776593889509,1.0,2.0,376.7007751464844,381.5250549316406,5.8914525049983215,1792737.3156767222,5118.75,68.25,1.0,,,,,,,,,,False,False,,,,620,Long,0.43065465328961194,0.19536019536019536,Liquid,69.6551655780397,on,True,True,True,0.008858356229379805,True,True,True,2021,1.0,0.0,1.0,1.0
2021-12-16,2021-12-17,2021-12-20,Stop,2021-12-21,Weak Close Decent Sznls,ITB,BUY,Limit (Open +/- 0.25 ATR),75.58866446358817,73.68381429988317,79.35414123535156,1568,-2987.0,1.8827383858816964,1.0,2.0,76.0593490600586,76.64651489257812,13.414368913269376,1797300.3476880267,2953.125,39.375,1.0,,,,,,,,,,False,False,,,,1568,Long,-2.5200209280355685,-1.0114708994708994,Liquid,80.55863588302103,on,True,True,True,0.009113316119920167,True,True,True,2021,1.0,0.0,1.0,1.0
2021-12-31,2022-01-04,2022-01-05,Time,2022-01-05,Indices Oversold Bounce,^NDX,BUY,Limit Order -0.25 ATR (Persistent),16249.720807756696,15771.7802734375,16812.594970703125,7,-3346.0,281.4370814732143,1.0,2.0,16395.509765625,16320.080078125,1.9139009649029795,1794280.3467114642,2250.0,52.5,0.5714,,0.25,,,,,,,,False,False,,,,7,Long,-2.9412230522204044,-1.487111111111111,Liquid,93.99352868306835,off,True,True,True,0.005277849840060078,True,True,True,2021,0.0,0.0,0.0,1.0
2021-12-31,2022-01-03,2022-01-05,Stop,2022-01-05,SPY QQQ MonFri Reversion,SPY,BUY,Limit (Open +/- 0.25 ATR),447.967588697161,442.4479671149663,458.74128341674805,950,-5244.0,5.386847359793527,1.0,2.0,449.3143005371094,448.05023193359375,13.241550460883952,1794280.3467114642,5118.75,68.25,1.0,,,,,,,,,,False,False,,,,950,Long,-1.232147530638902,-1.0244688644688644,Liquid,93.99352868306835,off,True,True,True,0.005277849840060078,True,True,True,2021,0.0,0.0,0.0,1.0
2021-12-31,2022-01-03,2022-01-05,Stop,2022-01-05,SPY QQQ MonFri Reversion,QQQ,BUY,Limit (Open +/- 0.25 ATR),386.92327063424244,380.0028064000266,400.53612899780273,330,-2284.0,6.806429181780134,1.0,2.0,388.6248779296875,387.4562683105469,13.709650245973448,1794280.3467114642,2250.0,68.25,0.4396,,,,,,,,,,False,False,,,,330,Long,-1.788588270452655,-1.015111111111111,Liquid,93.99352868306835,off,True,True,True,0.005277849840060078,True,True,True,2021,0.0,0.0,0.0,1.0
2022-01-05,2022-01-06,2022-01-10,Time,2022-01-10,Indices Oversold Bounce,^GSPC,BUY,Limit Order -0.25 ATR (Persistent),4686.79523577009,4670.2900390625,4797.073974609375,71,-1172.0,55.139369419642854,1.0,2.0,4693.39013671875,4700.580078125,1.1603233997724076,1780934.363169158,3937.5,52.5,1.0,,0.25,,,,,,,,False,False,,,,71,Long,-0.3521638108193924,-0.29765079365079367,Liquid,92.47466558163329,off,False,True,True,0.019530747391633962,True,True,True,2022,0.0,0.0,0.0,1.0
2022-01-05,2022-01-06,2022-01-10,Time,2022-01-10,Indices Oversold Bounce,^NDX,BUY,Limit Order -0.25 ATR (Persistent),15675.2197265625,15614.4296875,16227.264090401786,14,-851.0,276.02218191964283,1.0,2.0,15675.2197265625,15771.7802734375,1.6358844358602929,1780934.363169158,3937.5,52.5,1.0,,0.25,,,,,,,,False,False,,,,14,Long,-0.3878098050484614,-0.21612698412698414,Liquid,92.47466558163329,off,False,True,True,0.019530747391633962,True,True,True,2022,0.0,0.0,0.0,1.0
2022-01-18,2022-01-19,2022-01-21,Time,2022-01-21,3x Bear ETF Overbot Fade,SPXS,SELL SHORT,Limit (Open +/- 0.5 ATR),161.09410640171595,180.33465576171875,,512,-9851.0,5.490184238978794,1.0,8.0,158.34901428222656,160.09393310546875,76.47058823529412,1778911.4336560443,2812.5,37.5,1.0,,,,,,,,,,False,False,,,,512,Short,-11.94367055987956,-3.502577777777778,Liquid,74.68571537715194,on,False,False,False,0.04442023534548911,False,True,True,2022,1.0,1.0,1.0,1.0
2022-01-21,2022-01-24,2022-01-26,Time,2022-01-26,SPY QQQ MonFri Reversion,SPY,BUY,Limit (Open +/- 0.25 ATR),405.7647465297154,408.8260498046875,420.0671844482422,715,2189.0,7.151218959263393,1.0,2.0,407.55255126953125,413.1654357910156,0.2966267111233417,1769060.2723837227,5118.75,68.25,1.0,,,,,,,,,,False,False,,,,715,Long,0.7544527466108742,0.42764346764346767,Liquid,63.68903837927845,on,False,False,False,0.08316750995956046,False,True,False,2022,1.0,1.0,1.0,1.0
2022-01-21,2022-01-24,2022-01-26,Time,2022-01-26,SPY QQQ MonFri Reversion,QQQ,BUY,Limit (Open +/- 0.25 ATR),334.6614581516811,335.5682373046875,352.3553886413574,578,524.0,8.84696524483817,1.0,2.0,336.8731994628906,342.502197265625,2.69032094903942,1769060.2723837227,5118.75,68.25,1.0,,,,,,,,,,False,False,,,,578,Long,0.2709541630561591,0.10236874236874237,Liquid,63.68903837927845,on,False,False,False,0.08316750995956046,False,True,False,2022,1.0,1.0,1.0,1.0
2022-02-11,2022-02-14,2022-02-16,Time,2022-02-16,SPY QQQ MonFri Reversion,SPY,BUY,Limit (Open +/- 0.25 ATR),412.6528543744768,421.2970275878906,431.3943748474121,240,2075.0,9.370760236467634,1.0,2.0,414.99554443359375,415.5048828125,11.996741972383365,1771773.2225757656,2250.0,68.25,0.4396,,,,,,,,,,False,False,,,,240,Long,2.0947809088869986,0.9222222222222223,Liquid,27.99041604035254,on,False,False,False,0.07797617290127334,False,False,False,2022,1.25,1.25,1.25,1.0
2022-02-11,2022-02-14,2022-02-16,Time,2022-02-16,Indices Oversold Bounce,^GSPC,BUY,Limit Order -0.25 ATR (Persistent),4394.10209437779,4475.009765625,4590.406433105469,22,1780.0,98.15216936383929,1.0,2.0,4412.60986328125,4418.64013671875,13.792820400569115,1771773.2225757656,2250.0,52.5,0.5714,,0.25,,,,,,,,False,False,,,,22,Long,1.841278821234724,0.7911111111111111,Liquid,27.99041604035254,on,False,False,False,0.07797617290127334,False,False,False,2022,1.25,1.25,1.25,1.0
2022-02-11,2022-02-14,2022-02-16,Time,2022-02-16,Indices Oversold Bounce,^NDX,BUY,Limit Order -0.25 ATR (Persistent),14144.997174944196,14603.6396484375,15015.738525390625,5,2293.0,435.3706752232143,1.0,2.0,14233.400390625,14253.83984375,10.311223259557616,1771773.2225757656,2250.0,52.5,0.5714,,0.25,,,,,,,,False,False,,,,5,Long,3.2424359497626676,1.019111111111111,Liquid,27.99041604035254,on,False,False,False,0.07797617290127334,False,False,False,2022,1.25,1.25,1.25,1.0
2022-02-17,2022-02-18,2022-02-23,Time,2022-02-23,Indices Oversold Bounce,^GSPC,BUY,Limit Order -0.25 ATR (Persistent),4359.97673688616,4225.5,4522.240966796875,48,-6455.0,81.13211495535714,1.0,2.0,4384.56982421875,4380.259765625,7.8415890957446805,1777921.0052818898,3937.5,52.5,1.0,,0.25,,,,,,,,False,False,,,,48,Long,-3.084345284424657,-1.6393650793650794,Liquid,24.296676027537252,on,False,False,False,0.08509346289317132,False,False,False,2022,1.25,1.25,1.25,1.0
2022-02-23,2022-02-24,2022-02-25,Target,2022-02-28,Indices Oversold Bounce,^GSPC,BUY,Limit Order -0.25 ATR (Persistent),4155.77001953125,4326.829868861607,4326.829868861607,46,7869.0,85.52992466517857,1.0,2.0,4155.77001953125,4225.5,3.3251953124999996,1771466.1219113544,3937.5,52.5,1.0,,0.25,,,,,,,,False,False,,,,46,Long,4.116201053629324,1.9984761904761905,Liquid,19.73301219414303,on,False,False,False,0.11672351523520874,False,False,False,2022,1.25,1.25,1.25,1.0
2022-02-23,2022-02-24,2022-02-25,Target,2022-02-28,Indices Oversold Bounce,^NDX,BUY,Limit Order -0.25 ATR (Persistent),13065.4404296875,13851.960239955357,13851.960239955357,10,7865.0,393.25990513392856,1.0,2.0,13065.4404296875,13509.4296875,1.2842625652293327,1771466.1219113544,3937.5,52.5,1.0,,0.25,,,,,,,,False,False,,,,10,Long,6.019849192995546,1.9974603174603174,Liquid,19.73301219414303,on,False,False,False,0.11672351523520874,False,False,False,2022,1.25,1.25,1.25,1.0
2022-03-07,2022-03-08,2022-03-10,Time,2022-03-10,SPY QQQ MonFri Reversion,SPY,BUY,Limit (Open +/- 0.25 ATR),393.56423841203963,401.3736267089844,411.81522369384766,246,1921.0,9.125492640904017,1.0,2.0,395.8456115722656,395.6663818359375,0.5410081151217269,1793231.7937863544,2250.0,68.25,0.4396,,,,,,,,,,False,False,,,,246,Long,1.9842728415707211,0.8537777777777777,Liquid,8.777555016929918,on,False,False,False,0.12199868948519088,False,False,False,2022,1.25,1.25,1.25,1.0
2022-03-07,2022-03-08,2022-03-10,Time,2022-03-10,SPY QQQ MonFri Reversion,QQQ,BUY,Limit (Open +/- 0.25 ATR),313.08519417899,322.6156921386719,333.0774688720703,225,2144.0,9.996137346540179,1.0,2.0,315.584228515625,316.3730773925781,1.5183236582967405,1793231.7937863544,2250.0,68.25,0.4396,,,,,,,,,,False,False,,,,225,Long,3.0440589771975404,0.9528888888888889,Liquid,8.777555016929918,on,False,False,False,0.12199868948519088,False,False,False,2022,1.25,1.25,1.25,1.0
2022-03-07,2022-03-08,2022-03-10,Time,2022-03-10,Indices Oversold Bounce,^GSPC,BUY,Limit Order -0.25 ATR (Persistent),4177.165745326451,4259.52001953125,4368.558532714844,23,1894.0,95.69639369419643,1.0,2.0,4202.66015625,4201.08984375,0.9749522891603276,1793231.7937863544,2250.0,52.5,0.5714,,0.25,,,,,,,,False,False,,,,23,Long,1.9715347492959792,0.8417777777777777,Liquid,8.777555016929918,on,False,False,False,0.12199868948519088,False,False,False,2022,1.25,1.25,1.25,1.0
2022-03-07,2022-03-08,2022-03-10,Time,2022-03-10,Indices Oversold Bounce,^NDX,BUY,Limit Order -0.25 ATR (Persistent),13216.37442452567,13591.0,14040.418090820312,5,1873.0,412.02183314732144,1.0,2.0,13275.23046875,13319.3798828125,0.874767169770205,1793231.7937863544,2250.0,52.5,0.5714,,0.25,,,,,,,,False,False,,,,5,Long,2.834556312048308,0.8324444444444444,Liquid,8.777555016929918,on,False,False,False,0.12199868948519088,False,False,False,2022,1.25,1.25,1.25,1.0
2022-03-11,2022-03-14,2022-03-16,Time,2022-03-16,Indices Oversold Bounce,^GSPC,BUY,Limit Order -0.25 ATR (Persistent),4178.478463309152,4357.85986328125,4385.1312255859375,21,3767.0,103.32638113839286,1.0,2.0,4202.75,4204.31005859375,4.219889526604238,1801064.541532413,2250.0,52.5,0.5714,,0.25,,,,,,,,False,False,,,,21,Long,4.292983715178383,1.6742222222222223,Liquid,6.449685049598715,off,False,False,False,0.12065891969480558,False,False,False,2022,1.0,1.0,1.0,1.0
2022-03-11,2022-03-14,2022-03-16,Time,2022-03-16,SPY QQQ MonFri Reversion,SPY,BUY,Limit (Open +/- 0.25 ATR),394.574273790632,410.93902587890625,414.3292045593262,227,3715.0,9.877465384347099,1.0,2.0,397.04364013671875,396.2701416015625,5.844108101295073,1801064.541532413,2250.0,68.25,0.4396,,,,,,,,,,False,False,,,,227,Long,4.147445278441463,1.6511111111111112,Liquid,6.449685049598715,off,False,False,False,0.12065891969480558,False,False,False,2022,1.0,1.0,1.0,1.0
2022-03-11,2022-03-14,2022-03-16,Time,2022-03-16,SPY QQQ MonFri Reversion,QQQ,BUY,Limit (Open +/- 0.25 ATR),311.9915580749512,331.42919921875,333.5656852722168,474,9213.0,10.787063598632812,1.0,2.0,314.6883239746094,315.9251403808594,4.655491852305717,1801064.541532413,5118.75,68.25,1.0,,,,,,,,,,False,False,,,,474,Long,6.230181759959426,1.7998534798534798,Liquid,6.449685049598715,off,False,False,False,0.12065891969480558,False,False,False,2022,1.0,1.0,1.0,1.0
2022-03-31,2022-04-01,2022-04-05,Time,2022-04-05,Weak Close Decent Sznls,XLB,BUY,Limit (Open +/- 0.25 ATR),40.672009331839426,40.709503173828125,41.9668025970459,4561,171.0,0.6473966326032367,1.0,2.0,40.833858489990234,40.59897232055664,0.6670237378729231,1817759.791558026,2953.125,39.375,1.0,,,,,,,,,,False,False,,,,4561,Long,0.09218586100034973,0.0579047619047619,Liquid,5.004843717062206,off,False,False,False,0.051635786860125155,False,False,False,2022,1.0,1.0,1.0,1.0
2022-04-05,2022-04-06,2022-04-08,Time,2022-04-08,Weak Close Decent Sznls,XLE,BUY,Limit (Open +/- 0.25 ATR),33.14862755366734,34.55963134765625,34.87656879425049,3418,4823.0,0.8639706202915737,1.0,2.0,33.364620208740234,33.003944396972656,3.4219643918102496,1817930.8009713367,2953.125,39.375,1.0,,,,,,,,,,False,False,,,,3418,Long,4.256597929143547,1.6331851851851853,Liquid,4.4103286382782425,off,False,False,False,0.05291650492905797,False,False,False,2022,1.0,1.0,1.0,1.0
2022-04-05,2022-04-06,2022-04-08,Time,2022-04-08,Weak Close Decent Sznls,XME,BUY,Limit (Open +/- 0.25 ATR),57.909788949149,58.99522399902344,61.82520294189453,1508,1637.0,1.9577069963727678,1.0,2.0,58.39921569824219,58.22618103027344,6.725146198830409,1817930.8009713367,2953.125,39.375,1.0,,,,,,,,,,False,False,,,,1508,Long,1.8743550435446577,0.5543280423280423,Liquid,4.4103286382782425,off,False,False,False,0.05291650492905797,False,False,False,2022,1.0,1.0,1.0,1.0
2022-04-08,2022-04-11,2022-04-13,Time,2022-04-13,Indices Oversold Bounce,^NDX,BUY,Limit Order -0.25 ATR (Persistent),14149.599609375,14217.2900390625,14718.829380580357,7,474.0,284.61488560267856,1.0,2.0,14149.599609375,14327.259765625,10.728178456961544,1824390.4479944012,2250.0,52.5,0.5714,,0.25,,,,,,,,False,False,,,,7,Long,0.47839113159534796,0.21066666666666667,Liquid,3.2759819537772707,off,False,False,False,0.060181965983499675,False,False,False,2022,1.0,1.0,1.0,1.0
2022-04-08,2022-04-11,2022-04-13,Time,2022-04-13,SPY QQQ MonFri Reversion,QQQ,BUY,Limit (Open +/- 0.25 ATR),334.5011313302176,337.7187194824219,348.22889709472656,327,1052.0,6.863882882254464,1.0,2.0,336.21710205078125,340.4488830566406,14.160933334242484,1824390.4479944012,2250.0,68.25,0.4396,,,,,,,,,,False,False,,,,327,Long,0.9619065081809461,0.46755555555555556,Liquid,3.2759819537772707,off,False,False,False,0.060181965983499675,False,False,False,2022,1.0,1.0,1.0,1.0
2022-04-11,2022-04-12,2022-04-14,Time,2022-04-14,Weak Close Decent Sznls,XLB,BUY,Limit (Open +/- 0.25 ATR),40.601098333086284,41.0180778503418,41.76304531097412,5083,2120.0,0.5809734889439174,1.0,2.0,40.746341705322266,40.54830551147461,10.476288139336761,1822585.95204234,2953.125,39.375,1.0,,,,,,,,,,False,False,,,,5083,Long,1.0270153625763159,0.7178835978835979,Liquid,2.8627450014994817,off,False,False,False,0.0762456594953137,False,False,False,2022,1.0,1.0,1.0,1.0
2022-04-11,2022-04-12,2022-04-14,Time,2022-04-14,Indices Oversold Bounce,^GSPC,BUY,Limit Order -0.25 ATR (Persistent),4397.456028529576,4392.58984375,4518.046081542969,37,-180.0,60.29502650669643,1.0,2.0,4437.58984375,4412.52978515625,7.4144834986521495,1822585.95204234,2250.0,52.5,0.5714,,0.25,,,,,,,,False,False,,,,37,Long,-0.11065908898247223,-0.08,Liquid,2.8627450014994817,off,False,False,False,0.0762456594953137,False,False,False,2022,1.0,1.0,1.0,1.0
2022-04-11,2022-04-12,2022-04-14,Time,2022-04-14,Indices Oversold Bounce,^NDX,BUY,Limit Order -0.25 ATR (Persistent),13918.426949637276,13893.2099609375,14492.691040039062,7,-177.0,287.13204520089283,1.0,2.0,14175.66015625,13990.2099609375,5.308731589669141,1822585.95204234,2250.0,52.5,0.5714,,0.25,,,,,,,,False,False,,,,7,Long,-0.181177002193006,-0.07866666666666666,Liquid,2.8627450014994817,off,False,False,False,0.0762456594953137,False,False,False,2022,1.0,1.0,1.0,1.0
2022-04-11,2022-04-12,2022-04-14,Time,2022-04-14,SPY QQQ MonFri Reversion,SPY,BUY,Limit (Open +/- 0.25 ATR),417.8151642935617,414.26922607421875,429.49355697631836,192,-681.0,5.839196341378348,1.0,2.0,419.27496337890625,416.28472900390625,9.447433774834437,1822585.95204234,1125.0,68.25,0.2198,,,,,,,,,,False,False,,,,192,Long,-0.8486858597720769,-0.6053333333333333,Liquid,2.8627450014994817,off,False,False,False,0.0762456594953137,False,False,False,2022,1.0,1.0,1.0,1.0
2022-04-11,2022-04-12,2022-04-14,Time,2022-04-14,SPY QQQ MonFri Reversion,QQQ,BUY,Limit (Open +/- 0.25 ATR),335.4128090994699,329.9960632324219,349.25755310058594,162,-878.0,6.922372000558036,1.0,2.0,337.1434020996094,332.3948059082031,6.71788833755842,1822585.95204234,1125.0,68.25,0.2198,,,,,,,,,,False,False,,,,162,Long,-1.6149490180745063,-0.7804444444444445,Liquid,2.8627450014994817,off,False,False,False,0.0762456594953137,False,False,False,2022,1.0,1.0,1.0,1.0
2022-04-21,2022-04-22,2022-04-25,Stop,2022-04-26,Weak Close Decent Sznls,XLU,BUY,Limit (Open +/- 0.25 ATR),33.25071600505284,32.7367065055779,34.25908708572388,5857,-3011.0,0.504185540335519,1.0,2.0,33.37676239013672,33.421016693115234,4.614956171177742,1826121.038487876,2953.125,39.375,1.0,,,,,,,,,,False,False,,,,5857,Long,-1.545859942976349,-1.0195978835978836,Liquid,0.5411851231999408,off,False,False,False,0.0801514026544562,False,False,False,2022,1.0,1.0,1.0,1.0
2022-04-22,2022-04-25,2022-04-27,Time,2022-04-27,SPY QQQ MonFri Reversion,SPY,BUY,Limit (Open +/- 0.25 ATR),399.140807560512,394.8515930175781,413.276798248291,724,-3105.0,7.067995343889509,1.0,2.0,400.9078063964844,403.15045166015625,4.746960592955465,1823826.6752677294,5118.75,68.25,1.0,,,,,,,,,,False,False,,,,724,Long,-1.074611881743908,-0.6065934065934065,Liquid,0.37704603254837477,off,False,False,False,0.10539120546504721,False,False,False,2022,1.0,1.0,1.0,1.0
2022-04-26,2022-04-27,2022-04-29,Time,2022-04-29,3x Bear ETF Overbot Fade,ERY,SELL SHORT,Limit (Open +/- 0.5 ATR),50.520440101623535,47.481895446777344,,1032,3136.0,2.723337173461914,1.0,8.0,49.15877151489258,49.60004806518555,91.17654162942924,1818597.7598946085,2812.5,37.5,1.0,,,,,,,,,,False,False,,,,1032,Short,6.014485718521174,1.1150222222222221,Liquid,0.15296380045533853,on,False,False,False,0.12626355108339593,False,False,False,2022,1.25,1.25,1.25,1.0
2022-04-29,2022-05-02,2022-05-04,Target,2022-05-04,SPY QQQ MonFri Reversion,SPY,BUY,Limit (Open +/- 0.25 ATR),387.7060993739537,405.5055465698242,405.5055465698242,575,10235.0,8.899723597935267,1.0,2.0,389.9310302734375,389.8647155761719,5.388829003233826,1822535.1125633707,5118.75,68.25,1.0,,,,,,,,,,False,False,,,,575,Long,4.590963934952813,1.9995115995115995,Liquid,0.01596652280101605,on,False,False,False,0.13487284512006592,False,False,False,2022,1.25,1.25,1.25,1.0
2022-04-29,2022-05-02,2022-05-04,Time,2022-05-04,SPY QQQ MonFri Reversion,QQQ,BUY,Limit (Open +/- 0.25 ATR),302.59656306675504,321.3861083984375,322.09676361083984,524,9846.0,9.750100272042411,1.0,2.0,305.0340881347656,305.44354248046875,4.442837614370766,1822535.1125633707,5118.75,68.25,1.0,,,,,,,,,,False,False,,,,524,Long,6.209437787810349,1.9235164835164835,Liquid,0.01596652280101605,on,False,False,False,0.13487284512006592,False,False,False,2022,1.25,1.25,1.25,1.0
2022-05-09,2022-05-10,2022-05-12,Stop,2022-05-12,SPY QQQ MonFri Reversion,QQQ,BUY,Limit (Open +/- 0.25 ATR),294.0705577305385,279.922126574707,316.87767791748047,224,-3169.0,11.403560093470983,1.0,2.0,296.92144775390625,289.7447509765625,10.491461479642798,1842904.529935938,2559.375,68.25,0.5,,,,,,,,,,False,False,,,,224,Long,-4.811236889888142,-1.238192918192918,Liquid,0.0,on,False,False,False,0.1639132221409283,False,False,False,2022,1.25,1.25,1.25,1.0
2022-05-18,2022-05-19,2022-05-23,Time,2022-05-23,Indices Oversold Bounce,^NDX,BUY,Limit Order -0.25 ATR (Persistent),11809.356183733258,12034.2802734375,12760.983276367188,8,1799.0,475.8135463169643,1.0,2.0,11872.5595703125,11928.3095703125,8.21329201543208,1840625.0453167974,3937.5,52.5,1.0,,0.25,,,,,,,,False,False,,,,8,Long,1.904626181180499,0.4568888888888889,Liquid,0.0,on,False,False,False,0.17716315530142246,False,False,False,2022,1.25,1.25,1.25,1.0
2022-06-09,2022-06-10,2022-06-14,Time,2022-06-14,Indices Oversold Bounce,^GSPC,BUY,Limit Order -0.25 ATR (Persistent),3974.389892578125,3735.47998046875,4148.869768415178,45,-10751.0,87.23993791852679,1.0,2.0,3974.389892578125,4017.820068359375,0.6378351448841454,1842424.4380344313,3937.5,52.5,1.0,,0.25,,,,,,,,False,False,,,,45,Long,-6.011234895587907,-2.7304126984126986,Liquid,0.0,on,False,False,False,0.15704690196520332,False,False,False,2022,1.25,1.25,1.25,1.0
2022-06-09,2022-06-10,2022-06-14,Time,2022-06-14,Indices Oversold Bounce,^NDX,BUY,Limit Order -0.25 ATR (Persistent),12052.58984375,11311.6904296875,12781.338448660714,10,-7409.0,364.37430245535717,1.0,2.0,12052.58984375,12269.7802734375,0.9786353230301125,1842424.4380344313,3937.5,52.5,1.0,,0.25,,,,,,,,False,False,,,,10,Long,-6.147221664949474,-1.8816507936507936,Liquid,0.0,on,False,False,False,0.15704690196520332,False,False,False,2022,1.25,1.25,1.25,1.0
2022-06-10,2022-06-13,2022-06-15,Time,2022-06-15,Indices Oversold Bounce,^GSPC,BUY,Limit Order -0.25 ATR (Persistent),3838.14990234375,3789.989990234375,4010.4241071428573,26,-1252.0,86.13710239955357,1.0,2.0,3838.14990234375,3900.860107421875,0.943278319727936,1836917.9023899,2250.0,52.5,0.5714,,0.25,,,,,,,,False,False,,,,26,Long,-1.254768920827359,-0.5564444444444444,Liquid,0.0,on,False,False,False,0.1814888293375453,False,False,False,2022,1.25,1.25,1.25,1.0
2022-06-10,2022-06-13,2022-06-15,Time,2022-06-15,Indices Oversold Bounce,^NDX,BUY,Limit Order -0.25 ATR (Persistent),11472.1904296875,11593.76953125,12185.513392857143,6,729.0,356.66148158482144,1.0,2.0,11472.1904296875,11832.8203125,2.903038513644281,1836917.9023899,2250.0,52.5,0.5714,,0.25,,,,,,,,False,False,,,,6,Long,1.05977234519992,0.324,Liquid,0.0,on,False,False,False,0.1814888293375453,False,False,False,2022,1.25,1.25,1.25,1.0
2022-06-10,2022-06-13,2022-06-15,Time,2022-06-15,SPY QQQ MonFri Reversion,SPY,BUY,Limit (Open +/- 0.25 ATR),357.38916724068775,358.8270263671875,373.81245040893555,274,394.0,8.211641584123884,1.0,2.0,359.44207763671875,368.85748291015625,0.8289878325979408,1836917.9023899,2250.0,68.25,0.4396,,,,,,,,,,False,False,,,,274,Long,0.40232308595167987,0.1751111111111111,Liquid,0.0,on,False,False,False,0.1814888293375453,False,False,False,2022,1.25,1.25,1.25,1.0
2022-06-10,2022-06-13,2022-06-15,Time,2022-06-15,SPY QQQ MonFri Reversion,QQQ,BUY,Limit (Open +/- 0.25 ATR),270.6292016165597,275.75238037109375,287.82263946533203,261,1337.0,8.596718924386161,1.0,2.0,272.77838134765625,281.6418762207031,7.087536891649466,1836917.9023899,2250.0,68.25,0.4396,,,,,,,,,,False,False,,,,261,Long,1.8930620657089274,0.5942222222222222,Liquid,0.0,on,False,False,False,0.1814888293375453,False,False,False,2022,1.25,1.25,1.25,1.0
2022-06-13,2022-06-14,2022-06-16,Time,2022-06-16,Indices Oversold Bounce,^GSPC,BUY,Limit Order -0.25 ATR (Persistent),3726.5591735839844,3666.77001953125,3911.1248474121094,42,-2511.0,92.2828369140625,1.0,2.0,3763.52001953125,3749.6298828125,14.761536454231502,1820024.2151732775,3937.5,52.5,1.0,,0.25,,,,,,,,False,False,,,,42,Long,-1.6044064046146005,-0.6377142857142857,Liquid,0.0,on,False,False,False,0.21256621986906232,False,False,False,2022,1.25,1.25,1.25,1.0
2022-06-13,2022-06-14,2022-06-16,Time,2022-06-16,SPY QQQ MonFri Reversion,QQQ,BUY,Limit (Open +/- 0.25 ATR),268.4567331586565,264.6268005371094,286.7269401550293,246,-942.0,9.135103498186384,1.0,2.0,270.7405090332031,268.5465393066406,11.267532259357218,1820024.2151732775,2250.0,68.25,0.4396,,,,,,,,,,False,False,,,,246,Long,-1.4266480026349944,-0.4186666666666667,Liquid,0.0,on,False,False,False,0.21256621986906232,False,False,False,2022,1.25,1.25,1.25,1.0
2022-06-16,2022-06-17,2022-06-22,Time,2022-06-22,3x Bear ETF Overbot Fade,ERY,SELL SHORT,Limit (Open +/- 0.5 ATR),43.12549870354788,44.622398376464844,,1260,-1886.0,2.2309931346348355,1.0,8.0,42.01000213623047,41.33043670654297,79.66572675895581,1822019.6299038948,2812.5,37.5,1.0,,,,,,,,,,False,False,,,,1260,Short,-3.4710315658188837,-0.6705777777777778,Liquid,0.0,on,False,False,False,0.2300997053102396,False,False,False,2022,1.25,1.25,1.25,1.0
2022-06-28,2022-06-30,2022-07-01,Time,2022-07-01,Indices Oversold Bounce,^GSPC,BUY,Limit Order -0.25 ATR (Persistent),3785.989990234375,3825.330078125,3982.864327566964,40,1574.0,98.43716866629464,1.0,2.0,3825.090087890625,3821.550048828125,1.1216622973104184,1820133.5363160195,3937.5,52.5,1.0,,0.25,,,,,,,,False,False,,,,40,Long,1.039096458049262,0.39974603174603174,Liquid,0.0,on,False,False,False,0.1972495441775951,False,False,False,2022,1.25,1.25,1.25,1.0
2022-06-28,2022-06-29,2022-07-01,Time,2022-07-01,Indices Oversold Bounce,^NDX,BUY,Limit Order -0.25 ATR (Persistent),11546.771309988839,11585.6796875,12274.757080078125,10,389.0,363.99288504464283,1.0,2.0,11619.009765625,11637.76953125,0.9265579474137897,1820133.5363160195,3937.5,52.5,1.0,,0.25,,,,,,,,False,False,,,,10,Long,0.33696326415941497,0.0987936507936508,Liquid,0.0,on,False,False,False,0.1972495441775951,False,False,False,2022,1.25,1.25,1.25,1.0
2022-07-18,2022-07-19,2022-07-21,Time,2022-07-21,Weak Close Decent Sznls,XBI,BUY,Limit (Open +/- 0.25 ATR),79.692033631461,83.75062561035156,86.85644817352295,824,3344.0,3.582207271030971,1.0,2.0,80.58758544921875,79.31442260742188,8.442691956222973,1822096.2236067562,2953.125,39.375,1.0,,,,,,,,,,False,False,,,,824,Long,5.092845286970191,1.1323597883597885,Liquid,0.0,off,False,False,False,0.1945078377616255,False,False,False,2022,1.0,1.0,1.0,1.0
2022-07-22,2022-07-25,2022-07-27,Time,2022-07-27,Weak Close Decent Sznls,IBB,BUY,Limit (Open +/- 0.25 ATR),120.77279322487968,122.65106964111328,127.01555728912354,946,1777.0,3.121382032121931,1.0,2.0,121.55313873291016,121.28607940673828,12.441403385521815,1825440.503397362,2953.125,39.375,1.0,,,,,,,,,,False,False,,,,946,Long,1.5552148510271195,0.6017354497354498,Liquid,0.0,off,False,False,False,0.16679693711181276,False,False,False,2022,1.0,1.0,1.0,1.0
2022-08-22,2022-08-24,2022-08-25,Time,2022-08-25,Indices Oversold Bounce,^GSPC,BUY,Limit Order -0.25 ATR (Persistent),4123.890590122768,4199.1201171875,4236.687744140625,69,5191.0,56.39857700892857,1.0,2.0,4133.08984375,4137.990234375,12.466029302767815,1827217.3528871192,3937.5,52.5,1.0,,0.25,,,,,,,,False,False,,,,69,Long,1.8242367352062145,1.3183492063492064,Liquid,0.0,off,False,False,False,0.12828864589797762,False,False,False,2022,1.0,1.0,1.0,1.0
2022-08-26,2022-08-29,2022-08-31,Time,2022-08-31,Indices Oversold Bounce,^GSPC,BUY,Limit Order -0.25 ATR (Persistent),4034.580078125,3955.0,4157.78581891741,36,-2865.0,61.602870396205354,1.0,2.0,4034.580078125,4057.659912109375,0.0,1832408.1902545856,2250.0,52.5,0.5714,,0.25,,,,,,,,False,False,,,,36,Long,-1.9724500836276235,-1.2733333333333334,Liquid,0.5040557196407205,off,False,False,False,0.1452442100193435,False,False,False,2022,1.0,1.0,1.0,1.0
2022-08-26,2022-08-29,2022-08-31,Time,2022-08-31,Indices Oversold Bounce,^NDX,BUY,Limit Order -0.25 ATR (Persistent),12488.4599609375,12272.0302734375,13016.357003348214,8,-1731.0,263.94852120535717,1.0,2.0,12488.4599609375,12605.169921875,0.30773749752375484,1832408.1902545856,2250.0,52.5,0.5714,,0.25,,,,,,,,False,False,,,,8,Long,-1.7330374455855064,-0.7693333333333333,Liquid,0.5040557196407205,off,False,False,False,0.1452442100193435,False,False,False,2022,1.0,1.0,1.0,1.0
2022-09-13,2022-09-14,2022-09-16,Time,2022-09-16,Indices Oversold Bounce,^GSPC,BUY,Limit Order -0.25 ATR (Persistent),3912.65869140625,3873.330078125,4072.90869140625,49,-1927.0,80.125,1.0,2.0,3940.72998046875,3932.68994140625,9.849709472033654,1827811.8699420856,3937.5,52.5,1.0,,0.25,,,,,,,,False,False,,,,49,Long,-1.005163403790656,-0.4893968253968254,Liquid,1.078908198098521,on,False,False,False,0.1709937402466466,False,False,False,2022,1.25,1.25,1.25,1.0
2022-09-13,2022-09-15,2022-09-16,Time,2022-09-16,Indices Oversold Bounce,^NDX,BUY,Limit Order -0.25 ATR (Persistent),11956.303187779018,11861.3798828125,12574.838623046875,12,-1139.0,309.26771763392856,1.0,2.0,12092.0302734375,12033.6201171875,7.0262052241261,1827811.8699420856,3937.5,52.5,1.0,,0.25,,,,,,,,False,False,,,,12,Long,-0.7939185170843004,-0.2892698412698413,Liquid,1.078908198098521,on,False,False,False,0.1709937402466466,False,False,False,2022,1.25,1.25,1.25,1.0
2022-09-21,2022-09-22,2022-09-26,Time,2022-09-26,Indices Oversold Bounce,^NDX,BUY,Limit Order -0.25 ATR (Persistent),11564.125941685268,11254.1103515625,12153.438720703125,13,-4030.0,294.65638950892856,1.0,2.0,11574.3203125,11637.7900390625,0.36128293241695303,1824745.6882317062,3937.5,52.5,1.0,,0.25,,,,,,,,False,False,,,,13,Long,-2.6808389296873116,-1.0234920634920635,Liquid,0.6691900069844665,off,False,False,False,0.20085515289926348,False,False,False,2022,1.0,1.0,1.0,1.0
2022-09-26,2022-09-27,2022-09-29,Stop,2022-09-29,SPY QQQ MonFri Reversion,QQQ,BUY,Limit (Open +/- 0.25 ATR),270.18590818132674,263.2696037069593,283.8605079650879,374,-2587.0,6.837299891880581,1.0,2.0,271.8952331542969,268.5284729003906,13.6593804718762,1820715.48556011,2559.375,68.25,0.5,,,,,,,,,,False,False,,,,374,Long,-2.559831680683284,-1.0107936507936508,Liquid,0.4659094825413496,on,False,False,False,0.22855278045572214,False,False,False,2022,1.25,1.25,1.25,1.0
2022-10-07,2022-10-10,2022-10-12,Time,2022-10-12,SPY QQQ MonFri Reversion,SPY,BUY,Limit (Open +/- 0.25 ATR),345.0840759277344,340.2528381347656,362.9261169433594,573,-2768.0,8.9210205078125,1.0,2.0,347.3143310546875,346.1978759765625,14.979918534765147,1819180.5100384774,5118.75,68.25,1.0,,,,,,,,,,False,False,,,,573,Long,-1.400017598604139,-0.5407570207570208,Liquid,0.004908394342781766,on,False,False,False,0.23177150559406712,False,False,False,2022,1.25,1.25,1.25,1.0
2022-11-01,2022-11-02,2022-11-04,Time,2022-11-04,Indices Oversold Bounce,^NDX,BUY,Limit Order -0.25 ATR (Persistent),11205.079520089286,10857.0302734375,11876.044921875,11,-3829.0,335.48270089285717,1.0,2.0,11300.26953125,11288.9501953125,3.603371853728035,1816412.2107831063,3937.5,52.5,1.0,,0.25,,,,,,,,False,False,,,,11,Long,-3.106173820790634,-0.9724444444444444,Liquid,0.03826198507667275,off,False,False,False,0.18575707692895294,False,False,False,2022,1.0,1.0,1.0,1.0
2022-11-02,2022-11-03,2022-11-07,Time,2022-11-07,Indices Oversold Bounce,^GSPC,BUY,Limit Order -0.25 ATR (Persistent),3733.25,3806.800048828125,3900.180001395089,47,3457.0,83.46500069754464,1.0,2.0,3733.25,3759.68994140625,0.7439670690718664,1813126.0743433742,3937.5,52.5,1.0,,0.25,,,,,,,,False,False,,,,47,Long,1.9701345698285675,0.877968253968254,Liquid,0.04596470945014179,off,False,False,False,0.2061912750268916,False,False,False,2022,1.0,1.0,1.0,1.0
2022-11-02,2022-11-03,2022-11-07,Time,2022-11-07,Indices Oversold Bounce,^NDX,BUY,Limit Order -0.25 ATR (Persistent),10769.4296875,10977.0,11420.453543526786,12,2491.0,325.51192801339283,1.0,2.0,10769.4296875,10906.33984375,0.5635017166787271,1813126.0743433742,3937.5,52.5,1.0,,0.25,,,,,,,,False,False,,,,12,Long,1.9274030150447554,0.6326349206349207,Liquid,0.04596470945014179,off,False,False,False,0.2061912750268916,False,False,False,2022,1.0,1.0,1.0,1.0
2022-11-14,2022-11-15,2022-11-17,Stop,2022-11-17,SPY QQQ MonFri Reversion,SPY,BUY,Limit (Open +/- 0.25 ATR),380.8567156110491,372.1179728942871,396.43170166015625,328,-2866.0,7.787493024553571,1.0,2.0,382.8035888671875,377.0493469238281,5.42049482638038,1818531.3651148586,2559.375,68.25,0.5,,,,,,,,,,False,False,,,,328,Long,-2.2944961605157674,-1.1198046398046397,Liquid,0.04957710760287707,on,False,False,False,0.1633107185104664,False,False,False,2022,1.25,1.25,1.25,1.0
2022-11-28,2022-11-29,2022-11-30,Target,2022-12-01,Weak Close Decent Sznls,DIA,BUY,Limit (Open +/- 0.25 ATR),317.59663009643555,326.3751029968262,326.3751029968262,672,5899.0,4.3892364501953125,1.0,2.0,318.6939392089844,319.22216796875,10.73526289717642,1817007.0694256844,2953.125,39.375,1.0,,,,,,,,,,False,False,,,,672,Long,2.764032130229189,1.9975449735449735,Liquid,0.05968474006699892,on,False,False,False,0.1616379701485422,False,False,False,2022,1.25,1.25,1.25,1.0
2022-11-28,2022-11-29,2022-11-30,Target,2022-12-01,Weak Close Decent Sznls,SPY,BUY,Limit (Open +/- 0.25 ATR),376.3954211643764,388.72594833374023,388.72594833374023,478,5894.0,6.165263584681919,1.0,2.0,377.9367370605469,377.80316162109375,14.0353239525124,1817007.0694256844,2953.125,39.375,1.0,,,,,,,,,,False,False,,,,478,Long,3.2759503639070457,1.9958518518518518,Liquid,0.05968474006699892,on,False,False,False,0.1616379701485422,False,False,False,2022,1.25,1.25,1.25,1.0
2022-11-28,2022-11-29,2022-11-30,Target,2022-12-01,Indices Oversold Bounce,^GSPC,BUY,Limit Order -0.25 ATR (Persistent),3948.0133318219864,4075.4262084960938,4075.4262084960938,35,4459.0,63.70643833705357,1.0,2.0,3964.18994140625,3963.93994140625,14.460038716814157,1817007.0694256844,2250.0,52.5,0.5714,,0.25,,,,,,,,False,False,,,,35,Long,3.2272656134954585,1.9817777777777779,Liquid,0.05968474006699892,on,False,False,False,0.1616379701485422,False,False,False,2022,1.25,1.25,1.25,1.0
2022-11-28,2022-11-29,2022-11-30,Target,2022-12-01,SPY QQQ MonFri Reversion,SPY,BUY,Limit (Open +/- 0.25 ATR),376.3954211643764,388.72594833374023,388.72594833374023,364,4488.0,6.165263584681919,1.0,2.0,377.9367370605469,377.80316162109375,14.0353239525124,1817007.0694256844,2250.0,68.25,0.4396,,,,,,,,,,False,False,,,,364,Long,3.2759503639070457,1.9946666666666666,Liquid,0.05968474006699892,on,False,False,False,0.1616379701485422,False,False,False,2022,1.25,1.25,1.25,1.0
2022-11-28,2022-11-29,2022-11-30,Target,2022-12-01,Monday Dip,DIA,BUY,Limit (Open +/- 0.25 ATR),317.59663009643555,326.3751029968262,326.3751029968262,768,6742.0,4.3892364501953125,1.0,2.0,318.6939392089844,319.22216796875,10.73526289717642,1817007.0694256844,3375.0,45.0,1.0,,,,,,,,,,False,False,,,,768,Long,2.764032130229189,1.9976296296296296,Liquid,0.05968474006699892,on,False,False,False,0.1616379701485422,False,False,False,2022,1.25,1.25,1.25,1.0
2022-11-28,2022-11-29,2022-12-01,Time,2022-12-01,Weak Close Decent Sznls,IBB,BUY,Limit (Open +/- 0.25 ATR),131.1647126334054,135.855224609375,136.2798728942871,1154,5413.0,2.557580130440848,1.0,2.0,131.80410766601562,131.62582397460938,12.218765789239045,1817007.0694256844,2953.125,39.375,1.0,,,,,,,,,,False,False,,,,1154,Long,3.5760471561274216,1.832973544973545,Liquid,0.05968474006699892,on,False,False,False,0.1616379701485422,False,False,False,2022,1.25,1.25,1.25,1.0
2022-12-09,2022-12-12,2022-12-13,Target,2022-12-14,Weak Close Decent Sznls,XLU,BUY,Limit (Open +/- 0.25 ATR),31.868229729788645,32.77029228210449,32.77029228210449,6547,5906.0,0.4510312761579241,1.0,2.0,31.980987548828125,31.810321807861328,10.144766969495532,1850428.9783110954,2953.125,39.375,1.0,,,,,,,,,,False,False,,,,6547,Long,2.8306013856572942,1.9999153439153439,Liquid,0.0012698544564060507,on,False,False,False,0.16720718404823387,False,False,False,2022,1.25,1.25,1.25,1.0
2022-12-27,2022-12-28,2022-12-30,Time,2022-12-30,Indices Oversold Bounce,^NDX,BUY,Limit Order -0.25 ATR (Persistent),10759.436000279018,10939.759765625,11264.026123046875,15,2705.0,252.29506138392858,1.0,2.0,10807.1201171875,10822.509765625,9.94420763104037,1855460.026178189,3937.5,52.5,1.0,,0.25,,,,,,,,False,False,,,,15,Long,1.6759592727844255,0.686984126984127,Liquid,0.0,on,False,False,False,0.18865508079115223,False,False,False,2022,1.25,1.25,1.25,1.0
2023-01-19,2023-01-20,2023-01-24,Target,2023-01-24,Weak Close Decent Sznls,ITB,BUY,Limit (Open +/- 0.25 ATR),62.25462824957712,65.07639741897583,65.07639741897583,2093,5906.0,1.4108845846993583,1.0,2.0,62.60734939575195,62.41312026977539,13.907315778794075,1858164.882658379,2953.125,39.375,1.0,,,,,,,,,,False,False,,,,2093,Long,4.532625523176072,1.9999153439153439,Liquid,1.3013925589476698,off,False,False,False,0.1469572187760455,False,False,False,2023,1.0,1.0,1.0,1.0
2023-01-19,2023-01-20,2023-01-24,Target,2023-01-24,Weak Close Decent Sznls,XHB,BUY,Limit (Open +/- 0.25 ATR),61.47085319246565,64.31804132461548,64.31804132461548,2074,5905.0,1.4235940660749162,1.0,2.0,61.826751708984375,61.77803421020508,1.8748317301808748,1858164.882658379,2953.125,39.375,1.0,,,,,,,,,,False,False,,,,2074,Long,4.631769341536983,1.9995767195767196,Liquid,1.3013925589476698,off,False,False,False,0.1469572187760455,False,False,False,2023,1.0,1.0,1.0,1.0
2023-01-24,2023-01-25,2023-01-27,Time,2023-01-27,Weak Close Decent Sznls,IHI,BUY,Limit (Open +/- 0.25 ATR),52.414021492004395,53.28349304199219,54.24448871612549,3226,2805.0,0.9152336120605469,1.0,2.0,52.64282989501953,53.36234664916992,13.432766847279828,1869975.247498682,2953.125,39.375,1.0,,,,,,,,,,False,False,,,,3226,Long,1.6588529657477786,0.9498412698412698,Liquid,1.3948342121919184,off,False,False,False,0.12158386898603024,False,False,False,2023,1.0,1.0,1.0,1.0
2023-01-30,2023-01-31,2023-02-02,Time,2023-02-02,Monday Dip,DIA,BUY,Limit (Open +/- 0.25 ATR),318.3851007734026,322.04949951171875,326.28354263305664,854,3129.0,3.949220929827009,1.0,2.0,319.3724060058594,318.8616027832031,5.865284974093264,1872780.1627189426,3375.0,45.0,1.0,,,,,,,,,,False,False,,,,854,Long,1.1509328575410114,0.9271111111111111,Liquid,1.4923282549957995,off,False,False,False,0.12072756533341833,False,False,False,2023,1.0,1.0,1.0,1.0
2023-02-09,2023-02-10,2023-02-14,Time,2023-02-14,Weak Close Decent Sznls,XLK,BUY,Limit (Open +/- 0.25 ATR),68.01287664685931,70.08491516113281,71.14106464385986,1332,2760.0,1.564093998500279,1.0,2.0,68.40390014648438,68.91702270507812,14.853896103896103,1875909.5592414646,2083.333333333333,39.375,1.0,,,,,,,,,,False,False,,,,1332,Long,3.0465385621491476,1.3248000000000002,Liquid,2.3116431550510366,off,False,False,False,0.10646072895721992,False,False,False,2023,1.0,1.0,1.0,1.0
2023-02-09,2023-02-10,2023-02-14,Time,2023-02-14,Indices Oversold Bounce,^GSPC,BUY,Limit Order -0.25 ATR (Persistent),4065.471418108259,4136.1298828125,4193.7000732421875,61,4310.0,64.11432756696429,1.0,2.0,4068.919921875,4081.5,13.66690170638838,1875909.5592414646,3937.5,52.5,1.0,,0.25,,,,,,,,False,False,,,,61,Long,1.7380140563654403,1.0946031746031746,Liquid,2.3116431550510366,off,False,False,False,0.10646072895721992,False,False,False,2023,1.0,1.0,1.0,1.0
2023-02-21,2023-02-22,2023-02-24,Time,2023-02-24,3x Bear ETF Overbot Fade,YANG,SELL SHORT,Limit (Open +/- 0.5 ATR),185.27776445661272,205.01226806640625,,267,-5269.0,10.508287702287946,1.0,8.0,180.02362060546875,179.4957275390625,89.18922085804745,1884131.7343033715,2812.5,37.5,1.0,,,,,,,,,,False,False,,,,267,Short,-10.651307061951758,-1.8734222222222223,Liquid,4.520554244061285,off,False,False,False,0.12402015943528544,False,False,False,2023,1.0,1.0,1.0,1.0
2023-02-22,2023-02-23,2023-02-27,Time,2023-02-27,3x Bear ETF Overbot Fade,YANG,SELL SHORT,Limit (Open +/- 0.5 ATR),181.09837450299943,196.38938903808594,,274,-4190.0,10.244325910295759,1.0,8.0,175.97621154785156,183.8950958251953,66.66660243749699,1884500.90682796,2812.5,37.5,1.0,,,,,,,,,,False,False,,,,274,Short,-8.443485247755907,-1.4897777777777779,Liquid,4.766057817698011,off,False,False,False,0.12522722965959154,False,False,False,2023,1.0,1.0,1.0,1.0
2023-02-28,2023-03-01,2023-03-06,Target,2023-03-08,Monthly Weak Close,SPY,BUY,Limit Order -0.25 ATR (Persistent),378.55306243896484,389.1173324584961,389.1173324584961,638,6740.0,5.282135009765625,1.0,2.0,379.0586853027344,379.87359619140625,3.514945638355217,1874672.8838569429,3375.0,45.0,1.0,,0.25,,,,,,,,False,False,,,,638,Long,2.7906972807106945,1.997037037037037,Liquid,5.193233425980096,off,False,False,False,0.130231802202311,False,False,False,2023,1.0,1.0,1.0,1.0
2023-02-28,2023-03-01,2023-03-06,Target,2023-03-08,Monthly Weak Close,QQQ,BUY,Limit Order -0.25 ATR (Persistent),286.6123499189104,297.69548416137695,297.69548416137695,609,6750.0,5.541567121233259,1.0,2.0,287.70343017578125,287.99774169921875,18.98705517546882,1874672.8838569429,3375.0,45.0,1.0,,0.25,,,,,,,,False,False,,,,609,Long,3.866942316198946,2.0,Liquid,5.193233425980096,off,False,False,False,0.130231802202311,False,False,False,2023,1.0,1.0,1.0,1.0
2023-03-09,2023-03-10,2023-03-14,Time,2023-03-14,Indices Oversold Bounce,^NDX,BUY,Limit Order -0.25 ATR (Persistent),11941.932931082589,12199.7900390625,12373.508544921875,18,4641.0,215.78780691964286,1.0,2.0,12001.7001953125,11995.8798828125,6.900655157219263,1885239.9892913606,3937.5,52.5,1.0,,0.25,,,,,,,,False,False,,,,18,Long,2.159257713705275,1.1786666666666668,Liquid,4.004561328661294,off,False,False,False,0.14054804272252996,False,False,False,2023,1.0,1.0,1.0,1.0
2023-03-10,2023-03-13,2023-03-14,Target,2023-03-15,Indices Oversold Bounce,^NDX,BUY,Limit Order -0.25 ATR (Persistent),11752.099609375,12193.82798549107,12193.82798549107,17,7509.0,220.86418805803572,1.0,2.0,11752.099609375,11830.2802734375,14.44808254850353,1880230.8182359757,3937.5,52.5,1.0,,0.25,,,,,,,,False,False,,,,17,Long,3.758718788970192,1.907047619047619,Liquid,3.745926582486683,off,False,False,False,0.15294952762503355,False,False,False,2023,1.0,1.0,1.0,1.0
2023-03-09,2023-03-10,2023-03-14,Time,2023-03-14,Indices Oversold Bounce,^GSPC,BUY,Limit Order -0.25 ATR (Persistent),3904.438991001674,3919.2900390625,4015.4876098632812,70,1040.0,55.52430943080357,1.0,2.0,3912.77001953125,3918.320068359375,8.816889117617443,1885239.9892913606,3937.5,52.5,1.0,,0.25,,,,,,,,False,False,,,,70,Long,0.38036317368647343,0.26412698412698415,Liquid,4.004561328661294,off,False,False,False,0.14054804272252996,False,False,False,2023,1.0,1.0,1.0,1.0
2023-04-12,2023-04-13,2023-04-17,Time,2023-04-17,Weak Close Decent Sznls,SPY,BUY,Limit (Open +/- 0.25 ATR),392.6999021257673,398.3369445800781,401.1517105102539,698,3935.0,4.225904192243304,1.0,2.0,393.7563781738281,392.6689453125,12.896326541558556,1898531.7279039442,2953.125,39.375,1.0,,,,,,,,,,False,False,,,,698,Long,1.4354580746764394,1.3324867724867724,Liquid,2.3452313707370784,off,False,False,False,0.0675817865708338,False,False,False,2023,1.0,1.0,1.0,1.0
2023-04-18,2023-04-19,2023-04-21,Time,2023-04-21,Weak Close Decent Sznls,XLV,BUY,Limit (Open +/- 0.25 ATR),126.75163623264858,127.75486755371094,129.2982997894287,2319,2326.0,1.273331778390067,1.0,2.0,127.0699691772461,127.03194427490234,13.13803661228098,1902466.3835370531,2953.125,39.375,1.0,,,,,,,,,,False,False,,,,2319,Long,0.7914937833393799,0.7876402116402116,Liquid,2.908163427354083,off,False,False,False,0.05350591931230353,False,False,False,2023,1.0,1.0,1.0,1.0
2023-04-25,2023-04-26,2023-04-27,Stop,2023-04-28,Weak Close Decent Sznls,XLV,BUY,Limit (Open +/- 0.25 ATR),125.65429047175816,124.33005889610564,128.22813320159912,2294,-3038.0,1.2869213649204798,1.0,2.0,125.97602081298828,127.0985336303711,10.326084587588648,1904792.8769705968,2953.125,39.375,1.0,,,,,,,,,,False,False,,,,2294,Long,-1.0538689691221892,-1.0287407407407407,Liquid,3.308164484267388,off,False,False,False,0.04309098315529747,False,False,False,2023,1.0,1.0,1.0,1.0
2023-04-25,2023-04-26,2023-04-27,Target,2023-04-28,Indices Oversold Bounce,^GSPC,BUY,Limit Order -0.25 ATR (Persistent),4062.3441728864395,4136.629852294922,4136.629852294922,106,7874.0,37.14283970424107,1.0,2.0,4087.780029296875,4071.6298828125,0.4541301899009251,1904792.8769705968,3937.5,52.5,1.0,,0.25,,,,,,,,False,False,,,,106,Long,1.8286407120374473,1.9997460317460318,Liquid,3.308164484267388,off,False,False,False,0.04309098315529747,False,False,False,2023,1.0,1.0,1.0,1.0
2023-04-25,2023-04-26,2023-04-28,Time,2023-04-28,3x Bear ETF Overbot Fade,YANG,SELL SHORT,Limit (Open +/- 0.5 ATR),196.87799617222376,187.27838134765625,,273,2621.0,10.281199863978795,1.0,8.0,191.73739624023438,208.1465301513672,88.09526234420161,1904792.8769705968,2812.5,37.5,1.0,,,,,,,,,,False,False,,,,273,Short,4.875920626584404,0.9319111111111111,Liquid,3.308164484267388,off,False,False,False,0.04309098315529747,False,False,False,2023,1.0,1.0,1.0,1.0
2023-05-01,2023-05-02,2023-05-03,Stop,2023-05-04,SPY QQQ MonFri Reversion,SPY,BUY,Limit (Open +/- 0.25 ATR),398.1208708626883,393.94377731622967,406.23862075805664,1261,-5267.0,4.058874947684152,1.0,2.0,399.1355895996094,399.8477783203125,10.214161369985021,1915824.722390617,5118.75,68.25,1.0,,,,,,,,,,False,False,,,,1261,Long,-1.0492023533976764,-1.028962148962149,Liquid,6.013379704502341,off,False,False,True,0.02086951985942953,False,False,False,2023,1.0,1.0,1.0,1.0
2023-05-23,2023-05-24,2023-05-26,Time,2023-05-26,Indices Oversold Bounce,^GSPC,BUY,Limit Order -0.25 ATR (Persistent),4132.9599609375,4205.4501953125,4214.355678013393,96,6959.0,40.69785853794643,1.0,2.0,4132.9599609375,4145.580078125,7.046892508290795,1908913.5166351108,3937.5,52.5,1.0,,0.25,,,,,,,,False,False,,,,96,Long,1.7539544312100395,1.7673650793650795,Liquid,22.75057633731974,off,False,False,True,0.02421571251065935,False,False,False,2023,1.0,1.0,1.0,1.0
2023-06-16,2023-06-20,2023-06-22,Time,2023-06-22,SPY QQQ MonFri Reversion,SPY,BUY,Limit (Open +/- 0.25 ATR),421.45206669398715,421.6165466308594,430.03133392333984,1193,196.0,4.289633614676339,1.0,2.0,422.52447509765625,424.46588134765625,10.560076265704266,1915872.5791351108,5118.75,68.25,1.0,,,,,,,,,,False,False,,,,1193,Long,0.039026961752130544,0.03829059829059829,Liquid,32.21529504434989,off,True,True,True,0.0034060990503663735,True,False,False,2023,1.0,1.0,1.0,1.0
2023-06-16,2023-06-20,2023-06-22,Time,2023-06-22,SPY QQQ MonFri Reversion,QQQ,BUY,Limit (Open +/- 0.25 ATR),358.7641285487584,360.2816467285156,369.1723403930664,983,1492.0,5.204105922154018,1.0,2.0,360.0651550292969,361.5174255371094,8.379555457873764,1915872.5791351108,5118.75,68.25,1.0,,,,,,,,,,False,False,,,,983,Long,0.4229849249131399,0.29147741147741146,Liquid,32.21529504434989,off,True,True,True,0.0034060990503663735,True,False,False,2023,1.0,1.0,1.0,1.0
2023-07-07,2023-07-10,2023-07-12,Time,2023-07-12,Indices Oversold Bounce,^NDX,BUY,Limit Order -0.25 ATR (Persistent),14985.804739815849,15307.23046875,15394.163696289062,11,3536.0,204.17947823660714,1.0,2.0,15031.9501953125,15036.849609375,2.4091826437941477,1917560.5240705006,2250.0,52.5,0.5714,,0.25,,,,,,,,False,False,,,,11,Long,2.1448679901730863,1.5715555555555556,Liquid,42.26303542869106,off,False,True,True,0.011807255334993605,True,False,False,2023,1.0,1.0,1.0,1.0
2023-07-07,2023-07-10,2023-07-12,Time,2023-07-12,SPY QQQ MonFri Reversion,QQQ,BUY,Limit (Open +/- 0.25 ATR),358.8288378034319,366.82470703125,368.79774475097656,451,3606.0,4.984453473772321,1.0,2.0,360.074951171875,360.3504333496094,5.145089440597288,1917560.5240705006,2250.0,68.25,0.4396,,,,,,,,,,False,False,,,,451,Long,2.228324032361713,1.6026666666666667,Liquid,42.26303542869106,off,False,True,True,0.011807255334993605,True,False,False,2023,1.0,1.0,1.0,1.0
2023-07-20,2023-07-21,2023-07-25,Time,2023-07-25,Weak Close Decent Sznls,XLC,BUY,Limit (Open +/- 0.25 ATR),64.16009398869106,63.86637496948242,65.92017459869385,3355,-985.0,0.8800403050013951,1.0,2.0,64.3801040649414,64.18623352050781,8.363434446358958,1924702.3441105224,2953.125,39.375,1.0,,,,,,,,,,False,False,,,,3355,Long,-0.45779081816870304,-0.33354497354497353,Liquid,42.82541632326554,off,True,True,True,0.0066345902834227255,True,False,False,2023,1.0,1.0,1.0,1.0
2023-07-21,2023-07-24,2023-07-26,Time,2023-07-26,SPY QQQ MonFri Reversion,SPY,BUY,Limit (Open +/- 0.25 ATR),437.07993044172014,439.96832275390625,443.650691986084,779,2250.0,3.2853807721819197,1.0,2.0,437.9012756347656,436.7518310546875,0.4992101105845182,1922643.778564078,2559.375,68.25,0.5,,,,,,,,,,False,False,,,,779,Long,0.6608384670664371,0.8791208791208791,Liquid,42.45352927528974,off,True,True,True,0.0066345902834227255,True,False,False,2023,1.0,1.0,1.0,1.0
2023-07-21,2023-07-24,2023-07-26,Time,2023-07-26,SPY QQQ MonFri Reversion,QQQ,BUY,Limit (Open +/- 0.25 ATR),369.3168629237584,371.44903564453125,379.2909927368164,1026,2188.0,4.987064906529018,1.0,2.0,370.5636291503906,369.5894775390625,9.302295081967213,1922643.778564078,5118.75,68.25,1.0,,,,,,,,,,False,False,,,,1026,Long,0.5773288292045945,0.42744810744810746,Liquid,42.45352927528974,off,True,True,True,0.0066345902834227255,True,False,False,2023,1.0,1.0,1.0,1.0
2023-08-04,2023-08-07,2023-08-09,Time,2023-08-09,SPY QQQ MonFri Reversion,QQQ,BUY,Limit (Open +/- 0.25 ATR),366.45759419032504,361.9936218261719,377.7375144958496,453,-2022.0,5.639960152762277,1.0,2.0,367.8675842285156,366.0572509765625,7.762576478585996,1928154.5836237837,2559.375,68.25,0.5,,,,,,,,,,False,False,,,,453,Long,-1.2181415898928638,-0.79003663003663,Liquid,44.10497569871817,off,False,False,True,0.023984748196930306,False,False,False,2023,1.0,1.0,1.0,1.0
2023-09-26,2023-09-27,2023-09-29,Time,2023-09-29,3x Bear ETF Overbot Fade,SQQQ,SELL SHORT,Limit (Open +/- 0.5 ATR),447.0423496791295,429.00299072265625,,176,3175.0,15.929792131696429,1.0,8.0,439.07745361328125,442.85540771484375,75.3423920837516,1926132.4041428224,2812.5,37.5,1.0,,,,,,,,,,False,False,,,,176,Short,4.035268463809125,1.1288888888888888,Liquid,18.14624718727585,on,False,False,False,0.06642302965392943,False,False,False,2023,1.25,1.25,1.25,1.0
2023-10-19,2023-10-20,2023-10-24,Time,2023-10-24,Indices Oversold Bounce,^GSPC,BUY,Limit Order -0.25 ATR (Persistent),4263.294991629465,4247.68017578125,4380.93505859375,66,-1031.0,58.820033482142854,1.0,2.0,4273.85009765625,4278.0,11.89698922776873,1929307.3313191617,3937.5,52.5,1.0,,0.25,,,,,,,,False,False,,,,66,Long,-0.3662616797306482,-0.2618412698412698,Liquid,7.520978541549903,off,False,False,False,0.06521735979627641,False,False,False,2023,1.0,1.0,1.0,1.0
2023-10-19,2023-10-20,2023-10-24,Time,2023-10-24,Indices Oversold Bounce,^NDX,BUY,Limit Order -0.25 ATR (Persistent),14720.332188197544,14745.8603515625,15222.713745117188,15,383.0,251.19077845982142,1.0,2.0,14752.58984375,14783.1298828125,12.319301851700386,1929307.3313191617,3937.5,52.5,1.0,,0.25,,,,,,,,False,False,,,,15,Long,0.17342110924251808,0.09726984126984127,Liquid,7.520978541549903,off,False,False,False,0.06521735979627641,False,False,False,2023,1.0,1.0,1.0,1.0
2023-10-20,2023-10-23,2023-10-25,Time,2023-10-25,SPY QQQ MonFri Reversion,QQQ,BUY,Limit (Open +/- 0.25 ATR),346.5358761378697,345.2051696777344,358.9075584411621,363,-483.0,6.185841151646206,1.0,2.0,348.08233642578125,349.4026794433594,4.056873798287013,1924332.6476033414,2250.0,68.25,0.4396,,,,,,,,,,False,False,,,,363,Long,-0.3840025093407381,-0.21466666666666667,Liquid,7.207402224527302,off,False,False,False,0.07670397233329662,False,False,False,2023,1.0,1.0,1.0,1.0
2023-10-20,2023-10-23,2023-10-25,Time,2023-10-25,SPY QQQ MonFri Reversion,SPY,BUY,Limit (Open +/- 0.25 ATR),405.26047951834545,404.7259826660156,416.95838165283203,384,-205.0,5.848951067243304,1.0,2.0,406.72271728515625,408.25421142578125,2.0147734677284497,1924332.6476033414,2250.0,68.25,0.4396,,,,,,,,,,False,False,,,,384,Long,-0.13188970534829259,-0.09111111111111111,Liquid,7.207402224527302,off,False,False,False,0.07670397233329662,False,False,False,2023,1.0,1.0,1.0,1.0
2023-10-20,2023-10-23,2023-10-25,Time,2023-10-25,Indices Oversold Bounce,^NDX,BUY,Limit Order -0.25 ATR (Persistent),14497.361659458706,14381.6396484375,15005.507446289062,8,-926.0,254.07289341517858,1.0,2.0,14514.1103515625,14560.8798828125,3.8235620082012636,1924332.6476033414,2250.0,52.5,0.5714,,0.25,,,,,,,,False,False,,,,8,Long,-0.7982280758354646,-0.41155555555555556,Liquid,7.207402224527302,off,False,False,False,0.07670397233329662,False,False,False,2023,1.0,1.0,1.0,1.0
2023-10-20,2023-10-23,2023-10-25,Time,2023-10-25,Indices Oversold Bounce,^GSPC,BUY,Limit Order -0.25 ATR (Persistent),4209.194431849888,4186.77001953125,4328.920227050781,37,-830.0,59.86289760044643,1.0,2.0,4210.39990234375,4224.16015625,2.1116482714585425,1924332.6476033414,2250.0,52.5,0.5714,,0.25,,,,,,,,False,False,,,,37,Long,-0.5327483128115534,-0.3688888888888889,Liquid,7.207402224527302,off,False,False,False,0.07670397233329662,False,False,False,2023,1.0,1.0,1.0,1.0
2023-10-25,2023-10-26,2023-10-30,Time,2023-10-30,Indices Oversold Bounce,^GSPC,BUY,Limit Order -0.25 ATR (Persistent),4171.553580147879,4166.81982421875,4293.285095214844,64,-303.0,60.865757533482146,1.0,2.0,4175.990234375,4186.77001953125,10.49038756127451,1926215.9033433709,3937.5,52.5,1.0,,0.25,,,,,,,,False,False,,,,64,Long,-0.11347704969334868,-0.07695238095238095,Liquid,5.988700082527656,off,False,False,False,0.08468331340907931,False,False,False,2023,1.0,1.0,1.0,1.0
2023-10-25,2023-10-26,2023-10-30,Time,2023-10-30,Indices Oversold Bounce,^NDX,BUY,Limit Order -0.25 ATR (Persistent),14314.009765625,14335.509765625,14837.739815848214,15,322.0,261.86502511160717,1.0,2.0,14314.009765625,14381.6396484375,6.892663208480075,1926215.9033433709,3937.5,52.5,1.0,,0.25,,,,,,,,False,False,,,,15,Long,0.15020249637968047,0.08177777777777778,Liquid,5.988700082527656,off,False,False,False,0.08468331340907931,False,False,False,2023,1.0,1.0,1.0,1.0
2023-11-28,2023-11-29,2023-12-01,Target,2023-12-01,Weak Close Decent Sznls,XLI,BUY,Limit (Open +/- 0.25 ATR),102.01215934753418,103.98556327819824,103.98556327819824,2992,5904.0,0.9867019653320312,1.0,2.0,102.25883483886719,101.69007110595703,14.423347665613942,1926235.4429639066,2953.125,39.375,1.0,,,,,,,,,,False,False,,,,2992,Long,1.934479128062652,1.9992380952380953,Liquid,0.04229825498379375,off,True,True,True,0.0027420034217585654,True,False,False,2023,1.0,1.0,1.0,1.0
2023-11-29,2023-11-30,2023-12-04,Time,2023-12-04,Weak Close Decent Sznls,SPY,BUY,Limit (Open +/- 0.25 ATR),440.6038736615862,442.66387939453125,447.7018394470215,832,1714.0,3.548982892717634,1.0,2.0,441.4911193847656,440.6477355957031,9.950556714581566,1926425.4846814359,2953.125,39.375,1.0,,,,,,,,,,False,False,,,,832,Long,0.46754144847289353,0.5804021164021164,Liquid,0.021133141033940143,off,True,True,True,0.0034437061776552147,True,False,False,2023,1.0,1.0,1.0,1.0
2023-12-20,2023-12-21,2023-12-26,Time,2023-12-26,Weak Close Decent Sznls,ITA,BUY,Limit (Open +/- 0.25 ATR),123.07777064187187,124.54345703125,126.14609622955322,1018,1492.0,1.5341627938406808,1.0,2.0,123.46131134033203,121.99553680419922,1.2930097911729017,1936359.4427764416,1562.5,39.375,1.0,,,,,,,,,,False,False,,,,1018,Long,1.1908619905400681,0.95488,Liquid,5.300542729226306,off,False,True,True,0.013857249423357532,True,False,False,2023,1.0,1.0,1.0,1.0
2023-12-20,2023-12-21,2023-12-26,Time,2023-12-26,Weak Close Decent Sznls,QQQ,BUY,Limit (Open +/- 0.25 ATR),400.68505205426897,405.6665344238281,410.3645477294922,323,1608.0,4.839747837611607,1.0,2.0,401.8949890136719,397.9654541015625,2.377646933925669,1936359.4427764416,1562.5,39.375,1.0,,,,,,,,,,False,False,,,,323,Long,1.2432413797369375,1.02912,Liquid,5.300542729226306,off,False,True,True,0.013857249423357532,True,False,False,2023,1.0,1.0,1.0,1.0
2023-12-20,2023-12-21,2023-12-26,Time,2023-12-26,Weak Close Decent Sznls,SMH,BUY,Limit (Open +/- 0.25 ATR),170.27735137939453,174.35231018066406,176.51630401611328,501,2040.0,3.119476318359375,1.0,2.0,171.05722045898438,167.81175231933594,1.496013586983302,1936359.4427764416,1562.5,39.375,1.0,,,,,,,,,,False,False,,,,501,Long,2.393130247950666,1.3056,Liquid,5.300542729226306,off,False,True,True,0.013857249423357532,True,False,False,2023,1.0,1.0,1.0,1.0
2023-12-20,2023-12-21,2023-12-26,Time,2023-12-26,Weak Close Decent Sznls,DIA,BUY,Limit (Open +/- 0.25 ATR),358.660710471017,361.6786804199219,363.84084701538086,603,1820.0,2.5900682721819197,1.0,2.0,359.3082275390625,357.2943115234375,3.315793546390157,1936359.4427764416,1562.5,39.375,1.0,,,,,,,,,,False,False,,,,603,Long,0.8414554091920091,1.1648,Liquid,5.300542729226306,off,False,True,True,0.013857249423357532,True,False,False,2023,1.0,1.0,1.0,1.0
2023-12-20,2023-12-21,2023-12-26,Time,2023-12-26,Weak Close Decent Sznls,XLI,BUY,Limit (Open +/- 0.25 ATR),108.49107565198626,110.42694854736328,110.79623508453369,1356,2624.0,1.1525797162737166,1.0,2.0,108.77922058105469,108.01351165771484,3.465381258183178,1936359.4427764416,1562.5,39.375,1.0,,,,,,,,,,False,False,,,,1356,Long,1.7843614175112796,1.67936,Liquid,5.300542729226306,off,False,True,True,0.013857249423357532,True,False,False,2023,1.0,1.0,1.0,1.0
2023-12-20,2023-12-21,2023-12-26,Time,2023-12-26,Weak Close Decent Sznls,XLK,BUY,Limit (Open +/- 0.25 ATR),94.13542570386615,95.05714416503906,96.58003520965576,1278,1178.0,1.2223047528948103,1.0,2.0,94.44100189208984,93.48970031738281,0.8822685865947983,1936359.4427764416,1562.5,39.375,1.0,,,,,,,,,,False,False,,,,1278,Long,0.9791409071357291,0.75392,Liquid,5.300542729226306,off,False,True,True,0.013857249423357532,True,False,False,2023,1.0,1.0,1.0,1.0
2023-12-20,2023-12-21,2023-12-26,Time,2023-12-26,Weak Close Decent Sznls,XLF,BUY,Limit (Open +/- 0.25 ATR),35.70343937192644,36.21738815307617,36.49178743362427,3963,2037.0,0.39417403084891184,1.0,2.0,35.80198287963867,35.64741516113281,0.0,1936359.4427764416,1562.5,39.375,1.0,,,,,,,,,,False,False,,,,3963,Long,1.4394937579986933,1.30368,Liquid,5.300542729226306,off,False,True,True,0.013857249423357532,True,False,False,2023,1.0,1.0,1.0,1.0
2023-12-20,2023-12-21,2023-12-26,Time,2023-12-26,Weak Close Decent Sznls,SPY,BUY,Limit (Open +/- 0.25 ATR),457.67382540021623,462.9108581542969,465.9353218078613,378,1978.0,4.130748203822544,1.0,2.0,458.7065124511719,455.71881103515625,5.445640615661651,1936359.4427764416,1562.5,39.375,1.0,,,,,,,,,,False,False,,,,378,Long,1.144271851137889,1.26592,Liquid,5.300542729226306,off,False,True,True,0.013857249423357532,True,False,False,2023,1.0,1.0,1.0,1.0
2024-01-03,2024-01-04,2024-01-08,Target,2024-01-08,Indices Oversold Bounce,^NDX,BUY,Limit Order -0.25 ATR (Persistent),16290.7802734375,16644.92801339286,16644.92801339286,22,7791.0,177.07386997767858,1.0,2.0,16290.7802734375,16368.490234375,13.746869740137116,1964289.3342689446,3937.5,52.5,1.0,,0.25,,,,,,,,False,False,,,,22,Long,2.1739151471633615,1.9786666666666666,Liquid,32.336790447214426,off,False,True,True,0.016572544226583275,True,False,False,2024,1.0,1.0,1.0,1.0
2024-02-16,2024-02-20,2024-02-21,Stop,2024-02-22,SPY QQQ MonFri Reversion,QQQ,BUY,Limit (Open +/- 0.25 ATR),421.98556900024414,416.463512985611,432.779727935791,948,-5235.0,5.3970794677734375,1.0,2.0,423.3348388671875,425.33026123046875,14.007945809817462,1972189.2893470696,5118.75,68.25,1.0,,,,,,,,,,False,False,,,,948,Long,-1.3085888286928529,-1.0227106227106226,Liquid,37.27505623749467,off,True,True,True,0.004979857636436491,True,False,False,2024,1.0,1.0,1.0,1.0
2024-02-26,2024-02-27,2024-02-29,Time,2024-02-29,SPY QQQ MonFri Reversion,SPY,BUY,Limit (Open +/- 0.25 ATR),492.01824024745395,494.4722900390625,500.90649795532227,1151,2825.0,4.444128853934152,1.0,2.0,493.1292724609375,492.4382629394531,4.498502669154984,1970715.210535424,5118.75,68.25,1.0,,,,,,,,,,False,False,,,,1151,Long,0.4987721167358192,0.5518925518925519,Liquid,36.66864575015194,off,True,True,True,0.0036625528988423195,True,False,False,2024,1.0,1.0,1.0,1.0
2024-02-26,2024-02-27,2024-02-29,Time,2024-02-29,SPY QQQ MonFri Reversion,QQQ,BUY,Limit (Open +/- 0.25 ATR),430.9478247506278,433.65771484375,442.11595916748047,916,2482.0,5.584067208426339,1.0,2.0,432.3438415527344,431.23748779296875,8.481822695426713,1970715.210535424,5118.75,68.25,1.0,,,,,,,,,,False,False,,,,916,Long,0.6288209238996231,0.4848840048840049,Liquid,36.66864575015194,off,True,True,True,0.0036625528988423195,True,False,False,2024,1.0,1.0,1.0,1.0
2024-03-04,2024-03-05,2024-03-07,Time,2024-03-07,SPY QQQ MonFri Reversion,SPY,BUY,Limit (Open +/- 0.25 ATR),495.44048963274275,501.0220642089844,504.5122756958008,1128,6296.0,4.535893031529018,1.0,2.0,496.574462890625,498.5792541503906,13.635974914481185,1976022.0811708653,5118.75,68.25,1.0,,,,,,,,,,False,False,,,,1128,Long,1.1265882972905785,1.22998778998779,Liquid,36.42459809667046,off,True,True,True,0.0010723948124926608,True,False,False,2024,1.0,1.0,1.0,1.0
2024-03-04,2024-03-05,2024-03-07,Time,2024-03-07,SPY QQQ MonFri Reversion,QQQ,BUY,Limit (Open +/- 0.25 ATR),434.1912819998605,440.0291442871094,445.25355529785156,925,5400.0,5.531136648995536,1.0,2.0,435.5740661621094,438.6165771484375,11.012820163858569,1976022.0811708653,5118.75,68.25,1.0,,,,,,,,,,False,False,,,,925,Long,1.3445369654498829,1.054945054945055,Liquid,36.42459809667046,off,True,True,True,0.0010723948124926608,True,False,False,2024,1.0,1.0,1.0,1.0
2024-03-08,2024-03-11,2024-03-13,Time,2024-03-13,Weak Close Decent Sznls,XLK,BUY,Limit (Open +/- 0.25 ATR),101.29345539637974,102.8894271850586,104.83393478393555,1668,2662.0,1.7702396937779017,1.0,2.0,101.73601531982422,102.20428466796875,2.5341624651888326,1987718.119908571,2953.125,39.375,1.0,,,,,,,,,,False,False,,,,1668,Long,1.5755922062620178,0.9014179894179895,Liquid,36.55288279436682,off,True,True,True,0.0060021960724693235,True,False,False,2024,1.0,1.0,1.0,1.0
2024-03-08,2024-03-11,2024-03-13,Time,2024-03-13,SPY QQQ MonFri Reversion,SPY,BUY,Limit (Open +/- 0.25 ATR),495.63045174734935,502.1510009765625,505.0511932373047,1086,7081.0,4.710370744977679,1.0,2.0,496.80804443359375,498.01483154296875,8.321465533254903,1987718.119908571,5118.75,68.25,1.0,,,,,,,,,,False,False,,,,1086,Long,1.3156070629286183,1.3833455433455433,Liquid,36.55288279436682,off,True,True,True,0.0060021960724693235,True,False,False,2024,1.0,1.0,1.0,1.0
2024-03-08,2024-03-11,2024-03-13,Time,2024-03-13,SPY QQQ MonFri Reversion,QQQ,BUY,Limit (Open +/- 0.25 ATR),430.6153188432966,434.8924560546875,443.1790962219238,814,3482.0,6.281888689313616,1.0,2.0,432.185791015625,433.67742919921875,6.601900397115812,1987718.119908571,5118.75,68.25,1.0,,,,,,,,,,False,False,,,,814,Long,0.9932617406366248,0.6802442002442003,Liquid,36.55288279436682,off,True,True,True,0.0060021960724693235,True,False,False,2024,1.0,1.0,1.0,1.0
2024-03-18,2024-03-19,2024-03-21,Target,2024-03-21,Weak Close Decent Sznls,SMH,BUY,Limit (Open +/- 0.25 ATR),212.36289705548967,226.27490615844727,226.27490615844727,424,5899.0,6.956004551478794,1.0,2.0,214.10189819335938,216.6427001953125,8.61411251896573,2000943.1070050849,2953.125,39.375,1.0,,,,,,,,,,False,False,,,,424,Long,6.551054490145912,1.9975449735449735,Liquid,37.423868484066176,off,True,True,True,0.004501977055657025,True,False,False,2024,1.0,1.0,1.0,1.0
2024-03-18,2024-03-19,2024-03-21,Target,2024-03-21,SPY QQQ MonFri Reversion,QQQ,BUY,Limit (Open +/- 0.25 ATR),429.1641001020159,441.6083793640137,441.6083793640137,822,10229.0,6.222139630998884,1.0,2.0,430.7196350097656,432.72760009765625,6.316627018600762,2000943.1070050849,5118.75,68.25,1.0,,,,,,,,,,False,False,,,,822,Long,2.899655227228858,1.9983394383394384,Liquid,37.423868484066176,off,True,True,True,0.004501977055657025,True,False,False,2024,1.0,1.0,1.0,1.0
2024-03-18,2024-03-19,2024-03-21,Target,2024-03-21,Monday Dip,SMH,BUY,Limit (Open +/- 0.25 ATR),212.36289705548967,226.27490615844727,226.27490615844727,485,6747.0,6.956004551478794,1.0,2.0,214.10189819335938,216.6427001953125,8.61411251896573,2000943.1070050849,3375.0,45.0,1.0,,,,,,,,,,False,False,,,,485,Long,6.551054490145912,1.999111111111111,Liquid,37.423868484066176,off,True,True,True,0.004501977055657025,True,False,False,2024,1.0,1.0,1.0,1.0
2024-03-25,2024-03-26,2024-03-28,Time,2024-03-28,Monday Dip,IWM,BUY,Limit (Open +/- 0.25 ATR),201.2844442640032,205.21144104003906,207.32932472229004,558,2191.0,3.0224402291434154,1.0,2.0,202.04005432128906,200.5666046142578,1.9994787594474852,2021828.8299158297,1687.5,45.0,0.5,,,,,,,,,,False,False,,,,558,Long,1.9509688343751144,1.2983703703703704,Liquid,41.527811545482564,off,True,True,True,0.004653185592251363,True,False,False,2024,1.0,1.0,1.0,1.0
2024-03-25,2024-03-26,2024-03-28,Time,2024-03-28,Monday Dip,DIA,BUY,Limit (Open +/- 0.25 ATR),380.282903943743,385.0166931152344,386.5589790344238,1075,5089.0,3.138037545340402,1.0,2.0,381.0674133300781,380.36083984375,9.775986725139267,2021828.8299158297,3375.0,45.0,1.0,,,,,,,,,,False,False,,,,1075,Long,1.2448072533367573,1.5078518518518518,Liquid,41.527811545482564,off,True,True,True,0.004653185592251363,True,False,False,2024,1.0,1.0,1.0,1.0
2024-03-25,2024-03-26,2024-03-28,Time,2024-03-28,SPY QQQ MonFri Reversion,SPY,BUY,Limit (Open +/- 0.25 ATR),507.72712271554127,510.6425476074219,516.6796722412109,571,1665.0,4.476274762834821,1.0,2.0,508.84619140625,507.4209289550781,11.941865347828115,2021828.8299158297,2559.375,68.25,0.5,,,,,,,,,,False,False,,,,571,Long,0.5742109809473381,0.6505494505494506,Liquid,41.527811545482564,off,True,True,True,0.004653185592251363,True,False,False,2024,1.0,1.0,1.0,1.0
2024-04-01,2024-04-02,2024-04-04,Time,2024-04-04,Monday Dip,IWM,BUY,Limit (Open +/- 0.25 ATR),200.0089010511126,198.8394317626953,206.1095676422119,1106,-1293.0,3.0503332955496654,1.0,2.0,200.771484375,203.27932739257812,12.676056338028168,2030773.6250894747,3375.0,45.0,1.0,,,,,,,,,,False,False,,,,1106,Long,-0.5847086216020034,-0.3831111111111111,Liquid,48.12193707565721,off,True,True,True,0.0019307559328037849,True,False,False,2024,1.0,1.0,1.0,1.0
2024-04-12,2024-04-15,2024-04-16,Stop,2024-04-17,Weak Close Decent Sznls,XLE,BUY,Limit (Open +/- 0.25 ATR),45.132115432194304,44.433665790496555,46.50234651565552,4310,-3010.0,0.6851155417306083,1.0,2.0,45.30339431762695,45.08763885498047,13.939331203911825,2029480.1920564852,2953.125,39.375,1.0,,,,,,,,,,False,False,,,,4310,Long,-1.5475668158012397,-1.0192592592592593,Liquid,51.88651188102146,off,False,False,True,0.023548673596427094,False,True,False,2024,0.0,0.0,1.0,1.0
2024-04-12,2024-04-15,2024-04-17,Time,2024-04-17,3x Bear ETF Overbot Fade,FAZ,SELL SHORT,Limit (Open +/- 0.5 ATR),103.46189335414341,108.44132995605469,,847,-4218.0,3.3196302141462053,1.0,8.0,101.80207824707031,105.21390533447266,68.74998922686835,2029480.1920564852,2812.5,37.5,1.0,,,,,,,,,,False,False,,,,847,Short,-4.812821842402384,-1.4997333333333334,Liquid,51.88651188102146,off,False,False,True,0.023548673596427094,False,True,False,2024,0.0,0.0,1.0,1.0
2024-04-15,2024-04-16,2024-04-18,Time,2024-04-18,3x Bear ETF Overbot Fade,SPXS,SELL SHORT,Limit (Open +/- 0.5 ATR),91.6285035269601,93.38685607910156,,572,-1006.0,2.949267796107701,1.0,8.0,90.15386962890625,90.24623107910156,90.76914084290487,2024188.8119735373,1687.5,37.5,0.6,,,,,,,,,,False,False,,,,572,Short,-1.9190017128502979,-0.5961481481481481,Liquid,50.787009618442866,off,False,False,False,0.035781873396713126,False,True,False,2024,0.0,0.0,1.0,1.0
2024-04-15,2024-04-16,2024-04-18,Time,2024-04-18,3x Bear ETF Overbot Fade,FAZ,SELL SHORT,Limit (Open +/- 0.5 ATR),108.49072265625,107.51921844482422,,445,432.0,3.7872772216796875,1.0,8.0,106.59708404541016,107.33480072021484,91.76470244688741,2024188.8119735373,1687.5,37.5,0.6,,,,,,,,,,False,False,,,,445,Short,0.8954721543370734,0.256,Liquid,50.787009618442866,off,False,False,False,0.035781873396713126,False,True,False,2024,0.0,0.0,1.0,1.0
2024-04-15,2024-04-16,2024-04-18,Time,2024-04-18,Indices Oversold Bounce,^GSPC,BUY,Limit Order -0.25 ATR (Persistent),5046.670715332031,5011.1201171875,5167.863586425781,37,-1315.0,60.596435546875,1.0,2.0,5064.58984375,5061.81982421875,8.062791069789377,2024188.8119735373,2250.0,52.5,0.5714,,0.25,,,,,,,,False,False,,,,37,Long,-0.7044366504144367,-0.5844444444444444,Liquid,50.787009618442866,off,False,False,False,0.035781873396713126,False,True,False,2024,0.0,0.0,1.0,1.0
2024-04-15,2024-04-17,2024-04-18,Time,2024-04-18,Indices Oversold Bounce,^NDX,BUY,Limit Order -0.25 ATR (Persistent),17641.262730189734,17394.310546875,18165.801513671875,8,-1976.0,262.26939174107144,1.0,2.0,17691.44921875,17706.830078125,6.4070877844104865,2024188.8119735373,2250.0,52.5,0.5714,,0.25,,,,,,,,False,False,,,,8,Long,-1.3998554813886483,-0.8782222222222222,Liquid,50.787009618442866,off,False,False,False,0.035781873396713126,False,True,False,2024,0.0,0.0,1.0,1.0
2024-04-15,2024-04-16,2024-04-18,Time,2024-04-18,SPY QQQ MonFri Reversion,SPY,BUY,Limit (Open +/- 0.25 ATR),491.4750409807478,487.65203857421875,503.2206115722656,383,-1464.0,5.872785295758929,1.0,2.0,492.9432373046875,492.4648742675781,7.4235097368217495,2024188.8119735373,2250.0,68.25,0.4396,,,,,,,,,,False,False,,,,383,Long,-0.7778629813835852,-0.6506666666666666,Liquid,50.787009618442866,off,False,False,False,0.035781873396713126,False,True,False,2024,0.0,0.0,1.0,1.0
2024-04-15,2024-04-16,2024-04-18,Time,2024-04-18,Monday Dip,DIA,BUY,Limit (Open +/- 0.25 ATR),366.52093723842074,365.7348327636719,374.9449920654297,400,-314.0,4.212027413504464,1.0,2.0,367.5739440917969,365.2218322753906,9.833803481131499,2024188.8119735373,1687.5,45.0,0.5,,,,,,,,,,False,False,,,,400,Long,-0.2144773721992065,-0.1860740740740741,Liquid,50.787009618442866,off,False,False,False,0.035781873396713126,False,True,False,2024,0.0,0.0,1.0,1.0
2024-04-16,2024-04-17,2024-04-19,Time,2024-04-19,3x Bear ETF Overbot Fade,TECS,SELL SHORT,Limit (Open +/- 0.5 ATR),785.9788818359375,891.9933471679688,,57,-6043.0,34.4185791015625,1.0,8.0,768.7695922851562,778.8850708007812,69.23078886772898,2021659.134886571,1968.7499999999998,37.5,0.7,,,,,,,,,,False,False,,,,57,Short,-13.488207861818907,-3.069460317460318,Liquid,49.293478989420315,off,False,False,False,0.037540365245269824,False,False,False,2024,1.0,1.0,1.0,1.0
2024-04-16,2024-04-17,2024-04-19,Time,2024-04-19,3x Bear ETF Overbot Fade,LABD,SELL SHORT,Limit (Open +/- 0.5 ATR),92.00767735072544,100.21222686767578,,325,-2666.0,6.045872279575893,1.0,8.0,88.9847412109375,90.65495300292969,64.83499405465382,2021659.134886571,1968.7499999999995,37.5,0.7,,,,,,,,,,False,False,,,,325,Short,-8.917244466106117,-1.3541587301587306,Liquid,49.293478989420315,off,False,False,False,0.037540365245269824,False,False,False,2024,1.0,1.0,1.0,1.0
2024-04-16,2024-04-17,2024-04-19,Time,2024-04-19,3x Bear ETF Overbot Fade,SPXS,SELL SHORT,Limit (Open +/- 0.5 ATR),91.10396439688546,95.69611358642578,,654,-3003.0,3.008649008614676,1.0,8.0,89.59963989257812,90.9852066040039,72.0001321527686,2021659.134886571,1968.7499999999995,37.5,0.7,,,,,,,,,,False,False,,,,654,Short,-5.040559123788594,-1.5253333333333337,Liquid,49.293478989420315,off,False,False,False,0.037540365245269824,False,False,False,2024,1.0,1.0,1.0,1.0
2024-04-16,2024-04-17,2024-04-19,Time,2024-04-19,3x Bear ETF Overbot Fade,FAZ,SELL SHORT,Limit (Open +/- 0.5 ATR),109.84427288600376,103.27747344970703,,503,3303.0,3.9124227251325334,1.0,8.0,107.8880615234375,109.0868148803711,81.57897601707002,2021659.134886571,1968.7499999999998,37.5,0.7,,,,,,,,,,False,False,,,,503,Short,5.9782811281492565,1.677714285714286,Liquid,49.293478989420315,off,False,False,False,0.037540365245269824,False,False,False,2024,1.0,1.0,1.0,1.0
2024-04-17,2024-04-18,2024-04-22,Time,2024-04-22,Indices Oversold Bounce,^NDX,BUY,Limit Order -0.25 ATR (Persistent),17425.56787109375,17210.890625,17969.97802734375,14,-3005.0,272.205078125,1.0,2.0,17514.76953125,17493.619140625,10.350170988885722,2015431.3362608973,3937.5,52.5,1.0,,0.25,,,,,,,,False,False,,,,14,Long,-1.2319670020617548,-0.7631746031746032,Liquid,47.44507405301813,off,False,False,False,0.043236432844014905,False,False,False,2024,1.0,1.0,1.0,1.0
2024-04-17,2024-04-18,2024-04-22,Time,2024-04-22,3x Bear ETF Overbot Fade,SQQQ,SELL SHORT,Limit (Open +/- 0.5 ATR),263.01822444370816,271.28515625,,232,-1918.0,10.877513340541295,1.0,8.0,257.5794677734375,258.01458740234375,86.36366534677455,2015431.3362608973,2531.25,37.5,0.9,,,,,,,,,,False,False,,,,232,Short,-3.143102278854121,-0.7577283950617284,Liquid,47.44507405301813,off,False,False,False,0.043236432844014905,False,False,False,2024,1.0,1.0,1.0,1.0
2024-04-17,2024-04-18,2024-04-22,Time,2024-04-22,3x Bear ETF Overbot Fade,TECS,SELL SHORT,Limit (Open +/- 0.5 ATR),830.1845441545759,867.1648559570312,,69,-2552.0,36.389107840401785,1.0,8.0,811.989990234375,810.1507568359375,96.07840840618074,2015431.3362608973,2531.25,37.5,0.9,,,,,,,,,,False,False,,,,69,Short,-4.454468836216958,-1.0081975308641975,Liquid,47.44507405301813,off,False,False,False,0.043236432844014905,False,False,False,2024,1.0,1.0,1.0,1.0
2024-04-18,2024-04-19,2024-04-23,Time,2024-04-23,3x Bear ETF Overbot Fade,SPXS,SELL SHORT,Limit (Open +/- 0.5 ATR),95.13529368809291,90.06151580810547,,679,3445.0,3.312152317592076,1.0,8.0,93.47921752929688,93.38685607910156,85.29416051656035,2009745.1388666625,2250.0,37.5,0.8,,,,,,,,,,False,False,,,,679,Short,5.333223542276695,1.531111111111111,Liquid,45.27871630322234,off,False,False,False,0.04520513109159385,False,False,False,2024,1.0,1.0,1.0,1.0
2024-04-18,2024-04-19,2024-04-23,Time,2024-04-23,3x Bear ETF Overbot Fade,SQQQ,SELL SHORT,Limit (Open +/- 0.5 ATR),271.0909320286342,259.10235595703125,,198,2374.0,11.359232221330915,1.0,8.0,265.41131591796875,262.5831298828125,84.44438902587666,2009745.1388666625,2250.0,37.5,0.8,,,,,,,,,,False,False,,,,198,Short,4.422344923856268,1.055111111111111,Liquid,45.27871630322234,off,False,False,False,0.04520513109159385,False,False,False,2024,1.0,1.0,1.0,1.0
2024-04-18,2024-04-19,2024-04-23,Time,2024-04-23,3x Bear ETF Overbot Fade,TECS,SELL SHORT,Limit (Open +/- 0.5 ATR),867.9200483049665,832.2206420898438,,58,2071.0,38.293954031808035,1.0,8.0,848.7730712890625,839.577392578125,92.50003318642808,2009745.1388666625,2250.0,37.5,0.8,,,,,,,,,,False,False,,,,58,Short,4.113213686542105,0.9204444444444444,Liquid,45.27871630322234,off,False,False,False,0.04520513109159385,False,False,False,2024,1.0,1.0,1.0,1.0
2024-04-18,2024-04-19,2024-04-23,Time,2024-04-23,Indices Oversold Bounce,^NDX,BUY,Limit Order -0.25 ATR (Persistent),17323.806047712053,17471.470703125,17887.842041015625,13,1920.0,282.0179966517857,1.0,2.0,17334.7109375,17394.310546875,8.314803339044218,2009745.1388666625,3937.5,52.5,1.0,,0.25,,,,,,,,False,False,,,,13,Long,0.8523799851271682,0.4876190476190476,Liquid,45.27871630322234,off,False,False,False,0.04520513109159385,False,False,False,2024,1.0,1.0,1.0,1.0
2024-04-19,2024-04-22,2024-04-24,Time,2024-04-24,3x Bear ETF Overbot Fade,SQQQ,SELL SHORT,Limit (Open +/- 0.5 ATR),280.47666767665316,256.9268493652344,,183,4310.0,12.291592189243861,1.0,8.0,274.33087158203125,279.33453369140625,81.92776174999705,1986910.817228283,2250.0,37.5,0.8,,,,,,,,,,False,False,,,,183,Short,8.39635557085559,1.9155555555555555,Liquid,42.814025411461316,off,False,False,False,0.05353899621485081,False,False,False,2024,1.0,1.0,1.0,1.0
2024-04-19,2024-04-22,2024-04-24,Time,2024-04-24,3x Bear ETF Overbot Fade,TECS,SELL SHORT,Limit (Open +/- 0.5 ATR),891.3695438929966,819.3466796875,,54,3889.0,41.052686418805806,1.0,8.0,870.8432006835938,891.9933471679688,88.70967051271896,1986910.817228283,2250.0,37.5,0.8,,,,,,,,,,False,False,,,,54,Short,8.080023004930322,1.7284444444444444,Liquid,42.814025411461316,off,False,False,False,0.05353899621485081,False,False,False,2024,1.0,1.0,1.0,1.0
2024-05-01,2024-05-02,2024-05-06,Time,2024-05-06,3x Bear ETF Overbot Fade,TECS,SELL SHORT,Limit (Open +/- 0.5 ATR),857.5091269356864,735.6646118164062,,65,7920.0,43.22028023856027,1.0,8.0,835.8989868164062,866.2452392578125,96.66664822978257,2018053.997427497,2812.5,37.5,1.0,,,,,,,,,,False,False,,,,65,Short,14.209121663193509,2.816,Liquid,26.79923808502587,off,False,False,False,0.043618664320576817,False,False,False,2024,1.0,1.0,1.0,1.0
2024-05-13,2024-05-14,2024-05-16,Time,2024-05-16,Monday Dip,IWM,BUY,Limit (Open +/- 0.25 ATR),201.36657551356726,202.89874267578125,207.3789176940918,561,860.0,3.006171090262277,1.0,2.0,202.1181182861328,199.78594970703125,7.179458393142106,2025973.8909102504,1687.5,45.0,0.5,,,,,,,,,,False,False,,,,561,Long,0.7608845501326824,0.5096296296296297,Liquid,27.191579547444945,off,True,True,True,0.004319807226750183,True,False,False,2024,1.0,1.0,1.0,1.0
2024-05-22,2024-05-23,2024-05-24,Stop,2024-05-28,Weak Close Decent Sznls,XLU,BUY,Limit (Open +/- 0.25 ATR),33.821288858141216,33.4220677376679,34.599671840667725,7587,-3029.0,0.38919149126325336,1.0,2.0,33.91858673095703,33.97047805786133,8.974797582392519,2026833.4366882525,2953.125,39.375,1.0,,,,,,,,,,False,False,,,,7587,Long,-1.1803841129407942,-1.0256931216931218,Liquid,28.620627088788012,off,True,True,True,0.0028794097727675716,True,False,False,2024,1.0,1.0,1.0,1.0
2024-05-23,2024-05-24,2024-05-28,Stop,2024-05-29,Weak Close Decent Sznls,XLV,BUY,Limit (Open +/- 0.25 ATR),140.02409281049455,138.90641634099143,142.1760768890381,2744,-3067.0,1.0759920392717635,1.0,2.0,140.2930908203125,140.109375,6.80322500993054,2023598.7814050738,2953.125,39.375,1.0,,,,,,,,,,False,False,,,,2744,Long,-0.7982029714099002,-1.0385608465608465,Liquid,28.049629039179013,off,False,True,True,0.01016276807384997,True,False,False,2024,1.0,1.0,1.0,1.0
2024-05-23,2024-05-24,2024-05-29,Stop,2024-05-29,Weak Close Decent Sznls,ITA,BUY,Limit (Open +/- 0.25 ATR),132.490606035505,131.27673348355975,134.83956146240234,2514,-3052.0,1.1744777134486608,1.0,2.0,132.7842254638672,132.25192260742188,2.8672244291072104,2023598.7814050738,2953.125,39.375,1.0,,,,,,,,,,False,False,,,,2514,Long,-0.9161951841475936,-1.0334814814814814,Liquid,28.049629039179013,off,False,True,True,0.01016276807384997,True,False,False,2024,1.0,1.0,1.0,1.0
2024-05-23,2024-05-24,2024-05-29,Time,2024-05-29,Weak Close Decent Sznls,SPY,BUY,Limit (Open +/- 0.25 ATR),514.4072668892996,513.6004638671875,521.6203231811523,818,-660.0,3.6065281459263394,1.0,2.0,515.3088989257812,513.4638061523438,14.850699332115367,2023598.7814050738,2953.125,39.375,1.0,,,,,,,,,,False,False,,,,818,Long,-0.15684129561213464,-0.2234920634920635,Liquid,28.049629039179013,off,False,True,True,0.01016276807384997,True,False,False,2024,1.0,1.0,1.0,1.0
2024-06-24,2024-06-25,2024-06-27,Time,2024-06-27,SPY QQQ MonFri Reversion,SPY,BUY,Limit (Open +/- 0.25 ATR),531.722904750279,535.1098022460938,540.1691589355469,606,2052.0,4.223127092633929,1.0,2.0,532.7786865234375,531.5545654296875,2.7705814622913065,2015404.1031028538,2559.375,68.25,0.5,,,,,,,,,,False,False,,,,606,Long,0.6369666353578287,0.8017582417582417,Liquid,13.053730777830712,off,True,True,True,0.007291044726781881,True,False,False,2024,1.0,1.0,1.0,1.0
2024-06-24,2024-06-25,2024-06-27,Time,2024-06-27,Monday Dip,SMH,BUY,Limit (Open +/- 0.25 ATR),254.91117014203752,256.91827392578125,268.2687816619873,252,506.0,6.678805759974888,1.0,2.0,256.58087158203125,253.86141967773438,0.6802265748542073,2015404.1031028538,1687.5,45.0,0.5,,,,,,,,,,False,False,,,,252,Long,0.7873738065795093,0.29985185185185187,Liquid,13.053730777830712,off,True,True,True,0.007291044726781881,True,False,False,2024,1.0,1.0,1.0,1.0
2024-06-28,2024-07-01,2024-07-03,Target,2024-07-03,Weak Close Decent Sznls,QQQ,BUY,Limit (Open +/- 0.25 ATR),474.2519836425781,484.8757629394531,484.8757629394531,555,5896.0,5.3118896484375,1.0,2.0,475.5799560546875,474.65863037109375,7.43694754204672,2017962.353138821,2953.125,39.375,1.0,,,,,,,,,,False,False,,,,555,Long,2.2401127803993863,1.9965291005291006,Liquid,12.752997131422276,off,True,True,True,0.004584316753513118,True,False,False,2024,1.0,1.0,1.0,1.0
2024-07-18,2024-07-19,2024-07-23,Time,2024-07-23,3x Bear ETF Overbot Fade,SOXS,SELL SHORT,Limit (Open +/- 0.5 ATR),4348.22993687221,4171.50732421875,,8,1414.0,312.85635811941967,1.0,8.0,4191.8017578125,4173.35205078125,46.92987318101435,2024747.6718949245,2531.25,37.5,0.9,,,,,,,,,,False,False,,,,8,Short,4.064242581904044,0.5586172839506173,Liquid,41.48204755779579,off,False,False,True,0.021598019314573502,False,False,False,2024,1.0,1.0,1.0,1.0
2024-07-18,2024-07-19,2024-07-23,Time,2024-07-23,3x Bear ETF Overbot Fade,TECS,SELL SHORT,Limit (Open +/- 0.5 ATR),581.7042192731585,550.1346435546875,,85,2683.0,29.571402413504465,1.0,8.0,566.9185180664062,555.7291870117188,45.45453193015029,2024747.6718949245,2531.25,37.5,0.9,,,,,,,,,,False,False,,,,85,Short,5.427083846480831,1.0599506172839506,Liquid,41.48204755779579,off,False,False,True,0.021598019314573502,False,False,False,2024,1.0,1.0,1.0,1.0
2024-07-24,2024-07-25,2024-07-29,Time,2024-07-29,Weak Close Decent Sznls,IYR,BUY,Limit (Open +/- 0.25 ATR),88.26432800292969,89.70055389404297,90.74980163574219,2376,3412.0,1.24273681640625,1.0,2.0,88.57501220703125,87.94544982910156,2.0096705346125554,2028844.866732222,2953.125,39.375,1.0,,,,,,,,,,False,False,,,,2376,Long,1.6271872494917878,1.1553862433862434,Liquid,44.51598459139553,off,False,False,False,0.04183327480465715,False,False,False,2024,1.0,1.0,1.0,1.0
2024-07-24,2024-07-25,2024-07-29,Time,2024-07-29,Weak Close Decent Sznls,VNQ,BUY,Limit (Open +/- 0.25 ATR),82.59019252232143,84.17596435546875,84.954345703125,2498,3961.0,1.1820765904017858,1.0,2.0,82.88571166992188,82.57715606689453,4.639003974847,2028844.866732222,2953.125,39.375,1.0,,,,,,,,,,False,False,,,,2498,Long,1.9200485974393837,1.3412910052910052,Liquid,44.51598459139553,off,False,False,False,0.04183327480465715,False,False,False,2024,1.0,1.0,1.0,1.0
2024-07-24,2024-07-25,2024-07-29,Time,2024-07-29,3x Bear ETF Overbot Fade,SOXS,SELL SHORT,Limit (Open +/- 0.5 ATR),5162.262172154018,4883.67041015625,,7,1950.0,365.3065708705357,1.0,8.0,4979.60888671875,4832.0107421875,94.23728205335236,2028844.866732222,2812.5,37.5,1.0,,,,,,,,,,False,False,,,,7,Short,5.396699212615198,0.6933333333333334,Liquid,44.51598459139553,off,False,False,False,0.04183327480465715,False,False,False,2024,1.0,1.0,1.0,1.0
2024-08-29,2024-08-30,2024-09-04,Time,2024-09-04,Weak Close Decent Sznls,XLY,BUY,Limit (Open +/- 0.25 ATR),90.80758244650704,91.17627716064453,93.71771144866943,2029,748.0,1.4550645010811942,1.0,2.0,91.17134857177734,90.83625793457031,7.203448207994646,2038168.7398226936,2953.125,39.375,1.0,,,,,,,,,,False,False,,,,2029,Long,0.40601754193233913,0.2532910052910053,Liquid,58.714212680686614,off,False,True,True,0.011525018995616976,True,True,False,2024,0.0,0.0,0.0,1.0
2024-10-21,2024-10-22,2024-10-23,Stop,2024-10-24,Monday Dip,IWM,BUY,Limit (Open +/- 0.25 ATR),216.69909449986048,213.6157557484218,222.73756408691406,1117,-3444.0,3.0192347935267856,1.0,2.0,217.4539031982422,218.07247924804688,13.702196968847947,2038916.8213976787,3375.0,45.0,1.0,,,,,,,,,,False,False,,,,1117,Long,-1.4228664676956735,-1.0204444444444445,Liquid,64.35335417081872,off,True,True,True,0.0016422047033881615,True,True,False,2024,0.0,0.0,0.0,1.0
2024-10-28,2024-10-29,2024-10-31,Stop,2024-10-31,SPY QQQ MonFri Reversion,SPY,BUY,Limit (Open +/- 0.25 ATR),568.4766932896206,563.6481591474261,577.7954711914062,1098,-5302.0,4.659388950892857,1.0,2.0,569.6415405273438,570.6043090820312,14.156028368794328,2037314.2042646743,5118.75,68.25,1.0,,,,,,,,,,False,False,,,,1098,Long,-0.8493811970114494,-1.0357997557997558,Liquid,61.540415084526764,off,True,True,True,0.006432039273476353,True,True,False,2024,0.0,0.0,0.0,1.0
2024-10-28,2024-10-29,2024-10-31,Stop,2024-10-31,SPY QQQ MonFri Reversion,QQQ,BUY,Limit (Open +/- 0.25 ATR),490.35910361153736,484.43261536418373,501.9213333129883,885,-5245.0,5.781114850725446,1.0,2.0,491.80438232421875,491.4869384765625,8.771361755711458,2037314.2042646743,5118.75,68.25,1.0,,,,,,,,,,False,False,,,,885,Long,-1.208601656154547,-1.0246642246642246,Liquid,61.540415084526764,off,True,True,True,0.006432039273476353,True,True,False,2024,0.0,0.0,0.0,1.0
2024-10-31,2024-11-01,2024-11-04,Stop,2024-11-05,Weak Close Decent Sznls,KRE,BUY,Limit (Open +/- 0.25 ATR),56.73258522578648,55.399734448664525,59.365036964416504,2243,-2990.0,1.316225869315011,1.0,2.0,57.061641693115234,56.724853515625,2.4391894722932186,2017358.549859898,2953.125,39.375,1.0,,,,,,,,,,False,False,,,,2243,Long,-2.3493566736249107,-1.0124867724867725,Liquid,58.5642361944728,off,False,False,True,0.027284170494261906,False,True,False,2024,0.0,0.0,1.0,1.0
2024-10-31,2024-11-01,2024-11-05,Time,2024-11-05,3x Bear ETF Overbot Fade,DRV,SELL SHORT,Limit (Open +/- 0.5 ATR),24.537454877580917,23.47223663330078,,2721,2898.0,0.9301534380231585,1.0,8.0,24.072378158569336,24.415313720703125,100.0,2017358.549859898,2531.25,37.5,0.9,,,,,,,,,,False,False,,,,2721,Short,4.341192880820705,1.1448888888888888,Liquid,58.5642361944728,off,False,False,True,0.027284170494261906,False,True,False,2024,0.0,0.0,1.0,1.0
2024-11-01,2024-11-04,2024-11-06,Target,2024-11-06,SPY QQQ MonFri Reversion,SPY,BUY,Limit (Open +/- 0.25 ATR),559.8080313546317,570.3379211425781,570.3379211425781,972,10235.0,5.264944893973214,1.0,2.0,561.124267578125,560.9866943359375,8.519111290342906,2014619.7871889723,5118.75,68.25,1.0,,,,,,,,,,False,False,,,,972,Long,1.8809822650214687,1.9995115995115995,Liquid,58.12174801109457,off,False,False,True,0.02317876501360039,False,True,False,2024,0.0,0.0,1.0,1.0
2024-11-25,2024-11-26,2024-11-29,Time,2024-11-29,3x Bear ETF Overbot Fade,YANG,SELL SHORT,Limit (Open +/- 0.5 ATR),82.046341078622,74.9372787475586,,582,4137.0,4.827270780290876,1.0,8.0,79.63270568847656,79.71788787841797,23.786310909411004,2038713.1819207661,2812.5,37.5,1.0,,,,,,,,,,False,False,,,,582,Short,8.664691487279192,1.4709333333333334,Liquid,63.771277931642544,off,True,True,True,0.0020541900673159974,True,True,False,2024,0.0,0.0,0.0,1.0
2024-12-02,2024-12-03,2024-12-05,Stop,2024-12-05,Weak Close Decent Sznls,XLI,BUY,Limit (Open +/- 0.25 ATR),139.5663389478411,138.02043975593023,142.5753002166748,1962,-3033.0,1.5044806344168526,1.0,2.0,139.9424591064453,139.89353942871094,13.867267513314216,2042850.656197445,2953.125,39.375,1.0,,,,,,,,,,False,False,,,,1962,Long,-1.107644725486861,-1.027047619047619,Liquid,58.80518318325852,off,True,True,True,0.0,True,True,False,2024,0.0,0.0,0.0,1.0
2024-12-03,2024-12-04,2024-12-06,Time,2024-12-06,Weak Close Decent Sznls,XLF,BUY,Limit (Open +/- 0.25 ATR),49.10975537981306,49.24393081665039,50.183128356933594,5502,738.0,0.5366864885602679,1.0,2.0,49.243927001953125,49.29278564453125,0.0,2041764.3175716733,2953.125,39.375,1.0,,,,,,,,,,False,False,,,,5502,Long,0.2732154452809297,0.2499047619047619,Liquid,58.153717159118415,off,True,True,True,0.0,True,True,False,2024,0.0,0.0,0.0,1.0
2024-12-05,2024-12-06,2024-12-10,Time,2024-12-10,Weak Close Decent Sznls,IWM,BUY,Limit (Open +/- 0.25 ATR),234.57046563284737,232.40773010253906,241.54030990600586,847,-1832.0,3.484922136579241,1.0,2.0,235.4416961669922,233.76271057128906,10.89737203881174,2040424.6839733457,2953.125,39.375,1.0,,,,,,,,,,False,False,,,,847,Long,-0.9219982253407175,-0.6203597883597883,Liquid,57.42325996488317,off,True,True,True,0.0016456003578503298,True,True,False,2024,0.0,0.0,0.0,1.0
2024-12-06,2024-12-09,2024-12-11,Stop,2024-12-11,Weak Close Decent Sznls,DIA,BUY,Limit (Open +/- 0.25 ATR),436.46227482386996,432.49787000154765,444.13150787353516,770,-3053.0,3.8346165248325894,1.0,2.0,437.4209289550781,436.93243408203125,11.635124384950059,2040393.6737766599,2953.125,39.375,1.0,,,,,,,,,,False,False,,,,770,Long,-0.9083041195077178,-1.0338201058201058,Liquid,57.260169453820275,off,True,True,True,0.0,True,True,False,2024,0.0,0.0,0.0,1.0
2024-12-06,2024-12-09,2024-12-11,Time,2024-12-11,Weak Close Decent Sznls,XLP,BUY,Limit (Open +/- 0.25 ATR),79.07507705688477,78.7848129272461,80.51883316040039,4090,-1187.0,0.7218780517578125,1.0,2.0,79.25554656982422,79.14026641845703,0.0,2040393.6737766599,2953.125,39.375,1.0,,,,,,,,,,False,False,,,,4090,Long,-0.3670741027920373,-0.40194708994708994,Liquid,57.260169453820275,off,True,True,True,0.0,True,True,False,2024,0.0,0.0,0.0,1.0
2024-12-09,2024-12-10,2024-12-12,Time,2024-12-12,Monday Dip,IWM,BUY,Limit (Open +/- 0.25 ATR),232.425265448434,230.42437744140625,239.1973361968994,996,-1993.0,3.386035374232701,1.0,2.0,233.2717742919922,233.41908264160156,2.1448480732614774,2037956.043886218,3375.0,45.0,1.0,,,,,,,,,,False,False,,,,996,Long,-0.8608737105956634,-0.5905185185185186,Liquid,56.98906083031685,off,True,True,True,0.0051495246006889595,True,True,False,2024,0.0,0.0,0.0,1.0
2024-12-09,2024-12-10,2024-12-12,Time,2024-12-12,Monday Dip,DIA,BUY,Limit (Open +/- 0.25 ATR),433.37065505981445,430.2096252441406,441.2269477844238,859,-2715.0,3.9281463623046875,1.0,2.0,434.3526916503906,434.9096374511719,8.045626284473242,2037956.043886218,3375.0,45.0,1.0,,,,,,,,,,False,False,,,,859,Long,-0.7294055974411876,-0.8044444444444444,Liquid,56.98906083031685,off,True,True,True,0.0051495246006889595,True,True,False,2024,0.0,0.0,0.0,1.0
2024-12-13,2024-12-16,2024-12-18,Stop,2024-12-18,Weak Close Decent Sznls,XLC,BUY,Limit (Open +/- 0.25 ATR),99.54092175619942,98.43578085478374,101.69212436676025,2745,-3034.0,1.075601305280413,1.0,2.0,99.80982208251953,99.15168762207031,6.467892389851074,2029514.5254170888,2953.125,39.375,1.0,,,,,,,,,,False,False,,,,2745,Long,-1.1102377614328771,-1.0273862433862433,Liquid,56.233636954943655,off,True,True,True,0.005922699480192195,True,True,False,2024,0.0,0.0,0.0,1.0
2024-12-18,2024-12-19,2024-12-23,Time,2024-12-23,3x Bear ETF Overbot Fade,TZA,SELL SHORT,Limit (Open +/- 0.5 ATR),121.4866191319057,122.34089660644531,,527,-450.0,4.799074445452009,1.0,8.0,119.08708190917969,122.86164093017578,85.71430221446738,2019709.8563672807,2531.25,37.5,0.9,,,,,,,,,,False,False,,,,527,Short,-0.7031864748924089,-0.17777777777777778,Liquid,55.84463155379933,off,False,False,False,0.0354220196812054,False,True,False,2024,0.0,0.0,1.0,1.0
2024-12-18,2024-12-19,2024-12-23,Time,2024-12-23,3x Bear ETF Overbot Fade,FAZ,SELL SHORT,Limit (Open +/- 0.5 ATR),62.80401652199881,60.174072265625,,1345,3537.0,1.8812111445835658,1.0,8.0,61.86341094970703,64.13709259033203,100.0,2019709.8563672807,2531.25,37.5,0.9,,,,,,,,,,False,False,,,,1345,Short,4.187541501350637,1.3973333333333333,Liquid,55.84463155379933,off,False,False,False,0.0354220196812054,False,True,False,2024,0.0,0.0,1.0,1.0
2024-12-18,2024-12-20,2024-12-23,Target,2024-12-23,Indices Oversold Bounce,^GSPC,BUY,Limit Order -0.25 ATR (Persistent),5842.0,5936.032784598215,5936.032784598215,83,7805.0,47.016392299107146,1.0,2.0,5912.7099609375,5872.16015625,2.1540416560368523,2019709.8563672807,3937.5,52.5,1.0,,0.25,,,,,,,,False,False,,,,83,Long,1.6095991886034695,1.9822222222222223,Liquid,55.84463155379933,off,False,False,False,0.0354220196812054,False,True,False,2024,0.0,0.0,1.0,1.0
2024-12-19,2024-12-20,2024-12-24,Target,2024-12-24,Indices Oversold Bounce,^NDX,BUY,Limit Order -0.25 ATR (Persistent),20939.640625,21521.255022321428,21521.255022321428,13,7561.0,290.8071986607143,1.0,2.0,20939.640625,21110.509765625,5.323112761688711,2019525.5265282555,3937.5,52.5,1.0,,0.25,,,,,,,,False,False,,,,13,Long,2.7775758320657786,1.9202539682539683,Liquid,55.16433396717538,off,False,False,False,0.03571845108662042,False,True,False,2024,0.0,0.0,1.0,1.0
2024-12-31,2025-01-02,2025-01-06,Target,2025-01-06,Indices Oversold Bounce,^NDX,BUY,Limit Order -0.25 ATR (Persistent),20919.431117466516,21661.341552734375,21661.341552734375,10,7419.0,370.95521763392856,1.0,2.0,21120.05078125,21012.169921875,11.00744057417528,2044912.8495263022,3937.5,52.5,1.0,,0.25,,,,,,,,False,False,,,,10,Long,3.5465134357712356,1.8841904761904762,Liquid,46.500372062001915,off,False,False,False,0.0325058501760036,False,False,False,2024,1.0,1.0,1.0,1.0
2024-12-31,2025-01-02,2025-01-06,Target,2025-01-10,Monthly Weak Close,QQQ,BUY,Limit Order -0.25 ATR (Persistent),505.7465509687151,523.8522682189941,523.8522682189941,372,6735.0,9.052858625139509,1.0,2.0,511.0604248046875,508.009765625,13.10825672843477,2044912.8495263022,3375.0,45.0,1.0,,0.25,,,,,,,,False,False,,,,372,Long,3.5799981661959057,1.9955555555555555,Liquid,46.500372062001915,off,False,False,False,0.0325058501760036,False,False,False,2024,1.0,1.0,1.0,1.0
2025-01-31,2025-02-03,2025-02-05,Time,2025-02-05,SPY QQQ MonFri Reversion,QQQ,BUY,Limit (Open +/- 0.25 ATR),508.01012420654297,523.5313720703125,525.8143844604492,575,8925.0,8.902130126953125,1.0,2.0,510.23565673828125,519.0001220703125,10.648115114757998,2057075.5992233064,5118.75,68.25,1.0,,,,,,,,,,False,False,,,,575,Long,3.0553028619285976,1.7435897435897436,Liquid,32.61015640454191,off,False,True,True,0.013005193201748644,True,False,False,2025,1.0,1.0,1.0,1.0
2025-01-31,2025-02-03,2025-02-05,Time,2025-02-05,Weak Close Decent Sznls,SPY,BUY,Limit (Open +/- 0.25 ATR),582.5067749023438,595.580322265625,596.0165405273438,437,5713.0,6.7548828125,1.0,2.0,584.1954956054688,593.2147827148438,8.642412870495848,2057075.5992233064,2953.125,39.375,1.0,,,,,,,,,,False,False,,,,437,Long,2.2443597098888692,1.9345608465608466,Liquid,32.61015640454191,off,False,True,True,0.013005193201748644,True,False,False,2025,1.0,1.0,1.0,1.0
2025-01-31,2025-02-03,2025-02-05,Time,2025-02-05,SPY QQQ MonFri Reversion,SPY,BUY,Limit (Open +/- 0.25 ATR),582.5067749023438,595.580322265625,596.0165405273438,757,9897.0,6.7548828125,1.0,2.0,584.1954956054688,593.2147827148438,8.642412870495848,2057075.5992233064,5118.75,68.25,1.0,,,,,,,,,,False,False,,,,757,Long,2.2443597098888692,1.9334798534798534,Liquid,32.61015640454191,off,False,True,True,0.013005193201748644,True,False,False,2025,1.0,1.0,1.0,1.0
2025-02-07,2025-02-10,2025-02-12,Time,2025-02-12,Weak Close Decent Sznls,DIA,BUY,Limit (Open +/- 0.25 ATR),435.9600949968611,434.9084777832031,444.72293853759766,674,-709.0,4.381421770368304,1.0,2.0,437.0554504394531,434.4084777832031,5.624093880788905,2081610.1322967317,2953.125,39.375,1.0,,,,,,,,,,False,False,,,,674,Long,-0.24121868623446377,-0.2400846560846561,Liquid,32.947383470113,off,False,True,True,0.014727391689313363,True,False,False,2025,1.0,1.0,1.0,1.0
2025-02-21,2025-02-24,2025-02-25,Stop,2025-02-26,SPY QQQ MonFri Reversion,SPY,BUY,Limit (Open +/- 0.25 ATR),591.9815401349749,586.0843616654533,603.4241409301758,447,-2636.0,5.721300397600446,1.0,2.0,593.411865234375,591.361572265625,4.340144766783684,2080901.3422947263,2559.375,68.25,0.5,,,,,,,,,,False,False,,,,447,Long,-0.9961760747095239,-1.02993894993895,Liquid,51.00962009243996,off,False,False,True,0.02119328761196093,False,True,False,2025,0.0,0.0,1.0,1.0
2025-02-21,2025-02-24,2025-02-25,Stop,2025-02-26,SPY QQQ MonFri Reversion,QQQ,BUY,Limit (Open +/- 0.25 ATR),522.8419194902692,515.2984782714844,536.5450401306152,373,-2814.0,6.851560320172991,1.0,2.0,524.5548095703125,522.7661743164062,2.9157228320845676,2080901.3422947263,2559.375,68.25,0.5,,,,,,,,,,False,False,,,,373,Long,-1.4427766668248512,-1.0994871794871794,Liquid,51.00962009243996,off,False,False,True,0.02119328761196093,False,True,False,2025,0.0,0.0,1.0,1.0
2025-02-24,2025-02-25,2025-02-27,Stop,2025-02-27,SPY QQQ MonFri Reversion,SPY,BUY,Limit (Open +/- 0.25 ATR),587.2654386247907,581.7068279250009,598.0335311889648,950,-5281.0,5.384046282087054,1.0,2.0,588.6114501953125,588.670654296875,11.009278545729975,2077091.3782580572,5118.75,68.25,1.0,,,,,,,,,,False,False,,,,950,Long,-0.9465244051832022,-1.0316971916971918,Liquid,53.101607679851824,off,False,False,True,0.025647226950980095,False,True,False,2025,0.0,0.0,1.0,1.0
2025-02-24,2025-02-25,2025-02-27,Stop,2025-02-27,SPY QQQ MonFri Reversion,QQQ,BUY,Limit (Open +/- 0.25 ATR),514.2865142822266,507.403351600647,527.7483062744141,760,-5231.0,6.73089599609375,1.0,2.0,515.96923828125,516.5952758789062,3.5636335541691615,2077091.3782580572,5118.75,68.25,1.0,,,,,,,,,,False,False,,,,760,Long,-1.3383906617085177,-1.021929181929182,Liquid,53.101607679851824,off,False,False,True,0.025647226950980095,False,True,False,2025,0.0,0.0,1.0,1.0
2025-03-04,2025-03-05,2025-03-07,Time,2025-03-07,3x Bear ETF Overbot Fade,FAZ,SELL SHORT,Limit (Open +/- 0.5 ATR),56.39360809326172,57.9807243347168,,1104,-1752.0,2.5475540161132812,1.0,8.0,55.11983108520508,55.119834899902344,81.63262973654307,2050255.5452437052,2812.5,37.5,1.0,,,,,,,,,,False,False,,,,1104,Short,-2.814354844666726,-0.6229333333333333,Liquid,52.88267836222589,off,False,False,False,0.05884841099086913,False,True,False,2025,0.0,0.0,1.0,1.0
2025-03-06,2025-03-07,2025-03-11,Time,2025-03-11,3x Bear ETF Overbot Fade,FAZ,SELL SHORT,Limit (Open +/- 0.5 ATR),59.189790044512065,63.51177215576172,,1004,-4339.0,2.7995858873639787,1.0,8.0,57.78999710083008,56.931732177734375,64.51615816992789,2049661.4562544473,2812.5,37.5,1.0,,,,,,,,,,False,False,,,,1004,Short,-7.3019047845911,-1.5427555555555557,Liquid,47.83562652664138,off,False,False,False,0.06561913019882604,False,False,False,2025,1.0,1.0,1.0,1.0
2025-03-07,2025-03-10,2025-03-12,Time,2025-03-12,3x Bear ETF Overbot Fade,FAZ,SELL SHORT,Limit (Open +/- 0.5 ATR),62.449166434151785,63.22569274902344,,929,-721.0,3.0243704659598216,1.0,8.0,60.936981201171875,57.9807243347168,20.51282314278798,2049717.2708857732,2812.5,37.5,1.0,,,,,,,,,,False,False,,,,929,Short,-1.2434534505603765,-0.25635555555555556,Liquid,44.82516704754701,off,False,False,False,0.060382155026547535,False,False,False,2025,1.0,1.0,1.0,1.0
2025-03-11,2025-03-12,2025-03-14,Time,2025-03-14,3x Bear ETF Overbot Fade,FAZ,SELL SHORT,Limit (Open +/- 0.5 ATR),63.263154302324565,59.88798522949219,,801,2704.0,3.507998057774135,1.0,8.0,61.5091552734375,63.51177215576172,60.605990814133484,2043176.9381580686,2812.5,37.5,1.0,,,,,,,,,,False,False,,,,801,Short,5.335126125237102,0.9614222222222222,Liquid,38.946811320918904,off,False,False,False,0.09301225126287382,False,False,False,2025,1.0,1.0,1.0,1.0
2025-03-28,2025-03-31,2025-04-02,Time,2025-04-02,Indices Oversold Bounce,^GSPC,BUY,Limit Order -0.25 ATR (Persistent),5527.91015625,5670.97021484375,5702.900111607143,25,3577.0,87.49497767857143,1.0,2.0,5527.91015625,5580.93994140625,7.508595575483999,2046146.2163542672,2250.0,52.5,0.5714,,0.25,,,,,,,,False,False,,,,25,Long,2.587959184394532,1.5897777777777777,Liquid,16.994843203208923,off,False,False,False,0.09070931166088958,False,False,False,2025,1.0,1.0,1.0,1.0
2025-03-28,2025-03-31,2025-04-02,Time,2025-04-02,Indices Oversold Bounce,^NDX,BUY,Limit Order -0.25 ATR (Persistent),18998.5390625,19581.779296875,19787.47265625,5,2916.0,394.466796875,1.0,2.0,18998.5390625,19281.400390625,7.802023044046699,2046146.2163542672,2250.0,52.5,0.5714,,0.25,,,,,,,,False,False,,,,5,Long,3.069921494785989,1.296,Liquid,16.994843203208923,off,False,False,False,0.09070931166088958,False,False,False,2025,1.0,1.0,1.0,1.0
2025-03-28,2025-03-31,2025-04-02,Target,2025-04-02,SPY QQQ MonFri Reversion,SPY,BUY,Limit (Open +/- 0.25 ATR),541.4050205775669,558.9524536132812,558.9524536132812,256,4492.0,8.773716517857142,1.0,2.0,543.5984497070312,549.3623657226562,5.267306430898298,2046146.2163542672,2250.0,68.25,0.4396,,,,,,,,,,False,False,,,,256,Long,3.241091672366625,1.9964444444444445,Liquid,16.994843203208923,off,False,False,False,0.09070931166088958,False,False,False,2025,1.0,1.0,1.0,1.0
2025-03-28,2025-03-31,2025-04-02,Target,2025-04-02,SPY QQQ MonFri Reversion,QQQ,BUY,Limit (Open +/- 0.25 ATR),457.29184341430664,476.5161781311035,476.5161781311035,234,4498.0,9.612167358398438,1.0,2.0,459.69488525390625,466.68109130859375,7.137359245934455,2046146.2163542672,2250.0,68.25,0.4396,,,,,,,,,,False,False,,,,234,Long,4.203953119579178,1.999111111111111,Liquid,16.994843203208923,off,False,False,False,0.09070931166088958,False,False,False,2025,1.0,1.0,1.0,1.0
2025-04-04,2025-04-07,2025-04-08,Target,2025-04-09,Indices Oversold Bounce,^GSPC,BUY,Limit Order -0.25 ATR (Persistent),4953.7900390625,5195.448660714285,5195.448660714285,18,4350.0,120.82931082589286,1.0,2.0,4953.7900390625,5074.080078125,1.8809266436411891,2047512.5710262905,2250.0,52.5,0.5714,,0.25,,,,,,,,False,False,,,,18,Long,4.878257248414165,1.9333333333333333,Liquid,14.6637326380036,off,False,False,False,0.17315194299668857,False,False,False,2025,1.0,1.0,1.0,1.0
2025-04-04,2025-04-07,2025-04-08,Target,2025-04-09,SPY QQQ MonFri Reversion,SPY,BUY,Limit (Open +/- 0.25 ATR),480.66305814470564,504.52412033081055,504.52412033081055,188,4486.0,11.930531093052455,1.0,2.0,483.64569091796875,499.5533447265625,1.0571470527594549,2047512.5710262905,2250.0,68.25,0.4396,,,,,,,,,,False,False,,,,188,Long,4.964197223353376,1.9937777777777779,Liquid,14.6637326380036,off,False,False,False,0.17315194299668857,False,False,False,2025,1.0,1.0,1.0,1.0
2025-04-04,2025-04-07,2025-04-08,Target,2025-04-09,Indices Oversold Bounce,^NDX,BUY,Limit Order -0.25 ATR (Persistent),16771.76953125,17778.51339285714,17778.51339285714,4,4027.0,503.37193080357144,1.0,2.0,16771.76953125,17397.69921875,1.4070231422310213,2047512.5710262905,2250.0,52.5,0.5714,,0.25,,,,,,,,False,False,,,,4,Long,6.002609681294068,1.7897777777777777,Liquid,14.6637326380036,off,False,False,False,0.17315194299668857,False,False,False,2025,1.0,1.0,1.0,1.0
2025-04-03,2025-04-04,2025-04-08,Time,2025-04-08,Indices Oversold Bounce,^NDX,BUY,Limit Order -0.25 ATR (Persistent),18022.16015625,17090.400390625,18912.86104910714,8,-7454.0,445.35044642857144,1.0,2.0,18022.16015625,18521.470703125,4.635434253862454,2060794.540752853,3937.5,52.5,1.0,,0.25,,,,,,,,False,False,,,,8,Long,-5.170078156817789,-1.8930793650793651,Liquid,15.477955727495944,off,False,False,False,0.12173565433599909,False,False,False,2025,1.0,1.0,1.0,1.0
2025-04-03,2025-04-04,2025-04-08,Time,2025-04-08,Indices Oversold Bounce,^GSPC,BUY,Limit Order -0.25 ATR (Persistent),5292.14013671875,4982.77001953125,5497.481584821428,38,-11756.0,102.67072405133929,1.0,2.0,5292.14013671875,5396.52001953125,5.234550820467439,2060794.540752853,3937.5,52.5,1.0,,0.25,,,,,,,,False,False,,,,38,Long,-5.8458413646490595,-2.9856507936507937,Liquid,15.477955727495944,off,False,False,False,0.12173565433599909,False,False,False,2025,1.0,1.0,1.0,1.0
2025-04-04,2025-04-07,2025-04-08,Target,2025-04-09,SPY QQQ MonFri Reversion,QQQ,BUY,Limit (Open +/- 0.25 ATR),403.62187630789623,428.17860412597656,428.17860412597656,183,4494.0,12.278363909040179,1.0,2.0,406.69146728515625,420.63397216796875,0.0,2047512.5710262905,2250.0,68.25,0.4396,,,,,,,,,,False,False,,,,183,Long,6.084092379409991,1.9973333333333334,Liquid,14.6637326380036,off,False,False,False,0.17315194299668857,False,False,False,2025,1.0,1.0,1.0,1.0
2025-04-04,2025-04-07,2025-04-09,Time,2025-04-09,3x Bear ETF Overbot Fade,YANG,SELL SHORT,Limit (Open +/- 0.5 ATR),59.474523953029085,49.98078918457031,,1200,11392.0,2.343258721487863,1.0,8.0,58.302894592285156,48.72862243652344,55.512563791827596,2047512.5710262905,2812.5,37.5,1.0,,,,,,,,,,False,False,,,,1200,Short,15.962691481072794,4.050488888888889,Liquid,14.6637326380036,off,False,False,False,0.17315194299668857,False,False,False,2025,1.0,1.0,1.0,1.0
2025-05-21,2025-05-23,2025-05-27,Time,2025-05-27,Indices Oversold Bounce,^GSPC,BUY,Limit Order -0.25 ATR (Persistent),5781.89013671875,5921.5400390625,5932.605887276785,52,7262.0,75.35787527901786,1.0,2.0,5841.259765625,5844.60986328125,12.748661838075591,2058598.17990211,3937.5,52.5,1.0,,0.25,,,,,,,,False,False,,,,52,Long,2.41529844119456,1.8443174603174604,Liquid,3.4127501428806193,off,False,False,False,0.046198710066915116,False,False,False,2025,1.0,1.0,1.0,1.0
2025-06-17,2025-06-18,2025-06-23,Time,2025-06-23,Weak Close Decent Sznls,IBB,BUY,Limit (Open +/- 0.25 ATR),124.45860658373151,124.62283325195312,129.28346729278564,1224,201.0,2.4124303545270647,1.0,2.0,125.06171417236328,125.00186157226562,6.882381722128289,2065859.974823985,2953.125,39.375,1.0,,,,,,,,,,False,False,,,,1224,Long,0.13195284177565486,0.06806349206349206,Liquid,3.801776022655326,off,False,False,True,0.02219261550031104,False,False,False,2025,1.0,1.0,1.0,1.0
2025-06-17,2025-06-18,2025-06-23,Time,2025-06-23,Weak Close Decent Sznls,XBI,BUY,Limit (Open +/- 0.25 ATR),81.54995291573661,81.9755630493164,85.2178955078125,1610,685.0,1.8339712960379464,1.0,2.0,82.0084457397461,81.79922485351562,5.844007319304666,2065859.974823985,2953.125,39.375,1.0,,,,,,,,,,False,False,,,,1610,Long,0.5219011395623572,0.23195767195767195,Liquid,3.801776022655326,off,False,False,True,0.02219261550031104,False,False,False,2025,1.0,1.0,1.0,1.0
2025-06-18,2025-06-20,2025-06-23,Stop,2025-06-24,Weak Close Decent Sznls,XLC,BUY,Limit (Open +/- 0.25 ATR),102.71974563598633,101.43874030647278,105.22087478637695,2361,-3024.0,1.2505645751953125,1.0,2.0,103.03238677978516,102.20267486572266,8.696236220604655,2068373.9434508248,2953.125,39.375,1.0,,,,,,,,,,False,False,,,,2361,Long,-1.2470877157865219,-1.024,Liquid,4.348859981640979,off,False,False,True,0.022339807244480592,False,False,False,2025,1.0,1.0,1.0,1.0
2025-07-15,2025-07-16,2025-07-18,Time,2025-07-18,Weak Close Decent Sznls,IWM,BUY,Limit (Open +/- 0.25 ATR),217.11884689331055,220.04452514648438,223.81785202026367,799,2338.0,3.3495025634765625,1.0,2.0,217.9562225341797,216.57061767578125,0.5517909825960533,2067092.9438208505,2678.571428571429,39.375,1.0,,,,,,,,,,False,False,,,,799,Long,1.3475008250257838,0.8728533333333333,Liquid,5.50896648366338,off,True,True,True,0.005880284581932349,True,False,False,2025,1.0,1.0,1.0,1.0
2025-07-15,2025-07-16,2025-07-18,Time,2025-07-18,Weak Close Decent Sznls,DIA,BUY,Limit (Open +/- 0.25 ATR),435.460508619036,437.9934387207031,443.23664474487305,688,1743.0,3.888068062918527,1.0,2.0,436.4325256347656,434.7435607910156,0.1984053858155506,2067092.9438208505,2678.571428571429,39.375,1.0,,,,,,,,,,False,False,,,,688,Long,0.5816670057406033,0.65072,Liquid,5.50896648366338,off,True,True,True,0.005880284581932349,True,False,False,2025,1.0,1.0,1.0,1.0
2025-07-15,2025-07-16,2025-07-18,Time,2025-07-18,Weak Close Decent Sznls,SPY,BUY,Limit (Open +/- 0.25 ATR),617.38001033238,622.301513671875,626.2901229858398,600,2955.0,4.455056326729911,1.0,2.0,618.4937744140625,616.9072875976562,1.3796323810332385,2067092.9438208505,2678.571428571429,39.375,1.0,,,,,,,,,,False,False,,,,600,Long,0.7971594896383773,1.1032,Liquid,5.50896648366338,off,True,True,True,0.005880284581932349,True,False,False,2025,1.0,1.0,1.0,1.0
2025-07-15,2025-07-16,2025-07-18,Time,2025-07-18,Weak Close Decent Sznls,XHB,BUY,Limit (Open +/- 0.25 ATR),99.75932434626988,100.80946350097656,104.82102108001709,1058,1110.0,2.530848366873605,1.0,2.0,100.39203643798828,99.7857666015625,0.9153651711544913,2067092.9438208505,2678.571428571429,39.375,1.0,,,,,,,,,,False,False,,,,1058,Long,1.0526726815646787,0.41439999999999994,Liquid,5.50896648366338,off,True,True,True,0.005880284581932349,True,False,False,2025,1.0,1.0,1.0,1.0
2025-07-15,2025-07-16,2025-07-18,Time,2025-07-18,Weak Close Decent Sznls,XLB,BUY,Limit (Open +/- 0.25 ATR),43.839209284101216,44.46861267089844,45.049607276916504,4425,2785.0,0.6051989964076451,1.0,2.0,43.990509033203125,43.9362907409668,1.4284819246914355,2067092.9438208505,2678.571428571429,39.375,1.0,,,,,,,,,,False,False,,,,4425,Long,1.4357088028626512,1.0397333333333332,Liquid,5.50896648366338,off,True,True,True,0.005880284581932349,True,False,False,2025,1.0,1.0,1.0,1.0
2025-07-15,2025-07-16,2025-07-18,Time,2025-07-18,Weak Close Decent Sznls,XRT,BUY,Limit (Open +/- 0.25 ATR),78.75157601492745,79.20551300048828,81.34919738769531,2062,936.0,1.2988106863839286,1.0,2.0,79.07627868652344,78.59906005859375,0.0,2067092.9438208505,2678.571428571429,39.375,1.0,,,,,,,,,,False,False,,,,2062,Long,0.5764163824159985,0.34944,Liquid,5.50896648366338,off,True,True,True,0.005880284581932349,True,False,False,2025,1.0,1.0,1.0,1.0
2025-07-18,2025-07-21,2025-07-23,Target,2025-07-23,Weak Close Decent Sznls,IBB,BUY,Limit (Open +/- 0.25 ATR),129.33654717036657,134.39795398712158,134.39795398712158,1166,5902.0,2.5307034083775113,1.0,2.0,129.96922302246094,129.40065002441406,8.238520308384976,2080178.115666559,2953.125,39.375,1.0,,,,,,,,,,False,False,,,,1166,Long,3.913361634811505,1.9985608465608466,Liquid,5.112489225236435,off,True,True,True,0.0007324129021104575,True,False,False,2025,1.0,1.0,1.0,1.0
2025-07-21,2025-07-22,2025-07-23,Stop,2025-07-24,Monday Dip,SMH,BUY,Limit (Open +/- 0.25 ATR),287.5516880580357,282.3087320207868,297.8681640625,654,-3429.0,5.158238002232143,1.0,2.0,288.84124755859375,289.6088562011719,3.5150519335719737,2079555.06723598,3375.0,45.0,1.0,,,,,,,,,,False,False,,,,654,Long,-1.8233090797195202,-1.016,Liquid,4.976062056281966,off,True,True,True,0.0,True,False,False,2025,1.0,1.0,1.0,1.0
2025-07-21,2025-07-22,2025-07-24,Time,2025-07-24,Weak Close Decent Sznls,KRE,BUY,Limit (Open +/- 0.25 ATR),61.726905482155935,61.060550689697266,64.4091591835022,2201,-1467.0,1.3411268506731306,1.0,2.0,62.06218719482422,61.93452835083008,4.424696620715735,2079555.06723598,2953.125,39.375,1.0,,,,,,,,,,False,False,,,,2201,Long,-1.079520813903914,-0.49676190476190474,Liquid,4.976062056281966,off,True,True,True,0.0,True,False,False,2025,1.0,1.0,1.0,1.0
2025-07-21,2025-07-22,2025-07-24,Time,2025-07-24,SPY QQQ MonFri Reversion,SPY,BUY,Limit (Open +/- 0.25 ATR),622.6995566231864,629.083984375,631.5728302001953,1153,7361.0,4.436636788504464,1.0,2.0,623.8087158203125,623.4815063476562,13.437974878334968,2079555.06723598,5118.75,68.25,1.0,,,,,,,,,,False,False,,,,1153,Long,1.0252822061469742,1.438046398046398,Liquid,4.976062056281966,off,True,True,True,0.0,True,False,False,2025,1.0,1.0,1.0,1.0
2025-07-21,2025-07-22,2025-07-24,Time,2025-07-24,Monday Dip,IWM,BUY,Limit (Open +/- 0.25 ATR),218.4431253160749,221.2519989013672,225.6327419281006,938,2635.0,3.5948083060128346,1.0,2.0,219.34182739257812,219.15377807617188,5.696094455150879,2079555.06723598,3375.0,45.0,1.0,,,,,,,,,,False,False,,,,938,Long,1.2858603726841908,0.7807407407407407,Liquid,4.976062056281966,off,True,True,True,0.0,True,False,False,2025,1.0,1.0,1.0,1.0
2025-09-12,2025-09-15,2025-09-17,Target,2025-09-17,Weak Close Decent Sznls,XRT,BUY,Limit (Open +/- 0.25 ATR),86.01859746660504,88.77814292907715,88.77814292907715,2140,5905.0,1.379772731236049,1.0,2.0,86.36354064941406,85.83661651611328,4.2946662711920265,2094190.9706803383,2953.125,39.375,1.0,,,,,,,,,,False,False,,,,2140,Long,3.208080047507681,1.9995767195767196,Liquid,26.81846779116814,off,True,True,True,0.00033461291182779185,True,False,False,2025,1.0,1.0,1.0,1.0
2025-10-10,2025-10-13,2025-10-15,Time,2025-10-15,3x Bear ETF Overbot Fade,YANG,SELL SHORT,Limit (Open +/- 0.5 ATR),23.38847487313407,22.796375274658203,,2417,1431.0,1.0469921657017298,1.0,8.0,22.864978790283203,25.658172607421875,90.71925911209046,2096609.8732736786,2531.25,37.5,0.9,,,,,,,,,,False,False,,,,2417,Short,2.531587038862461,0.5653333333333334,Liquid,39.08849907809653,off,False,False,True,0.029846536434430915,False,False,False,2025,1.0,1.0,1.0,1.0
2025-11-04,2025-11-06,2025-11-07,Time,2025-11-07,Indices Oversold Bounce,^GSPC,BUY,Limit Order -0.25 ATR (Persistent),6754.011239188058,6728.7998046875,6894.319763183594,56,-1412.0,70.15426199776786,1.0,2.0,6769.77001953125,6771.5498046875,9.04643691588785,2098040.9780031946,3937.5,52.5,1.0,,0.25,,,,,,,,False,False,,,,56,Long,-0.3732809083034521,-0.3586031746031746,Liquid,49.39136515749593,off,False,True,True,0.01767550712894317,True,False,False,2025,1.0,1.0,1.0,1.0
2025-11-04,2025-11-06,2025-11-07,Time,2025-11-07,Indices Oversold Bounce,^NDX,BUY,Limit Order -0.25 ATR (Persistent),25345.978131975447,25059.810546875,26063.746826171875,10,-2862.0,358.8843470982143,1.0,2.0,25433.220703125,25435.69921875,5.793255008029752,2098040.9780031946,3937.5,52.5,1.0,,0.25,,,,,,,,False,False,,,,10,Long,-1.1290453404890701,-0.7268571428571429,Liquid,49.39136515749593,off,False,True,True,0.01767550712894317,True,False,False,2025,1.0,1.0,1.0,1.0
2025-11-06,2025-11-07,2025-11-10,Target,2025-11-11,Indices Oversold Bounce,^GSPC,BUY,Limit Order -0.25 ATR (Persistent),6696.18017578125,6831.541643415178,6831.541643415178,58,7851.0,67.68073381696429,1.0,2.0,6696.18017578125,6720.31982421875,14.365817731805214,2093994.8680701589,3937.5,52.5,1.0,,0.25,,,,,,,,False,False,,,,58,Long,2.021472900677074,1.9939047619047618,Liquid,49.668419453824555,off,False,False,True,0.02484758136718046,False,False,False,2025,1.0,1.0,1.0,1.0
2025-11-06,2025-11-07,2025-11-11,Time,2025-11-11,Indices Oversold Bounce,^NDX,BUY,Limit Order -0.25 ATR (Persistent),24977.73046875,25533.490234375,25700.607421875,10,5558.0,361.4384765625,1.0,2.0,24977.73046875,25130.0390625,9.649242912371134,2093994.8680701589,3937.5,52.5,1.0,,0.25,,,,,,,,False,False,,,,10,Long,2.2250210695496095,1.4115555555555555,Liquid,49.668419453824555,off,False,False,True,0.02484758136718046,False,False,False,2025,1.0,1.0,1.0,1.0
2025-11-13,2025-11-14,2025-11-18,Time,2025-11-18,Indices Oversold Bounce,^GSPC,BUY,Limit Order -0.25 ATR (Persistent),6672.14013671875,6617.31982421875,6823.302873883928,52,-2851.0,75.58136858258929,1.0,2.0,6672.14013671875,6737.490234375,12.358531133782884,2107227.559476409,3937.5,52.5,1.0,,0.25,,,,,,,,False,False,,,,52,Long,-0.8216301123279426,-0.7240634920634921,Liquid,43.856459042299846,off,False,False,True,0.022330890194111053,False,False,False,2025,1.0,1.0,1.0,1.0
2025-11-20,2025-11-21,2025-11-25,Time,2025-11-25,3x Bear ETF Overbot Fade,SQQQ,SELL SHORT,Limit (Open +/- 0.5 ATR),80.041506086077,69.66478729248047,,515,5344.0,4.365131923130581,1.0,8.0,77.85894012451172,78.46985626220703,96.91464145986235,2104376.903226409,2250.0,37.5,0.8,,,,,,,,,,False,False,,,,515,Short,12.964172341331718,2.375111111111111,Liquid,35.056942621953176,on,False,False,False,0.05071351940816016,False,False,False,2025,1.25,1.25,1.25,1.0
2025-11-20,2025-11-21,2025-11-25,Time,2025-11-25,3x Bear ETF Overbot Fade,SOXS,SELL SHORT,Limit (Open +/- 0.5 ATR),957.2713470458984,764.9318237304688,,27,5193.0,82.57943725585938,1.0,8.0,915.9816284179688,914.0451049804688,94.05941366476218,2104376.903226409,2250.0,37.5,0.8,,,,,,,,,,False,False,,,,27,Short,20.092476799705942,2.308,Liquid,35.056942621953176,on,False,False,False,0.05071351940816016,False,False,False,2025,1.25,1.25,1.25,1.0
2025-11-20,2025-11-21,2025-11-25,Time,2025-11-25,3x Bear ETF Overbot Fade,TECS,SELL SHORT,Limit (Open +/- 0.5 ATR),209.74123982020788,185.58460998535156,,169,4082.0,13.242123195103236,1.0,8.0,203.12017822265625,203.80210876464844,96.81157222676472,2104376.903226409,2250.0,37.5,0.8,,,,,,,,,,False,False,,,,169,Short,11.517348641384787,1.8142222222222222,Liquid,35.056942621953176,on,False,False,False,0.05071351940816016,False,False,False,2025,1.25,1.25,1.25,1.0
2025-11-20,2025-11-21,2025-11-25,Target,2025-11-25,Indices Oversold Bounce,^NDX,BUY,Limit Order -0.25 ATR (Persistent),23923.21533203125,24972.53955078125,24972.53955078125,7,7345.0,524.662109375,1.0,2.0,24137.66015625,24054.380859375,2.741667791011634,2104376.903226409,3937.5,52.5,1.0,,0.25,,,,,,,,False,False,,,,7,Long,4.386217338206373,1.8653968253968254,Liquid,35.056942621953176,on,False,False,False,0.05071351940816016,False,False,False,2025,1.25,1.25,1.25,1.0
2025-12-01,2025-12-02,2025-12-04,Time,2025-12-04,Monday Dip,IWM,BUY,Limit (Open +/- 0.25 ATR),244.2695881979806,249.93832397460938,254.28561210632324,336,1905.0,5.008011954171317,1.0,2.0,245.52159118652344,243.78466796875,11.914901968480757,2126662.5592775,1687.5,45.0,0.5,,,,,,,,,,False,False,,,,336,Long,2.320688309358538,1.1288888888888888,Liquid,26.403416950645198,on,False,True,True,0.010357966122763185,True,False,False,2025,1.25,1.25,1.25,1.0
2025-12-15,2025-12-16,2025-12-17,Stop,2025-12-18,Monday Dip,SMH,BUY,Limit (Open +/- 0.25 ATR),348.3430720738002,339.6955744352068,365.43418884277344,394,-3407.0,8.545558384486608,1.0,2.0,350.4794616699219,351.8053283691406,10.128301425377305,2128567.2544984473,3375.0,45.0,1.0,,,,,,,,,,False,False,,,,394,Long,-2.482465802208154,-1.0094814814814814,Liquid,29.244915239701253,off,False,True,True,0.012246611691792086,True,False,False,2025,1.0,1.0,1.0,1.0
2025-12-15,2025-12-16,2025-12-18,Time,2025-12-18,Monday Dip,IWM,BUY,Limit (Open +/- 0.25 ATR),248.37832014901298,247.6793670654297,255.77265739440918,912,-637.0,3.697168622698103,1.0,2.0,249.3026123046875,250.04750061035156,4.809814231725781,2128567.2544984473,3375.0,45.0,1.0,,,,,,,,,,False,False,,,,912,Long,-0.28140663934113025,-0.18874074074074074,Liquid,29.244915239701253,off,False,True,True,0.012246611691792086,True,False,False,2025,1.0,1.0,1.0,1.0
2025-12-17,2025-12-18,2025-12-22,Time,2025-12-22,Weak Close Decent Sznls,DIA,BUY,Limit (Open +/- 0.25 ATR),477.70291573660717,481.1755065917969,486.9501953125,638,2216.0,4.623639787946429,1.0,2.0,478.85882568359375,476.4952087402344,5.84896361791564,2122593.4974096497,2953.125,39.375,1.0,,,,,,,,,,False,False,,,,638,Long,0.7269352438083931,0.7503915343915344,Liquid,27.38396388345442,off,False,False,True,0.025784613970496584,False,False,False,2025,1.0,1.0,1.0,1.0
2025-12-17,2025-12-18,2025-12-22,Time,2025-12-22,Weak Close Decent Sznls,IWM,BUY,Limit (Open +/- 0.25 ATR),248.22835404532296,252.52919006347656,255.54763984680176,806,3466.0,3.659642900739397,1.0,2.0,249.1432647705078,246.2154541015625,9.890162315066341,2122593.4974096497,2953.125,39.375,1.0,,,,,,,,,,False,False,,,,806,Long,1.732612712473746,1.1736719576719576,Liquid,27.38396388345442,off,False,False,True,0.025784613970496584,False,False,False,2025,1.0,1.0,1.0,1.0
2025-12-17,2025-12-18,2025-12-22,Target,2025-12-22,Weak Close Decent Sznls,XBI,BUY,Limit (Open +/- 0.25 ATR),120.14306885855538,124.68375968933105,124.68375968933105,1300,5903.0,2.2703454153878346,1.0,2.0,120.71065521240234,120.54121398925781,5.963587843887709,2122593.4974096497,2953.125,39.375,1.0,,,,,,,,,,False,False,,,,1300,Long,3.7794030682880555,1.998899470899471,Liquid,27.38396388345442,off,False,False,True,0.025784613970496584,False,False,False,2025,1.0,1.0,1.0,1.0
2025-12-17,2025-12-18,2025-12-22,Time,2025-12-22,Weak Close Decent Sznls,XLI,BUY,Limit (Open +/- 0.25 ATR),153.46472031729562,156.6099395751953,157.17725563049316,1590,5001.0,1.8562676565987724,1.0,2.0,153.9287872314453,152.5772247314453,5.19496704852491,2122593.4974096497,2953.125,39.375,1.0,,,,,,,,,,False,False,,,,1590,Long,2.0494738148265,1.6934603174603176,Liquid,27.38396388345442,off,False,False,True,0.025784613970496584,False,False,False,2025,1.0,1.0,1.0,1.0
2025-12-18,2025-12-19,2025-12-23,Time,2025-12-23,Weak Close Decent Sznls,XRT,BUY,Limit (Open +/- 0.25 ATR),86.6810542515346,86.14716339111328,89.56752014160156,2046,-1092.0,1.4432329450334822,1.0,2.0,87.04186248779297,86.88261413574219,8.823960411664581,2122647.047240495,2953.125,39.375,1.0,,,,,,,,,,False,False,,,,2046,Long,-0.6159256656847492,-0.36977777777777776,Liquid,26.271259449329296,off,False,True,True,0.01842798958835823,True,False,False,2025,1.0,1.0,1.0,1.0
2025-12-23,2025-12-24,2025-12-29,Time,2025-12-29,Weak Close Decent Sznls,KRE,BUY,Limit (Open +/- 0.25 ATR),66.05637563977923,65.55925750732422,68.04476261138916,2970,-1476.0,0.9941934858049665,1.0,2.0,66.30492401123047,66.2850341796875,4.224895431406245,2141016.145993198,2953.125,39.375,1.0,,,,,,,,,,False,False,,,,2970,Long,-0.752566467112751,-0.4998095238095238,Liquid,23.038274711165986,off,True,True,True,0.0,True,False,False,2025,1.0,1.0,1.0,1.0
2025-12-30,2025-12-31,2026-01-05,Target,2026-01-05,Weak Close Decent Sznls,XLI,BUY,Limit (Open +/- 0.25 ATR),155.63284056527274,158.98222541809082,158.98222541809082,1763,5905.0,1.6746924264090401,1.0,2.0,156.051513671875,155.98170471191406,4.41044104410441,2139539.7051398065,2953.125,39.375,1.0,,,,,,,,,,False,False,,,,1763,Long,2.152106740873458,1.9995767195767196,Liquid,20.156332286947865,off,True,True,True,0.004881307622731423,True,False,False,2025,1.0,1.0,1.0,1.0
2025-12-30,2025-12-31,2026-01-05,Target,2026-01-05,Weak Close Decent Sznls,XME,BUY,Limit (Open +/- 0.25 ATR),103.36889226096017,109.34164333343506,109.34164333343506,988,5901.0,2.986375536237444,1.0,2.0,104.11548614501953,104.66514587402344,7.983435870130037,2139539.7051398065,2953.125,39.375,1.0,,,,,,,,,,False,False,,,,988,Long,5.778093333337045,1.9982222222222221,Liquid,20.156332286947865,off,True,True,True,0.004881307622731423,True,False,False,2025,1.0,1.0,1.0,1.0
2025-12-31,2026-01-02,2026-01-05,Target,2026-01-06,Weak Close Decent Sznls,XLB,BUY,Limit (Open +/- 0.25 ATR),45.200554507119314,46.14381742477417,46.14381742477417,6261,5906.0,0.47163145882742746,1.0,2.0,45.31846237182617,45.14921569824219,5.88162372934839,2138044.098447356,2953.125,39.375,1.0,,,,,,,,,,False,False,,,,6261,Long,2.086839261023418,1.9999153439153439,Liquid,20.114443736861507,off,False,True,True,0.01225410954720585,True,False,False,2025,1.0,1.0,1.0,1.0
2025-12-31,2026-01-02,2026-01-05,Target,2026-01-06,Weak Close Decent Sznls,XLF,BUY,Limit (Open +/- 0.25 ATR),54.417315687452046,55.47554922103882,55.47554922103882,5581,5906.0,0.5291167667933873,1.0,2.0,54.54959487915039,54.48990249633789,3.9215391439677014,2138044.098447356,2953.125,39.375,1.0,,,,,,,,,,False,False,,,,5581,Long,1.9446632385632132,1.9999153439153439,Liquid,20.114443736861507,off,False,True,True,0.01225410954720585,True,False,False,2025,1.0,1.0,1.0,1.0
2025-12-31,2026-01-02,2026-01-06,Target,2026-01-06,Indices Oversold Bounce,^GSPC,BUY,Limit Order -0.25 ATR (Persistent),6831.131286621094,6946.080993652344,6946.080993652344,68,7817.0,57.474853515625,1.0,2.0,6878.10986328125,6845.5,1.6708165192753497,2138044.098447356,3937.5,52.5,1.0,,0.25,,,,,,,,False,False,,,,68,Long,1.682733096586524,1.9852698412698413,Liquid,20.114443736861507,off,False,True,True,0.01225410954720585,True,False,False,2025,1.0,1.0,1.0,1.0
2025-12-31,2026-01-02,2026-01-06,Time,2026-01-06,Indices Oversold Bounce,^NDX,BUY,Limit Order -0.25 ATR (Persistent),25175.436383928572,25639.7109375,25770.7421875,13,6036.0,297.6529017857143,1.0,2.0,25524.26953125,25249.849609375,2.0887493664263177,2138044.098447356,3937.5,52.5,1.0,,0.25,,,,,,,,False,False,,,,13,Long,1.8441569253902181,1.5329523809523808,Liquid,20.114443736861507,off,False,True,True,0.01225410954720585,True,False,False,2025,1.0,1.0,1.0,1.0
2026-02-12,2026-02-13,2026-02-18,Time,2026-02-18,Indices Oversold Bounce,^GSPC,BUY,Limit Order -0.25 ATR (Persistent),6810.737784249442,6881.31005859375,6986.913635253906,44,3105.0,88.08792550223214,1.0,2.0,6834.27001953125,6832.759765625,5.845097391014038,2182784.1286539,3937.5,52.5,1.0,,0.25,,,,,,,,False,False,,,,44,Long,1.0361913287502325,0.7885714285714286,Liquid,46.44721555264708,off,False,False,True,0.020445934233865537,False,False,False,2026,1.0,1.0,1.0,1.0
2026-02-12,2026-02-13,2026-02-18,Time,2026-02-18,Indices Oversold Bounce,^NDX,BUY,Limit Order -0.25 ATR (Persistent),24574.97834123884,24898.869140625,25476.026611328125,8,2591.0,450.52413504464283,1.0,2.0,24662.94921875,24687.609375,6.580223011742239,2182784.1286539,3937.5,52.5,1.0,,0.25,,,,,,,,False,False,,,,8,Long,1.3179698264174897,0.6580317460317461,Liquid,46.44721555264708,off,False,False,True,0.020445934233865537,False,False,False,2026,1.0,1.0,1.0,1.0
2026-03-05,2026-03-06,2026-03-10,Time,2026-03-10,3x Bear ETF Overbot Fade,SDOW,SELL SHORT,Limit (Open +/- 0.5 ATR),33.51393100193569,32.09526443481445,,2264,3212.0,1.241919926234654,1.0,8.0,32.89297103881836,31.63239860534668,60.57126288075062,2188480.4351201393,2812.5,37.5,1.0,,,,,,,,,,False,False,,,,2264,Short,4.233065249908453,1.1420444444444444,Liquid,80.92221512564309,on,False,False,True,0.0229056590125567,False,True,True,2026,1.0,1.0,1.0,1.0
2026-03-06,2026-03-09,2026-03-11,Time,2026-03-11,3x Bear ETF Overbot Fade,TZA,SELL SHORT,Limit (Open +/- 0.5 ATR),73.23830168587821,67.07762145996094,,723,4454.0,3.8876446315220425,1.0,8.0,71.29447937011719,68.64668273925781,69.23070017953322,2190599.7735535414,2812.5,37.5,1.0,,,,,,,,,,False,False,,,,723,Short,8.411828352247518,1.5836444444444444,Liquid,80.35232482440212,on,False,False,False,0.03571256032164383,False,True,True,2026,1.0,1.0,1.0,1.0
2026-03-12,2026-03-13,2026-03-17,Time,2026-03-17,3x Bear ETF Overbot Fade,TZA,SELL SHORT,Limit (Open +/- 0.5 ATR),72.24363545009068,68.94088745117188,,632,2087.0,4.448025294712612,1.0,8.0,70.01962280273438,71.4906234741211,73.07703816300516,2196146.46803144,2812.5,37.5,1.0,,,,,,,,,,False,False,,,,632,Short,4.571680229465333,0.7420444444444444,Liquid,73.34931992496112,on,False,False,False,0.044776371576838336,False,True,True,2026,1.0,1.0,1.0,1.0
2026-03-12,2026-03-13,2026-03-17,Time,2026-03-17,Indices Oversold Bounce,^GSPC,BUY,Limit Order -0.25 ATR (Persistent),6647.49298967634,6716.08984375,6848.510009765625,39,2675.0,100.50851004464286,1.0,2.0,6673.490234375,6672.6201171875,3.150135441275296,2196146.46803144,3937.5,52.5,1.0,,0.25,,,,,,,,False,False,,,,39,Long,1.03192066814049,0.6793650793650794,Liquid,73.34931992496112,on,False,False,False,0.044776371576838336,False,True,True,2026,1.0,1.0,1.0,1.0
2026-03-12,2026-03-13,2026-03-17,Time,2026-03-17,Indices Oversold Bounce,^NDX,BUY,Limit Order -0.25 ATR (Persistent),24422.649937220984,24780.419921875,25310.091064453125,8,2862.0,443.72056361607144,1.0,2.0,24660.189453125,24533.580078125,3.9507617770942915,2196146.46803144,3937.5,52.5,1.0,,0.25,,,,,,,,False,False,,,,8,Long,1.4649105874001092,0.7268571428571429,Liquid,73.34931992496112,on,False,False,False,0.044776371576838336,False,True,True,2026,1.0,1.0,1.0,1.0
2026-03-26,2026-03-27,2026-03-31,Time,2026-03-31,Indices Oversold Bounce,^GSPC,BUY,Limit Order -0.25 ATR (Persistent),6451.974801199777,6528.52001953125,6653.4576416015625,39,2985.0,100.74142020089286,1.0,2.0,6453.89013671875,6477.16015625,3.3894309861368246,2203771.241952861,3937.5,52.5,1.0,,0.25,,,,,,,,False,False,,,,39,Long,1.186384334874322,0.758095238095238,Liquid,47.77153887448979,on,False,False,False,0.07232366993189732,False,False,False,2026,1.25,1.25,1.25,1.0
2026-03-26,2026-03-27,2026-03-31,Time,2026-03-31,Indices Oversold Bounce,^NDX,BUY,Limit Order -0.25 ATR (Persistent),23463.740234375,23740.189453125,24310.392578125,9,2488.0,423.326171875,1.0,2.0,23463.740234375,23586.990234375,2.6978509954821086,2203771.241952861,3937.5,52.5,1.0,,0.25,,,,,,,,False,False,,,,9,Long,1.1781975762968708,0.6318730158730159,Liquid,47.77153887448979,on,False,False,False,0.07232366993189732,False,False,False,2026,1.25,1.25,1.25,1.0
2026-03-27,2026-03-30,2026-03-31,Target,2026-04-01,Indices Oversold Bounce,^GSPC,BUY,Limit Order -0.25 ATR (Persistent),6344.616882324219,6538.482604980469,6538.482604980469,40,7755.0,96.932861328125,1.0,2.0,6403.3701171875,6368.85009765625,13.055936899383472,2197550.642186539,3937.5,52.5,1.0,,0.25,,,,,,,,False,False,,,,40,Long,3.0555938404468534,1.9695238095238095,Liquid,45.71237706921884,on,False,False,False,0.08814230852456728,False,False,False,2026,1.25,1.25,1.25,1.0
2026-03-27,2026-03-30,2026-04-01,Target,2026-04-01,SPY QQQ MonFri Reversion,QQQ,BUY,Limit (Open +/- 0.25 ATR),564.2908041817801,584.0214996337891,584.0214996337891,259,5110.0,9.865347726004464,1.0,2.0,566.7571411132812,561.9624633789062,10.688029794580336,2197550.642186539,2559.375,68.25,0.5,,,,,,,,,,False,False,,,,259,Long,3.496547401763598,1.9965811965811966,Liquid,45.71237706921884,on,False,False,False,0.08814230852456728,False,False,False,2026,1.25,1.25,1.25,1.0
2026-05-01,2026-05-04,2026-05-06,Target,2026-05-06,SPY QQQ MonFri Reversion,SPY,BUY,Limit (Open +/- 0.25 ATR),716.5404205322266,729.9743804931641,729.9743804931641,762,10237.0,6.71697998046875,1.0,2.0,718.2196655273438,718.7982177734375,4.091566533155318,2221619.517629043,5118.75,68.25,1.0,,,,,,,,,,False,False,,,,762,Long,1.874836307344549,1.9999023199023198,Liquid,42.44045474585823,off,True,True,True,0.0,True,False,False,2026,1.0,1.0,1.0,1.0
2026-05-04,2026-05-05,2026-05-07,Time,2026-05-07,Monday Dip,DIA,BUY,Limit (Open +/- 0.25 ATR),488.40779985700334,493.7382507324219,499.03236389160156,317,1690.0,5.312282017299107,1.0,2.0,489.7358703613281,487.4160461425781,10.506762973868238,2221333.4304403225,1687.5,45.0,0.5,,,,,,,,,,False,False,,,,317,Long,1.0913934783554216,1.0014814814814814,Liquid,41.82904672133629,off,True,True,True,0.0036633921467564834,True,False,False,2026,1.0,1.0,1.0,1.0
2026-05-18,2026-05-19,2026-05-21,Time,2026-05-21,3x Bear ETF Overbot Fade,LABD,SELL SHORT,Limit (Open +/- 0.5 ATR),16.493683133806503,13.83544921875,,2471,6568.0,1.138042994907924,1.0,8.0,15.924661636352539,15.661649703979492,77.91410898282733,2235047.0540953698,2812.5,37.5,1.0,,,,,,,,,,False,False,,,,2471,Short,16.116678691419853,2.335288888888889,Liquid,46.213953831865226,off,False,True,True,0.01272439031910877,True,False,False,2026,1.0,1.0,1.0,1.0
2026-06-08,2026-06-09,2026-06-10,Stop,2026-06-11,SPY QQQ MonFri Reversion,SPY,BUY,Limit (Open +/- 0.25 ATR),739.9416122436523,730.5545360229493,754.1621322631836,359,-3370.0,7.110260009765625,1.0,2.0,741.7191772460938,737.3204345703125,14.40540887500535,2241615.5500994744,2559.375,68.25,0.5,,,,,,,,,,False,False,,,,359,Long,-1.268623911046112,-1.3167277167277167,Liquid,36.608193066472424,off,False,False,True,0.02679158163694828,False,False,False,2026,1.0,1.0,1.0,1.0
2026-06-08,2026-06-09,2026-06-10,Stop,2026-06-11,Monday Dip,DIA,BUY,Limit (Open +/- 0.25 ATR),508.08351298740934,502.18349065633504,519.5821571350098,293,-1729.0,5.749322073800223,1.0,2.0,509.5208435058594,506.9606628417969,10.8455582148388,2241615.5500994744,1687.5,45.0,0.5,,,,,,,,,,False,False,,,,293,Long,-1.161230817426761,-1.0245925925925925,Liquid,36.608193066472424,off,False,False,True,0.02679158163694828,False,False,False,2026,1.0,1.0,1.0,1.0
2026-06-16,2026-06-17,2026-06-22,Time,2026-06-22,3x Bear ETF Overbot Fade,ERY,SELL SHORT,Limit (Open +/- 0.5 ATR),12.55042474610465,12.609999656677246,,5245,-312.0,0.5361732074192592,1.0,8.0,12.28233814239502,12.212834358215332,22.727153659431046,2232880.019263096,2812.5,37.5,1.0,,,,,,,,,,False,False,,,,5245,Short,-0.474684417283065,-0.11093333333333333,Liquid,27.611019054599645,off,False,True,True,0.01216476485555218,True,False,False,2026,1.0,1.0,1.0,1.0
2026-07-06,2026-07-07,2026-07-09,Time,2026-07-09,Monday Dip,SMH,BUY,Limit (Open +/- 0.25 ATR),572.00876726423,607.72998046875,636.0987854003906,105,3751.0,32.045009068080354,1.0,2.0,580.02001953125,604.2999877929688,1.765532461486737,2232567.548857143,3375.0,45.0,1.0,,,,,,,,,,False,False,,,,105,Long,6.244871625895765,1.1114074074074074,Liquid,19.677130241866166,off,True,True,True,0.008365949485922508,True,False,False,2026,1.0,1.0,1.0,1.0
2026-07-17,2026-07-20,2026-07-22,Time,2026-07-22,3x Bear ETF Overbot Fade,SQQQ,SELL SHORT,Limit (Open +/- 0.5 ATR),42.74821540287563,40.939998626708984,,931,1683.0,2.416428974696568,1.0,8.0,41.540000915527344,42.790000915527344,44.77614277214588,2236318.2762436178,2250.0,37.5,0.8,,,,,,,,,,False,False,,,,931,Short,4.229923422826695,0.748,Liquid,37.75276402520671,on,False,True,True,0.018912225967723573,True,False,False,2026,1.25,1.25,1.25,1.0
2026-07-20,2026-07-21,2026-07-23,Stop,2026-07-23,SPY QQQ MonFri Reversion,SPY,BUY,Limit (Open +/- 0.25 ATR),744.4624797276089,736.9313407827105,759.0824661254883,350,-2636.0,7.309993198939732,1.0,2.0,746.2899780273438,742.0900268554688,8.033510296554288,2236381.7844995763,2559.375,68.25,0.5,,,,,,,,,,False,False,,,,350,Long,-1.0116210218752573,-1.02993894993895,Liquid,40.48791370263527,on,False,False,True,0.02049607272869647,False,False,False,2026,1.25,1.25,1.25,1.0
2026-07-20,2026-07-21,2026-07-23,Stop,2026-07-23,SPY QQQ MonFri Reversion,QQQ,BUY,Limit (Open +/- 0.25 ATR),703.0235770089286,688.6312043910436,731.39501953125,180,-2591.0,14.185721261160714,1.0,2.0,706.5700073242188,696.0599975585938,5.344887924029159,2236381.7844995763,2559.375,68.25,0.5,,,,,,,,,,False,False,,,,180,Long,-2.0472105187593344,-1.0123565323565324,Liquid,40.48791370263527,on,False,False,True,0.02049607272869647,False,False,False,2026,1.25,1.25,1.25,1.0
2026-07-20,2026-07-21,2026-07-23,Time,2026-07-23,Monday Dip,DIA,BUY,Limit (Open +/- 0.25 ATR),517.8964484078543,515.8323364257812,528.3210525512695,323,-667.0,5.212302071707589,1.0,2.0,519.1995239257812,517.5109252929688,12.5,2236381.7844995763,1687.5,45.0,0.5,,,,,,,,,,False,False,,,,323,Long,-0.3985568907488539,-0.39525925925925925,Liquid,40.48791370263527,on,False,False,True,0.02049607272869647,False,False,False,2026,1.25,1.25,1.25,1.0
2026-07-20,2026-07-21,2026-07-23,Time,2026-07-23,Monday Dip,SMH,BUY,Limit (Open +/- 0.25 ATR),573.8723417009626,580.1699829101562,630.5737838745117,59,372.0,28.350721086774552,1.0,2.0,580.9600219726562,558.8300170898438,10.238402163147883,2236381.7844995763,1687.5,45.0,0.5,,,,,,,,,,False,False,,,,59,Long,1.0973940982287818,0.22044444444444444,Liquid,40.48791370263527,on,False,False,True,0.02049607272869647,False,False,False,2026,1.25,1.25,1.25,1.0
2026-07-23,2026-07-24,2026-07-28,Time,2026-07-28,3x Bear ETF Overbot Fade,SQQQ,SELL SHORT,Limit (Open +/- 0.5 ATR),44.748213495527,46.5099983215332,,1246,-2195.0,2.2564291272844588,1.0,8.0,43.619998931884766,43.27000045776367,61.05269709460261,2233516.268348693,2812.5,37.5,1.0,,,,,,,,,,False,False,,,,1246,Short,-3.9371065085812043,-0.7804444444444445,Liquid,46.55145391073411,on,False,False,True,0.025657028537518944,False,False,False,2026,1.25,1.25,1.25,1.0
2026-07-24,2026-07-27,2026-07-29,Time,2026-07-29,3x Bear ETF Overbot Fade,SQQQ,SELL SHORT,Limit (Open +/- 0.5 ATR),44.43607139587402,49.439998626708984,,1259,-6300.0,2.2321434020996094,1.0,8.0,43.31999969482422,44.790000915527344,83.15792432449797,2233464.2012233725,2812.5,37.5,1.0,,,,,,,,,,False,False,,,,1259,Short,-11.26095776167014,-2.24,Liquid,47.68154027334433,on,False,False,True,0.024667084030965736,False,False,False,2026,1.25,1.25,1.25,1.0
2026-07-27,2026-07-28,2026-07-30,Time,2026-07-30,3x Bear ETF Overbot Fade,SQQQ,SELL SHORT,Limit (Open +/- 0.5 ATR),47.52964455740793,44.619998931884766,,1244,3620.0,2.2592860630580356,1.0,8.0,46.400001525878906,45.220001220703125,62.305313720317244,2231941.4531936636,2812.5,37.5,1.0,,,,,,,,,,False,False,,,,1244,Short,6.12174917910188,1.287111111111111,Liquid,48.49291153872499,on,False,False,True,0.024455850754909192,False,False,False,2026,1.25,1.25,1.25,1.0
2026-07-28,2026-07-29,2026-07-31,Time,2026-07-31,3x Bear ETF Overbot Fade,TECS,SELL SHORT,Limit (Open +/- 0.5 ATR),86.12428610665458,75.30999755859375,,440,4758.0,5.748572213309152,1.0,8.0,83.25,82.98999786376953,25.40186221201153,2229978.450373512,2531.25,37.5,0.9,,,,,,,,,,False,False,,,,440,Short,12.55660747616373,1.8797037037037037,Liquid,49.289878326075126,on,False,False,True,0.02211963650152904,False,False,False,2026,1.25,1.25,1.25,1.0
2026-07-28,2026-07-29,2026-07-31,Time,2026-07-31,3x Bear ETF Overbot Fade,EDZ,SELL SHORT,Limit (Open +/- 0.5 ATR),19.66428623880659,16.899999618530273,,2283,6311.0,1.1085712569100517,1.0,8.0,19.110000610351562,18.559999465942383,30.23256329731552,2229978.450373512,2531.25,37.5,0.9,,,,,,,,,,False,False,,,,2283,Short,14.057396168395472,2.4932345679012347,Liquid,49.289878326075126,on,False,False,True,0.02211963650152904,False,False,False,2026,1.25,1.25,1.25,1.0
2026-07-29,2026-07-30,2026-08-03,Time,2026-08-03,3x Bear ETF Overbot Fade,TZA,SELL SHORT,Limit (Open +/- 0.5 ATR),42.61535712650844,39.70000076293945,,1450,4227.0,1.5507139478410994,1.0,8.0,41.84000015258789,42.93000030517578,92.88889567057291,2220851.170083556,2250.0,37.5,0.8,,,,,,,,,,False,False,,,,1450,Short,6.841093352601571,1.8786666666666667,Liquid,49.89486362149658,on,False,False,False,0.03716674466400338,False,False,False,2026,1.25,1.25,1.25,1.0
2026-08-10,2026-08-11,2026-08-13,Time,2026-08-13,SPY QQQ MonFri Reversion,QQQ,BUY,Limit (Open +/- 0.25 ATR),719.7280142647879,732.0700073242188,748.2237243652344,359,4431.0,14.247855050223214,1.0,2.0,723.2899780273438,720.8699951171875,12.441988017888786,2243937.159272432,5118.75,68.25,1.0,,,,,,,,,,False,False,,,,359,Long,1.7148134871529677,0.8656410256410256,Liquid,63.69250744765935,off,True,True,True,0.00029741673673222557,True,True,False,2026,0.0,0.0,0.0,1.0
2026-08-10,2026-08-11,2026-08-13,Time,2026-08-13,Monday Dip,SMH,BUY,Limit (Open +/- 0.25 ATR),572.4798295157296,589.1199951171875,621.2012519836426,69,1148.0,24.360711233956472,1.0,2.0,578.5700073242188,569.4099731445312,1.2321667150220463,2243937.159272432,1687.5,45.0,0.5,,,,,,,,,,False,False,,,,69,Long,2.9066815533979686,0.6802962962962963,Liquid,63.69250744765935,off,True,True,True,0.00029741673673222557,True,True,False,2026,0.0,0.0,0.0,1.0
2026-08-17,2026-08-18,2026-08-20,Time,2026-08-20,Indices Oversold Bounce,^GSPC,BUY,Limit Order -0.25 ATR (Persistent),7700.0400390625,7641.16015625,7856.8271484375,28,-1649.0,78.3935546875,1.0,2.0,7700.0400390625,7745.06005859375,0.39339438586765313,2249516.1062072683,2250.0,52.5,0.5714,,0.25,,,,,,,,False,False,,,,28,Long,-0.7646698265697431,-0.7328888888888889,Liquid,84.81704944931228,off,True,True,True,0.006697719365393762,True,True,True,2026,0.0,0.0,0.0,1.0
2026-08-17,2026-08-18,2026-08-20,Time,2026-08-20,SPY QQQ MonFri Reversion,QQQ,BUY,Limit (Open +/- 0.25 ATR),717.113058907645,710.9299926757812,741.8887634277344,413,-2554.0,12.387852260044642,1.0,2.0,720.2100219726562,729.8699951171875,11.298980448051127,2249516.1062072683,5118.75,68.25,1.0,,,,,,,,,,False,False,,,,413,Long,-0.8622163764919097,-0.49894993894993894,Liquid,84.81704944931228,off,True,True,True,0.006697719365393762,True,True,True,2026,0.0,0.0,0.0,1.0
2026-08-28,2026-08-31,2026-09-01,Stop,2026-09-02,SPY QQQ MonFri Reversion,SPY,BUY,Limit (Open +/- 0.25 ATR),766.055553981236,760.7294142363412,776.2512588500977,1004,-5347.0,5.097852434430804,1.0,2.0,767.3300170898438,769.3499755859375,14.878104152841326,2245313.8631347585,5118.75,68.25,1.0,,,,,,,,,,False,False,,,,1004,Long,-0.6952680803911092,-1.0445909645909646,Liquid,87.6014085785643,off,False,True,True,0.010965739244268247,True,True,True,2026,0.0,0.0,0.0,1.0
2026-08-28,2026-08-31,2026-09-02,Time,2026-09-02,Weak Close Decent Sznls,XBI,BUY,Limit (Open +/- 0.25 ATR),159.89482171194894,165.3699951171875,168.73624801635742,668,3657.0,4.420713152204241,1.0,2.0,161.0,162.3800048828125,4.435516123276462,2245313.8631347585,2953.125,39.375,1.0,,,,,,,,,,False,False,,,,668,Long,3.4242343476902004,1.2383492063492063,Liquid,87.6014085785643,off,False,True,True,0.010965739244268247,True,True,True,2026,0.0,0.0,0.0,1.0
2026-09-02,2026-09-03,2026-09-08,Time,2026-09-08,3x Bear ETF Overbot Fade,SOXS,SELL SHORT,Limit (Open +/- 0.5 ATR),55.49464293888637,44.08000183105469,,705,8047.0,3.98928587777274,1.0,8.0,53.5,51.83000183105469,23.353370010770238,2244678.6521863593,2812.5,37.5,1.0,,,,,,,,,,False,False,,,,705,Short,20.568906300383063,2.8611555555555555,Liquid,87.90010285632006,off,False,True,True,0.01635217727469096,True,True,True,2026,0.0,0.0,0.0,1.0
2026-09-08,2026-09-09,2026-09-11,Time,2026-09-11,Indices Oversold Bounce,^GSPC,BUY,Limit Order -0.25 ATR (Persistent),7659.678257533482,7656.97998046875,7770.412353515625,71,-192.0,55.36704799107143,1.0,2.0,7660.68017578125,7673.52001953125,12.848893628878063,2252725.9741673805,3937.5,52.5,1.0,,0.25,,,,,,,,False,False,,,,71,Long,-0.03522702878646451,-0.04876190476190476,Liquid,87.86852379056594,off,False,True,True,0.01532367824771641,True,True,True,2026,0.0,0.0,0.0,1.0
2026-09-10,2026-09-11,2026-09-15,Time,2026-09-15,3x Bear ETF Overbot Fade,TZA,SELL SHORT,Limit (Open +/- 0.5 ATR),42.702141353062224,44.279998779296875,,2101,-3315.0,1.2042857578822546,1.0,8.0,42.099998474121094,43.38999938964844,78.94720991554122,2247899.531749691,2531.25,37.5,0.9,,,,,,,,,,False,False,,,,2101,Short,-3.6950311535641545,-1.3096296296296297,Liquid,87.04014968613748,off,False,False,True,0.025775167978497215,False,True,True,2026,0.0,0.0,1.0,1.0
2026-09-15,2026-09-16,2026-09-17,Time,2026-09-18,3x Bear ETF Overbot Fade,SQQQ,SELL SHORT,Limit (Open +/- 0.5 ATR),40.69500160217285,38.529998779296875,,1993,4315.0,1.2700004577636719,1.0,8.0,40.060001373291016,40.619998931884766,83.83836437758649,2249219.3180432655,2531.25,37.5,0.9,,,,,,,,,,False,False,,,,1993,Short,5.320070617125567,1.7046913580246914,Liquid,84.08867537182874,off,False,False,True,0.026340811057949498,False,True,True,2026,0.0,0.0,1.0,1.0
2026-09-15,2026-09-16,2026-09-17,Time,2026-09-18,3x Bear ETF Overbot Fade,SDOW,SELL SHORT,Limit (Open +/- 0.5 ATR),24.791428089141846,25.010000228881836,,4063,-888.0,0.6228570938110352,1.0,8.0,24.479999542236328,24.559999465942383,50.81953373189584,2249219.3180432655,2531.25,37.5,0.9,,,,,,,,,,False,False,,,,4063,Short,-0.8816440059607559,-0.3508148148148148,Liquid,84.08867537182874,off,False,False,True,0.026340811057949498,False,True,True,2026,0.0,0.0,1.0,1.0
