Strategy,Ticker,Signal Date,Entry Date,pnl,risk,exit_date,exit_type,rows,direction,R,dial_A,dial_B,fear_pct,fear_state,fear_data_date,scored_A,scored_B,year
Monday Dip,DIA,2016-06-13,2016-06-14,-3504.0,3375.0,2016-06-16,Stop,1,Long,-1.0382222222222222,,,6.746031746031746,off,2016-06-10,False,False,2016
Monday Dip,IWM,2016-06-13,2016-06-14,1234.0,3375.0,2016-06-16,Time,1,Long,0.36562962962962964,,,6.746031746031746,off,2016-06-10,False,False,2016
Monday Dip,SMH,2016-06-13,2016-06-14,-3464.0,3375.0,2016-06-16,Stop,1,Long,-1.0263703703703704,,,6.746031746031746,off,2016-06-10,False,False,2016
SPY QQQ MonFri Reversion,QQQ,2016-06-13,2016-06-14,-4068.0,3937.5,2016-06-16,Stop,1,Long,-1.0331428571428571,,,6.746031746031746,off,2016-06-10,False,False,2016
SPY QQQ MonFri Reversion,SPY,2016-06-13,2016-06-14,-4088.0,3937.5,2016-06-16,Stop,1,Long,-1.0382222222222222,,,6.746031746031746,off,2016-06-10,False,False,2016
Weak Close Decent Sznls,IHI,2016-06-13,2016-06-14,-4063.0,3937.5,2016-06-15,Stop,1,Long,-1.0318730158730158,,,6.746031746031746,off,2016-06-10,False,False,2016
Weak Close Decent Sznls,XLB,2016-06-13,2016-06-14,1360.0,2598.75,2016-06-16,Time,1,Long,0.5233285233285233,,,6.746031746031746,off,2016-06-10,False,False,2016
Weak Close Decent Sznls,XLV,2016-06-13,2016-06-14,1204.0,3937.5,2016-06-16,Time,1,Long,0.30577777777777776,,,6.746031746031746,off,2016-06-10,False,False,2016
SPY QQQ MonFri Reversion,SPY,2016-06-20,2016-06-21,6377.0,3937.5,2016-06-23,Time,1,Long,1.6195555555555556,,,38.88888888888889,off,2016-06-17,False,False,2016
Indices Oversold Bounce,^GSPC,2016-06-24,2016-06-27,2606.0,1500.0,2016-06-29,Time,1,Long,1.7373333333333334,,,46.03174603174603,off,2016-06-23,False,False,2016
Indices Oversold Bounce,^NDX,2016-06-24,2016-06-27,2960.0,1500.0,2016-06-29,Target,1,Long,1.9733333333333334,,,46.03174603174603,off,2016-06-23,False,False,2016
SPY QQQ MonFri Reversion,QQQ,2016-06-24,2016-06-27,2999.0,1500.0,2016-06-29,Target,1,Long,1.9993333333333334,,,46.03174603174603,off,2016-06-23,False,False,2016
SPY QQQ MonFri Reversion,SPY,2016-06-24,2016-06-27,2999.0,1500.0,2016-06-29,Target,1,Long,1.9993333333333334,,,46.03174603174603,off,2016-06-23,False,False,2016
Weak Close Decent Sznls,KRE,2016-08-01,2016-08-02,2154.0,3937.5,2016-08-04,Time,1,Long,0.547047619047619,,0.0,12.3015873015873,off,2016-07-29,False,True,2016
Weak Close Decent Sznls,QQQ,2016-08-16,2016-08-17,1872.0,3937.5,2016-08-19,Time,1,Long,0.4754285714285714,,0.0,3.1746031746031744,off,2016-08-15,False,True,2016
Weak Close Decent Sznls,SMH,2016-09-07,2016-09-08,-4059.0,3937.5,2016-09-09,Stop,1,Long,-1.030857142857143,,0.0,18.650793650793652,off,2016-09-06,False,True,2016
Indices Oversold Bounce,^GSPC,2016-09-09,2016-09-12,1193.0,3937.5,2016-09-14,Time,1,Long,0.30298412698412697,,0.0,16.26984126984127,off,2016-09-08,False,True,2016
Indices Oversold Bounce,^NDX,2016-09-09,2016-09-12,7798.0,3937.5,2016-09-13,Target,1,Long,1.9804444444444445,,0.0,16.26984126984127,off,2016-09-08,False,True,2016
Weak Close Decent Sznls,KRE,2016-09-09,2016-09-12,-2032.0,3937.5,2016-09-14,Time,1,Long,-0.5160634920634921,,0.0,16.26984126984127,off,2016-09-08,False,True,2016
Monday Dip,SMH,2016-10-10,2016-10-11,-3440.0,3375.0,2016-10-12,Stop,1,Long,-1.0192592592592593,,0.0,26.190476190476193,off,2016-10-07,False,True,2016
SPY QQQ MonFri Reversion,QQQ,2016-10-14,2016-10-17,3801.0,3937.5,2016-10-19,Time,1,Long,0.9653333333333334,,0.0,23.809523809523807,off,2016-10-13,False,True,2016
SPY QQQ MonFri Reversion,SPY,2016-10-14,2016-10-17,3287.0,3937.5,2016-10-19,Time,1,Long,0.8347936507936508,,0.0,23.809523809523807,off,2016-10-13,False,True,2016
Indices Oversold Bounce,^NDX,2016-10-27,2016-10-28,-4767.0,3937.5,2016-11-01,Time,1,Long,-1.2106666666666666,,0.0,20.238095238095237,off,2016-10-26,False,True,2016
SPY QQQ MonFri Reversion,QQQ,2016-10-31,2016-11-01,-4072.0,3937.5,2016-11-02,Stop,1,Long,-1.03415873015873,,0.0,16.26984126984127,off,2016-10-28,False,True,2016
Indices Oversold Bounce,^NDX,2016-11-03,2016-11-04,7861.0,3937.5,2016-11-07,Target,1,Long,1.9964444444444445,,0.0,67.06349206349206,off,2016-11-02,False,True,2016
Weak Close Decent Sznls,SMH,2016-11-30,2016-12-01,-20384.0,5906.25,2016-12-02,Stop,1,Long,-3.4512592592592592,,0.0,9.523809523809524,off,2016-11-29,False,True,2016
Indices Oversold Bounce,^NDX,2016-12-01,2016-12-02,5236.0,3937.5,2016-12-06,Time,1,Long,1.3297777777777777,,0.0,10.714285714285714,off,2016-11-30,False,True,2016
Weak Close Decent Sznls,XME,2016-12-12,2016-12-13,-3977.0,3937.5,2016-12-15,Stop,1,Long,-1.010031746031746,,0.0,0.3968253968253968,off,2016-12-09,False,True,2016
Weak Close Decent Sznls,XLF,2016-12-16,2016-12-19,3357.0,3937.5,2016-12-21,Time,1,Long,0.8525714285714285,,0.0,0.3968253968253968,off,2016-12-15,False,True,2016
Weak Close Decent Sznls,XLF,2016-12-28,2016-12-29,1787.0,2598.75,2017-01-03,Time,1,Long,0.6876382876382876,,0.0,32.142857142857146,off,2016-12-27,False,True,2016
Weak Close Decent Sznls,XLK,2016-12-28,2016-12-29,2311.0,5906.25,2017-01-03,Time,1,Long,0.3912804232804233,,0.0,32.142857142857146,off,2016-12-27,False,True,2016
Weak Close Decent Sznls,XLY,2017-02-28,2017-03-01,-984.0,3937.5,2017-03-03,Time,1,Long,-0.2499047619047619,,,13.492063492063492,off,2017-02-27,False,False,2017
Weak Close Decent Sznls,XLP,2017-04-26,2017-04-27,-6179.0,5906.25,2017-04-28,Stop,1,Long,-1.046179894179894,,,83.33333333333334,off,2017-04-25,False,False,2017
Indices Oversold Bounce,^GSPC,2017-05-17,2017-05-18,7869.0,3937.5,2017-05-19,Target,1,Long,1.9984761904761905,,0.0,28.57142857142857,off,2017-05-16,False,True,2017
Indices Oversold Bounce,^NDX,2017-05-17,2017-05-18,7804.0,3937.5,2017-05-19,Target,1,Long,1.981968253968254,,0.0,28.57142857142857,off,2017-05-16,False,True,2017
Weak Close Decent Sznls,SMH,2017-05-17,2017-05-18,7875.0,3937.5,2017-05-19,Target,1,Long,2.0,,0.0,28.57142857142857,off,2017-05-16,False,True,2017
Indices Oversold Bounce,^GSPC,2017-06-27,2017-06-29,2027.0,3937.5,2017-06-30,Time,1,Long,0.5147936507936508,,,48.41269841269841,off,2017-06-26,False,False,2017
Indices Oversold Bounce,^NDX,2017-06-27,2017-06-29,-205.0,3937.5,2017-06-30,Time,1,Long,-0.05206349206349206,,,48.41269841269841,off,2017-06-26,False,False,2017
Weak Close Decent Sznls,VNQ,2017-06-27,2017-06-28,-6074.0,5906.25,2017-06-29,Stop,1,Long,-1.0284021164021164,,,48.41269841269841,off,2017-06-26,False,False,2017
Weak Close Decent Sznls,XLV,2017-07-06,2017-07-07,379.0,3937.5,2017-07-11,Time,1,Long,0.09625396825396826,,16.527942342959424,19.444444444444446,off,2017-07-05,False,True,2017
Weak Close Decent Sznls,IHI,2017-07-21,2017-07-24,-3270.0,5906.25,2017-07-26,Time,1,Long,-0.5536507936507936,,37.79196513160845,13.88888888888889,off,2017-07-20,False,True,2017
Indices Oversold Bounce,^GSPC,2017-08-17,2017-08-18,6697.0,3937.5,2017-08-22,Time,1,Long,1.7008253968253968,,41.42073063905123,97.22222222222221,on,2017-08-16,False,True,2017
Weak Close Decent Sznls,XME,2017-09-11,2017-09-12,-230.0,2598.75,2017-09-14,Time,1,Long,-0.0885040885040885,,36.14353049535023,11.904761904761903,off,2017-09-08,False,True,2017
Weak Close Decent Sznls,XLF,2017-10-12,2017-10-13,4009.0,3937.5,2017-10-17,Time,1,Long,1.0181587301587303,,47.383997394792715,33.730158730158735,off,2017-10-11,False,True,2017
Weak Close Decent Sznls,XLF,2017-11-01,2017-11-02,3377.0,5906.25,2017-11-06,Time,1,Long,0.5717671957671958,,32.22434724452377,56.34920634920635,off,2017-10-31,False,True,2017
Weak Close Decent Sznls,IYR,2017-11-27,2017-11-28,-258.0,5906.25,2017-11-30,Time,1,Long,-0.043682539682539684,,14.494388625001829,36.11111111111111,off,2017-11-24,False,True,2017
Weak Close Decent Sznls,KRE,2017-12-13,2017-12-14,6761.0,5906.25,2017-12-18,Time,1,Long,1.1447195767195768,,23.771551144234163,5.952380952380952,off,2017-12-12,False,True,2017
Weak Close Decent Sznls,XLI,2017-12-14,2017-12-15,3870.0,3937.5,2017-12-19,Time,1,Long,0.9828571428571429,,26.46936687365967,5.952380952380952,off,2017-12-13,False,True,2017
Weak Close Decent Sznls,IBB,2017-12-29,2018-01-02,5197.0,2598.75,2018-01-03,Target,1,Long,1.9998075998075997,,33.42942700876869,1.984126984126984,off,2017-12-28,False,True,2017
Weak Close Decent Sznls,SPY,2017-12-29,2018-01-02,5196.0,2598.75,2018-01-03,Target,1,Long,1.9994227994227993,,33.42942700876869,1.984126984126984,off,2017-12-28,False,True,2017
Weak Close Decent Sznls,XLF,2017-12-29,2018-01-02,4103.0,3937.5,2018-01-04,Time,1,Long,1.042031746031746,,33.42942700876869,1.984126984126984,off,2017-12-28,False,True,2017
Weak Close Decent Sznls,XLK,2017-12-29,2018-01-02,7875.0,3937.5,2018-01-03,Target,1,Long,2.0,,33.42942700876869,1.984126984126984,off,2017-12-28,False,True,2017
Monday Dip,IWM,2018-01-29,2018-01-30,-758.0,3375.0,2018-02-01,Time,1,Long,-0.2245925925925926,0.0,33.98569698843558,0.3968253968253968,off,2018-01-26,True,True,2018
SPY QQQ MonFri Reversion,SPY,2018-01-29,2018-01-30,-854.0,3937.5,2018-02-01,Time,1,Long,-0.21688888888888888,0.0,33.98569698843558,0.3968253968253968,off,2018-01-26,True,True,2018
Indices Oversold Bounce,^GSPC,2018-02-02,2018-02-05,-3281.0,1500.0,2018-02-07,Time,1,Long,-2.187333333333333,0.0,31.25645005114499,6.746031746031746,off,2018-02-01,True,True,2018
Indices Oversold Bounce,^NDX,2018-02-02,2018-02-05,-1888.0,1500.0,2018-02-07,Time,1,Long,-1.2586666666666666,0.0,31.25645005114499,6.746031746031746,off,2018-02-01,True,True,2018
SPY QQQ MonFri Reversion,QQQ,2018-02-02,2018-02-05,-5071.0,1500.0,2018-02-06,Stop,1,Long,-3.3806666666666665,0.0,31.25645005114499,6.746031746031746,off,2018-02-01,True,True,2018
SPY QQQ MonFri Reversion,SPY,2018-02-02,2018-02-05,-7217.0,1500.0,2018-02-06,Stop,1,Long,-4.811333333333334,0.0,31.25645005114499,6.746031746031746,off,2018-02-01,True,True,2018
Indices Oversold Bounce,^GSPC,2018-02-05,2018-02-06,2989.0,1500.0,2018-02-07,Target,1,Long,1.9926666666666666,0.0,29.951082924262398,14.285714285714285,off,2018-02-02,True,True,2018
Indices Oversold Bounce,^NDX,2018-02-05,2018-02-06,2970.0,1500.0,2018-02-07,Target,1,Long,1.98,0.0,29.951082924262398,14.285714285714285,off,2018-02-02,True,True,2018
Monday Dip,IWM,2018-02-05,2018-02-06,6749.0,3375.0,2018-02-07,Target,1,Long,1.9997037037037038,0.0,29.951082924262398,14.285714285714285,off,2018-02-02,True,True,2018
SPY QQQ MonFri Reversion,QQQ,2018-02-05,2018-02-06,2999.0,1500.0,2018-02-07,Target,1,Long,1.9993333333333334,0.0,29.951082924262398,14.285714285714285,off,2018-02-02,True,True,2018
SPY QQQ MonFri Reversion,SPY,2018-02-05,2018-02-06,2999.0,1500.0,2018-02-07,Target,1,Long,1.9993333333333334,0.0,29.951082924262398,14.285714285714285,off,2018-02-02,True,True,2018
Indices Oversold Bounce,^GSPC,2018-02-08,2018-02-09,7829.0,3937.5,2018-02-12,Target,1,Long,1.9883174603174603,0.0,24.19706620188802,56.34920634920635,off,2018-02-07,True,True,2018
Indices Oversold Bounce,^NDX,2018-02-08,2018-02-09,7749.0,3937.5,2018-02-12,Target,1,Long,1.968,0.0,24.19706620188802,56.34920634920635,off,2018-02-07,True,True,2018
Indices Oversold Bounce,^GSPC,2018-02-28,2018-03-01,1530.0,3937.5,2018-03-05,Time,1,Long,0.38857142857142857,0.0,8.214621310322562,33.730158730158735,off,2018-02-27,True,True,2018
Indices Oversold Bounce,^NDX,2018-02-28,2018-03-01,1727.0,3937.5,2018-03-05,Time,1,Long,0.4386031746031746,0.0,8.214621310322562,33.730158730158735,off,2018-02-27,True,True,2018
SPY QQQ MonFri Reversion,QQQ,2018-03-16,2018-03-19,-2328.0,3937.5,2018-03-21,Time,1,Long,-0.5912380952380952,0.0,5.284622047019272,19.444444444444446,off,2018-03-15,True,True,2018
SPY QQQ MonFri Reversion,SPY,2018-03-16,2018-03-19,-2133.0,3937.5,2018-03-21,Time,1,Long,-0.5417142857142857,0.0,5.284622047019272,19.444444444444446,off,2018-03-15,True,True,2018
Monday Dip,SMH,2018-04-09,2018-04-10,1620.0,1687.5,2018-04-12,Time,1,Long,0.96,0.0,0.6123798582571356,88.88888888888889,on,2018-04-06,True,True,2018
SPY QQQ MonFri Reversion,QQQ,2018-04-09,2018-04-10,1365.0,1968.75,2018-04-12,Time,1,Long,0.6933333333333334,0.0,0.6123798582571356,88.88888888888889,on,2018-04-06,True,True,2018
Monday Dip,DIA,2018-04-30,2018-05-01,-3449.0,3375.0,2018-05-03,Stop,1,Long,-1.021925925925926,0.0,0.0,63.888888888888886,off,2018-04-27,True,True,2018
Monday Dip,IWM,2018-04-30,2018-05-01,2288.0,3375.0,2018-05-03,Time,1,Long,0.6779259259259259,0.0,0.0,63.888888888888886,off,2018-04-27,True,True,2018
SPY QQQ MonFri Reversion,SPY,2018-04-30,2018-05-01,-4032.0,3937.5,2018-05-03,Stop,1,Long,-1.024,0.0,0.0,63.888888888888886,off,2018-04-27,True,True,2018
Weak Close Decent Sznls,VNQ,2018-07-13,2018-07-16,-4044.0,3937.5,2018-07-18,Stop,1,Long,-1.027047619047619,0.0,4.916593934140903,47.61904761904761,off,2018-07-12,True,True,2018
Weak Close Decent Sznls,XBI,2018-07-20,2018-07-23,-6008.0,5906.25,2018-07-24,Stop,1,Long,-1.0172275132275133,20.066706520447216,19.525514291065093,46.03174603174603,off,2018-07-19,True,True,2018
Weak Close Decent Sznls,XLI,2018-08-09,2018-08-10,669.0,3937.5,2018-08-14,Time,1,Long,0.1699047619047619,90.51966662907876,36.146077029707286,68.65079365079364,off,2018-08-08,True,True,2018
Indices Oversold Bounce,^GSPC,2018-08-13,2018-08-15,4547.0,3937.5,2018-08-16,Time,1,Long,1.1547936507936507,87.6387841084795,39.917010007157636,71.82539682539682,off,2018-08-10,True,True,2018
Monday Dip,SMH,2018-08-13,2018-08-14,-1720.0,1687.5,2018-08-15,Stop,1,Long,-1.0192592592592593,87.6387841084795,39.917010007157636,71.82539682539682,off,2018-08-10,True,True,2018
SPY QQQ MonFri Reversion,QQQ,2018-08-13,2018-08-14,-2015.0,1968.75,2018-08-15,Stop,1,Long,-1.0234920634920635,87.6387841084795,39.917010007157636,71.82539682539682,off,2018-08-10,True,True,2018
Weak Close Decent Sznls,XLY,2018-09-05,2018-09-06,-1019.0,984.375,2018-09-07,Stop,1,Long,-1.0351746031746032,64.77736154591052,51.93282499459366,20.238095238095237,off,2018-09-04,True,True,2018
Weak Close Decent Sznls,IBB,2018-09-06,2018-09-07,-224.0,984.375,2018-09-11,Time,1,Long,-0.22755555555555557,62.99925548285046,51.38027240871438,24.6031746031746,off,2018-09-05,True,True,2018
Weak Close Decent Sznls,XLV,2018-09-10,2018-09-11,1299.0,649.6875,2018-09-13,Target,1,Long,1.9994227994227993,59.25233131441671,50.19806122536506,36.904761904761905,off,2018-09-07,True,True,2018
Indices Oversold Bounce,^GSPC,2018-10-10,2018-10-11,-939.0,984.375,2018-10-15,Time,1,Long,-0.9539047619047619,97.26485405191987,69.26638231391405,71.03174603174604,off,2018-10-09,True,True,2018
Indices Oversold Bounce,^NDX,2018-10-10,2018-10-11,442.0,984.375,2018-10-15,Time,1,Long,0.44901587301587303,97.26485405191987,69.26638231391405,71.03174603174604,off,2018-10-09,True,True,2018
Indices Oversold Bounce,^GSPC,2018-10-24,2018-10-26,-156.0,3937.5,2018-10-29,Time,1,Long,-0.039619047619047616,51.07793741072358,39.22889781843404,92.46031746031747,on,2018-10-23,True,True,2018
Indices Oversold Bounce,^GSPC,2018-11-12,2018-11-14,480.0,1500.0,2018-11-15,Time,1,Long,0.32,30.71016183742495,23.8393683608073,84.12698412698413,off,2018-11-09,True,True,2018
Indices Oversold Bounce,^NDX,2018-11-12,2018-11-14,2143.0,3937.5,2018-11-15,Time,1,Long,0.5442539682539682,30.71016183742495,23.8393683608073,84.12698412698413,off,2018-11-09,True,True,2018
SPY QQQ MonFri Reversion,SPY,2018-11-12,2018-11-13,356.0,1500.0,2018-11-15,Time,1,Long,0.23733333333333334,30.71016183742495,23.8393683608073,84.12698412698413,off,2018-11-09,True,True,2018
Indices Oversold Bounce,^NDX,2018-11-19,2018-11-20,453.0,1500.0,2018-11-23,Time,1,Long,0.302,29.874709999714888,23.428916281698594,98.4126984126984,on,2018-11-16,True,True,2018
SPY QQQ MonFri Reversion,QQQ,2018-11-19,2018-11-20,686.0,1500.0,2018-11-23,Time,1,Long,0.4573333333333333,29.874709999714888,23.428916281698594,98.4126984126984,on,2018-11-16,True,True,2018
Weak Close Decent Sznls,IYR,2018-11-20,2018-11-21,2235.0,5906.25,2018-11-26,Time,1,Long,0.3784126984126984,28.809866966407697,22.64762931082754,98.80952380952381,on,2018-11-19,True,True,2018
Weak Close Decent Sznls,VNQ,2018-11-20,2018-11-21,1252.0,3937.5,2018-11-26,Time,1,Long,0.31796825396825396,28.809866966407697,22.64762931082754,98.80952380952381,on,2018-11-19,True,True,2018
SPY QQQ MonFri Reversion,QQQ,2018-12-07,2018-12-10,4878.0,3937.5,2018-12-12,Time,1,Long,1.2388571428571429,16.12247391984272,13.297292987656778,87.3015873015873,on,2018-12-06,True,True,2018
SPY QQQ MonFri Reversion,SPY,2018-12-07,2018-12-10,2625.0,3937.5,2018-12-12,Time,1,Long,0.6666666666666666,16.12247391984272,13.297292987656778,87.3015873015873,on,2018-12-06,True,True,2018
Indices Oversold Bounce,^GSPC,2018-12-14,2018-12-17,-2248.0,1500.0,2018-12-19,Time,1,Long,-1.4986666666666666,12.98175223820904,11.044592038076555,82.53968253968253,off,2018-12-13,True,True,2018
Indices Oversold Bounce,^NDX,2018-12-14,2018-12-17,-1845.0,1500.0,2018-12-19,Time,1,Long,-1.23,12.98175223820904,11.044592038076555,82.53968253968253,off,2018-12-13,True,True,2018
SPY QQQ MonFri Reversion,QQQ,2018-12-14,2018-12-17,-1517.0,1500.0,2018-12-19,Stop,1,Long,-1.0113333333333334,12.98175223820904,11.044592038076555,82.53968253968253,off,2018-12-13,True,True,2018
SPY QQQ MonFri Reversion,SPY,2018-12-14,2018-12-17,-1519.0,1500.0,2018-12-19,Stop,1,Long,-1.0126666666666666,12.98175223820904,11.044592038076555,82.53968253968253,off,2018-12-13,True,True,2018
Indices Oversold Bounce,^GSPC,2018-12-21,2018-12-24,1996.0,1500.0,2018-12-27,Time,1,Long,1.3306666666666667,6.407070290845981,5.744506257356288,100.0,on,2018-12-20,True,True,2018
Indices Oversold Bounce,^NDX,2018-12-21,2018-12-24,2130.0,1500.0,2018-12-27,Time,1,Long,1.42,6.407070290845981,5.744506257356288,100.0,on,2018-12-20,True,True,2018
SPY QQQ MonFri Reversion,QQQ,2018-12-21,2018-12-24,2474.0,1500.0,2018-12-27,Time,1,Long,1.6493333333333333,6.407070290845981,5.744506257356288,100.0,on,2018-12-20,True,True,2018
SPY QQQ MonFri Reversion,SPY,2018-12-21,2018-12-24,2383.0,1500.0,2018-12-27,Time,1,Long,1.5886666666666667,6.407070290845981,5.744506257356288,100.0,on,2018-12-20,True,True,2018
SPY QQQ MonFri Reversion,SPY,2018-12-24,2018-12-26,7871.0,3937.5,2018-12-27,Target,1,Long,1.998984126984127,5.263973311413292,4.789165473363868,100.0,on,2018-12-21,True,True,2018
Weak Close Decent Sznls,XRT,2019-03-06,2019-03-07,-6010.0,5906.25,2019-03-08,Stop,1,Long,-1.0175661375661376,0.0,0.0,31.746031746031743,off,2019-03-05,True,True,2019
Indices Oversold Bounce,^GSPC,2019-03-22,2019-03-25,628.0,1500.0,2019-03-27,Time,1,Long,0.4186666666666667,0.0,0.0,18.253968253968253,off,2019-03-21,True,True,2019
SPY QQQ MonFri Reversion,QQQ,2019-03-22,2019-03-25,967.0,3937.5,2019-03-27,Time,1,Long,0.24558730158730158,0.0,0.0,18.253968253968253,off,2019-03-21,True,True,2019
SPY QQQ MonFri Reversion,SPY,2019-03-22,2019-03-25,794.0,1500.0,2019-03-27,Time,1,Long,0.5293333333333333,0.0,0.0,18.253968253968253,off,2019-03-21,True,True,2019
Weak Close Decent Sznls,XLP,2019-04-02,2019-04-03,4304.0,5906.25,2019-04-05,Time,1,Long,0.7287195767195768,0.0,0.0,49.2063492063492,off,2019-04-01,True,True,2019
Weak Close Decent Sznls,XLB,2019-04-24,2019-04-25,237.0,5906.25,2019-04-29,Time,1,Long,0.04012698412698413,0.0,0.0,19.841269841269842,off,2019-04-23,True,True,2019
SPY QQQ MonFri Reversion,QQQ,2019-05-17,2019-05-20,1545.0,3937.5,2019-05-22,Time,1,Long,0.3923809523809524,0.0,23.32008445444479,88.88888888888889,on,2019-05-16,True,True,2019
SPY QQQ MonFri Reversion,QQQ,2019-05-24,2019-05-28,-1123.0,3937.5,2019-05-30,Time,1,Long,-0.2852063492063492,0.0,18.870946350578432,92.85714285714286,on,2019-05-23,True,True,2019
Monthly Weak Close,QQQ,2019-05-31,2019-06-03,6748.0,3375.0,2019-06-07,Target,1,Long,1.9994074074074073,0.0,16.940126154369523,86.5079365079365,on,2019-05-30,True,True,2019
SPY QQQ MonFri Reversion,QQQ,2019-05-31,2019-06-03,4547.0,3937.5,2019-06-05,Time,1,Long,1.1547936507936507,0.0,16.940126154369523,86.5079365079365,on,2019-05-30,True,True,2019
SPY QQQ MonFri Reversion,SPY,2019-05-31,2019-06-03,7873.0,3937.5,2019-06-05,Target,1,Long,1.9994920634920634,0.0,16.940126154369523,86.5079365079365,on,2019-05-30,True,True,2019
SPY QQQ MonFri Reversion,SPY,2019-06-21,2019-06-24,-4059.0,3937.5,2019-06-25,Stop,1,Long,-1.030857142857143,44.92850444537553,33.333505211805445,35.317460317460316,off,2019-06-20,True,True,2019
Monday Dip,DIA,2019-06-24,2019-06-25,-2300.0,3375.0,2019-06-27,Time,1,Long,-0.6814814814814815,49.76695877026212,35.39342678492598,36.904761904761905,off,2019-06-21,True,True,2019
Weak Close Decent Sznls,IYR,2019-06-24,2019-06-25,-7027.0,5906.25,2019-06-26,Stop,1,Long,-1.1897566137566138,49.76695877026212,35.39342678492598,36.904761904761905,off,2019-06-21,True,True,2019
Weak Close Decent Sznls,DIA,2019-06-25,2019-06-26,648.0,4687.5,2019-06-28,Time,1,Long,0.13824,53.51922947119458,36.90444538403717,38.492063492063494,off,2019-06-24,True,True,2019
Weak Close Decent Sznls,SPY,2019-06-25,2019-06-26,3552.0,4687.5,2019-06-28,Time,1,Long,0.75776,53.51922947119458,36.90444538403717,38.492063492063494,off,2019-06-24,True,True,2019
Weak Close Decent Sznls,XLP,2019-06-26,2019-06-27,5430.0,5906.25,2019-07-01,Time,1,Long,0.9193650793650794,56.185316548172906,37.88074959084132,36.507936507936506,off,2019-06-25,True,True,2019
SPY QQQ MonFri Reversion,SPY,2019-07-19,2019-07-22,7866.0,3937.5,2019-07-24,Time,1,Long,1.9977142857142858,57.33572122988711,31.93144931465879,16.26984126984127,off,2019-07-18,True,True,2019
SPY QQQ MonFri Reversion,SPY,2019-08-23,2019-08-26,1121.0,1968.75,2019-08-28,Time,1,Long,0.5693968253968253,24.983858059469064,15.65775909999508,86.5079365079365,on,2019-08-22,True,True,2019
Weak Close Decent Sznls,ITA,2019-09-09,2019-09-10,7872.0,3937.5,2019-09-12,Target,1,Long,1.9992380952380953,23.69340683349096,14.26181930454635,60.71428571428571,off,2019-09-06,True,True,2019
Weak Close Decent Sznls,KRE,2019-09-30,2019-10-01,-11650.0,5906.25,2019-10-02,Stop,1,Long,-1.9724867724867725,48.483572505396445,23.99737984164016,69.44444444444444,off,2019-09-27,True,True,2019
Weak Close Decent Sznls,XLI,2019-09-30,2019-10-01,-19482.0,5906.25,2019-10-02,Stop,1,Long,-3.2985396825396824,48.483572505396445,23.99737984164016,69.44444444444444,off,2019-09-27,True,True,2019
Indices Oversold Bounce,^GSPC,2019-10-01,2019-10-02,3839.0,3937.5,2019-10-04,Time,1,Long,0.974984126984127,47.187499809654845,23.28741238987755,68.25396825396825,off,2019-09-30,True,True,2019
SPY QQQ MonFri Reversion,SPY,2019-10-07,2019-10-08,3321.0,3937.5,2019-10-10,Time,1,Long,0.8434285714285714,40.01691696962558,19.5013435869804,84.52380952380952,off,2019-10-04,True,True,2019
Weak Close Decent Sznls,ITA,2019-11-21,2019-11-22,4168.0,5906.25,2019-11-26,Time,1,Long,0.7056931216931217,15.839192337521478,24.603845627597543,1.5873015873015872,off,2019-11-20,True,True,2019
Indices Oversold Bounce,^GSPC,2019-12-02,2019-12-03,2447.0,1500.0,2019-12-05,Time,1,Long,1.6313333333333333,10.064331049129484,27.966260172800236,5.158730158730158,off,2019-11-29,True,True,2019
Monday Dip,DIA,2019-12-02,2019-12-03,4789.0,3375.0,2019-12-05,Time,1,Long,1.418962962962963,10.064331049129484,27.966260172800236,5.158730158730158,off,2019-11-29,True,True,2019
Monday Dip,IWM,2019-12-02,2019-12-03,6749.0,3375.0,2019-12-05,Target,1,Long,1.9997037037037038,10.064331049129484,27.966260172800236,5.158730158730158,off,2019-11-29,True,True,2019
Monday Dip,SMH,2019-12-02,2019-12-03,6750.0,3375.0,2019-12-05,Target,1,Long,2.0,10.064331049129484,27.966260172800236,5.158730158730158,off,2019-11-29,True,True,2019
SPY QQQ MonFri Reversion,SPY,2019-12-02,2019-12-03,2999.0,1500.0,2019-12-04,Target,1,Long,1.9993333333333334,10.064331049129484,27.966260172800236,5.158730158730158,off,2019-11-29,True,True,2019
SPY QQQ MonFri Reversion,QQQ,2019-12-09,2019-12-10,5874.0,3937.5,2019-12-12,Time,1,Long,1.491809523809524,7.2628048682645625,32.00818237318187,25.396825396825395,off,2019-12-06,True,True,2019
SPY QQQ MonFri Reversion,SPY,2019-12-09,2019-12-10,7871.0,3937.5,2019-12-12,Target,1,Long,1.998984126984127,7.2628048682645625,32.00818237318187,25.396825396825395,off,2019-12-06,True,True,2019
Weak Close Decent Sznls,XME,2019-12-19,2019-12-20,961.0,984.375,2019-12-24,Time,1,Long,0.9762539682539683,32.269903747976834,51.36125280527339,4.365079365079365,off,2019-12-18,True,True,2019
SPY QQQ MonFri Reversion,SPY,2020-02-24,2020-02-25,-1206.0,492.1875,2020-02-26,Stop,1,Long,-2.450285714285714,87.40085442045404,70.7412253521169,9.523809523809524,off,2020-02-21,True,True,2020
Indices Oversold Bounce,^GSPC,2020-02-25,2020-02-26,-3759.0,984.375,2020-02-28,Time,1,Long,-3.8186666666666667,84.12148228901599,68.10165892101199,13.095238095238097,off,2020-02-24,True,True,2020
Indices Oversold Bounce,^NDX,2020-02-25,2020-02-27,-1024.0,984.375,2020-02-28,Time,1,Long,-1.0402539682539682,84.12148228901599,68.10165892101199,13.095238095238097,off,2020-02-24,True,True,2020
Indices Oversold Bounce,^GSPC,2020-03-09,2020-03-11,-2978.0,1500.0,2020-03-12,Time,1,Long,-1.9853333333333334,27.678707503662036,22.696639581736214,99.60317460317461,on,2020-03-06,True,True,2020
SPY QQQ MonFri Reversion,SPY,2020-03-09,2020-03-10,-1669.0,750.0,2020-03-12,Stop,1,Long,-2.2253333333333334,27.678707503662036,22.696639581736214,99.60317460317461,on,2020-03-06,True,True,2020
Indices Oversold Bounce,^GSPC,2020-03-12,2020-03-16,2236.0,3937.5,2020-03-17,Time,1,Long,0.5678730158730159,14.793863250024236,12.325882019786114,100.0,on,2020-03-11,True,True,2020
Indices Oversold Bounce,^NDX,2020-03-12,2020-03-16,2865.0,3937.5,2020-03-17,Time,1,Long,0.7276190476190476,14.793863250024236,12.325882019786114,100.0,on,2020-03-11,True,True,2020
Indices Oversold Bounce,^GSPC,2020-03-16,2020-03-18,555.0,1500.0,2020-03-19,Time,1,Long,0.37,10.452649861177,8.79676712444152,100.0,on,2020-03-13,True,True,2020
Indices Oversold Bounce,^NDX,2020-03-16,2020-03-18,1048.0,1500.0,2020-03-19,Time,1,Long,0.6986666666666667,10.452649861177,8.79676712444152,100.0,on,2020-03-13,True,True,2020
SPY QQQ MonFri Reversion,QQQ,2020-03-16,2020-03-17,321.0,750.0,2020-03-19,Time,1,Long,0.428,10.452649861177,8.79676712444152,100.0,on,2020-03-13,True,True,2020
SPY QQQ MonFri Reversion,SPY,2020-03-16,2020-03-17,-10.0,750.0,2020-03-19,Time,1,Long,-0.013333333333333334,10.452649861177,8.79676712444152,100.0,on,2020-03-13,True,True,2020
Indices Oversold Bounce,^GSPC,2020-03-20,2020-03-23,1663.0,1500.0,2020-03-25,Time,1,Long,1.1086666666666667,3.6921246442116553,3.1528087678753915,100.0,on,2020-03-19,True,True,2020
Indices Oversold Bounce,^NDX,2020-03-20,2020-03-23,1637.0,1500.0,2020-03-25,Time,1,Long,1.0913333333333333,3.6921246442116553,3.1528087678753915,100.0,on,2020-03-19,True,True,2020
SPY QQQ MonFri Reversion,QQQ,2020-03-20,2020-03-23,1639.0,1500.0,2020-03-25,Time,1,Long,1.0926666666666667,3.6921246442116553,3.1528087678753915,100.0,on,2020-03-19,True,True,2020
SPY QQQ MonFri Reversion,SPY,2020-03-20,2020-03-23,1840.0,1500.0,2020-03-25,Time,1,Long,1.2266666666666666,3.6921246442116553,3.1528087678753915,100.0,on,2020-03-19,True,True,2020
SPY QQQ MonFri Reversion,QQQ,2020-04-20,2020-04-21,936.0,3937.5,2020-04-23,Time,1,Long,0.2377142857142857,0.6081201558329281,0.5890610685155042,63.095238095238095,off,2020-04-17,True,True,2020
SPY QQQ MonFri Reversion,SPY,2020-04-20,2020-04-21,2006.0,3937.5,2020-04-23,Time,1,Long,0.5094603174603175,0.6081201558329281,0.5890610685155042,63.095238095238095,off,2020-04-17,True,True,2020
Weak Close Decent Sznls,IBB,2020-05-19,2020-05-20,2942.0,5906.25,2020-05-22,Time,1,Long,0.4981164021164021,1.1140967575419285,0.5095038607969352,23.41269841269841,off,2020-05-18,True,True,2020
Weak Close Decent Sznls,IBB,2020-05-26,2020-05-27,3727.0,2598.75,2020-05-29,Time,1,Long,1.4341510341510342,0.991291664396352,0.3074853210627486,15.873015873015872,off,2020-05-22,True,True,2020
Weak Close Decent Sznls,XBI,2020-05-26,2020-05-27,1574.0,3937.5,2020-05-29,Time,1,Long,0.39974603174603174,0.991291664396352,0.3074853210627486,15.873015873015872,off,2020-05-22,True,True,2020
Indices Oversold Bounce,^NDX,2020-06-26,2020-06-29,2962.0,1500.0,2020-07-01,Target,1,Long,1.9746666666666666,2.046595416416434,0.0,19.841269841269842,off,2020-06-25,True,True,2020
SPY QQQ MonFri Reversion,QQQ,2020-06-26,2020-06-29,2998.0,1500.0,2020-07-01,Target,1,Long,1.9986666666666666,2.046595416416434,0.0,19.841269841269842,off,2020-06-25,True,True,2020
SPY QQQ MonFri Reversion,SPY,2020-06-26,2020-06-29,5812.0,3937.5,2020-07-01,Time,1,Long,1.476063492063492,2.046595416416434,0.0,19.841269841269842,off,2020-06-25,True,True,2020
Indices Oversold Bounce,^NDX,2020-07-13,2020-07-14,754.0,1500.0,2020-07-16,Time,1,Long,0.5026666666666667,1.7574185661774941,0.0,5.952380952380952,off,2020-07-10,True,True,2020
Monday Dip,SMH,2020-07-13,2020-07-14,3532.0,3375.0,2020-07-16,Time,1,Long,1.0465185185185186,1.7574185661774941,0.0,5.952380952380952,off,2020-07-10,True,True,2020
SPY QQQ MonFri Reversion,QQQ,2020-07-13,2020-07-14,1217.0,1500.0,2020-07-16,Time,1,Long,0.8113333333333334,1.7574185661774941,0.0,5.952380952380952,off,2020-07-10,True,True,2020
Weak Close Decent Sznls,QQQ,2020-07-13,2020-07-14,3042.0,3750.0,2020-07-16,Time,1,Long,0.8112,1.7574185661774941,0.0,5.952380952380952,off,2020-07-10,True,True,2020
Weak Close Decent Sznls,XBI,2020-07-13,2020-07-14,8030.0,5625.0,2020-07-16,Time,1,Long,1.4275555555555555,1.7574185661774941,0.0,5.952380952380952,off,2020-07-10,True,True,2020
Weak Close Decent Sznls,XLK,2020-07-13,2020-07-14,3152.0,3750.0,2020-07-16,Time,1,Long,0.8405333333333334,1.7574185661774941,0.0,5.952380952380952,off,2020-07-10,True,True,2020
Weak Close Decent Sznls,XRT,2020-07-13,2020-07-14,11250.0,5625.0,2020-07-15,Target,1,Long,2.0,1.7574185661774941,0.0,5.952380952380952,off,2020-07-10,True,True,2020
Indices Oversold Bounce,^NDX,2020-07-23,2020-07-24,2144.0,3937.5,2020-07-28,Time,1,Long,0.5445079365079365,2.1194784176001074,0.0,2.380952380952381,off,2020-07-22,True,True,2020
Weak Close Decent Sznls,ITB,2020-08-27,2020-08-28,4250.0,5906.25,2020-09-01,Time,1,Long,0.7195767195767195,40.81621066206258,39.20398311150704,3.968253968253968,off,2020-08-26,True,True,2020
Monday Dip,IWM,2020-08-31,2020-09-01,6748.0,3375.0,2020-09-02,Target,1,Long,1.9994074074074073,47.040982784449,44.34213076434631,1.1904761904761905,off,2020-08-28,True,True,2020
SPY QQQ MonFri Reversion,SPY,2020-08-31,2020-09-01,3936.0,1968.75,2020-09-02,Target,1,Long,1.9992380952380953,47.040982784449,44.34213076434631,1.1904761904761905,off,2020-08-28,True,True,2020
3x Bear ETF Overbot Fade,TZA,2020-09-21,2020-09-22,-1152.0,1968.7499999999998,2020-09-24,Time,1,Short,-0.5851428571428572,28.674525760927263,31.21903879645414,54.36507936507936,off,2020-09-18,True,True,2020
3x Bear ETF Overbot Fade,TZA,2020-09-23,2020-09-24,4213.0,1968.7499999999995,2020-09-28,Time,1,Short,2.1399365079365085,25.470535162430316,27.361374620063582,46.03174603174603,off,2020-09-22,True,True,2020
SPY QQQ MonFri Reversion,QQQ,2020-10-16,2020-10-19,-1995.0,1968.75,2020-10-20,Stop,1,Long,-1.0133333333333334,22.970616979333414,23.776876595817548,5.555555555555555,off,2020-10-15,True,True,2020
SPY QQQ MonFri Reversion,SPY,2020-10-16,2020-10-19,-2008.0,1968.75,2020-10-21,Stop,1,Long,-1.019936507936508,22.970616979333414,23.776876595817548,5.555555555555555,off,2020-10-15,True,True,2020
Monday Dip,IWM,2020-10-19,2020-10-20,723.0,1687.5,2020-10-22,Time,1,Long,0.42844444444444446,23.097078747283444,23.89884397494568,4.761904761904762,off,2020-10-16,True,True,2020
SPY QQQ MonFri Reversion,QQQ,2020-10-19,2020-10-20,740.0,3937.5,2020-10-22,Time,1,Long,0.18793650793650793,23.097078747283444,23.89884397494568,4.761904761904762,off,2020-10-16,True,True,2020
Weak Close Decent Sznls,DIA,2020-10-21,2020-10-22,-6029.0,5906.25,2020-10-26,Stop,1,Long,-1.0207830687830688,22.88876281429915,23.664653163100333,5.555555555555555,off,2020-10-20,True,True,2020
Weak Close Decent Sznls,SMH,2020-10-21,2020-10-22,-3994.0,3937.5,2020-10-26,Stop,1,Long,-1.0143492063492063,22.88876281429915,23.664653163100333,5.555555555555555,off,2020-10-20,True,True,2020
3x Bear ETF Overbot Fade,SDOW,2020-10-28,2020-10-29,4821.0,2812.5,2020-11-02,Time,1,Short,1.7141333333333333,19.257818770823324,19.862074199284574,24.6031746031746,off,2020-10-27,True,True,2020
Indices Oversold Bounce,^GSPC,2020-10-28,2020-10-30,3841.0,3937.5,2020-11-02,Time,1,Long,0.9754920634920635,19.257818770823324,19.862074199284574,24.6031746031746,off,2020-10-27,True,True,2020
Indices Oversold Bounce,^NDX,2020-10-28,2020-10-30,53.0,3937.5,2020-11-02,Time,1,Long,0.01346031746031746,19.257818770823324,19.862074199284574,24.6031746031746,off,2020-10-27,True,True,2020
3x Bear ETF Overbot Fade,SDOW,2020-10-29,2020-10-30,8631.0,2812.5,2020-11-03,Time,1,Short,3.0688,17.966968527472606,18.519848221050506,33.730158730158735,off,2020-10-28,True,True,2020
Monthly Weak Close,QQQ,2020-10-30,2020-11-02,6747.0,3375.0,2020-11-04,Target,1,Long,1.999111111111111,16.550590564815458,17.049168248453356,35.317460317460316,off,2020-10-29,True,True,2020
Indices Oversold Bounce,^NDX,2020-11-09,2020-11-10,561.0,1500.0,2020-11-12,Time,1,Long,0.374,11.354913597710716,11.00820180096277,49.60317460317461,off,2020-11-06,True,True,2020
SPY QQQ MonFri Reversion,QQQ,2020-11-09,2020-11-10,1021.0,1500.0,2020-11-12,Time,1,Long,0.6806666666666666,11.354913597710716,11.00820180096277,49.60317460317461,off,2020-11-06,True,True,2020
SPY QQQ MonFri Reversion,SPY,2020-11-09,2020-11-10,834.0,3937.5,2020-11-12,Time,1,Long,0.2118095238095238,11.354913597710716,11.00820180096277,49.60317460317461,off,2020-11-06,True,True,2020
Indices Oversold Bounce,^GSPC,2020-11-18,2020-11-19,1571.0,3937.5,2020-11-23,Time,1,Long,0.398984126984127,13.078892998309161,10.537775496636149,12.698412698412698,off,2020-11-17,True,True,2020
Weak Close Decent Sznls,XLB,2020-11-18,2020-11-19,3039.0,3750.0,2020-11-23,Time,1,Long,0.8104,13.078892998309161,10.537775496636149,12.698412698412698,off,2020-11-17,True,True,2020
SPY QQQ MonFri Reversion,QQQ,2020-11-20,2020-11-23,4140.0,3937.5,2020-11-25,Time,1,Long,1.0514285714285714,12.711914028457784,9.827256509840664,12.3015873015873,off,2020-11-19,True,True,2020
SPY QQQ MonFri Reversion,SPY,2020-11-20,2020-11-23,2197.0,1968.75,2020-11-25,Time,1,Long,1.115936507936508,12.711914028457784,9.827256509840664,12.3015873015873,off,2020-11-19,True,True,2020
Weak Close Decent Sznls,SPY,2020-11-20,2020-11-23,5240.0,4687.5,2020-11-25,Time,1,Long,1.1178666666666666,12.711914028457784,9.827256509840664,12.3015873015873,off,2020-11-19,True,True,2020
Weak Close Decent Sznls,XLP,2020-11-20,2020-11-23,2524.0,4687.5,2020-11-25,Time,1,Long,0.5384533333333333,12.711914028457784,9.827256509840664,12.3015873015873,off,2020-11-19,True,True,2020
Weak Close Decent Sznls,VNQ,2020-11-23,2020-11-24,-5975.0,5906.25,2020-11-25,Stop,1,Long,-1.0116402116402117,12.167667593110604,9.201489103054595,12.3015873015873,off,2020-11-20,True,True,2020
Weak Close Decent Sznls,XHB,2020-12-01,2020-12-02,2207.0,5906.25,2020-12-04,Time,1,Long,0.37367195767195766,8.189914830628386,5.045878165651871,1.1904761904761905,off,2020-11-30,True,True,2020
Weak Close Decent Sznls,XLB,2020-12-02,2020-12-03,2765.0,5906.25,2020-12-07,Time,1,Long,0.46814814814814815,7.413557004440088,4.225569838978701,0.3968253968253968,off,2020-12-01,True,True,2020
Monday Dip,DIA,2020-12-14,2020-12-15,1762.0,1687.5,2020-12-17,Time,1,Long,1.044148148148148,3.7205053272986546,0.29638428415724793,2.380952380952381,off,2020-12-11,True,True,2020
Monday Dip,IWM,2020-12-14,2020-12-15,2722.0,1687.5,2020-12-17,Time,1,Long,1.613037037037037,3.7205053272986546,0.29638428415724793,2.380952380952381,off,2020-12-11,True,True,2020
SPY QQQ MonFri Reversion,SPY,2020-12-14,2020-12-15,3108.0,1968.75,2020-12-17,Time,1,Long,1.5786666666666667,3.7205053272986546,0.29638428415724793,2.380952380952381,off,2020-12-11,True,True,2020
Weak Close Decent Sznls,ITA,2020-12-14,2020-12-15,-2387.0,5906.25,2020-12-17,Time,1,Long,-0.40414814814814815,3.7205053272986546,0.29638428415724793,2.380952380952381,off,2020-12-11,True,True,2020
Weak Close Decent Sznls,KRE,2020-12-14,2020-12-15,3728.0,5906.25,2020-12-17,Time,1,Long,0.6311957671957672,3.7205053272986546,0.29638428415724793,2.380952380952381,off,2020-12-11,True,True,2020
Monday Dip,IWM,2020-12-28,2020-12-29,-1777.0,3375.0,2020-12-31,Time,1,Long,-0.5265185185185185,2.7798207607952716,0.0,13.492063492063492,off,2020-12-24,True,True,2020
Weak Close Decent Sznls,IBB,2020-12-28,2020-12-29,-5993.0,5906.25,2020-12-31,Stop,1,Long,-1.0146878306878306,2.7798207607952716,0.0,13.492063492063492,off,2020-12-24,True,True,2020
Weak Close Decent Sznls,XBI,2020-12-28,2020-12-29,-5964.0,5906.25,2020-12-31,Stop,1,Long,-1.0097777777777779,2.7798207607952716,0.0,13.492063492063492,off,2020-12-24,True,True,2020
Weak Close Decent Sznls,XME,2020-12-28,2020-12-29,7022.0,5906.25,2020-12-31,Time,1,Long,1.188910052910053,2.7798207607952716,0.0,13.492063492063492,off,2020-12-24,True,True,2020
Weak Close Decent Sznls,IHI,2021-01-26,2021-01-27,1572.0,3937.5,2021-01-29,Time,1,Long,0.3992380952380952,8.070417785669111,19.820086585234947,0.3968253968253968,off,2021-01-25,True,True,2021
Monday Dip,SMH,2021-02-22,2021-02-23,-1320.0,3375.0,2021-02-25,Time,1,Long,-0.39111111111111113,31.516901487867223,29.79742046403541,10.317460317460316,off,2021-02-19,True,True,2021
SPY QQQ MonFri Reversion,QQQ,2021-02-22,2021-02-23,-4019.0,3937.5,2021-02-25,Stop,1,Long,-1.0206984126984127,31.516901487867223,29.79742046403541,10.317460317460316,off,2021-02-19,True,True,2021
SPY QQQ MonFri Reversion,SPY,2021-02-22,2021-02-23,7872.0,3937.5,2021-02-24,Target,1,Long,1.9992380952380953,31.516901487867223,29.79742046403541,10.317460317460316,off,2021-02-19,True,True,2021
3x Bear ETF Overbot Fade,SQQQ,2021-02-25,2021-02-26,3154.0,2812.5,2021-03-02,Time,1,Short,1.1214222222222223,29.367985966496697,27.523435546610642,12.698412698412698,off,2021-02-24,True,True,2021
Indices Oversold Bounce,^GSPC,2021-02-25,2021-02-26,7849.0,3937.5,2021-03-01,Target,1,Long,1.9933968253968255,29.367985966496697,27.523435546610642,12.698412698412698,off,2021-02-24,True,True,2021
3x Bear ETF Overbot Fade,LABD,2021-03-03,2021-03-04,-1464.0,2531.25,2021-03-08,Time,1,Short,-0.5783703703703704,26.40252139383627,24.40067493531974,30.158730158730158,off,2021-03-02,True,True,2021
3x Bear ETF Overbot Fade,SQQQ,2021-03-03,2021-03-04,-2207.0,2531.25,2021-03-08,Time,1,Short,-0.8719012345679013,26.40252139383627,24.40067493531974,30.158730158730158,off,2021-03-02,True,True,2021
Indices Oversold Bounce,^GSPC,2021-03-03,2021-03-04,1094.0,3937.5,2021-03-08,Time,1,Long,0.27784126984126983,26.40252139383627,24.40067493531974,30.158730158730158,off,2021-03-02,True,True,2021
3x Bear ETF Overbot Fade,LABD,2021-03-04,2021-03-05,4505.0,2812.5,2021-03-09,Time,1,Short,1.6017777777777777,25.53707664709028,23.510837480268645,36.507936507936506,off,2021-03-03,True,True,2021
Indices Oversold Bounce,^NDX,2021-03-24,2021-03-25,3098.0,3937.5,2021-03-29,Time,1,Long,0.7867936507936508,18.428597817069118,15.482361515321813,25.396825396825395,off,2021-03-23,True,True,2021
Weak Close Decent Sznls,IYR,2021-03-24,2021-03-25,11811.0,5906.25,2021-03-26,Target,1,Long,1.9997460317460318,18.428597817069118,15.482361515321813,25.396825396825395,off,2021-03-23,True,True,2021
Weak Close Decent Sznls,VNQ,2021-03-24,2021-03-25,11811.0,5906.25,2021-03-26,Target,1,Long,1.9997460317460318,18.428597817069118,15.482361515321813,25.396825396825395,off,2021-03-23,True,True,2021
3x Bear ETF Overbot Fade,LABD,2021-03-29,2021-03-30,6816.0,2812.5,2021-04-01,Time,1,Short,2.4234666666666667,16.514254913757675,13.395835551013153,55.158730158730165,off,2021-03-26,True,True,2021
Weak Close Decent Sznls,XLB,2021-04-22,2021-04-23,11812.0,5906.25,2021-04-26,Target,1,Long,1.9999153439153439,53.59583844610064,34.80044371703531,43.65079365079365,off,2021-04-21,True,True,2021
Weak Close Decent Sznls,XLU,2021-04-22,2021-04-23,-6047.0,5906.25,2021-04-27,Stop,1,Long,-1.0238306878306878,53.59583844610064,34.80044371703531,43.65079365079365,off,2021-04-21,True,True,2021
Indices Oversold Bounce,^NDX,2021-05-03,2021-05-04,-127.0,375.0,2021-05-06,Time,1,Long,-0.33866666666666667,84.62032433682114,60.691950246382774,66.26984126984127,off,2021-04-30,True,True,2021
Monday Dip,SMH,2021-05-03,2021-05-04,631.0,843.75,2021-05-06,Time,1,Long,0.7478518518518519,84.62032433682114,60.691950246382774,66.26984126984127,off,2021-04-30,True,True,2021
SPY QQQ MonFri Reversion,QQQ,2021-05-03,2021-05-04,-382.0,375.0,2021-05-06,Stop,1,Long,-1.0186666666666666,84.62032433682114,60.691950246382774,66.26984126984127,off,2021-04-30,True,True,2021
SPY QQQ MonFri Reversion,SPY,2021-05-10,2021-05-11,-1012.0,984.375,2021-05-12,Stop,1,Long,-1.0280634920634921,94.21551637081234,74.71872344279944,75.39682539682539,off,2021-05-07,True,True,2021
3x Bear ETF Overbot Fade,SQQQ,2021-05-11,2021-05-12,1257.0,703.125,2021-05-14,Time,1,Short,1.7877333333333334,94.56817006520119,76.34175930434671,80.95238095238095,off,2021-05-10,True,True,2021
3x Bear ETF Overbot Fade,SQQQ,2021-05-12,2021-05-13,768.0,562.5,2021-05-17,Time,1,Short,1.3653333333333333,94.46271879351312,77.57970904896293,83.33333333333334,off,2021-05-11,True,True,2021
Indices Oversold Bounce,^GSPC,2021-05-18,2021-05-19,1091.0,984.375,2021-05-21,Time,1,Long,1.1083174603174604,91.37773745967834,77.53888414976612,97.61904761904762,on,2021-05-17,True,True,2021
Indices Oversold Bounce,^NDX,2021-05-18,2021-05-19,1508.0,984.375,2021-05-20,Target,1,Long,1.531936507936508,91.37773745967834,77.53888414976612,97.61904761904762,on,2021-05-17,True,True,2021
SPY QQQ MonFri Reversion,QQQ,2021-05-21,2021-05-24,478.0,492.1875,2021-05-26,Time,1,Long,0.9711746031746031,87.49012697236954,74.17933290065191,96.03174603174604,on,2021-05-20,True,True,2021
3x Bear ETF Overbot Fade,FAZ,2021-06-17,2021-06-18,1188.0,703.125,2021-06-22,Time,1,Short,1.6896,124.52445532066449,77.44871780674968,21.825396825396826,off,2021-06-16,True,True,2021
Weak Close Decent Sznls,XLY,2021-07-13,2021-07-14,-1521.0,1476.5625,2021-07-15,Stop,1,Long,-1.0300952380952382,94.06166062460566,56.07751864042759,75.0,off,2021-07-12,True,True,2021
3x Bear ETF Overbot Fade,TZA,2021-07-14,2021-07-15,-969.0,703.125,2021-07-19,Time,1,Short,-1.3781333333333334,91.42435559541374,54.3513551512203,76.19047619047619,off,2021-07-13,True,True,2021
Weak Close Decent Sznls,IHI,2021-07-14,2021-07-15,369.0,1476.5625,2021-07-19,Time,1,Long,0.2499047619047619,91.42435559541374,54.3513551512203,76.19047619047619,off,2021-07-13,True,True,2021
3x Bear ETF Overbot Fade,TZA,2021-07-15,2021-07-16,148.0,703.125,2021-07-20,Time,1,Short,0.2104888888888889,88.78458636035299,53.0180657736819,78.96825396825396,off,2021-07-14,True,True,2021
3x Bear ETF Overbot Fade,FAZ,2021-07-16,2021-07-19,1887.0,703.125,2021-07-21,Time,1,Short,2.6837333333333335,86.59908071118579,52.05597875014231,85.31746031746032,on,2021-07-15,True,True,2021
SPY QQQ MonFri Reversion,QQQ,2021-07-16,2021-07-19,1963.0,984.375,2021-07-21,Target,1,Long,1.9941587301587302,86.59908071118579,52.05597875014231,85.31746031746032,on,2021-07-15,True,True,2021
SPY QQQ MonFri Reversion,SPY,2021-07-16,2021-07-19,1965.0,984.375,2021-07-20,Target,1,Long,1.9961904761904763,86.59908071118579,52.05597875014231,85.31746031746032,on,2021-07-15,True,True,2021
Monday Dip,DIA,2021-08-02,2021-08-03,557.0,843.75,2021-08-05,Time,1,Long,0.6601481481481482,80.65613632613085,51.27068040454374,84.92063492063492,off,2021-07-30,True,True,2021
SPY QQQ MonFri Reversion,SPY,2021-08-02,2021-08-03,1023.0,984.375,2021-08-05,Time,1,Long,1.0392380952380953,80.65613632613085,51.27068040454374,84.92063492063492,off,2021-07-30,True,True,2021
3x Bear ETF Overbot Fade,SDOW,2021-09-10,2021-09-13,397.0,703.125,2021-09-15,Time,1,Short,0.5646222222222222,91.41462860114623,61.835508383376315,48.80952380952381,off,2021-09-09,True,True,2021
Indices Oversold Bounce,^GSPC,2021-09-10,2021-09-13,995.0,984.375,2021-09-15,Time,1,Long,1.0107936507936508,91.41462860114623,61.835508383376315,48.80952380952381,off,2021-09-09,True,True,2021
SPY QQQ MonFri Reversion,SPY,2021-09-17,2021-09-20,1078.0,984.375,2021-09-22,Time,1,Long,1.0951111111111111,78.18468415516796,52.93972962400553,59.92063492063492,off,2021-09-16,True,True,2021
3x Bear ETF Overbot Fade,SPXS,2021-09-20,2021-09-21,1561.0,703.125,2021-09-23,Time,1,Short,2.220088888888889,75.05256510110132,50.83044863480358,67.06349206349206,off,2021-09-17,True,True,2021
3x Bear ETF Overbot Fade,SQQQ,2021-09-28,2021-09-29,836.0,2812.5,2021-10-01,Time,1,Short,0.2972444444444444,56.78147471292009,38.519931875922126,71.82539682539682,off,2021-09-27,True,True,2021
Indices Oversold Bounce,^GSPC,2021-09-28,2021-09-30,1280.0,3937.5,2021-10-01,Time,1,Long,0.3250793650793651,56.78147471292009,38.519931875922126,71.82539682539682,off,2021-09-27,True,True,2021
Indices Oversold Bounce,^NDX,2021-09-28,2021-09-30,1336.0,3937.5,2021-10-01,Time,1,Long,0.3393015873015873,56.78147471292009,38.519931875922126,71.82539682539682,off,2021-09-27,True,True,2021
3x Bear ETF Overbot Fade,SQQQ,2021-09-29,2021-09-30,-3019.0,2812.5,2021-10-04,Time,1,Short,-1.0734222222222223,54.51409771909484,36.99399614854709,72.22222222222221,off,2021-09-28,True,True,2021
3x Bear ETF Overbot Fade,SPXS,2021-09-30,2021-10-01,2651.0,2812.5,2021-10-05,Time,1,Short,0.9425777777777777,52.05014304804445,35.333573594436324,73.4126984126984,off,2021-09-29,True,True,2021
Monthly Weak Close,QQQ,2021-09-30,2021-10-01,2716.0,3375.0,2021-10-08,Time,1,Long,0.8047407407407408,52.05014304804445,35.333573594436324,73.4126984126984,off,2021-09-29,True,True,2021
Monthly Weak Close,SPY,2021-09-30,2021-10-01,6750.0,3375.0,2021-10-07,Target,1,Long,2.0,52.05014304804445,35.333573594436324,73.4126984126984,off,2021-09-29,True,True,2021
Indices Oversold Bounce,^GSPC,2021-10-11,2021-10-12,2248.0,1500.0,2021-10-14,Time,1,Long,1.4986666666666666,35.29752531263267,24.028984221381243,84.12698412698413,off,2021-10-08,True,True,2021
Indices Oversold Bounce,^NDX,2021-10-11,2021-10-12,2436.0,1500.0,2021-10-14,Time,1,Long,1.624,35.29752531263267,24.028984221381243,84.12698412698413,off,2021-10-08,True,True,2021
Monday Dip,DIA,2021-10-11,2021-10-12,3353.0,3375.0,2021-10-14,Time,1,Long,0.9934814814814815,35.29752531263267,24.028984221381243,84.12698412698413,off,2021-10-08,True,True,2021
Monday Dip,SMH,2021-10-11,2021-10-12,2185.0,1687.5,2021-10-14,Time,1,Long,1.2948148148148149,35.29752531263267,24.028984221381243,84.12698412698413,off,2021-10-08,True,True,2021
SPY QQQ MonFri Reversion,QQQ,2021-10-11,2021-10-12,2038.0,1500.0,2021-10-14,Time,1,Long,1.3586666666666667,35.29752531263267,24.028984221381243,84.12698412698413,off,2021-10-08,True,True,2021
SPY QQQ MonFri Reversion,SPY,2021-10-11,2021-10-12,2035.0,1500.0,2021-10-14,Time,1,Long,1.3566666666666667,35.29752531263267,24.028984221381243,84.12698412698413,off,2021-10-08,True,True,2021
Weak Close Decent Sznls,IYR,2021-11-10,2021-11-11,5051.0,5906.25,2021-11-15,Time,1,Long,0.8551957671957672,39.30191469989701,29.26920781373709,12.698412698412698,off,2021-11-09,True,True,2021
Weak Close Decent Sznls,DIA,2021-11-11,2021-11-12,4522.0,5906.25,2021-11-16,Time,1,Long,0.7656296296296297,42.96726042738782,33.999848666807566,10.714285714285714,off,2021-11-10,True,True,2021
Weak Close Decent Sznls,XLY,2021-11-11,2021-11-12,7206.0,5906.25,2021-11-16,Time,1,Long,1.220063492063492,42.96726042738782,33.999848666807566,10.714285714285714,off,2021-11-10,True,True,2021
3x Bear ETF Overbot Fade,FAZ,2021-11-19,2021-11-22,1235.0,703.125,2021-11-24,Time,1,Short,1.7564444444444445,55.11550929756336,62.6338234823545,31.746031746031743,off,2021-11-18,True,True,2021
Weak Close Decent Sznls,XRT,2021-11-19,2021-11-22,-997.0,984.375,2021-11-23,Stop,1,Long,-1.0128253968253969,55.11550929756336,62.6338234823545,31.746031746031743,off,2021-11-18,True,True,2021
Monday Dip,DIA,2021-11-22,2021-11-23,-1834.0,843.75,2021-11-26,Stop,1,Long,-2.17362962962963,53.99915762227405,64.95348074290487,31.349206349206348,off,2021-11-19,True,True,2021
Monday Dip,IWM,2021-11-22,2021-11-23,-1384.0,843.75,2021-11-26,Stop,1,Long,-1.6402962962962964,53.99915762227405,64.95348074290487,31.349206349206348,off,2021-11-19,True,True,2021
Monday Dip,SMH,2021-11-22,2021-11-23,-552.0,843.75,2021-11-26,Time,1,Long,-0.6542222222222223,53.99915762227405,64.95348074290487,31.349206349206348,off,2021-11-19,True,True,2021
SPY QQQ MonFri Reversion,QQQ,2021-11-22,2021-11-23,-1008.0,984.375,2021-11-26,Stop,1,Long,-1.024,53.99915762227405,64.95348074290487,31.349206349206348,off,2021-11-19,True,True,2021
SPY QQQ MonFri Reversion,SPY,2021-11-22,2021-11-23,-1351.0,984.375,2021-11-26,Stop,1,Long,-1.3724444444444444,53.99915762227405,64.95348074290487,31.349206349206348,off,2021-11-19,True,True,2021
Weak Close Decent Sznls,SPY,2021-11-22,2021-11-23,-1351.0,984.375,2021-11-26,Stop,1,Long,-1.3724444444444444,53.99915762227405,64.95348074290487,31.349206349206348,off,2021-11-19,True,True,2021
Weak Close Decent Sznls,XLB,2021-11-22,2021-11-23,-2609.0,984.375,2021-11-26,Stop,1,Long,-2.6504126984126986,53.99915762227405,64.95348074290487,31.349206349206348,off,2021-11-19,True,True,2021
Indices Oversold Bounce,^GSPC,2021-11-26,2021-11-30,-1712.0,984.375,2021-12-01,Time,1,Long,-1.7391746031746032,51.208017532705114,68.70795731957863,44.047619047619044,off,2021-11-24,True,True,2021
Monthly Weak Close,SPY,2021-11-30,2021-12-01,1681.0,843.75,2021-12-07,Target,1,Long,1.9922962962962962,49.112798025249525,68.6438306956512,51.587301587301596,off,2021-11-29,True,True,2021
Indices Oversold Bounce,^NDX,2021-12-01,2021-12-02,165.0,984.375,2021-12-06,Time,1,Long,0.1676190476190476,47.62796503843854,67.9686996666426,57.936507936507944,off,2021-11-30,True,True,2021
3x Bear ETF Overbot Fade,SQQQ,2021-12-03,2021-12-06,1936.0,703.125,2021-12-08,Time,1,Short,2.7534222222222224,44.090729797945876,66.54787424469906,68.65079365079364,off,2021-12-02,True,True,2021
SPY QQQ MonFri Reversion,QQQ,2021-12-13,2021-12-14,192.0,984.375,2021-12-16,Time,1,Long,0.19504761904761905,37.942210996936744,69.6551655780397,92.46031746031747,on,2021-12-10,True,True,2021
SPY QQQ MonFri Reversion,SPY,2021-12-13,2021-12-14,685.0,984.375,2021-12-16,Time,1,Long,0.6958730158730159,37.942210996936744,69.6551655780397,92.46031746031747,on,2021-12-10,True,True,2021
Weak Close Decent Sznls,ITB,2021-12-16,2021-12-17,-1493.0,1476.5625,2021-12-20,Stop,1,Long,-1.011132275132275,47.1852266204199,80.55863588302103,100.0,on,2021-12-15,True,True,2021
Indices Oversold Bounce,^NDX,2021-12-31,2022-01-04,-546.0,375.0,2022-01-05,Time,1,Long,-1.456,72.2849752294332,93.99352868306835,69.84126984126983,off,2021-12-30,True,True,2021
SPY QQQ MonFri Reversion,QQQ,2021-12-31,2022-01-03,-380.0,375.0,2022-01-05,Stop,1,Long,-1.0133333333333334,72.2849752294332,93.99352868306835,69.84126984126983,off,2021-12-30,True,True,2021
SPY QQQ MonFri Reversion,SPY,2021-12-31,2022-01-03,-1005.0,984.375,2022-01-05,Stop,1,Long,-1.020952380952381,72.2849752294332,93.99352868306835,69.84126984126983,off,2021-12-30,True,True,2021
Indices Oversold Bounce,^GSPC,2022-01-05,2022-01-06,-281.0,984.375,2022-01-10,Time,1,Long,-0.28546031746031747,72.0823427404689,92.47466558163329,60.317460317460316,off,2022-01-04,True,True,2022
Indices Oversold Bounce,^NDX,2022-01-05,2022-01-06,-182.0,984.375,2022-01-10,Time,1,Long,-0.18488888888888888,72.0823427404689,92.47466558163329,60.317460317460316,off,2022-01-04,True,True,2022
Weak Close Decent Sznls,DIA,2022-01-05,2022-01-06,-1010.0,984.375,2022-01-10,Stop,1,Long,-1.026031746031746,72.0823427404689,92.47466558163329,60.317460317460316,off,2022-01-04,True,True,2022
3x Bear ETF Overbot Fade,SPXS,2022-01-18,2022-01-19,-2463.0,703.125,2022-01-21,Time,1,Short,-3.5029333333333335,60.03216768501788,74.68571537715194,90.87301587301587,on,2022-01-14,True,True,2022
SPY QQQ MonFri Reversion,QQQ,2022-01-21,2022-01-24,101.0,984.375,2022-01-26,Time,1,Long,0.1026031746031746,51.48901091482745,63.68903837927845,98.80952380952381,on,2022-01-20,True,True,2022
SPY QQQ MonFri Reversion,SPY,2022-01-21,2022-01-24,419.0,984.375,2022-01-26,Time,1,Long,0.42565079365079367,51.48901091482745,63.68903837927845,98.80952380952381,on,2022-01-20,True,True,2022
Indices Oversold Bounce,^GSPC,2022-02-11,2022-02-14,1233.0,1500.0,2022-02-16,Time,1,Long,0.822,23.678943755105543,27.99041604035254,94.44444444444444,on,2022-02-10,True,True,2022
Indices Oversold Bounce,^NDX,2022-02-11,2022-02-14,4128.0,3937.5,2022-02-16,Time,1,Long,1.0483809523809524,23.678943755105543,27.99041604035254,94.44444444444444,on,2022-02-10,True,True,2022
SPY QQQ MonFri Reversion,SPY,2022-02-11,2022-02-14,1383.0,1500.0,2022-02-16,Time,1,Long,0.922,23.678943755105543,27.99041604035254,94.44444444444444,on,2022-02-10,True,True,2022
Indices Oversold Bounce,^GSPC,2022-02-23,2022-02-24,7869.0,3937.5,2022-02-25,Target,1,Long,1.9984761904761905,17.280356536230038,19.73301219414303,94.84126984126983,on,2022-02-22,True,True,2022
Indices Oversold Bounce,^NDX,2022-02-23,2022-02-24,7865.0,3937.5,2022-02-25,Target,1,Long,1.9974603174603174,17.280356536230038,19.73301219414303,94.84126984126983,on,2022-02-22,True,True,2022
Indices Oversold Bounce,^GSPC,2022-03-07,2022-03-08,1286.0,1500.0,2022-03-10,Time,1,Long,0.8573333333333333,8.216086285864723,8.777555016929918,94.04761904761905,on,2022-03-04,True,True,2022
Indices Oversold Bounce,^NDX,2022-03-07,2022-03-08,1285.0,1500.0,2022-03-10,Time,1,Long,0.8566666666666667,8.216086285864723,8.777555016929918,94.04761904761905,on,2022-03-04,True,True,2022
SPY QQQ MonFri Reversion,QQQ,2022-03-07,2022-03-08,1427.0,1500.0,2022-03-10,Time,1,Long,0.9513333333333334,8.216086285864723,8.777555016929918,94.04761904761905,on,2022-03-04,True,True,2022
SPY QQQ MonFri Reversion,SPY,2022-03-07,2022-03-08,1282.0,1500.0,2022-03-10,Time,1,Long,0.8546666666666667,8.216086285864723,8.777555016929918,94.04761904761905,on,2022-03-04,True,True,2022
Indices Oversold Bounce,^GSPC,2022-03-11,2022-03-14,2597.0,1500.0,2022-03-16,Time,1,Long,1.7313333333333334,6.188999369226752,6.449685049598715,84.52380952380952,off,2022-03-10,True,True,2022
Indices Oversold Bounce,^NDX,2022-03-11,2022-03-14,2336.0,1500.0,2022-03-16,Time,1,Long,1.5573333333333332,6.188999369226752,6.449685049598715,84.52380952380952,off,2022-03-10,True,True,2022
SPY QQQ MonFri Reversion,QQQ,2022-03-11,2022-03-14,2703.0,1500.0,2022-03-16,Time,1,Long,1.802,6.188999369226752,6.449685049598715,84.52380952380952,off,2022-03-10,True,True,2022
SPY QQQ MonFri Reversion,SPY,2022-03-11,2022-03-14,2481.0,1500.0,2022-03-16,Time,1,Long,1.654,6.188999369226752,6.449685049598715,84.52380952380952,off,2022-03-10,True,True,2022
Weak Close Decent Sznls,XLB,2022-03-31,2022-04-01,342.0,5906.25,2022-04-05,Time,1,Long,0.0579047619047619,5.156020409938213,5.004843717062206,29.365079365079367,off,2022-03-30,True,True,2022
Weak Close Decent Sznls,XLE,2022-04-05,2022-04-06,9646.0,5906.25,2022-04-08,Time,1,Long,1.6331851851851853,4.684024120557984,4.4103286382782425,38.095238095238095,off,2022-04-04,True,True,2022
Weak Close Decent Sznls,XME,2022-04-05,2022-04-06,2183.0,3937.5,2022-04-08,Time,1,Long,0.5544126984126985,4.684024120557984,4.4103286382782425,38.095238095238095,off,2022-04-04,True,True,2022
Indices Oversold Bounce,^NDX,2022-04-08,2022-04-11,335.0,1500.0,2022-04-13,Time,1,Long,0.22333333333333333,3.6521501156081393,3.2759819537772707,57.53968253968254,off,2022-04-07,True,True,2022
SPY QQQ MonFri Reversion,QQQ,2022-04-08,2022-04-11,702.0,1500.0,2022-04-13,Time,1,Long,0.468,3.6521501156081393,3.2759819537772707,57.53968253968254,off,2022-04-07,True,True,2022
Indices Oversold Bounce,^GSPC,2022-04-11,2022-04-12,-120.0,1500.0,2022-04-14,Time,1,Long,-0.08,3.2560088780111998,2.8627450014994817,61.50793650793651,off,2022-04-08,True,True,2022
Indices Oversold Bounce,^NDX,2022-04-11,2022-04-12,-125.0,1500.0,2022-04-14,Time,1,Long,-0.08333333333333333,3.2560088780111998,2.8627450014994817,61.50793650793651,off,2022-04-08,True,True,2022
SPY QQQ MonFri Reversion,QQQ,2022-04-11,2022-04-12,-586.0,750.0,2022-04-14,Time,1,Long,-0.7813333333333333,3.2560088780111998,2.8627450014994817,61.50793650793651,off,2022-04-08,True,True,2022
SPY QQQ MonFri Reversion,SPY,2022-04-11,2022-04-12,-455.0,750.0,2022-04-14,Time,1,Long,-0.6066666666666667,3.2560088780111998,2.8627450014994817,61.50793650793651,off,2022-04-08,True,True,2022
Weak Close Decent Sznls,XLB,2022-04-11,2022-04-12,2826.0,3937.5,2022-04-14,Time,1,Long,0.7177142857142857,3.2560088780111998,2.8627450014994817,61.50793650793651,off,2022-04-08,True,True,2022
Weak Close Decent Sznls,XLU,2022-04-21,2022-04-22,-2649.0,2598.75,2022-04-25,Stop,1,Long,-1.0193362193362194,0.7381836626676246,0.5411851231999408,73.01587301587301,off,2022-04-20,True,True,2022
SPY QQQ MonFri Reversion,SPY,2022-04-22,2022-04-25,-2389.0,3937.5,2022-04-27,Time,1,Long,-0.6067301587301587,0.5272828018627962,0.37704603254837477,78.17460317460318,off,2022-04-21,True,True,2022
3x Bear ETF Overbot Fade,ERY,2022-04-26,2022-04-27,3136.0,2812.5,2022-04-29,Time,1,Short,1.1150222222222221,0.22101861636970127,0.15296380045533853,90.47619047619048,on,2022-04-25,True,True,2022
SPY QQQ MonFri Reversion,QQQ,2022-04-29,2022-05-02,7572.0,3937.5,2022-05-04,Time,1,Long,1.9230476190476191,0.023070174886944163,0.01596652280101605,99.20634920634922,on,2022-04-28,True,True,2022
SPY QQQ MonFri Reversion,SPY,2022-04-29,2022-05-02,7867.0,3937.5,2022-05-04,Target,1,Long,1.997968253968254,0.023070174886944163,0.01596652280101605,99.20634920634922,on,2022-04-28,True,True,2022
Indices Oversold Bounce,^GSPC,2022-05-09,2022-05-10,-1058.0,3937.5,2022-05-12,Time,1,Long,-0.2686984126984127,0.0,0.0,98.01587301587301,on,2022-05-06,True,True,2022
SPY QQQ MonFri Reversion,QQQ,2022-05-09,2022-05-10,-2434.0,1968.75,2022-05-12,Stop,1,Long,-1.2363174603174603,0.0,0.0,98.01587301587301,on,2022-05-06,True,True,2022
Indices Oversold Bounce,^NDX,2022-05-18,2022-05-19,1799.0,3937.5,2022-05-23,Time,1,Long,0.4568888888888889,0.0,0.0,100.0,on,2022-05-17,True,True,2022
Indices Oversold Bounce,^NDX,2022-06-09,2022-06-10,-7409.0,3937.5,2022-06-14,Time,1,Long,-1.8816507936507936,0.0,0.0,86.11111111111111,on,2022-06-08,True,True,2022
Indices Oversold Bounce,^GSPC,2022-06-10,2022-06-13,-826.0,1500.0,2022-06-15,Time,1,Long,-0.5506666666666666,0.0,0.0,86.5079365079365,on,2022-06-09,True,True,2022
Indices Oversold Bounce,^NDX,2022-06-10,2022-06-13,509.0,1500.0,2022-06-15,Time,1,Long,0.3393333333333333,0.0,0.0,86.5079365079365,on,2022-06-09,True,True,2022
SPY QQQ MonFri Reversion,QQQ,2022-06-10,2022-06-13,894.0,1500.0,2022-06-15,Time,1,Long,0.596,0.0,0.0,86.5079365079365,on,2022-06-09,True,True,2022
SPY QQQ MonFri Reversion,SPY,2022-06-10,2022-06-13,262.0,1500.0,2022-06-15,Time,1,Long,0.17466666666666666,0.0,0.0,86.5079365079365,on,2022-06-09,True,True,2022
SPY QQQ MonFri Reversion,QQQ,2022-06-13,2022-06-14,-1651.0,3937.5,2022-06-16,Time,1,Long,-0.4193015873015873,0.0,0.0,90.07936507936508,on,2022-06-10,True,True,2022
3x Bear ETF Overbot Fade,ERY,2022-06-16,2022-06-17,-1886.0,2812.5,2022-06-22,Time,1,Short,-0.6705777777777778,0.0,0.0,97.61904761904762,on,2022-06-15,True,True,2022
Indices Oversold Bounce,^GSPC,2022-06-28,2022-06-30,1574.0,3937.5,2022-07-01,Time,1,Long,0.39974603174603174,0.0,0.0,90.07936507936508,on,2022-06-27,True,True,2022
Indices Oversold Bounce,^NDX,2022-06-28,2022-06-29,389.0,3937.5,2022-07-01,Time,1,Long,0.0987936507936508,0.0,0.0,90.07936507936508,on,2022-06-27,True,True,2022
Weak Close Decent Sznls,XBI,2022-07-18,2022-07-19,4460.0,3937.5,2022-07-21,Time,1,Long,1.1326984126984128,0.0,0.0,81.74603174603175,off,2022-07-15,True,True,2022
Weak Close Decent Sznls,IBB,2022-07-22,2022-07-25,3554.0,5906.25,2022-07-27,Time,1,Long,0.6017354497354498,0.0,0.0,78.57142857142857,off,2022-07-21,True,True,2022
Indices Oversold Bounce,^GSPC,2022-09-13,2022-09-14,-1927.0,3937.5,2022-09-16,Time,1,Long,-0.4893968253968254,0.5692807393274234,1.078908198098521,94.04761904761905,on,2022-09-12,True,True,2022
Indices Oversold Bounce,^NDX,2022-09-13,2022-09-15,-1139.0,3937.5,2022-09-16,Time,1,Long,-0.2892698412698413,0.5692807393274234,1.078908198098521,94.04761904761905,on,2022-09-12,True,True,2022
SPY QQQ MonFri Reversion,QQQ,2022-09-26,2022-09-27,-1985.0,1968.75,2022-09-29,Stop,1,Long,-1.0082539682539682,0.24583549525164722,0.4659094825413496,97.61904761904762,on,2022-09-23,True,True,2022
SPY QQQ MonFri Reversion,SPY,2022-10-07,2022-10-10,-2131.0,3937.5,2022-10-12,Time,1,Long,-0.5412063492063492,0.002590002275910109,0.004908394342781766,98.4126984126984,on,2022-10-06,True,True,2022
Indices Oversold Bounce,^NDX,2022-11-01,2022-11-02,-3829.0,3937.5,2022-11-04,Time,1,Long,-0.9724444444444444,0.020189194676001294,0.03826198507667275,68.25396825396825,off,2022-10-31,True,True,2022
Indices Oversold Bounce,^GSPC,2022-11-02,2022-11-03,3457.0,3937.5,2022-11-07,Time,1,Long,0.877968253968254,0.024253541992174464,0.04596470945014179,66.66666666666666,off,2022-11-01,True,True,2022
Indices Oversold Bounce,^NDX,2022-11-02,2022-11-03,2491.0,3937.5,2022-11-07,Time,1,Long,0.6326349206349207,0.024253541992174464,0.04596470945014179,66.66666666666666,off,2022-11-01,True,True,2022
SPY QQQ MonFri Reversion,SPY,2022-11-14,2022-11-15,-2202.0,1968.75,2022-11-17,Stop,1,Long,-1.1184761904761904,0.026159318990627435,0.04957710760287707,97.61904761904762,on,2022-11-11,True,True,2022
Indices Oversold Bounce,^GSPC,2022-11-28,2022-11-29,2961.0,1500.0,2022-11-30,Target,1,Long,1.974,0.0314923694054942,0.05968474006699892,96.03174603174604,on,2022-11-25,True,True,2022
Monday Dip,DIA,2022-11-28,2022-11-29,6742.0,3375.0,2022-11-30,Target,1,Long,1.9976296296296296,0.0314923694054942,0.05968474006699892,96.03174603174604,on,2022-11-25,True,True,2022
SPY QQQ MonFri Reversion,SPY,2022-11-28,2022-11-29,2997.0,1500.0,2022-11-30,Target,1,Long,1.998,0.0314923694054942,0.05968474006699892,96.03174603174604,on,2022-11-25,True,True,2022
Weak Close Decent Sznls,DIA,2022-11-28,2022-11-29,5197.0,2598.75,2022-11-30,Target,1,Long,1.9998075998075997,0.0314923694054942,0.05968474006699892,96.03174603174604,on,2022-11-25,True,True,2022
Weak Close Decent Sznls,IBB,2022-11-28,2022-11-29,4766.0,2598.75,2022-12-01,Time,1,Long,1.833958633958634,0.0314923694054942,0.05968474006699892,96.03174603174604,on,2022-11-25,True,True,2022
Weak Close Decent Sznls,SPY,2022-11-28,2022-11-29,5191.0,2598.75,2022-11-30,Target,1,Long,1.9974987974987974,0.0314923694054942,0.05968474006699892,96.03174603174604,on,2022-11-25,True,True,2022
Weak Close Decent Sznls,XLU,2022-12-09,2022-12-12,11812.0,5906.25,2022-12-13,Target,1,Long,1.9999153439153439,0.000670032466961351,0.0012698544564060507,98.4126984126984,on,2022-12-08,True,True,2022
Indices Oversold Bounce,^NDX,2022-12-27,2022-12-28,2705.0,3937.5,2022-12-30,Time,1,Long,0.686984126984127,0.0,0.0,99.60317460317461,on,2022-12-23,True,True,2022
Weak Close Decent Sznls,ITB,2023-01-19,2023-01-20,11812.0,5906.25,2023-01-24,Target,1,Long,1.9999153439153439,2.5662169863469226,1.3013925589476698,79.76190476190477,off,2023-01-18,True,True,2023
Weak Close Decent Sznls,XHB,2023-01-19,2023-01-20,11810.0,5906.25,2023-01-24,Target,1,Long,1.9995767195767196,2.5662169863469226,1.3013925589476698,79.76190476190477,off,2023-01-18,True,True,2023
Weak Close Decent Sznls,IHI,2023-01-24,2023-01-25,5611.0,5906.25,2023-01-27,Time,1,Long,0.950010582010582,2.78408215095575,1.3948342121919184,59.92063492063492,off,2023-01-23,True,True,2023
Monday Dip,DIA,2023-01-30,2023-01-31,3129.0,3375.0,2023-02-02,Time,1,Long,0.9271111111111111,3.148700506199121,1.4923282549957995,62.301587301587304,off,2023-01-27,True,True,2023
Indices Oversold Bounce,^GSPC,2023-02-09,2023-02-10,4310.0,3937.5,2023-02-14,Time,1,Long,1.0946031746031746,5.081270980355645,2.3116431550510366,23.015873015873016,off,2023-02-08,True,True,2023
Weak Close Decent Sznls,XLK,2023-02-09,2023-02-10,1759.0,1327.7896995708154,2023-02-14,Time,1,Long,1.3247579797979798,5.081270980355645,2.3116431550510366,23.015873015873016,off,2023-02-08,True,True,2023
3x Bear ETF Overbot Fade,YANG,2023-02-21,2023-02-22,-5269.0,2812.5,2023-02-24,Time,1,Short,-1.8734222222222223,9.052304815072151,4.520554244061285,31.746031746031743,off,2023-02-17,True,True,2023
3x Bear ETF Overbot Fade,YANG,2023-02-22,2023-02-23,-4190.0,2812.5,2023-02-27,Time,1,Short,-1.4897777777777779,9.47075571570014,4.766057817698011,30.555555555555557,off,2023-02-21,True,True,2023
Monthly Weak Close,QQQ,2023-02-28,2023-03-01,6750.0,3375.0,2023-03-06,Target,1,Long,2.0,10.150427085806374,5.193233425980096,50.39682539682539,off,2023-02-27,True,True,2023
Monthly Weak Close,SPY,2023-02-28,2023-03-01,6740.0,3375.0,2023-03-06,Target,1,Long,1.997037037037037,10.150427085806374,5.193233425980096,50.39682539682539,off,2023-02-27,True,True,2023
Indices Oversold Bounce,^GSPC,2023-03-09,2023-03-10,1040.0,3937.5,2023-03-14,Time,1,Long,0.26412698412698415,7.748043895393501,4.004561328661294,74.20634920634922,off,2023-03-08,True,True,2023
Indices Oversold Bounce,^NDX,2023-03-09,2023-03-10,4641.0,3937.5,2023-03-14,Time,1,Long,1.1786666666666668,7.748043895393501,4.004561328661294,74.20634920634922,off,2023-03-08,True,True,2023
Indices Oversold Bounce,^NDX,2023-03-10,2023-03-13,7509.0,3937.5,2023-03-14,Target,1,Long,1.907047619047619,7.2568853451828925,3.745926582486683,75.39682539682539,off,2023-03-09,True,True,2023
Weak Close Decent Sznls,XLV,2023-04-18,2023-04-19,4653.0,5906.25,2023-04-21,Time,1,Long,0.7878095238095238,6.118822763339599,2.908163427354083,26.58730158730159,off,2023-04-17,True,True,2023
3x Bear ETF Overbot Fade,YANG,2023-04-25,2023-04-26,2621.0,2812.5,2023-04-28,Time,1,Short,0.9319111111111111,6.953716214136202,3.308164484267388,25.0,off,2023-04-24,True,True,2023
Indices Oversold Bounce,^GSPC,2023-04-25,2023-04-26,7874.0,3937.5,2023-04-27,Target,1,Long,1.9997460317460318,6.953716214136202,3.308164484267388,25.0,off,2023-04-24,True,True,2023
Weak Close Decent Sznls,DIA,2023-04-25,2023-04-26,7871.0,3937.5,2023-04-28,Target,1,Long,1.998984126984127,6.953716214136202,3.308164484267388,25.0,off,2023-04-24,True,True,2023
SPY QQQ MonFri Reversion,SPY,2023-05-01,2023-05-02,-4052.0,3937.5,2023-05-03,Stop,1,Long,-1.029079365079365,11.098715253649528,6.013379704502341,62.698412698412696,off,2023-04-28,True,True,2023
Indices Oversold Bounce,^GSPC,2023-05-23,2023-05-24,6959.0,3937.5,2023-05-26,Time,1,Long,1.7673650793650795,32.52120567516654,22.75057633731974,14.682539682539684,off,2023-05-22,True,True,2023
SPY QQQ MonFri Reversion,QQQ,2023-06-16,2023-06-20,1147.0,3937.5,2023-06-22,Time,1,Long,0.2913015873015873,44.68022498492998,32.21529504434989,0.7936507936507936,off,2023-06-15,True,True,2023
SPY QQQ MonFri Reversion,SPY,2023-06-16,2023-06-20,151.0,3937.5,2023-06-22,Time,1,Long,0.03834920634920635,44.68022498492998,32.21529504434989,0.7936507936507936,off,2023-06-15,True,True,2023
Indices Oversold Bounce,^NDX,2023-07-07,2023-07-10,2326.0,1500.0,2023-07-12,Time,1,Long,1.5506666666666666,54.59734142849563,42.26303542869106,7.5396825396825395,off,2023-07-06,True,True,2023
SPY QQQ MonFri Reversion,QQQ,2023-07-07,2023-07-10,2403.0,1500.0,2023-07-12,Time,1,Long,1.602,54.59734142849563,42.26303542869106,7.5396825396825395,off,2023-07-06,True,True,2023
Weak Close Decent Sznls,XLC,2023-07-20,2023-07-21,-1314.0,3937.5,2023-07-25,Time,1,Long,-0.33371428571428574,56.97520228853422,42.82541632326554,0.3968253968253968,off,2023-07-19,True,True,2023
SPY QQQ MonFri Reversion,QQQ,2023-07-21,2023-07-24,1682.0,3937.5,2023-07-26,Time,1,Long,0.42717460317460315,56.621071601668085,42.45352927528974,0.7936507936507936,off,2023-07-20,True,True,2023
SPY QQQ MonFri Reversion,SPY,2023-07-21,2023-07-24,1730.0,1968.75,2023-07-26,Time,1,Long,0.8787301587301587,56.621071601668085,42.45352927528974,0.7936507936507936,off,2023-07-20,True,True,2023
SPY QQQ MonFri Reversion,QQQ,2023-08-04,2023-08-07,-1558.0,1968.75,2023-08-09,Time,1,Long,-0.7913650793650794,71.52696647830324,44.10497569871817,17.46031746031746,off,2023-08-03,True,True,2023
Indices Oversold Bounce,^NDX,2023-08-09,2023-08-11,3511.0,3937.5,2023-08-14,Time,1,Long,0.8916825396825396,71.59839988967201,42.85623424635993,27.77777777777778,off,2023-08-08,True,True,2023
3x Bear ETF Overbot Fade,SQQQ,2023-09-26,2023-09-27,3175.0,2812.5,2023-09-29,Time,1,Short,1.1288888888888888,29.930495710606245,18.14624718727585,85.71428571428571,on,2023-09-25,True,True,2023
Indices Oversold Bounce,^NDX,2023-10-19,2023-10-20,383.0,3937.5,2023-10-24,Time,1,Long,0.09726984126984127,12.028145924428223,7.520978541549903,61.904761904761905,off,2023-10-18,True,True,2023
Indices Oversold Bounce,^GSPC,2023-10-20,2023-10-23,-555.0,1500.0,2023-10-25,Time,1,Long,-0.37,11.500564229405224,7.207402224527302,59.523809523809526,off,2023-10-19,True,True,2023
Indices Oversold Bounce,^NDX,2023-10-20,2023-10-23,-661.0,1500.0,2023-10-25,Time,1,Long,-0.44066666666666665,11.500564229405224,7.207402224527302,59.523809523809526,off,2023-10-19,True,True,2023
SPY QQQ MonFri Reversion,QQQ,2023-10-20,2023-10-23,-322.0,1500.0,2023-10-25,Time,1,Long,-0.21466666666666667,11.500564229405224,7.207402224527302,59.523809523809526,off,2023-10-19,True,True,2023
SPY QQQ MonFri Reversion,SPY,2023-10-20,2023-10-23,-137.0,1500.0,2023-10-25,Time,1,Long,-0.09133333333333334,11.500564229405224,7.207402224527302,59.523809523809526,off,2023-10-19,True,True,2023
Indices Oversold Bounce,^GSPC,2023-10-25,2023-10-26,-303.0,3937.5,2023-10-30,Time,1,Long,-0.07695238095238095,9.49046537367714,5.988700082527656,54.36507936507936,off,2023-10-24,True,True,2023
Indices Oversold Bounce,^NDX,2023-10-25,2023-10-26,322.0,3937.5,2023-10-30,Time,1,Long,0.08177777777777778,9.49046537367714,5.988700082527656,54.36507936507936,off,2023-10-24,True,True,2023
Weak Close Decent Sznls,SPY,2023-11-29,2023-11-30,2285.0,3937.5,2023-12-04,Time,1,Long,0.5803174603174603,0.0402061820636203,0.021133141033940143,54.761904761904766,off,2023-11-28,True,True,2023
Weak Close Decent Sznls,DIA,2023-12-20,2023-12-21,1873.0,1608.0617495711836,2023-12-26,Time,1,Long,1.1647562666666667,6.733122982077004,5.300542729226306,27.77777777777778,off,2023-12-19,True,True,2023
Weak Close Decent Sznls,ITA,2023-12-20,2023-12-21,1536.0,1608.0617495711836,2023-12-26,Time,1,Long,0.9551872,6.733122982077004,5.300542729226306,27.77777777777778,off,2023-12-19,True,True,2023
Weak Close Decent Sznls,QQQ,2023-12-20,2023-12-21,1654.0,1608.0617495711836,2023-12-26,Time,1,Long,1.0285674666666667,6.733122982077004,5.300542729226306,27.77777777777778,off,2023-12-19,True,True,2023
Weak Close Decent Sznls,SMH,2023-12-20,2023-12-21,2100.0,1608.0617495711836,2023-12-26,Time,1,Long,1.30592,6.733122982077004,5.300542729226306,27.77777777777778,off,2023-12-19,True,True,2023
Weak Close Decent Sznls,SPY,2023-12-20,2023-12-21,2038.0,1608.0617495711836,2023-12-26,Time,1,Long,1.2673642666666667,6.733122982077004,5.300542729226306,27.77777777777778,off,2023-12-19,True,True,2023
Weak Close Decent Sznls,XLF,2023-12-20,2023-12-21,2097.0,1608.0617495711836,2023-12-26,Time,1,Long,1.3040544,6.733122982077004,5.300542729226306,27.77777777777778,off,2023-12-19,True,True,2023
Weak Close Decent Sznls,XLI,2023-12-20,2023-12-21,2701.0,1608.0617495711836,2023-12-26,Time,1,Long,1.6796618666666667,6.733122982077004,5.300542729226306,27.77777777777778,off,2023-12-19,True,True,2023
Weak Close Decent Sznls,XLK,2023-12-20,2023-12-21,1213.0,1608.0617495711836,2023-12-26,Time,1,Long,0.7543242666666666,6.733122982077004,5.300542729226306,27.77777777777778,off,2023-12-19,True,True,2023
Indices Oversold Bounce,^NDX,2024-01-03,2024-01-04,7791.0,3937.5,2024-01-08,Target,1,Long,1.9786666666666666,42.9935615130697,32.336790447214426,32.53968253968254,off,2024-01-02,True,True,2024
SPY QQQ MonFri Reversion,QQQ,2024-02-16,2024-02-20,-4026.0,3937.5,2024-02-21,Stop,1,Long,-1.0224761904761905,44.79188290475087,37.27505623749467,20.634920634920633,off,2024-02-15,True,True,2024
SPY QQQ MonFri Reversion,QQQ,2024-02-26,2024-02-27,1910.0,3937.5,2024-02-29,Time,1,Long,0.48507936507936505,44.00644133463306,36.66864575015194,17.46031746031746,off,2024-02-23,True,True,2024
SPY QQQ MonFri Reversion,SPY,2024-02-26,2024-02-27,2174.0,3937.5,2024-02-29,Time,1,Long,0.5521269841269841,44.00644133463306,36.66864575015194,17.46031746031746,off,2024-02-23,True,True,2024
SPY QQQ MonFri Reversion,QQQ,2024-03-04,2024-03-05,4151.0,3937.5,2024-03-07,Time,1,Long,1.0542222222222222,43.68374078045474,36.42459809667046,24.206349206349206,off,2024-03-01,True,True,2024
SPY QQQ MonFri Reversion,SPY,2024-03-04,2024-03-05,4845.0,3937.5,2024-03-07,Time,1,Long,1.2304761904761905,43.68374078045474,36.42459809667046,24.206349206349206,off,2024-03-01,True,True,2024
SPY QQQ MonFri Reversion,QQQ,2024-03-08,2024-03-11,2677.0,3937.5,2024-03-13,Time,1,Long,0.6798730158730159,43.89197895722635,36.55288279436682,36.904761904761905,off,2024-03-07,True,True,2024
SPY QQQ MonFri Reversion,SPY,2024-03-08,2024-03-11,5445.0,3937.5,2024-03-13,Time,1,Long,1.3828571428571428,43.89197895722635,36.55288279436682,36.904761904761905,off,2024-03-07,True,True,2024
Weak Close Decent Sznls,XLK,2024-03-08,2024-03-11,3549.0,3937.5,2024-03-13,Time,1,Long,0.9013333333333333,43.89197895722635,36.55288279436682,36.904761904761905,off,2024-03-07,True,True,2024
Monday Dip,SMH,2024-03-18,2024-03-19,6747.0,3375.0,2024-03-21,Target,1,Long,1.999111111111111,45.31264346288338,37.423868484066176,40.87301587301587,off,2024-03-15,True,True,2024
SPY QQQ MonFri Reversion,QQQ,2024-03-18,2024-03-19,7865.0,3937.5,2024-03-21,Target,1,Long,1.9974603174603174,45.31264346288338,37.423868484066176,40.87301587301587,off,2024-03-15,True,True,2024
Weak Close Decent Sznls,SMH,2024-03-18,2024-03-19,11811.0,5906.25,2024-03-21,Target,1,Long,1.9997460317460318,45.31264346288338,37.423868484066176,40.87301587301587,off,2024-03-15,True,True,2024
Monday Dip,DIA,2024-03-25,2024-03-26,5089.0,3375.0,2024-03-28,Time,1,Long,1.5078518518518518,53.44601318247644,41.527811545482564,38.88888888888889,off,2024-03-22,True,True,2024
Monday Dip,IWM,2024-03-25,2024-03-26,2191.0,1687.5,2024-03-28,Time,1,Long,1.2983703703703704,53.44601318247644,41.527811545482564,38.88888888888889,off,2024-03-22,True,True,2024
SPY QQQ MonFri Reversion,SPY,2024-03-25,2024-03-26,1280.0,1968.75,2024-03-28,Time,1,Long,0.6501587301587302,53.44601318247644,41.527811545482564,38.88888888888889,off,2024-03-22,True,True,2024
Monday Dip,IWM,2024-04-01,2024-04-02,-1293.0,3375.0,2024-04-04,Time,1,Long,-0.3831111111111111,71.22228808416504,48.12193707565721,38.88888888888889,off,2024-03-28,True,True,2024
3x Bear ETF Overbot Fade,FAZ,2024-04-12,2024-04-15,-1051.0,703.125,2024-04-17,Time,1,Short,-1.4947555555555556,87.24500301291845,51.88651188102146,49.60317460317461,off,2024-04-11,True,True,2024
Weak Close Decent Sznls,XLE,2024-04-12,2024-04-15,-1505.0,1476.5625,2024-04-16,Stop,1,Long,-1.0192592592592593,87.24500301291845,51.88651188102146,49.60317460317461,off,2024-04-11,True,True,2024
3x Bear ETF Overbot Fade,FAZ,2024-04-15,2024-04-16,108.0,421.875,2024-04-18,Time,1,Short,0.256,85.47751380763694,50.787009618442866,55.952380952380956,off,2024-04-12,True,True,2024
3x Bear ETF Overbot Fade,SPXS,2024-04-15,2024-04-16,-251.0,421.875,2024-04-18,Time,1,Short,-0.5949629629629629,85.47751380763694,50.787009618442866,55.952380952380956,off,2024-04-12,True,True,2024
Indices Oversold Bounce,^GSPC,2024-04-15,2024-04-16,-217.0,375.0,2024-04-18,Time,1,Long,-0.5786666666666667,85.47751380763694,50.787009618442866,55.952380952380956,off,2024-04-12,True,True,2024
Indices Oversold Bounce,^NDX,2024-04-15,2024-04-17,-741.0,984.375,2024-04-18,Time,1,Long,-0.7527619047619047,85.47751380763694,50.787009618442866,55.952380952380956,off,2024-04-12,True,True,2024
Monday Dip,DIA,2024-04-15,2024-04-16,-79.0,421.875,2024-04-18,Time,1,Long,-0.18725925925925926,85.47751380763694,50.787009618442866,55.952380952380956,off,2024-04-12,True,True,2024
SPY QQQ MonFri Reversion,SPY,2024-04-15,2024-04-16,-243.0,375.0,2024-04-18,Time,1,Long,-0.648,85.47751380763694,50.787009618442866,55.952380952380956,off,2024-04-12,True,True,2024
3x Bear ETF Overbot Fade,FAZ,2024-04-16,2024-04-17,3303.0,1968.7499999999998,2024-04-19,Time,1,Short,1.677714285714286,83.09649730814816,49.293478989420315,55.158730158730165,off,2024-04-15,True,True,2024
3x Bear ETF Overbot Fade,LABD,2024-04-16,2024-04-17,-2666.0,1968.7499999999995,2024-04-19,Time,1,Short,-1.3541587301587306,83.09649730814816,49.293478989420315,55.158730158730165,off,2024-04-15,True,True,2024
3x Bear ETF Overbot Fade,SPXS,2024-04-16,2024-04-17,-3003.0,1968.7499999999995,2024-04-19,Time,1,Short,-1.5253333333333337,83.09649730814816,49.293478989420315,55.158730158730165,off,2024-04-15,True,True,2024
3x Bear ETF Overbot Fade,TECS,2024-04-16,2024-04-17,-6043.0,1968.7499999999998,2024-04-19,Time,1,Short,-3.069460317460318,83.09649730814816,49.293478989420315,55.158730158730165,off,2024-04-15,True,True,2024
3x Bear ETF Overbot Fade,SQQQ,2024-04-17,2024-04-18,-1918.0,2531.25,2024-04-22,Time,1,Short,-0.7577283950617284,80.1734181419204,47.44507405301813,57.14285714285714,off,2024-04-16,True,True,2024
3x Bear ETF Overbot Fade,TECS,2024-04-17,2024-04-18,-2552.0,2531.25,2024-04-22,Time,1,Short,-1.0081975308641975,80.1734181419204,47.44507405301813,57.14285714285714,off,2024-04-16,True,True,2024
Indices Oversold Bounce,^NDX,2024-04-17,2024-04-18,-3005.0,3937.5,2024-04-22,Time,1,Long,-0.7631746031746032,80.1734181419204,47.44507405301813,57.14285714285714,off,2024-04-16,True,True,2024
3x Bear ETF Overbot Fade,SPXS,2024-04-18,2024-04-19,3445.0,2250.0,2024-04-23,Time,1,Short,1.531111111111111,76.71834352616523,45.27871630322234,62.301587301587304,off,2024-04-17,True,True,2024
3x Bear ETF Overbot Fade,SQQQ,2024-04-18,2024-04-19,2374.0,2250.0,2024-04-23,Time,1,Short,1.055111111111111,76.71834352616523,45.27871630322234,62.301587301587304,off,2024-04-17,True,True,2024
3x Bear ETF Overbot Fade,TECS,2024-04-18,2024-04-19,2071.0,2250.0,2024-04-23,Time,1,Short,0.9204444444444444,76.71834352616523,45.27871630322234,62.301587301587304,off,2024-04-17,True,True,2024
Indices Oversold Bounce,^NDX,2024-04-18,2024-04-19,1920.0,3937.5,2024-04-23,Time,1,Long,0.4876190476190476,76.71834352616523,45.27871630322234,62.301587301587304,off,2024-04-17,True,True,2024
3x Bear ETF Overbot Fade,SQQQ,2024-04-19,2024-04-22,4310.0,2250.0,2024-04-24,Time,1,Short,1.9155555555555555,72.74015344463301,42.814025411461316,63.49206349206349,off,2024-04-18,True,True,2024
3x Bear ETF Overbot Fade,TECS,2024-04-19,2024-04-22,3889.0,2250.0,2024-04-24,Time,1,Short,1.7284444444444444,72.74015344463301,42.814025411461316,63.49206349206349,off,2024-04-18,True,True,2024
3x Bear ETF Overbot Fade,TECS,2024-05-01,2024-05-02,7920.0,2812.5,2024-05-06,Time,1,Short,2.816,46.18161324420058,26.79923808502587,55.55555555555556,off,2024-04-30,True,True,2024
Monday Dip,IWM,2024-05-13,2024-05-14,860.0,1687.5,2024-05-16,Time,1,Long,0.5096296296296297,47.77627429470654,27.191579547444945,49.60317460317461,off,2024-05-10,True,True,2024
Weak Close Decent Sznls,XLU,2024-05-22,2024-05-23,-6058.0,5906.25,2024-05-24,Stop,1,Long,-1.0256931216931218,50.76085390272119,28.620627088788012,14.682539682539684,off,2024-05-21,True,True,2024
Weak Close Decent Sznls,ITA,2024-05-23,2024-05-24,-4069.0,3937.5,2024-05-29,Stop,1,Long,-1.0333968253968253,49.82816493420641,28.049629039179013,10.714285714285714,off,2024-05-22,True,True,2024
Weak Close Decent Sznls,SPY,2024-05-23,2024-05-24,-1321.0,5906.25,2024-05-29,Time,1,Long,-0.22366137566137567,49.82816493420641,28.049629039179013,10.714285714285714,off,2024-05-22,True,True,2024
Weak Close Decent Sznls,XLV,2024-05-23,2024-05-24,-6135.0,5906.25,2024-05-28,Stop,1,Long,-1.0387301587301587,49.82816493420641,28.049629039179013,10.714285714285714,off,2024-05-22,True,True,2024
Monday Dip,SMH,2024-06-24,2024-06-25,506.0,1687.5,2024-06-27,Time,1,Long,0.29985185185185187,27.78622844289789,13.053730777830712,23.809523809523807,off,2024-06-21,True,True,2024
SPY QQQ MonFri Reversion,SPY,2024-06-24,2024-06-25,1578.0,1968.75,2024-06-27,Time,1,Long,0.8015238095238095,27.78622844289789,13.053730777830712,23.809523809523807,off,2024-06-21,True,True,2024
Weak Close Decent Sznls,QQQ,2024-06-28,2024-07-01,11803.0,5906.25,2024-07-03,Target,1,Long,1.9983915343915344,33.68653906910891,12.752997131422276,36.904761904761905,off,2024-06-27,True,True,2024
3x Bear ETF Overbot Fade,SOXS,2024-07-18,2024-07-19,1414.0,2531.25,2024-07-23,Time,1,Short,0.5586172839506173,74.17881090339796,41.48204755779579,3.571428571428571,off,2024-07-17,True,True,2024
3x Bear ETF Overbot Fade,TECS,2024-07-18,2024-07-19,2683.0,2531.25,2024-07-23,Time,1,Short,1.0599506172839506,74.17881090339796,41.48204755779579,3.571428571428571,off,2024-07-17,True,True,2024
3x Bear ETF Overbot Fade,SOXS,2024-07-24,2024-07-25,1950.0,2812.5,2024-07-29,Time,1,Short,0.6933333333333334,73.40091145732205,44.51598459139553,5.555555555555555,off,2024-07-23,True,True,2024
Indices Oversold Bounce,^GSPC,2024-07-24,2024-07-25,3385.0,3937.5,2024-07-29,Time,1,Long,0.8596825396825397,73.40091145732205,44.51598459139553,5.555555555555555,off,2024-07-23,True,True,2024
Indices Oversold Bounce,^NDX,2024-07-24,2024-07-25,1301.0,3937.5,2024-07-29,Time,1,Long,0.33041269841269844,73.40091145732205,44.51598459139553,5.555555555555555,off,2024-07-23,True,True,2024
Weak Close Decent Sznls,IYR,2024-07-24,2024-07-25,6825.0,5906.25,2024-07-29,Time,1,Long,1.1555555555555554,73.40091145732205,44.51598459139553,5.555555555555555,off,2024-07-23,True,True,2024
Weak Close Decent Sznls,VNQ,2024-07-24,2024-07-25,5282.0,3937.5,2024-07-29,Time,1,Long,1.3414603174603175,73.40091145732205,44.51598459139553,5.555555555555555,off,2024-07-23,True,True,2024
Weak Close Decent Sznls,XLY,2024-08-29,2024-08-30,249.0,984.375,2024-09-04,Time,1,Long,0.25295238095238093,80.10928151630849,58.714212680686614,9.920634920634921,off,2024-08-28,True,True,2024
Monday Dip,IWM,2024-10-21,2024-10-22,-860.0,843.75,2024-10-23,Stop,1,Long,-1.0192592592592593,99.96177415375918,64.35335417081872,2.380952380952381,off,2024-10-18,True,True,2024
SPY QQQ MonFri Reversion,QQQ,2024-10-28,2024-10-29,-1008.0,984.375,2024-10-31,Stop,1,Long,-1.024,94.7865100154693,61.540415084526764,9.126984126984127,off,2024-10-25,True,True,2024
SPY QQQ MonFri Reversion,SPY,2024-10-28,2024-10-29,-1019.0,984.375,2024-10-31,Stop,1,Long,-1.0351746031746032,94.7865100154693,61.540415084526764,9.126984126984127,off,2024-10-25,True,True,2024
3x Bear ETF Overbot Fade,DRV,2024-10-31,2024-11-01,724.0,632.8125,2024-11-05,Time,1,Short,1.1440987654320989,87.5800607131046,58.5642361944728,14.682539682539684,off,2024-10-30,True,True,2024
Weak Close Decent Sznls,KRE,2024-10-31,2024-11-01,-1494.0,1476.5625,2024-11-04,Stop,1,Long,-1.0118095238095237,87.5800607131046,58.5642361944728,14.682539682539684,off,2024-10-30,True,True,2024
SPY QQQ MonFri Reversion,SPY,2024-11-01,2024-11-04,1959.0,984.375,2024-11-06,Target,1,Long,1.9900952380952381,84.82380514500362,58.12174801109457,11.507936507936508,off,2024-10-31,True,True,2024
3x Bear ETF Overbot Fade,YANG,2024-11-25,2024-11-26,1031.0,703.125,2024-11-29,Time,1,Short,1.4663111111111111,62.26003848393729,63.771277931642544,7.5396825396825395,off,2024-11-22,True,True,2024
Weak Close Decent Sznls,XLI,2024-12-02,2024-12-03,-1517.0,1476.5625,2024-12-05,Stop,1,Long,-1.0273862433862433,54.42497204378192,58.80518318325852,3.1746031746031744,off,2024-11-29,True,True,2024
Weak Close Decent Sznls,XLF,2024-12-03,2024-12-04,369.0,1476.5625,2024-12-06,Time,1,Long,0.2499047619047619,53.07616193554317,58.153717159118415,5.158730158730158,off,2024-12-02,True,True,2024
Weak Close Decent Sznls,IWM,2024-12-05,2024-12-06,-915.0,1476.5625,2024-12-10,Time,1,Long,-0.6196825396825397,50.90753129415489,57.42325996488317,0.3968253968253968,off,2024-12-04,True,True,2024
Weak Close Decent Sznls,DIA,2024-12-06,2024-12-09,-1526.0,1476.5625,2024-12-11,Stop,1,Long,-1.0334814814814814,49.90077806109819,57.260169453820275,0.3968253968253968,off,2024-12-05,True,True,2024
Weak Close Decent Sznls,XLP,2024-12-06,2024-12-09,-396.0,984.375,2024-12-11,Time,1,Long,-0.4022857142857143,49.90077806109819,57.260169453820275,0.3968253968253968,off,2024-12-05,True,True,2024
Monday Dip,DIA,2024-12-09,2024-12-10,-676.0,843.75,2024-12-12,Time,1,Long,-0.8011851851851852,48.86802257376761,56.98906083031685,0.7936507936507936,off,2024-12-06,True,True,2024
Monday Dip,IWM,2024-12-09,2024-12-10,-498.0,843.75,2024-12-12,Time,1,Long,-0.5902222222222222,48.86802257376761,56.98906083031685,0.7936507936507936,off,2024-12-06,True,True,2024
Weak Close Decent Sznls,XLC,2024-12-13,2024-12-16,-1011.0,984.375,2024-12-18,Stop,1,Long,-1.027047619047619,45.903857449698414,56.233636954943655,13.492063492063492,off,2024-12-12,True,True,2024
3x Bear ETF Overbot Fade,FAZ,2024-12-18,2024-12-19,884.0,632.8125,2024-12-23,Time,1,Short,1.3969382716049383,44.6432383343526,55.84463155379933,2.380952380952381,off,2024-12-17,True,True,2024
3x Bear ETF Overbot Fade,TZA,2024-12-18,2024-12-19,-112.0,632.8125,2024-12-23,Time,1,Short,-0.17698765432098765,44.6432383343526,55.84463155379933,2.380952380952381,off,2024-12-17,True,True,2024
Indices Oversold Bounce,^GSPC,2024-12-18,2024-12-20,1881.0,984.375,2024-12-23,Target,1,Long,1.9108571428571428,44.6432383343526,55.84463155379933,2.380952380952381,off,2024-12-17,True,True,2024
Indices Oversold Bounce,^NDX,2024-12-18,2024-12-19,1094.0,984.375,2024-12-23,Time,1,Long,1.1113650793650793,44.6432383343526,55.84463155379933,2.380952380952381,off,2024-12-17,True,True,2024
Indices Oversold Bounce,^NDX,2024-12-19,2024-12-20,1745.0,984.375,2024-12-24,Target,1,Long,1.7726984126984127,43.87318312693945,55.16433396717538,1.1904761904761905,off,2024-12-18,True,True,2024
Indices Oversold Bounce,^NDX,2024-12-31,2025-01-02,7419.0,3937.5,2025-01-06,Target,1,Long,1.8841904761904762,34.16269762070952,46.500372062001915,5.158730158730158,off,2024-12-30,True,True,2024
Monthly Weak Close,QQQ,2024-12-31,2025-01-02,6735.0,3375.0,2025-01-06,Target,1,Long,1.9955555555555555,34.16269762070952,46.500372062001915,5.158730158730158,off,2024-12-30,True,True,2024
SPY QQQ MonFri Reversion,QQQ,2025-01-31,2025-02-03,6860.0,3937.5,2025-02-05,Time,1,Long,1.7422222222222221,23.388386026447467,32.61015640454191,28.57142857142857,off,2025-01-30,True,True,2025
SPY QQQ MonFri Reversion,SPY,2025-01-31,2025-02-03,7609.0,3937.5,2025-02-05,Time,1,Long,1.9324444444444444,23.388386026447467,32.61015640454191,28.57142857142857,off,2025-01-30,True,True,2025
Weak Close Decent Sznls,SPY,2025-01-31,2025-02-03,5020.0,2598.75,2025-02-05,Time,1,Long,1.9316979316979317,23.388386026447467,32.61015640454191,28.57142857142857,off,2025-01-30,True,True,2025
Weak Close Decent Sznls,IHI,2025-02-06,2025-02-07,419.0,2598.75,2025-02-11,Time,1,Long,0.16123136123136123,25.46802810691134,32.636441219000325,8.333333333333332,off,2025-02-05,True,True,2025
Weak Close Decent Sznls,DIA,2025-02-07,2025-02-10,-944.0,3937.5,2025-02-12,Time,1,Long,-0.23974603174603173,26.42551343517505,32.947383470113,11.11111111111111,off,2025-02-06,True,True,2025
SPY QQQ MonFri Reversion,QQQ,2025-02-21,2025-02-24,-536.0,492.1875,2025-02-25,Stop,1,Long,-1.089015873015873,46.79316357484758,51.00962009243996,33.33333333333333,off,2025-02-20,True,True,2025
SPY QQQ MonFri Reversion,SPY,2025-02-21,2025-02-24,-507.0,492.1875,2025-02-25,Stop,1,Long,-1.0300952380952382,46.79316357484758,51.00962009243996,33.33333333333333,off,2025-02-20,True,True,2025
SPY QQQ MonFri Reversion,QQQ,2025-02-24,2025-02-25,-1005.0,984.375,2025-02-27,Stop,1,Long,-1.020952380952381,49.84043743816833,53.101607679851824,36.507936507936506,off,2025-02-21,True,True,2025
SPY QQQ MonFri Reversion,SPY,2025-02-24,2025-02-25,-1012.0,984.375,2025-02-27,Stop,1,Long,-1.0280634920634921,49.84043743816833,53.101607679851824,36.507936507936506,off,2025-02-21,True,True,2025
Indices Oversold Bounce,^GSPC,2025-02-27,2025-02-28,1952.0,984.375,2025-03-03,Target,1,Long,1.982984126984127,56.00144950058476,56.08808465502308,47.61904761904761,off,2025-02-26,True,True,2025
3x Bear ETF Overbot Fade,FAZ,2025-03-04,2025-03-05,-438.0,703.125,2025-03-07,Time,1,Short,-0.6229333333333333,56.04130827054986,52.88267836222589,56.34920634920635,off,2025-03-03,True,True,2025
3x Bear ETF Overbot Fade,FAZ,2025-03-06,2025-03-07,-4339.0,2812.5,2025-03-11,Time,1,Short,-1.5427555555555557,51.120587100056994,47.83562652664138,57.14285714285714,off,2025-03-05,True,True,2025
3x Bear ETF Overbot Fade,FAZ,2025-03-07,2025-03-10,-721.0,2812.5,2025-03-12,Time,1,Short,-0.25635555555555556,47.529526482948945,44.82516704754701,61.111111111111114,off,2025-03-06,True,True,2025
3x Bear ETF Overbot Fade,FAZ,2025-03-11,2025-03-12,2704.0,2812.5,2025-03-14,Time,1,Short,0.9614222222222222,40.56381238589971,38.946811320918904,59.92063492063492,off,2025-03-10,True,True,2025
SPY QQQ MonFri Reversion,QQQ,2025-03-28,2025-03-31,7863.0,3937.5,2025-04-02,Target,1,Long,1.996952380952381,17.09533411379791,16.994843203208923,53.57142857142857,off,2025-03-27,True,True,2025
SPY QQQ MonFri Reversion,SPY,2025-03-28,2025-03-31,7861.0,3937.5,2025-04-02,Target,1,Long,1.9964444444444445,17.09533411379791,16.994843203208923,53.57142857142857,off,2025-03-27,True,True,2025
3x Bear ETF Overbot Fade,YANG,2025-04-04,2025-04-07,11392.0,2812.5,2025-04-09,Time,1,Short,4.050488888888889,14.60636954364974,14.6637326380036,77.77777777777779,off,2025-04-03,True,True,2025
SPY QQQ MonFri Reversion,QQQ,2025-04-04,2025-04-07,7858.0,3937.5,2025-04-08,Target,1,Long,1.9956825396825397,14.60636954364974,14.6637326380036,77.77777777777779,off,2025-04-03,True,True,2025
SPY QQQ MonFri Reversion,SPY,2025-04-04,2025-04-07,7874.0,3937.5,2025-04-08,Target,1,Long,1.9997460317460318,14.60636954364974,14.6637326380036,77.77777777777779,off,2025-04-03,True,True,2025
Indices Oversold Bounce,^GSPC,2025-05-21,2025-05-23,7262.0,3937.5,2025-05-27,Time,1,Long,1.8443174603174604,3.6457607910017047,3.4127501428806193,1.5873015873015872,off,2025-05-20,True,True,2025
Weak Close Decent Sznls,IBB,2025-06-17,2025-06-18,402.0,5906.25,2025-06-23,Time,1,Long,0.06806349206349206,13.593523790670218,3.801776022655326,34.523809523809526,off,2025-06-16,True,True,2025
Weak Close Decent Sznls,XBI,2025-06-17,2025-06-18,1370.0,5906.25,2025-06-23,Time,1,Long,0.23195767195767195,13.593523790670218,3.801776022655326,34.523809523809526,off,2025-06-16,True,True,2025
Weak Close Decent Sznls,XLC,2025-06-18,2025-06-20,-6049.0,5906.25,2025-06-23,Stop,1,Long,-1.024169312169312,15.413178405538654,4.348859981640979,45.23809523809524,off,2025-06-17,True,True,2025
Weak Close Decent Sznls,DIA,2025-07-15,2025-07-16,1832.0,2812.5,2025-07-18,Time,1,Long,0.6513777777777778,19.579263928738598,5.50896648366338,10.317460317460316,off,2025-07-14,True,True,2025
Weak Close Decent Sznls,IWM,2025-07-15,2025-07-16,2456.0,2812.5,2025-07-18,Time,1,Long,0.8732444444444445,19.579263928738598,5.50896648366338,10.317460317460316,off,2025-07-14,True,True,2025
Weak Close Decent Sznls,SPY,2025-07-15,2025-07-16,2070.0,1875.0,2025-07-18,Time,1,Long,1.104,19.579263928738598,5.50896648366338,10.317460317460316,off,2025-07-14,True,True,2025
Weak Close Decent Sznls,XHB,2025-07-15,2025-07-16,1167.0,2812.5,2025-07-18,Time,1,Long,0.4149333333333333,19.579263928738598,5.50896648366338,10.317460317460316,off,2025-07-14,True,True,2025
Weak Close Decent Sznls,XLB,2025-07-15,2025-07-16,2925.0,2812.5,2025-07-18,Time,1,Long,1.04,19.579263928738598,5.50896648366338,10.317460317460316,off,2025-07-14,True,True,2025
Weak Close Decent Sznls,XRT,2025-07-15,2025-07-16,983.0,2812.5,2025-07-18,Time,1,Long,0.3495111111111111,19.579263928738598,5.50896648366338,10.317460317460316,off,2025-07-14,True,True,2025
Weak Close Decent Sznls,IBB,2025-07-18,2025-07-21,7870.0,3937.5,2025-07-23,Target,1,Long,1.9987301587301587,18.175222897225666,5.112489225236435,32.93650793650794,off,2025-07-17,True,True,2025
Monday Dip,IWM,2025-07-21,2025-07-22,2635.0,3375.0,2025-07-24,Time,1,Long,0.7807407407407407,17.69204685625278,4.976062056281966,32.93650793650794,off,2025-07-18,True,True,2025
Monday Dip,SMH,2025-07-21,2025-07-22,-3429.0,3375.0,2025-07-23,Stop,1,Long,-1.016,17.69204685625278,4.976062056281966,32.93650793650794,off,2025-07-18,True,True,2025
SPY QQQ MonFri Reversion,SPY,2025-07-21,2025-07-22,5663.0,3937.5,2025-07-24,Time,1,Long,1.4382222222222223,17.69204685625278,4.976062056281966,32.93650793650794,off,2025-07-18,True,True,2025
Weak Close Decent Sznls,KRE,2025-07-21,2025-07-22,-2934.0,5906.25,2025-07-24,Time,1,Long,-0.49676190476190474,17.69204685625278,4.976062056281966,32.93650793650794,off,2025-07-18,True,True,2025
Indices Oversold Bounce,^NDX,2025-08-19,2025-08-20,2417.0,3937.5,2025-08-22,Time,1,Long,0.6138412698412699,21.240568534588288,5.947878387871455,71.03174603174604,off,2025-08-18,True,True,2025
Weak Close Decent Sznls,XHB,2025-08-20,2025-08-21,7874.0,3937.5,2025-08-22,Target,1,Long,1.9997460317460318,22.704098693274887,6.413709451533134,71.82539682539682,off,2025-08-19,True,True,2025
Weak Close Decent Sznls,XRT,2025-09-12,2025-09-15,5196.0,2598.75,2025-09-17,Target,1,Long,1.9994227994227993,46.13382267417557,26.81846779116814,85.31746031746032,on,2025-09-11,True,True,2025
3x Bear ETF Overbot Fade,YANG,2025-10-10,2025-10-13,1431.0,2531.25,2025-10-15,Time,1,Short,0.5653333333333334,51.75796225308501,39.08849907809653,5.952380952380952,off,2025-10-09,True,True,2025
Indices Oversold Bounce,^GSPC,2025-11-04,2025-11-06,-1412.0,3937.5,2025-11-07,Time,1,Long,-0.3586031746031746,46.16614279425689,49.39136515749593,9.523809523809524,off,2025-11-03,True,True,2025
Indices Oversold Bounce,^NDX,2025-11-04,2025-11-06,-2862.0,3937.5,2025-11-07,Time,1,Long,-0.7268571428571429,46.16614279425689,49.39136515749593,9.523809523809524,off,2025-11-03,True,True,2025
Indices Oversold Bounce,^GSPC,2025-11-06,2025-11-07,7851.0,3937.5,2025-11-10,Target,1,Long,1.9939047619047618,44.84871342912681,49.668419453824555,32.93650793650794,off,2025-11-05,True,True,2025
Indices Oversold Bounce,^NDX,2025-11-06,2025-11-07,5558.0,3937.5,2025-11-11,Time,1,Long,1.4115555555555555,44.84871342912681,49.668419453824555,32.93650793650794,off,2025-11-05,True,True,2025
Indices Oversold Bounce,^GSPC,2025-11-13,2025-11-14,-2851.0,3937.5,2025-11-18,Time,1,Long,-0.7240634920634921,37.65133936755852,43.856459042299846,68.25396825396825,off,2025-11-12,True,True,2025
3x Bear ETF Overbot Fade,SOXS,2025-11-20,2025-11-21,5193.0,2250.0,2025-11-25,Time,1,Short,2.308,28.869458087426942,35.056942621953176,90.87301587301587,on,2025-11-19,True,True,2025
3x Bear ETF Overbot Fade,SQQQ,2025-11-20,2025-11-21,5344.0,2250.0,2025-11-25,Time,1,Short,2.375111111111111,28.869458087426942,35.056942621953176,90.87301587301587,on,2025-11-19,True,True,2025
3x Bear ETF Overbot Fade,TECS,2025-11-20,2025-11-21,4082.0,2250.0,2025-11-25,Time,1,Short,1.8142222222222222,28.869458087426942,35.056942621953176,90.87301587301587,on,2025-11-19,True,True,2025
Indices Oversold Bounce,^NDX,2025-11-20,2025-11-21,7345.0,3937.5,2025-11-25,Target,1,Long,1.8653968253968254,28.869458087426942,35.056942621953176,90.87301587301587,on,2025-11-19,True,True,2025
Monday Dip,IWM,2025-12-01,2025-12-02,1905.0,1687.5,2025-12-04,Time,1,Long,1.1288888888888888,20.652087750256857,26.403416950645198,90.07936507936508,on,2025-11-28,True,True,2025
Monday Dip,IWM,2025-12-15,2025-12-16,-637.0,3375.0,2025-12-18,Time,1,Long,-0.18874074074074074,21.34344528857698,29.244915239701253,43.25396825396825,off,2025-12-12,True,True,2025
Monday Dip,SMH,2025-12-15,2025-12-16,-3407.0,3375.0,2025-12-17,Stop,1,Long,-1.0094814814814814,21.34344528857698,29.244915239701253,43.25396825396825,off,2025-12-12,True,True,2025
Weak Close Decent Sznls,DIA,2025-12-17,2025-12-18,2814.0,3750.0,2025-12-22,Time,1,Long,0.7504,19.891164398230472,27.38396388345442,57.14285714285714,off,2025-12-16,True,True,2025
Weak Close Decent Sznls,IWM,2025-12-17,2025-12-18,6607.0,5625.0,2025-12-22,Time,1,Long,1.1745777777777777,19.891164398230472,27.38396388345442,57.14285714285714,off,2025-12-16,True,True,2025
Weak Close Decent Sznls,XBI,2025-12-17,2025-12-18,11248.0,5625.0,2025-12-22,Target,1,Long,1.9996444444444443,19.891164398230472,27.38396388345442,57.14285714285714,off,2025-12-16,True,True,2025
Weak Close Decent Sznls,XLI,2025-12-17,2025-12-18,6353.0,3750.0,2025-12-22,Time,1,Long,1.6941333333333333,19.891164398230472,27.38396388345442,57.14285714285714,off,2025-12-16,True,True,2025
Weak Close Decent Sznls,XRT,2025-12-18,2025-12-19,-1456.0,3937.5,2025-12-23,Time,1,Long,-0.36977777777777776,19.012646560935657,26.271259449329296,63.888888888888886,off,2025-12-17,True,True,2025
Weak Close Decent Sznls,XLI,2025-12-30,2025-12-31,5195.0,2598.75,2026-01-05,Target,1,Long,1.999037999037999,13.851285455422499,20.156332286947865,84.12698412698413,off,2025-12-29,True,True,2025
Weak Close Decent Sznls,XME,2025-12-30,2025-12-31,7872.0,3937.5,2026-01-05,Target,1,Long,1.9992380952380953,13.851285455422499,20.156332286947865,84.12698412698413,off,2025-12-29,True,True,2025
Indices Oversold Bounce,^GSPC,2025-12-31,2026-01-02,7817.0,3937.5,2026-01-06,Target,1,Long,1.9852698412698413,13.836530192678632,20.114443736861507,80.55555555555556,off,2025-12-30,True,True,2025
Indices Oversold Bounce,^NDX,2025-12-31,2026-01-02,6036.0,3937.5,2026-01-06,Time,1,Long,1.5329523809523808,13.836530192678632,20.114443736861507,80.55555555555556,off,2025-12-30,True,True,2025
Weak Close Decent Sznls,XLB,2025-12-31,2026-01-02,5197.0,2598.75,2026-01-05,Target,1,Long,1.9998075998075997,13.836530192678632,20.114443736861507,80.55555555555556,off,2025-12-30,True,True,2025
Weak Close Decent Sznls,XLF,2025-12-31,2026-01-02,7874.0,3937.5,2026-01-05,Target,1,Long,1.9997460317460318,13.836530192678632,20.114443736861507,80.55555555555556,off,2025-12-30,True,True,2025
Indices Oversold Bounce,^GSPC,2026-02-12,2026-02-13,3105.0,3937.5,2026-02-18,Time,1,Long,0.7885714285714286,39.60563758156512,46.44721555264708,82.93650793650794,off,2026-02-11,True,True,2026
Indices Oversold Bounce,^NDX,2026-02-12,2026-02-13,2591.0,3937.5,2026-02-18,Time,1,Long,0.6580317460317461,39.60563758156512,46.44721555264708,82.93650793650794,off,2026-02-11,True,True,2026
3x Bear ETF Overbot Fade,SDOW,2026-03-05,2026-03-06,803.0,703.125,2026-03-10,Time,1,Short,1.1420444444444444,75.27857532365437,80.92221512564309,90.07936507936508,on,2026-03-04,True,True,2026
3x Bear ETF Overbot Fade,TZA,2026-03-06,2026-03-09,1109.0,703.125,2026-03-11,Time,1,Short,1.5772444444444444,74.82297771760695,80.35232482440212,87.3015873015873,on,2026-03-05,True,True,2026
3x Bear ETF Overbot Fade,TZA,2026-03-12,2026-03-13,522.0,703.125,2026-03-17,Time,1,Short,0.7424,68.42097073681137,73.34931992496112,94.04761904761905,on,2026-03-11,True,True,2026
Indices Oversold Bounce,^GSPC,2026-03-12,2026-03-13,617.0,984.375,2026-03-17,Time,1,Long,0.6267936507936508,68.42097073681137,73.34931992496112,94.04761904761905,on,2026-03-11,True,True,2026
Indices Oversold Bounce,^NDX,2026-03-12,2026-03-13,716.0,984.375,2026-03-17,Time,1,Long,0.7273650793650793,68.42097073681137,73.34931992496112,94.04761904761905,on,2026-03-11,True,True,2026
SPY QQQ MonFri Reversion,QQQ,2026-03-27,2026-03-30,3926.0,1968.75,2026-04-01,Target,1,Long,1.9941587301587302,42.58506416835122,45.71237706921884,96.82539682539682,on,2026-03-26,True,True,2026
SPY QQQ MonFri Reversion,SPY,2026-05-01,2026-05-04,7872.0,3937.5,2026-05-06,Target,1,Long,1.9992380952380953,40.84292856560684,42.44045474585823,3.571428571428571,off,2026-04-30,True,True,2026
Monday Dip,DIA,2026-05-04,2026-05-05,1691.0,1687.5,2026-05-07,Time,1,Long,1.0020740740740741,40.48316688290954,41.82904672133629,4.761904761904762,off,2026-05-01,True,True,2026
3x Bear ETF Overbot Fade,LABD,2026-05-18,2026-05-19,6568.0,2812.5,2026-05-21,Time,1,Short,2.335288888888889,42.881646522720914,46.213953831865226,9.523809523809524,off,2026-05-15,True,True,2026
Monday Dip,DIA,2026-06-08,2026-06-09,-1730.0,1687.5,2026-06-10,Stop,1,Long,-1.0251851851851852,30.940164455896962,36.608193066472424,1.5873015873015872,off,2026-06-05,True,True,2026
SPY QQQ MonFri Reversion,SPY,2026-06-08,2026-06-09,-2591.0,1968.75,2026-06-10,Stop,1,Long,-1.3160634920634922,30.940164455896962,36.608193066472424,1.5873015873015872,off,2026-06-05,True,True,2026
3x Bear ETF Overbot Fade,ERY,2026-06-16,2026-06-17,-312.0,2812.5,2026-06-22,Time,1,Short,-0.11093333333333333,23.075763421544185,27.611019054599645,35.317460317460316,off,2026-06-15,True,True,2026
Monday Dip,SMH,2026-07-06,2026-07-07,3751.0,3375.0,2026-07-09,Time,1,Long,1.1114074074074074,17.597688758010158,19.677130241866166,80.95238095238095,off,2026-07-02,True,True,2026
3x Bear ETF Overbot Fade,SQQQ,2026-07-17,2026-07-20,1683.0,2250.0,2026-07-22,Time,1,Short,0.748,39.31437020064387,37.75276402520671,87.6984126984127,on,2026-07-16,True,True,2026
Monday Dip,DIA,2026-07-20,2026-07-21,-667.0,1687.5,2026-07-23,Time,1,Long,-0.39525925925925925,42.48503530552237,40.48791370263527,93.25396825396825,on,2026-07-17,True,True,2026
Monday Dip,SMH,2026-07-20,2026-07-21,372.0,1687.5,2026-07-23,Time,1,Long,0.22044444444444444,42.48503530552237,40.48791370263527,93.25396825396825,on,2026-07-17,True,True,2026
SPY QQQ MonFri Reversion,QQQ,2026-07-20,2026-07-21,-1986.0,1968.75,2026-07-23,Stop,1,Long,-1.0087619047619047,42.48503530552237,40.48791370263527,93.25396825396825,on,2026-07-17,True,True,2026
SPY QQQ MonFri Reversion,SPY,2026-07-20,2026-07-21,-2026.0,1968.75,2026-07-23,Stop,1,Long,-1.029079365079365,42.48503530552237,40.48791370263527,93.25396825396825,on,2026-07-17,True,True,2026
3x Bear ETF Overbot Fade,SQQQ,2026-07-23,2026-07-24,-2195.0,2812.5,2026-07-28,Time,1,Short,-0.7804444444444445,50.38667195452774,46.55145391073411,87.3015873015873,on,2026-07-22,True,True,2026
3x Bear ETF Overbot Fade,SQQQ,2026-07-24,2026-07-27,-6300.0,2812.5,2026-07-29,Time,1,Short,-2.24,52.20032729562221,47.68154027334433,87.6984126984127,on,2026-07-23,True,True,2026
3x Bear ETF Overbot Fade,SQQQ,2026-07-27,2026-07-28,3620.0,2812.5,2026-07-30,Time,1,Short,1.287111111111111,53.66640730300874,48.49291153872499,96.03174603174604,on,2026-07-24,True,True,2026
3x Bear ETF Overbot Fade,EDZ,2026-07-28,2026-07-29,6311.0,2531.25,2026-07-31,Time,1,Short,2.4932345679012347,54.98937926774022,49.289878326075126,95.23809523809523,on,2026-07-27,True,True,2026
3x Bear ETF Overbot Fade,TECS,2026-07-28,2026-07-29,4758.0,2531.25,2026-07-31,Time,1,Short,1.8797037037037037,54.98937926774022,49.289878326075126,95.23809523809523,on,2026-07-27,True,True,2026
3x Bear ETF Overbot Fade,TZA,2026-07-29,2026-07-30,4227.0,2250.0,2026-08-03,Time,1,Short,1.8786666666666667,55.962416815755134,49.89486362149658,97.61904761904762,on,2026-07-28,True,True,2026
Monday Dip,SMH,2026-08-10,2026-08-11,283.0,421.875,2026-08-13,Time,1,Long,0.6708148148148149,72.21391312572185,63.69250744765935,50.79365079365079,off,2026-08-07,True,True,2026
SPY QQQ MonFri Reversion,QQQ,2026-08-10,2026-08-11,852.0,984.375,2026-08-13,Time,1,Long,0.8655238095238095,72.21391312572185,63.69250744765935,50.79365079365079,off,2026-08-07,True,True,2026
SPY QQQ MonFri Reversion,QQQ,2026-08-17,2026-08-18,-488.0,984.375,2026-08-20,Time,1,Long,-0.49574603174603177,92.94904313260824,84.81704944931228,38.88888888888889,off,2026-08-14,True,True,2026
SPY QQQ MonFri Reversion,SPY,2026-08-28,2026-08-31,-1028.0,984.375,2026-09-01,Stop,1,Long,-1.0443174603174603,96.41730388209429,87.6014085785643,39.682539682539684,off,2026-08-27,True,True,2026
Weak Close Decent Sznls,XBI,2026-08-28,2026-08-31,1829.0,1476.5625,2026-09-02,Time,1,Long,1.2386878306878306,96.41730388209429,87.6014085785643,39.682539682539684,off,2026-08-27,True,True,2026
3x Bear ETF Overbot Fade,SOXS,2026-09-02,2026-09-03,685.0,703.125,2026-09-03,Time,1,Short,0.9742222222222222,,87.90010285632006,51.587301587301596,off,2026-09-01,False,True,2026
