label,days,armed_days,armed_share,n_episodes,hedge_total_usd,hedge_bps_per_armed_day,friction_usd,ep_mean_usd,ep_median_usd,ep_pos_share,t_clustered,sharpe_unhedged,sharpe_hedged,ann_unhedged_pct,ann_hedged_pct,vol_unhedged_pct,vol_hedged_pct,ann_hedged_equal_vol_pct,maxdd_unhedged_pct,maxdd_hedged_pct,worst_unhedged_pct,worst_hedged_pct,armed_sharpe_unhedged,armed_sharpe_hedged,armed_sd_unhedged_bps,armed_sd_hedged_bps,armed_spy_ann_pct,drift_component_usd,calm_carry_bps_per_day,calm_carry_usd_per_year,false_alarm_episodes,false_alarm_usd,loyo_years_with_arming,loyo_years_hedged_not_worse,loyo_years_hedge_pnl_pos,beta_mean_armed,vintage,target,instrument,window,arming,mult
live|book|SPY|42|dial50_h45,2527,392,0.15512465373961218,10,19294.71326082594,0.6562827639736718,1179.9356485352275,1929.4713260825943,1561.1134431537928,0.6,0.3757836212161247,2.774985532961197,2.8228205203399246,35.815871867036016,36.07242207105807,12.906687779671694,12.778857816548046,36.4332631140778,-8.323155999999932,-8.023134554458933,-4.886210666666667,-4.886210666666667,1.8402397118732765,2.109955734024866,80.58551003581582,75.22187271956996,-9.656776604242623,56917.74439448756,-3.624873134784867,-68510.10224743398,4,-52636.94159713548,9,6,6,0.5052062406723161,live,book,SPY,42,dial50_h45,1.0
live|book|SPY|42|dial65_h60,2527,153,0.060546102097348634,7,59757.39128230468,5.207615798022195,631.6092061124474,8536.770183186383,13340.41134592403,0.7142857142857143,1.5576987096860044,2.774985532961197,2.8430288021808745,35.815871867036016,36.61042997826887,12.906687779671694,12.877263132257111,36.69408509836255,-8.323155999999932,-8.323155999999932,-4.886210666666667,-4.886210666666667,2.0446118373400926,3.2320017773754683,78.19334523861804,75.04432049659408,-28.741608001291752,61367.01690246205,-3.4841177325834476,-65849.82514582716,2,-17495.505319586166,6,4,4,0.4688908922949427,live,book,SPY,42,dial65_h60,1.0
live|book|SPY|42|dial50_nohyst,2527,349,0.13810842896715472,10,45267.59028422119,1.7294208322529587,1287.3534872577438,4526.759028422119,556.1037764730074,0.5,0.8911009496638899,2.774985532961197,2.848133966256298,35.815871867036016,36.41776780433313,12.906687779671694,12.78653610953635,36.75997585714803,-8.323155999999932,-8.414235560190741,-4.886210666666667,-4.886210666666667,2.0819696358825883,2.596748150553484,81.51290744035079,75.92615509793987,-10.85759288398549,54271.653783385824,-3.712966670153319,-70175.07006589773,4,-39877.450292319154,9,5,4,0.4812307305569016,live,book,SPY,42,dial50_nohyst,1.0
live|book|SPY|42|dial40_h35,2527,668,0.26434507320933914,13,-11306.406931346248,-0.225676785056811,1221.0601090991158,-869.7236101035562,-3270.5774399567595,0.38461538461538464,-0.15242434677289182,2.774985532961197,2.7944087432032534,35.815871867036016,35.66553737044193,12.906687779671694,12.763178420905682,36.06656117730916,-8.323155999999932,-8.009804866237902,-4.886210666666667,-4.886210666666667,2.4470898142397193,2.506854311554871,83.01956966711474,79.61126200889215,-7.431926764547825,66711.0243176439,-3.943860964502912,-74538.97222910504,6,-92208.22639435255,10,5,5,0.4515012974109275,live,book,SPY,42,dial40_h35,1.0
live|book|SPY|42|vix25_h20,2527,586,0.23189552829442026,15,-152853.1829393805,-3.477888121487611,982.2690506160562,-10190.212195958702,-7511.673423016196,0.0,-3.2421588161580344,2.774985532961197,2.675383720670856,35.815871867036016,33.78347497476724,12.906687779671694,12.627525058833802,34.530342373515126,-8.323155999999932,-8.323155999999932,-4.886210666666667,-3.669360231835435,3.383261449173571,3.0244181091858615,105.92270303332134,100.23562367292244,34.36483573168516,-140158.7140403747,-2.80327836448086,-52981.96108868826,14,-131588.3004955961,9,1,1,0.2338554487570601,live,book,SPY,42,vix25_h20,1.0
live|book|SPY|42|vixpct80_h60,2527,706,0.27938266719430155,21,-171764.12667326798,-3.243892855019224,2395.330067612576,-8179.244127298474,-9123.125703256495,0.19047619047619047,-2.4259590121639643,2.774985532961197,2.6376343315437505,35.815871867036016,33.532027523457934,12.906687779671694,12.71291745123456,34.043122794178245,-8.323155999999932,-7.8876973333333655,-4.886210666666667,-4.886210666666667,3.5758464121186706,3.1533847402262256,95.30391766429987,91.74172935690196,25.311967497691512,-134215.9406309897,-2.8598891831770845,-54051.90556204689,18,-155779.23177852467,10,3,2,0.2523554983331787,live,book,SPY,42,vixpct80_h60,1.0
live|book|SPY|42|spydd5_h3,2527,796,0.3149980213692125,14,-152348.0666340736,-2.5518939134685694,1021.798458215091,-10882.004759576683,-10206.723734729017,0.07142857142857142,-2.271762930206852,2.774985532961197,2.6640711382912845,35.815871867036016,33.79019120264944,12.906687779671694,12.68366700760184,34.38433440476018,-8.323155999999932,-8.323155999999932,-4.886210666666667,-4.886210666666667,3.438032629346791,3.119372732878303,86.47331188830843,82.32039894738702,21.03931016754359,-109334.11802059197,-3.1475593577678196,-59488.87186181179,13,-140640.53272935704,9,2,2,0.21935645525494432,live,book,SPY,42,spydd5_h3,1.0
live|book|SPY|42|always,2527,2527,1.0,1,-559997.8156829592,-2.9547437841074227,39.65388489340999,-559997.8156829592,-559997.8156829592,0.0,,2.774985532961197,2.341881619462849,35.815871867036016,28.36991753108531,12.906687779671694,12.114155256742842,30.225934879358906,-8.323155999999932,-13.333310042062973,-4.886210666666667,-3.669360231835435,2.774985532961197,2.341881619462849,81.30449074897075,76.31200512611281,15.896043414250016,-459166.05307325127,,,1,-559997.8156829592,11,3,1,0.3840738755053266,live,book,SPY,42,always,1.0
live|book|SPY|63|dial50_h45,2527,392,0.15512465373961218,10,35075.794753781,1.193054243325885,1030.398291004012,3507.5794753781024,7940.636685505916,0.7,0.7205494135559912,2.774985532961197,2.8352489355418466,35.815871867036016,36.282253625535034,12.906687779671694,12.796849395025383,36.593672788685126,-8.323155999999932,-8.123259733495436,-4.886210666666667,-4.886210666666667,1.8402397118732765,2.199577018464756,80.58551003581582,76.0308929109018,-9.656776604242623,55918.92932218626,-3.211896505379579,-60704.84395167405,4,-47379.58312415516,9,6,6,0.4963406819054959,live,book,SPY,63,dial50_h45,1.0
live|book|SPY|63|dial65_h60,2527,153,0.060546102097348634,7,58632.203961528976,5.109560258085313,587.8866144389226,8376.029137361284,11512.665882595351,0.7142857142857143,1.3708515889244686,2.774985532961197,2.8392326763774887,35.815871867036016,36.59546903882365,12.906687779671694,12.88921099820356,36.64508968784589,-8.323155999999932,-8.323155999999932,-4.886210666666667,-4.886210666666667,2.0446118373400926,3.1548592586773236,78.19334523861804,76.38590948994958,-28.741608001291752,69596.1335443651,-3.018359030918776,-57046.98568436487,2,-22580.031526057202,6,4,4,0.5317676303178118,live,book,SPY,63,dial65_h60,1.0
live|book|SPY|63|dial50_nohyst,2527,349,0.13810842896715472,10,64589.08801713717,2.467586934752136,1126.3892065521668,6458.9088017137165,2421.3588084501203,0.6,1.4022146066419703,2.774985532961197,2.866516183486278,35.815871867036016,36.674674145380216,12.906687779671694,12.794162599415786,36.99722939563348,-8.323155999999932,-8.28790022010173,-4.886210666666667,-4.886210666666667,2.0819696358825883,2.737174953400643,81.51290744035079,76.31193839857644,-10.85759288398549,54183.01107843732,-3.329747242747533,-62932.222887928365,4,-28960.000829203007,9,6,4,0.48044472919731207,live,book,SPY,63,dial50_nohyst,1.0
live|book|SPY|63|dial40_h35,2527,668,0.26434507320933914,13,26080.33494637935,0.5205655677920032,1124.5102883313916,2006.17961125995,97.0612880402213,0.5384615384615384,0.4057861705649876,2.774985532961197,2.8222496765307197,35.815871867036016,36.16264640371917,12.906687779671694,12.813411479657777,36.425895411261436,-8.323155999999932,-8.12822587049049,-4.886210666666667,-4.886210666666667,2.4470898142397193,2.615714335154635,83.01956966711474,80.82689408182154,-7.431926764547825,67492.63024837092,-3.6249136102838864,-68510.86723436546,6,-50537.13397153757,10,5,5,0.456791219060264,live,book,SPY,63,dial40_h35,1.0
live|book|SPY|63|vix25_h20,2527,586,0.23189552829442026,15,-158501.2937293714,-3.606400312386152,1116.2346836176357,-10566.752915291427,-7767.776562559369,0.0,-3.847501986946535,2.774985532961197,2.6728330221641063,35.815871867036016,33.7083754407175,12.906687779671694,12.611478218502747,34.497421304268435,-8.323155999999932,-8.323155999999932,-4.886210666666667,-3.6526853500665926,3.383261449173571,3.0142747161243024,105.92270303332134,99.89612626408096,34.36483573168516,-139626.9305022265,-2.203769025130458,-41651.23457496565,14,-138170.0473077823,9,1,1,0.23296816551672272,live,book,SPY,63,vix25_h20,1.0
live|book|SPY|63|vixpct80_h60,2527,706,0.27938266719430155,21,-154585.95414130445,-2.9194703331691114,2514.3166521379517,-7361.235911490687,-8360.912668920038,0.19047619047619047,-2.1220309333626814,2.774985532961197,2.647800096055034,35.815871867036016,33.76043535767795,12.906687779671694,12.750371679485074,34.17432914276704,-8.323155999999932,-8.089384775749764,-4.886210666666667,-4.886210666666667,3.5758464121186706,3.184584048611532,95.30391766429987,92.46011811166977,25.311967497691512,-149782.2138425302,-2.3878974731096734,-45131.26224177283,18,-143225.10719411884,10,2,2,0.2816235168339685,live,book,SPY,63,vixpct80_h60,1.0
live|book|SPY|63|spydd5_h3,2527,796,0.3149980213692125,14,-138801.1573079891,-2.3249775093465512,1153.847596511372,-9914.368379142077,-8714.845143226708,0.14285714285714285,-2.1249359402629566,2.774985532961197,2.6798087557225534,35.815871867036016,33.97031631280235,12.906687779671694,12.676395746622221,34.58745491934149,-8.323155999999932,-8.323155999999932,-4.886210666666667,-4.886210666666667,3.438032629346791,3.168874408445508,86.47331188830843,82.17119409479047,21.03931016754359,-121856.93155532837,-2.623157521029404,-49577.67714745574,13,-144727.29697335017,9,2,2,0.24448090896189292,live,book,SPY,63,spydd5_h3,1.0
live|book|SPY|63|always,2527,2527,1.0,1,-478235.1643233907,-2.5233355194480445,36.42944427054081,-478235.1643233907,-478235.1643233907,0.0,,2.774985532961197,2.4187448927230073,35.815871867036016,29.45706635802694,12.906687779671694,12.178657801676792,31.21798514905136,-8.323155999999932,-11.465034824471122,-4.886210666666667,-3.6526853500665926,2.774985532961197,2.4187448927230073,81.30449074897075,76.7183329661747,15.896043414250016,-455985.77370654163,,,1,-478235.1643233907,11,3,2,0.38141370014308806,live,book,SPY,63,always,1.0
live|book|SPY|126|dial50_h45,2527,392,0.15512465373961218,10,34662.825389656835,1.1790076663148583,851.6188432541096,3466.2825389656837,8214.465935049446,0.6,0.5736823377055225,2.774985532961197,2.847352368328815,35.815871867036016,36.27676262013947,12.906687779671694,12.740524503973234,36.74988801672877,-8.323155999999932,-7.8876973333333655,-4.886210666666667,-4.886210666666667,1.8402397118732765,2.2702697033107646,80.58551003581582,73.56519007383139,-9.656776604242623,53446.07757081698,-2.7977094007764878,-52876.70767467562,4,-60890.72255836995,9,6,6,0.4743914611424499,live,book,SPY,126,dial50_h45,1.0
live|book|SPY|126|dial65_h60,2527,153,0.060546102097348634,7,56711.35217835192,4.942165767176639,509.93441452285333,8101.621739764559,8519.398981855413,0.7142857142857143,1.0532623799197576,2.774985532961197,2.840546809341944,35.815871867036016,36.56992862730219,12.906687779671694,12.874256642077366,36.66205079171909,-8.323155999999932,-8.323155999999932,-4.886210666666667,-4.886210666666667,2.0446118373400926,3.1902489111920254,78.19334523861804,74.70560926704766,-28.741608001291752,72989.96417804305,-2.6379672011193427,-49857.580101155574,2,-30546.759291159124,6,4,4,0.5576990891770957,live,book,SPY,126,dial65_h60,1.0
live|book|SPY|126|dial50_nohyst,2527,349,0.13810842896715472,10,50992.78715300592,1.9481485063230537,920.4242625570611,5099.278715300594,5345.606175037865,0.6,1.0396336960235393,2.774985532961197,2.864054656822423,35.815871867036016,36.49389230563554,12.906687779671694,12.742037662830203,36.96545923952178,-8.323155999999932,-7.8876973333333655,-4.886210666666667,-4.886210666666667,2.0819696358825883,2.720611645114988,81.51290744035079,73.74565839710462,-10.85759288398549,53322.481521284884,-2.8428649218364686,-53730.14702270925,4,-40380.031616205655,9,6,4,0.4728143505634285,live,book,SPY,126,dial50_nohyst,1.0
live|book|SPY|126|dial40_h35,2527,668,0.26434507320933914,13,26118.864438756904,0.5213346195360657,844.6214167243182,2009.1434183659146,3251.1915246884323,0.6153846153846154,0.4417695346022277,2.774985532961197,2.843467020567718,35.815871867036016,36.163158707218926,12.906687779671694,12.717980706524493,36.69974104626085,-8.323155999999932,-7.8876973333333655,-4.886210666666667,-4.886210666666667,2.4470898142397193,2.692404571545392,83.01956966711474,78.52916165286716,-7.431926764547825,61594.85076986516,-3.151746526246408,-59568.009346057115,6,-55299.37307725703,10,6,6,0.41687495164230726,live,book,SPY,126,dial40_h35,1.0
live|book|SPY|126|vix25_h20,2527,586,0.23189552829442026,15,-128043.56593252538,-2.9133917163259464,1104.4733239127697,-8536.237728835024,-7876.685702868919,0.0,-6.247995785363526,2.774985532961197,2.691072908726518,35.815871867036016,34.11335353884731,12.906687779671694,12.676488038739386,34.73283782526611,-8.323155999999932,-8.323155999999932,-4.886210666666667,-3.726586575981962,3.383261449173571,3.0824378361636646,105.92270303332134,101.25606894141433,34.36483573168516,-134470.51921333873,-1.9613922786042353,-37070.31406562005,14,-114234.67758809392,9,2,1,0.22436466994247353,live,book,SPY,126,vix25_h20,1.0
live|book|SPY|126|vixpct80_h60,2527,706,0.27938266719430155,21,-110585.81492431807,-2.0884950882779623,2275.8247665639756,-5265.9911868722875,-6484.955785094495,0.09523809523809523,-1.6339142503519417,2.774985532961197,2.7103350814709937,35.815871867036016,34.345478760009065,12.906687779671694,12.672041547485918,34.981448674837154,-8.323155999999932,-7.8876973333333655,-4.886210666666667,-4.886210666666667,3.5758464121186706,3.3856184543146766,95.30391766429987,90.86621675897983,25.311967497691512,-164429.7707617192,-2.227045823969761,-42091.16607302848,18,-108111.79339141594,10,3,3,0.3091641465708514,live,book,SPY,126,vixpct80_h60,1.0
live|book|SPY|126|spydd5_h3,2527,796,0.3149980213692125,14,-96535.17344139148,-1.6170045802578137,1029.5027560229332,-6895.369531527964,-7484.912100731737,0.14285714285714285,-1.4999301024846978,2.774985532961197,2.7118304245066134,35.815871867036016,34.532301693854066,12.906687779671694,12.733945818214954,35.00074860052141,-8.323155999999932,-8.323155999999932,-4.886210666666667,-4.886210666666667,3.438032629346791,3.262471195253513,86.47331188830843,83.25864035384735,21.03931016754359,-126045.40865953945,-2.4414643010287356,-46143.6752894431,13,-117666.62338803636,9,2,2,0.25288422813736927,live,book,SPY,126,spydd5_h3,1.0
live|book|SPY|126|always,2527,2527,1.0,1,-412487.76368361904,-2.1764293031717137,18.990117194867747,-412487.76368361904,-412487.76368361904,0.0,,2.774985532961197,2.4961964275027313,35.815871867036016,30.331270023043295,12.906687779671694,12.15099488520124,32.21762792650964,-8.323155999999932,-9.28553746054055,-4.886210666666667,-3.726586575981962,2.774985532961197,2.4961964275027313,81.30449074897075,76.54407297204837,15.896043414250016,-433223.882565664,,,1,-412487.76368361904,11,3,2,0.36237429667283066,live,book,SPY,126,always,1.0
live|book|QQQ|42|dial50_h45,2527,392,0.15512465373961218,10,1640.3861772561029,0.0557954482059906,670.3417024129651,164.0386177256104,1507.6919205319616,0.6,0.03193712955762925,2.774985532961197,2.797715465692856,35.815871867036016,35.83768309598568,12.906687779671694,12.809623971932563,36.10924001205649,-8.323155999999932,-8.045379796472574,-4.886210666666667,-4.886210666666667,1.8402397118732765,1.9496963966427927,80.58551003581582,76.51569819167969,-9.139137086458504,30498.684553482,-3.275568011120046,-61908.23541016886,4,-36387.725710210325,9,5,5,0.2860415526100882,live,book,QQQ,42,dial50_h45,1.0
live|book|QQQ|42|dial65_h60,2527,153,0.060546102097348634,7,27709.77893594567,2.4147955499734786,358.14323276701333,3958.539847992239,1220.1904305715548,0.5714285714285714,0.7147738552246369,2.774985532961197,2.8115622153879136,35.815871867036016,36.18431214097656,12.906687779671694,12.869824449530876,36.28795568713385,-8.323155999999932,-8.323155999999932,-4.886210666666667,-4.886210666666667,2.0446118373400926,2.6721133321397685,78.19334523861804,74.17676782112737,-27.09048497490585,34085.3291936396,-3.090466285142606,-58409.812789195246,1,-19233.942718799663,6,3,3,0.27631124484380015,live,book,QQQ,42,dial65_h60,1.0
live|book|QQQ|42|dial50_nohyst,2527,349,0.13810842896715472,10,12880.038017811643,0.4920740407950966,717.9932262799517,1288.0038017811662,-1685.0904839819186,0.4,0.2464505201330628,2.774985532961197,2.806838966525943,35.815871867036016,35.98712999026453,12.906687779671694,12.821230722333251,36.22699418876671,-8.323155999999932,-8.465671928216212,-4.886210666666667,-4.886210666666667,2.0819696358825883,2.289027196402825,81.51290744035079,77.55208489166645,-6.702282931655645,18988.658852800243,-3.279997741934618,-61991.95732256428,5,-51725.89293265182,9,3,3,0.2727629540433114,live,book,QQQ,42,dial50_nohyst,1.0
live|book|QQQ|42|dial40_h35,2527,668,0.26434507320933914,13,-41499.05578242699,-0.8283244667151094,686.7527545674507,-3192.235060186692,-2614.5881506647584,0.46153846153846156,-0.5735355487925227,2.774985532961197,2.7486186554349197,35.815871867036016,35.264083867712884,12.906687779671694,12.829747698169855,35.47556281107952,-8.323155999999932,-8.645674814796678,-4.886210666666667,-4.886210666666667,2.4470898142397193,2.340277706714151,83.01956966711474,81.18997993573548,-9.41133436281234,47267.47664887438,-3.4525895418545365,-65253.942341050744,6,-112565.00508093364,10,4,4,0.25262366418035587,live,book,QQQ,42,dial40_h35,1.0
live|book|QQQ|42|vix25_h20,2527,586,0.23189552829442026,15,-107231.50831133034,-2.4398522937731593,618.4671692798016,-7148.767220755359,-5578.171685246162,0.06666666666666667,-3.760307742891783,2.774985532961197,2.7091236161623895,35.815871867036016,34.39007895874132,12.906687779671694,12.694171190112252,34.965812670343105,-8.323155999999932,-8.323155999999932,-4.886210666666667,-4.416020969933395,3.383261449173571,3.1458207893336394,105.92270303332134,101.60551561561672,46.61134569905698,-113460.41431447379,-2.8547247725150457,-53954.298200534366,14,-95602.84121278788,9,2,1,0.13957074125066535,live,book,QQQ,42,vix25_h20,1.0
live|book|QQQ|42|vixpct80_h60,2527,706,0.27938266719430155,21,-154015.9654552433,-2.9087056743199873,1417.714812221635,-7334.0935931068225,-8848.175976180468,0.19047619047619047,-2.789494653269587,2.774985532961197,2.6543444669232463,35.815871867036016,33.76801415461173,12.906687779671694,12.721790474223393,34.25879529427744,-8.323155999999932,-7.938936921597728,-4.886210666666667,-4.886210666666667,3.5758464121186706,3.2059213537035833,95.30391766429987,91.89804378463283,38.802161207422614,-145263.1400043174,-2.706142041061004,-51146.084576052985,18,-141624.34666292852,10,1,2,0.1781697982845983,live,book,QQQ,42,vixpct80_h60,1.0
live|book|QQQ|42|spydd5_h3,2527,796,0.3149980213692125,14,-132226.27705864323,-2.2148455118700707,682.2140396834212,-9444.73407561737,-9469.725523150177,0.07142857142857142,-2.0635285413792084,2.774985532961197,2.6766160060913426,35.815871867036016,34.05773854326458,12.906687779671694,12.724178016479486,34.54624709669279,-8.323155999999932,-8.323155999999932,-4.886210666666667,-4.886210666666667,3.438032629346791,3.1547520711864023,86.47331188830843,83.09321284955668,31.324346037581563,-114077.32051867855,-3.00901626714399,-56870.40744902141,13,-131582.35411674943,9,2,2,0.15372464843857436,live,book,QQQ,42,spydd5_h3,1.0
live|book|QQQ|42|always,2527,2527,1.0,1,-522224.4373918264,-2.7554382661486683,34.83749089800141,-522224.4373918264,-522224.4373918264,0.0,,2.774985532961197,2.322262142706416,35.815871867036016,28.872167436341368,12.906687779671694,12.432777034677532,29.9727124184631,-8.323155999999932,-12.953581590288321,-4.886210666666667,-4.416020969933395,2.774985532961197,2.322262142706416,81.30449074897075,78.31913366588526,21.802911185659468,-399494.1037826139,,,1,-522224.4373918264,11,2,1,0.24362952789424644,live,book,QQQ,42,always,1.0
live|book|QQQ|63|dial50_h45,2527,392,0.15512465373961218,10,17185.890666999898,0.5845541043197248,578.5680919267915,1718.5890666999906,877.3944173727598,0.6,0.42757707223360886,2.774985532961197,2.8151797636258253,35.815871867036016,36.04438232465817,12.906687779671694,12.803581068029072,36.334646252768486,-8.323155999999932,-8.215737693750924,-4.886210666666667,-4.886210666666667,1.8402397118732765,2.0655448530438316,80.58551003581582,76.28794129772379,-9.139137086458504,29993.221137630557,-2.7249158042019204,-51500.9086994163,4,-28780.89761591303,9,5,5,0.28130090420591836,live,book,QQQ,63,dial50_h45,1.0
live|book|QQQ|63|dial65_h60,2527,153,0.060546102097348634,7,27465.306576197578,2.3934907691675438,336.63886101629186,3923.615225171081,4600.812167078597,0.7142857142857143,0.725079028806896,2.774985532961197,2.8097758317033095,35.815871867036016,36.18106153896329,12.906687779671694,12.8768498649339,36.264899390661974,-8.323155999999932,-8.323155999999932,-4.886210666666667,-4.886210666666667,2.0446118373400926,2.6391192485682864,78.19334523861804,74.97597064881373,-27.09048497490585,38256.67907366936,-2.5069622568161734,-47381.586653825674,1,-21537.926860251326,6,3,4,0.3101261119815697,live,book,QQQ,63,dial65_h60,1.0
live|book|QQQ|63|dial50_nohyst,2527,349,0.13810842896715472,10,30066.979478037865,1.148690715493329,629.71587032183,3006.6979478037874,-1097.0586238380192,0.4,0.6913684222567399,2.774985532961197,2.8270780154893567,35.815871867036016,36.21565441965259,12.906687779671694,12.810277686441488,36.48821327469498,-8.323155999999932,-8.374482367718317,-4.886210666666667,-4.886210666666667,2.0819696358825883,2.439129538893287,81.51290744035079,77.05302036059103,-6.702282931655645,19051.45981468241,-2.75028698951494,-51980.424101832374,5,-29569.038905769285,9,3,3,0.27366505966396265,live,book,QQQ,63,dial50_nohyst,1.0
live|book|QQQ|63|dial40_h35,2527,668,0.26434507320933914,13,4809.19285919347,0.09599187343699499,628.0325576006884,369.9379122456505,-1858.7298898474885,0.46153846153846156,0.09348222573757109,2.774985532961197,2.79424402633496,35.815871867036016,35.87981681364024,12.906687779671694,12.840616809227509,36.06443522811806,-8.323155999999932,-8.224225660192452,-4.886210666666667,-4.886210666666667,2.4470898142397193,2.5124322892811826,83.01956966711474,81.46693860693294,-9.41133436281234,47996.4492077583,-3.0410608556980456,-57476.05017269307,6,-50069.464010788586,10,4,4,0.2565196986625895,live,book,QQQ,63,dial40_h35,1.0
live|book|QQQ|63|vix25_h20,2527,586,0.23189552829442026,15,-115771.85947023025,-2.634172001597958,655.2400814201908,-7718.123964682017,-5672.372882696467,0.0,-3.888864048933677,2.774985532961197,2.7112578401453495,35.815871867036016,34.27652304305511,12.906687779671694,12.64229559266763,34.993358432943054,-8.323155999999932,-8.323155999999932,-4.886210666666667,-4.263125842568313,3.383261449173571,3.149619467608752,105.92270303332134,100.50357411730151,46.61134569905698,-119399.00390313633,-2.084465498884395,-39396.39792891506,14,-102114.22506047659,9,2,1,0.14687596180605494,live,book,QQQ,63,vix25_h20,1.0
live|book|QQQ|63|vixpct80_h60,2527,706,0.27938266719430155,21,-158242.70700393358,-2.988530821604033,1463.8303496132082,-7535.367000187313,-5026.772182064858,0.14285714285714285,-3.2435129089433516,2.774985532961197,2.652744275654395,35.815871867036016,33.711813712967086,12.906687779671694,12.708278752067367,34.23814212518262,-8.323155999999932,-8.170403299537332,-4.886210666666667,-4.886210666666667,3.5758464121186706,3.2012491620700394,95.30391766429987,91.63632730623011,38.802161207422614,-159595.62473804137,-1.9167769191622588,-36227.08377216669,18,-148812.98353128933,10,1,1,0.19574904043679736,live,book,QQQ,63,vixpct80_h60,1.0
live|book|QQQ|63|spydd5_h3,2527,796,0.3149980213692125,14,-138355.96797547367,-2.317520401599224,747.6713150744094,-9882.569141105265,-8950.167548953767,0.14285714285714285,-2.427623237449848,2.774985532961197,2.6800602306321344,35.815871867036016,33.97623572774994,12.906687779671694,12.677414984713279,34.59070062748387,-8.323155999999932,-8.323155999999932,-4.886210666666667,-4.886210666666667,3.438032629346791,3.1695606355200923,86.47331188830843,82.1907519529876,31.324346037581563,-126689.13478593815,-2.1641008105411643,-40901.505319228,13,-147858.22767714458,9,2,2,0.17071967168764904,live,book,QQQ,63,spydd5_h3,1.0
live|book|QQQ|63|always,2527,2527,1.0,1,-418592.4413543454,-2.2086397116704677,29.756965439517018,-418592.4413543454,-418592.4413543454,0.0,,2.774985532961197,2.442367131922451,35.815871867036016,30.250099793626433,12.906687779671694,12.385566198565648,31.522870015055304,-8.323155999999932,-10.76080826192194,-4.886210666666667,-4.263125842568313,2.774985532961197,2.442367131922451,81.30449074897075,78.02173335269605,21.802911185659468,-398350.4355860946,,,1,-418592.4413543454,11,2,1,0.24293206743075668,live,book,QQQ,63,always,1.0
live|book|QQQ|126|dial50_h45,2527,392,0.15512465373961218,10,25371.655393620196,0.8629814759734759,491.6312983189457,2537.1655393620194,6444.032613132031,0.6,0.5333705941768472,2.774985532961197,2.831631094647293,35.815871867036016,36.153223517699104,12.906687779671694,12.767631908704669,36.546978445822596,-8.323155999999932,-7.8876973333333655,-4.886210666666667,-4.886210666666667,1.8402397118732765,2.167365385019693,80.58551003581582,74.74330960438704,-9.139137086458504,29206.022338049792,-2.572605027863706,-48622.23502662404,4,-42664.48314448796,9,6,6,0.273917911459132,live,book,QQQ,126,dial50_h45,1.0
live|book|QQQ|126|dial65_h60,2527,153,0.060546102097348634,7,30090.365580864567,2.6222540811210946,286.1757298510956,4298.623654409223,3310.20533407664,0.8571428571428571,0.6136428022071609,2.774985532961197,2.81548287183773,35.815871867036016,36.21596537060429,12.906687779671694,12.86314533569345,36.33855837582299,-8.323155999999932,-8.323155999999932,-4.886210666666667,-4.886210666666667,2.0446118373400926,2.7447421076381184,78.19334523861804,73.41383066692462,-27.09048497490585,39900.75535301867,-2.3389589143805245,-44206.323481791915,1,-31449.13180187477,6,5,5,0.3234537451337805,live,book,QQQ,126,dial65_h60,1.0
live|book|QQQ|126|dial50_nohyst,2527,349,0.13810842896715472,10,25139.49171013742,0.9604390338161385,536.7170157483831,2513.949171013743,2511.8956501952644,0.6,0.5146624138452706,2.774985532961197,2.8284715645446274,35.815871867036016,36.150136576755294,12.906687779671694,12.780802547178983,36.50619937725702,-8.323155999999932,-8.068413149354736,-4.886210666666667,-4.886210666666667,2.0819696358825883,2.4457202022872897,81.51290744035079,75.62348916603189,-6.702282931655645,18974.726824631438,-2.5206691283784672,-47640.64652635303,5,-33412.14422532243,9,5,4,0.2725628271576479,live,book,QQQ,126,dial50_nohyst,1.0
live|book|QQQ|126|dial40_h35,2527,668,0.26434507320933914,13,13049.089817302163,0.2604608745968498,491.3280194296613,1003.7761397924727,3785.669705817765,0.6153846153846154,0.2853615770328709,2.774985532961197,2.818184350747304,35.815871867036016,35.989377770423964,12.906687779671694,12.770412893989915,36.37342552065223,-8.323155999999932,-7.8876973333333655,-4.886210666666667,-4.886210666666667,2.4470898142397193,2.597828037548108,83.01956966711474,79.79397732318006,-9.41133436281234,44707.68185333133,-2.8661682713392045,-54170.58032831096,6,-48262.13482207854,10,6,6,0.23894269818329988,live,book,QQQ,126,dial40_h35,1.0
live|book|QQQ|126|vix25_h20,2527,586,0.23189552829442026,15,-117019.26805472471,-2.6625544494817914,659.7105872662264,-7801.284536981647,-5298.403220525381,0.0,-4.106352609280995,2.774985532961197,2.710754143073683,35.815871867036016,34.25993700093441,12.906687779671694,12.638526104801077,34.986857372103515,-8.323155999999932,-8.323155999999932,-4.886210666666667,-4.257995249031168,3.383261449173571,3.147625527395176,105.92270303332134,100.42409856597516,46.61134569905698,-125853.59510081077,-1.8527599926311407,-35017.16386072856,14,-108849.99970729635,9,1,0,0.15481592997356514,live,book,QQQ,126,vix25_h20,1.0
live|book|QQQ|126|vixpct80_h60,2527,706,0.27938266719430155,21,-145090.50442321334,-2.7401417265951524,1427.0478557430051,-6909.071639200636,-4766.001134178674,0.09523809523809523,-3.2244820703218267,2.774985532961197,2.684296125900663,35.815871867036016,33.886690644788295,12.906687779671694,12.624050795967335,34.64537200518215,-8.323155999999932,-7.893598865305385,-4.886210666666667,-4.886210666666667,3.5758464121186706,3.3050472308927668,95.30391766429987,89.95144392129691,38.802161207422614,-175869.68269272347,-1.774934188740739,-33546.25616719997,18,-145472.407414834,10,2,2,0.21570968305385343,live,book,QQQ,126,vixpct80_h60,1.0
live|book|QQQ|126|spydd5_h3,2527,796,0.3149980213692125,14,-121077.8633906773,-2.0281049144167054,705.7497820222261,-8648.418813619806,-6692.538096603212,0.14285714285714285,-1.9435193491115903,2.774985532961197,2.6979028081944056,35.815871867036016,34.205972298406515,12.906687779671694,12.678726674108454,34.82098920526468,-8.323155999999932,-8.323155999999932,-4.886210666666667,-4.886210666666667,3.438032629346791,3.2248768308398343,86.47331188830843,82.20558933808329,31.324346037581563,-135048.70390007494,-2.0466241462436487,-38681.19636400496,13,-146579.65500383137,9,1,2,0.18198459110656395,live,book,QQQ,126,spydd5_h3,1.0
live|book|QQQ|126|always,2527,2527,1.0,1,-386094.7222244593,-2.037170411420442,19.628829722497247,-386094.7222244593,-386094.7222244593,0.0,,2.774985532961197,2.497768164892415,35.815871867036016,30.6822024302565,12.906687779671694,12.283847180660203,32.237913850269926,-8.323155999999932,-9.653370066592304,-4.886210666666667,-4.257995249031168,2.774985532961197,2.497768164892415,81.30449074897075,77.38096376940192,21.802911185659468,-388561.90621042356,,,1,-386094.7222244593,11,2,1,0.23696258060230677,live,book,QQQ,126,always,1.0
live|book|IWM|42|dial50_h45,2527,392,0.15512465373961218,10,94072.5342180711,3.1997460618391536,723.4863833515526,9407.253421807112,1710.3193837708882,0.6,1.4048276290811619,2.774985532961197,2.9015974198055736,35.815871867036016,37.066697806777675,12.906687779671694,12.774583253269297,37.45001195973152,-8.323155999999932,-8.815730520498244,-4.886210666666667,-4.886210666666667,1.8402397118732765,2.6494039734757027,80.58551003581582,75.14559946001559,-31.860576197504997,120218.41173863233,-2.4214954083308187,-45766.26321745247,3,-24830.181095998567,9,7,7,0.3234227538135268,live,book,IWM,42,dial50_h45,1.0
live|book|IWM|42|dial65_h60,2527,153,0.060546102097348634,7,68214.76622144484,5.944641936509354,376.4795011521208,9744.966603063545,13723.883298221019,0.5714285714285714,1.982317354913064,2.774985532961197,2.856088096198564,35.815871867036016,36.7228826090386,12.906687779671694,12.85775556360343,36.86263732887179,-8.323155999999932,-8.323155999999932,-4.886210666666667,-4.886210666666667,2.0446118373400926,3.4926448511002968,78.19334523861804,72.79391844835844,-49.182572029531,66039.9791155743,-2.0305373624271077,-38377.15614987234,2,-6545.997424093323,6,4,4,0.29487879091993324,live,book,IWM,42,dial65_h60,1.0
live|book|IWM|42|dial50_nohyst,2527,349,0.13810842896715472,10,110759.4597506239,4.231497984742077,807.5657851568106,11075.94597506239,3958.611374418236,0.5,1.5017718535067008,2.774985532961197,2.920092624023914,35.815871867036016,37.28857382493904,12.906687779671694,12.76965446854732,37.6887237859989,-8.323155999999932,-8.781982180918568,-4.886210666666667,-4.886210666666667,2.0819696358825883,3.152722080726216,81.51290744035079,75.13518166312492,-37.65456676483154,118687.8747087115,-2.476357252484421,-46803.152071955556,3,-29261.47565893003,9,6,6,0.3034607650897262,live,book,IWM,42,dial50_nohyst,1.0
live|book|IWM|42|dial40_h35,2527,668,0.26434507320933914,13,106275.62653770488,2.1212699907725523,733.7604952018971,8175.048195208067,-2474.198786853869,0.46153846153846156,1.2289608132752041,2.774985532961197,2.9185590883407766,35.815871867036016,37.22895498997502,12.906687779671694,12.755936701332976,37.66893091973766,-8.323155999999932,-8.890896973855966,-4.886210666666667,-4.886210666666667,2.4470898142397193,2.9805786518017348,83.01956966711474,79.45787987411433,-23.39311223477125,132600.92946974403,-2.8686054774284115,-54216.64352339698,5,-56448.251743222936,10,5,5,0.28511586161075714,live,book,IWM,42,dial40_h35,1.0
live|book|IWM|42|vix25_h20,2527,586,0.23189552829442026,15,-171140.42437927416,-3.8939800768890587,651.9045738836018,-11409.361625284944,-7379.531381717528,0.13333333333333333,-2.874390974615518,2.774985532961197,2.641303665925846,35.815871867036016,33.54032051794871,12.906687779671694,12.698396231616918,34.09048174740717,-8.323155999999932,-8.323155999999932,-4.886210666666667,-4.379622561828846,3.383261449173571,2.913605332691662,105.92270303332134,101.78083389516769,48.82571795023978,-146870.58162225017,-0.8411980893158785,-15898.643888070103,14,-151494.4224268118,9,2,1,0.17247566896274547,live,book,IWM,42,vix25_h20,1.0
live|book|IWM|42|vixpct80_h60,2527,706,0.27938266719430155,21,-141554.02182762927,-2.6733526313055576,1624.7295459073782,-6740.6677060775855,-6669.112969486818,0.23809523809523808,-1.4654801220223883,2.774985532961197,2.6592935470274335,35.815871867036016,33.933713128053675,12.906687779671694,12.760423972744524,34.32267152597877,-8.323155999999932,-8.416070554270227,-4.886210666666667,-4.886210666666667,3.5758464121186706,3.2204651946664944,95.30391766429987,92.64314210244058,31.936097564175725,-133140.8548219105,-1.1203854246811473,-21175.284526473686,16,-177566.89233608544,10,2,2,0.1984102347514656,live,book,IWM,42,vixpct80_h60,1.0
live|book|IWM|42|spydd5_h3,2527,796,0.3149980213692125,14,-144427.6204472635,-2.4192231230697403,789.649542219544,-10316.258603375967,-8146.23142876454,0.14285714285714285,-1.581674157687068,2.774985532961197,2.6658420584736793,35.815871867036016,33.89550461455161,12.906687779671694,12.71474598684905,34.40719111863707,-8.323155999999932,-8.323155999999932,-4.886210666666667,-4.886210666666667,3.438032629346791,3.122283180922144,86.47331188830843,82.91819682592222,18.723227712325752,-81524.42250872856,-1.150070947448532,-21736.340906777255,11,-179587.39507479133,9,2,2,0.18379480064890977,live,book,IWM,42,spydd5_h3,1.0
live|book|IWM|42|always,2527,2527,1.0,1,-292971.84500681807,-1.5458216330659178,25.91334926849629,-292971.84500681807,-292971.84500681807,0.0,,2.774985532961197,2.5943466371951387,35.815871867036016,31.9204013517099,12.906687779671694,12.30383052675661,33.48442203851885,-8.323155999999932,-8.890896973855966,-4.886210666666667,-4.379622561828846,2.774985532961197,2.5943466371951387,81.30449074897075,77.50684701734008,13.12668607570231,-235855.09496387484,,,1,-292971.84500681807,11,3,3,0.2389044276108047,live,book,IWM,42,always,1.0
live|book|IWM|63|dial50_h45,2527,392,0.15512465373961218,10,105242.24514565464,3.579668202233152,599.4557858569484,10524.224514565467,3936.689641957597,0.6,1.7428822195942815,2.774985532961197,2.917623896879566,35.815871867036016,37.21521473877878,12.906687779671694,12.755315987979435,37.6568606955336,-8.323155999999932,-8.567522975079545,-4.886210666666667,-4.886210666666667,1.8402397118732765,2.7602792587962695,80.58551003581582,74.31209220994907,-31.860576197504997,114801.76683235423,-2.265297360505626,-42814.12011355634,3,-17523.253125736628,9,7,7,0.30885039183766555,live,book,IWM,63,dial50_h45,1.0
live|book|IWM|63|dial65_h60,2527,153,0.060546102097348634,7,73473.2883449531,6.402900945093951,350.88682815847613,10496.184049279012,12715.024526231806,0.7142857142857143,2.15970759218508,2.774985532961197,2.861024741401569,35.815871867036016,36.792802016775,12.906687779671694,12.8600083335004,36.926353067186,-8.323155999999932,-8.323155999999932,-4.886210666666667,-4.886210666666667,2.0446118373400926,3.5802107032036754,78.19334523861804,73.0454049709084,-49.182572029531,72021.78744179057,-1.8574176584811193,-35105.19374529315,2,-7716.670664444975,6,5,5,0.32158849662202754,live,book,IWM,63,dial65_h60,1.0
live|book|IWM|63|dial50_nohyst,2527,349,0.13810842896715472,10,119534.1223180992,4.566728646345719,684.0747335125345,11953.412231809916,6653.91579706913,0.6,1.8703333599872167,2.774985532961197,2.9337946429027855,35.815871867036016,37.4052452385786,12.906687779671694,12.749783059651618,37.86557146561967,-8.323155999999932,-8.565351317463099,-4.886210666666667,-4.886210666666667,2.0819696358825883,3.2661336708284057,81.51290744035079,74.15555897378806,-37.65456676483154,116202.61871867873,-2.308584242247098,-43632.24217847015,3,-21784.70889894264,9,7,6,0.2971064708028826,live,book,IWM,63,dial50_nohyst,1.0
live|book|IWM|63|dial40_h35,2527,668,0.26434507320933914,13,129064.81652431835,2.5761440424015642,641.9171506580221,9928.062809562953,-1375.2027707725915,0.46153846153846156,1.7280815059432992,2.774985532961197,2.939686860816818,35.815871867036016,37.531969150461855,12.906687779671694,12.767335749506758,37.94162048256587,-8.323155999999932,-8.570325605693663,-4.886210666666667,-4.886210666666667,2.4470898142397193,3.060943933504968,83.01956966711474,79.73075217407153,-23.39311223477125,128580.98838783638,-2.772786606379259,-52405.666860567995,5,-21378.319350851718,10,6,6,0.27647226484430987,live,book,IWM,63,dial40_h35,1.0
live|book|IWM|63|vix25_h20,2527,586,0.23189552829442026,15,-200078.6038268265,-4.552414194011979,722.9726680403429,-13338.573588455096,-7595.705268287364,0.0,-2.648133977398967,2.774985532961197,2.6098880461861924,35.815871867036016,33.15554694080674,12.906687779671694,12.703819609908809,33.685010152022556,-8.323155999999932,-8.323155999999932,-4.886210666666667,-4.317035931401887,3.383261449173571,2.8068013947479975,105.92270303332134,101.92985630060431,48.82571795023978,-147557.8547064679,-0.3952148910229475,-7469.561440333707,14,-181303.16716771186,9,0,0,0.17328275969290557,live,book,IWM,63,vix25_h20,1.0
live|book|IWM|63|vixpct80_h60,2527,706,0.27938266719430155,21,-121173.88334363513,-2.28845860894495,1616.1693366538336,-5770.184921125481,-6031.303001311452,0.19047619047619047,-1.226955807165772,2.774985532961197,2.6738877817534314,35.815871867036016,34.20469557881039,12.906687779671694,12.792120825796319,34.51103475697047,-8.323155999999932,-8.351367566015044,-4.886210666666667,-4.886210666666667,3.5758464121186706,3.2653803464082896,95.30391766429987,93.23998602062761,31.936097564175725,-140828.1138716332,-1.005537799102841,-19004.664403043695,16,-177183.07535408819,10,3,3,0.20986600371652864,live,book,IWM,63,vixpct80_h60,1.0
live|book|IWM|63|spydd5_h3,2527,796,0.3149980213692125,14,-111739.36430979142,-1.8716811442176113,836.9215557050986,-7981.383164985101,-7363.4147088569325,0.21428571428571427,-1.251237697208075,2.774985532961197,2.6977827537160586,35.815871867036016,34.33014070723823,12.906687779671694,12.725316988534457,34.8194396995961,-8.323155999999932,-8.508937143178585,-4.886210666666667,-4.886210666666667,3.438032629346791,3.2199588322675186,86.47331188830843,83.10232047407834,18.723227712325752,-87029.68595375195,-1.1244875498969031,-21252.81469305147,11,-155697.11184244286,9,2,2,0.1962062813593616,live,book,IWM,63,spydd5_h3,1.0
live|book|IWM|63|always,2527,2527,1.0,1,-256913.93974463028,-1.3555675491076655,24.900825178508455,-256913.93974463028,-256913.93974463028,0.0,,2.774985532961197,2.6204608104116107,35.815871867036016,32.399841643284695,12.906687779671694,12.364177138064305,33.82146951884812,-8.323155999999932,-9.784088604989707,-4.886210666666667,-4.317035931401887,2.774985532961197,2.6204608104116107,81.30449074897075,77.8869949363535,13.12668607570231,-233171.95357874682,,,1,-256913.93974463028,11,3,2,0.23618659632159278,live,book,IWM,63,always,1.0
live|book|IWM|126|dial50_h45,2527,392,0.15512465373961218,10,98733.90408791503,3.3582960574120757,476.83673177944445,9873.390408791503,3447.489449332642,0.5,1.580091076161609,2.774985532961197,2.919319486049193,35.815871867036016,37.128677239950115,12.906687779671694,12.718264450801007,37.67874513554857,-8.323155999999932,-8.372622351637293,-4.886210666666667,-4.886210666666667,1.8402397118732765,2.7746797403355257,80.58551003581582,72.65990017505146,-31.860576197504997,98643.20168078439,-1.6536657289168455,-31254.28227652838,3,-19560.871241876648,9,7,6,0.2653791168190104,live,book,IWM,126,dial50_h45,1.0
live|book|IWM|126|dial65_h60,2527,153,0.060546102097348634,7,77352.47148923224,6.740956121065992,296.6024928425992,11050.353069890321,9212.922930878049,0.7142857142857143,2.101510733438535,2.774985532961197,2.8702829409918924,35.815871867036016,36.84438118323633,12.906687779671694,12.83649798319322,37.04584575870019,-8.323155999999932,-8.323155999999932,-4.886210666666667,-4.886210666666667,2.0446118373400926,3.798765005088287,78.19334523861804,70.25556987322297,-49.182572029531,67287.58985041588,-1.3660856950586373,-25819.019636608242,2,-7209.313225046404,6,5,5,0.3004495671369423,live,book,IWM,126,dial65_h60,1.0
live|book|IWM|126|dial50_nohyst,2527,349,0.13810842896715472,10,108487.98018490503,4.144717485574213,545.5488788545027,10848.7980184905,4903.835356269535,0.6,1.7177518134218648,2.774985532961197,2.930449704379724,35.815871867036016,37.25837132655829,12.906687779671694,12.714216275704556,37.82239938846031,-8.323155999999932,-8.377441048424261,-4.886210666666667,-4.886210666666667,2.0819696358825883,3.2538518185725698,81.51290744035079,72.37660523069937,-37.65456676483154,101788.23576905519,-1.681150983084634,-31773.753580299584,3,-19623.24124068416,9,7,5,0.26025182420208703,live,book,IWM,126,dial50_nohyst,1.0
live|book|IWM|126|dial40_h35,2527,668,0.26434507320933914,13,113371.27362752767,2.262899673204145,474.10891320747754,8720.867202117513,-91.52364881640813,0.46153846153846156,1.849407671130893,2.774985532961197,2.9372998572728806,35.815871867036016,37.32330154407792,12.906687779671694,12.70667053336888,37.9108121730953,-8.323155999999932,-8.3678758357844,-4.886210666666667,-4.886210666666667,2.4470898142397193,3.0548418269777007,83.01956966711474,78.26223926448532,-23.39311223477125,108846.8355975506,-2.0041446409456736,-37878.33371387323,5,-16536.998185595035,10,6,7,0.23404028492938425,live,book,IWM,126,dial40_h35,1.0
live|book|IWM|126|vix25_h20,2527,586,0.23189552829442026,15,-129426.66982400914,-2.9448616569740413,694.0603469344672,-8628.44465493394,-9880.520277054224,0.0,-4.732149983544928,2.774985532961197,2.6687417954329633,35.815871867036016,34.09496323779711,12.906687779671694,12.775669529417968,34.44461711821372,-8.323155999999932,-8.323155999999932,-4.886210666666667,-4.21004385279949,3.383261449173571,3.0145171126391013,105.92270303332134,103.3717695346007,48.82571795023978,-134312.99467971802,-0.25313326152183274,-4784.218642762638,14,-118954.2077811241,9,1,1,0.15772882051598372,live,book,IWM,126,vix25_h20,1.0
live|book|IWM|126|vixpct80_h60,2527,706,0.27938266719430155,21,-90667.054495106,-1.7123145324854774,1404.662561348604,-4317.4787854812375,-5318.692134523827,0.09523809523809523,-1.1342739462500098,2.774985532961197,2.718322206617713,35.815871867036016,34.61032654410939,12.906687779671694,12.732238459389066,35.08453600536303,-8.323155999999932,-8.315551827781453,-4.886210666666667,-4.886210666666667,3.5758464121186706,3.407663884936008,95.30391766429987,92.03079649710193,31.936097564175725,-141812.0344475547,-0.5588145128270768,-10561.594292431753,16,-137636.43379342635,10,3,2,0.21133226974513802,live,book,IWM,126,vixpct80_h60,1.0
live|book|IWM|126|spydd5_h3,2527,796,0.3149980213692125,14,-49558.811363977686,-0.8301308436177166,687.2326342366867,-3539.9150974269796,-5045.876965462874,0.21428571428571427,-0.6192996401038172,2.774985532961197,2.750587492689822,35.815871867036016,35.15691814252882,12.906687779671694,12.781603288739088,35.50097397881753,-8.323155999999932,-8.323155999999932,-4.886210666666667,-4.886210666666667,3.438032629346791,3.376757601443085,86.47331188830843,84.13993030211131,18.723227712325752,-82445.33845574103,-0.8989863685220445,-16990.84236506664,11,-105344.10054862527,9,3,2,0.18587098294725646,live,book,IWM,126,spydd5_h3,1.0
live|book|IWM|126|always,2527,2527,1.0,1,-165595.3117492241,-0.8737386189116165,12.827726108748006,-165595.3117492241,-165595.3117492241,0.0,,2.774985532961197,2.7234310289791526,35.815871867036016,33.614050547378746,12.906687779671694,12.342537846452675,35.15047398050394,-8.323155999999932,-8.3678758357844,-4.886210666666667,-4.21004385279949,2.774985532961197,2.7234310289791526,81.30449074897075,77.75068021218212,13.12668607570231,-218471.53226908256,,,1,-165595.3117492241,11,3,3,0.22129611562554952,live,book,IWM,126,always,1.0
live|book|ADAPT|42|dial50_h45,2527,392,0.15512465373961218,10,27425.458490610257,0.9328387241704172,1105.5422533931207,2742.5458490610263,1926.3482076346302,0.6,0.43220975559462954,2.774985532961197,2.832174068827396,35.815871867036016,36.180531702922245,12.906687779671694,12.774826272561016,36.55398644403761,-8.323155999999932,-7.925738617264022,-4.886210666666667,-4.886210666666667,1.8402397118732765,2.1729479359355164,80.58551003581582,75.0616288301282,-14.215401839464903,78254.1339568157,-3.944496502851384,-74550.98390389116,4,-60556.92136567503,9,6,6,0.47184717477891375,live,book,ADAPT,42,dial50_h45,1.0
live|book|ADAPT|42|dial65_h60,2527,153,0.060546102097348634,7,52110.52891468718,4.541222563371432,532.2960286642734,7444.3612735267425,13559.06783541469,0.7142857142857143,1.4496565622521385,2.774985532961197,2.8353571211749746,35.815871867036016,36.50875424595706,12.906687779671694,12.876245455397099,36.595069106874156,-8.323155999999932,-8.323155999999932,-4.886210666666667,-4.886210666666667,2.0446118373400926,3.0956284651673673,78.19334523861804,74.93299509016309,-34.79369664564729,65119.23405292436,-3.6828100349251676,-69605.10966008567,2,-17495.505319586166,6,4,4,0.41101394550733444,live,book,ADAPT,42,dial65_h60,1.0
live|book|ADAPT|42|dial50_nohyst,2527,349,0.13810842896715472,10,46238.3349392481,1.766507543046728,1189.6216551983787,4623.833493924811,921.3385409538448,0.6,0.8082855704231631,2.774985532961197,2.849462201110677,35.815871867036016,36.430675212488616,12.906687779671694,12.78510562389229,36.77711896971158,-8.323155999999932,-8.31683962299583,-4.886210666666667,-4.886210666666667,2.0819696358825883,2.606851649952922,81.51290744035079,75.85772520466122,-15.367065276950598,71033.54852765777,-3.9823046119958434,-75265.55716672144,4,-47141.66936219455,9,4,4,0.4450270659760218,live,book,ADAPT,42,dial50_nohyst,1.0
live|book|ADAPT|42|dial40_h35,2527,668,0.26434507320933914,13,-9652.217271850555,-0.1926590273822463,1123.954945308723,-742.478251680812,-2537.302202847764,0.46153846153846156,-0.11585695208011493,2.774985532961197,2.7965635130732935,35.815871867036016,35.68753213599755,12.906687779671694,12.761209237396729,36.094372119258814,-8.323155999999932,-7.913160412214504,-4.886210666666667,-4.886210666666667,2.4470898142397193,2.514916536024614,83.01956966711474,79.56445997430619,-9.670462890062481,81646.84731862236,-4.264323037106206,-80595.70540130729,6,-96727.03229722142,10,5,5,0.4246733146578917,live,book,ADAPT,42,dial40_h35,1.0
live|book|ADAPT|42|vix25_h20,2527,586,0.23189552829442026,15,-186842.25934403756,-4.251245946394484,921.0740668796717,-12456.150622935838,-7715.1981604248895,0.0,-2.650063939611454,2.774985532961197,2.629213005469713,35.815871867036016,33.33154265692138,12.906687779671694,12.677383912060275,33.93443136784983,-8.323155999999932,-8.323155999999932,-4.886210666666667,-4.379622561828846,3.383261449173571,2.870046296655001,105.92270303332134,101.34950118606906,49.16444197297096,-175982.04651978376,-2.8656040975299097,-54159.917443315295,14,-154896.0970620537,9,1,1,0.20523853739200193,live,book,ADAPT,42,vix25_h20,1.0
live|book|ADAPT|42|vixpct80_h60,2527,706,0.27938266719430155,21,-169889.12242698533,-3.208482009952508,2246.2148322691055,-8089.958210808823,-9925.716930420018,0.14285714285714285,-2.16524032967966,2.774985532961197,2.6321292378286567,35.815871867036016,33.55695832784064,12.906687779671694,12.748978220964199,33.9720702683997,-8.323155999999932,-7.8876973333333655,-4.886210666666667,-4.886210666666667,3.5758464121186706,3.135354242413691,95.30391766429987,92.44859646591117,34.75730745121837,-170449.02789719676,-3.1882745317983403,-60258.38865098863,18,-119966.8690751392,10,2,1,0.23339039526209032,live,book,ADAPT,42,vixpct80_h60,1.0
live|book|ADAPT|42|spydd5_h3,2527,796,0.3149980213692125,14,-167050.42842643108,-2.798164630258477,921.3443050416957,-11932.173459030791,-10285.781680874728,0.07142857142857142,-2.072546803656275,2.774985532961197,2.639278506309563,35.815871867036016,33.594702735604244,12.906687779671694,12.728744865421145,34.0643436445358,-8.323155999999932,-8.323155999999932,-4.886210666666667,-4.886210666666667,3.438032629346791,3.039369361376157,86.47331188830843,83.2010036748883,27.05042576417327,-131260.113883168,-3.3657031977946095,-63611.790438318116,12,-136226.28291640477,9,1,1,0.2048259044426883,live,book,ADAPT,42,spydd5_h3,1.0
live|book|ADAPT|42|always,2527,2527,1.0,1,-603116.3392659726,-3.1822521528345735,34.83749089800141,-603116.3392659726,-603116.3392659726,0.0,,2.774985532961197,2.2735031314729444,35.815871867036016,27.79659644189288,12.906687779671694,12.226328636672774,29.34339508402718,-8.323155999999932,-13.294110536505531,-4.886210666666667,-4.379622561828846,2.774985532961197,2.2735031314729444,81.30449074897075,77.0186309999608,19.75444215349853,-529685.0717001045,,,1,-603116.3392659726,11,3,2,0.3565225454466857,live,book,ADAPT,42,always,1.0
live|book|ADAPT|63|dial50_h45,2527,392,0.15512465373961218,10,49904.10458095483,1.6974185231617294,959.2361171211261,4990.410458095484,8094.455831485626,0.7,0.7795111762876265,2.774985532961197,2.849922845048295,35.815871867036016,36.47941674789082,12.906687779671694,12.800141874462792,36.78306435719201,-8.323155999999932,-8.082241294567494,-4.886210666666667,-4.886210666666667,1.8402397118732765,2.299856677122481,80.58551003581582,76.19706967445124,-14.215401839464903,76916.0757386717,-3.5786596445336745,-67636.66728168644,4,-56350.317009441846,9,6,6,0.4637791155212473,live,book,ADAPT,63,dial50_h45,1.0
live|book|ADAPT|63|dial65_h60,2527,153,0.060546102097348634,7,58177.70506823063,5.069952511392648,522.3352951454068,8311.100724032947,12715.024526231806,0.7142857142857143,1.356307029383692,2.774985532961197,2.8371415174094103,35.815871867036016,36.5894258402424,12.906687779671694,12.8965811594947,36.61809975194724,-8.323155999999932,-8.323155999999932,-4.886210666666667,-4.886210666666667,2.0446118373400926,3.113355798175562,78.19334523861804,77.20223960308797,-34.79369664564729,77173.97852407231,-3.2623958171651477,-61659.2809444213,2,-22580.031526057202,6,4,4,0.4871000383373336,live,book,ADAPT,63,dial65_h60,1.0
live|book|ADAPT|63|dial50_nohyst,2527,349,0.13810842896715472,10,70894.38434432304,2.708476956803173,1043.8550647767122,7089.438434432304,2575.17795442983,0.6,1.2748742200926075,2.774985532961197,2.871597246665394,35.815871867036016,36.75851188047854,12.906687779671694,12.80071985135238,37.06280909167513,-8.323155999999932,-8.246881781173787,-4.886210666666667,-4.886210666666667,2.0819696358825883,2.7756402820901567,81.51290744035079,76.63209759293684,-15.367065276950598,71522.68740171002,-3.6370234116435776,-68739.74248006362,4,-38140.992733746374,9,5,4,0.4480915339983329,live,book,ADAPT,63,dial50_nohyst,1.0
live|book|ADAPT|63|dial40_h35,2527,668,0.26434507320933914,13,35169.68890939549,0.7019897985907285,1055.2887584490418,2705.360685338115,186.18377652877334,0.5384615384615384,0.42430113172615647,2.774985532961197,2.8313851312027003,35.815871867036016,36.28350207968171,12.906687779671694,12.814753344512125,36.54380387243803,-8.323155999999932,-8.08754166412693,-4.886210666666667,-4.886210666666667,2.4470898142397193,2.6502271030163946,83.01956966711474,80.86102721193393,-9.670462890062481,82467.38441435808,-4.004981262691219,-75694.14586486404,6,-69296.61693636322,10,5,5,0.42894121010872277,live,book,ADAPT,63,dial40_h35,1.0
live|book|ADAPT|63|vix25_h20,2527,586,0.23189552829442026,15,-199787.24338181314,-4.545784832350698,1027.0119383752492,-13319.149558787547,-7595.705268287364,0.0,-2.92069604377841,2.774985532961197,2.6210644933224065,35.815871867036016,33.15942098550498,12.906687779671694,12.651127459848494,33.82926106569569,-8.323155999999932,-8.323155999999932,-4.886210666666667,-4.317035931401887,3.383261449173571,2.839296775822094,105.92270303332134,100.80034715707829,49.16444197297096,-178452.31087808718,-2.221599199309227,-41988.22486694439,14,-165573.7297454542,9,1,1,0.2081194758393951,live,book,ADAPT,63,vix25_h20,1.0
live|book|ADAPT|63|vixpct80_h60,2527,706,0.27938266719430155,21,-170955.10530388245,-3.2286138867588754,2350.5870835458286,-8140.719300184878,-8360.912668920038,0.19047619047619047,-2.271654846001276,2.774985532961197,2.6274102021773835,35.815871867036016,33.542784594297416,12.906687779671694,12.766481825525336,33.911163148627566,-8.323155999999932,-8.089384775749764,-4.886210666666667,-4.886210666666667,3.5758464121186706,3.120291134209766,95.30391766429987,92.792468088458,34.75730745121837,-190619.90168214255,-2.588797486088538,-48928.27248707337,18,-134661.9820696511,10,2,1,0.26100972676270523,live,book,ADAPT,63,vixpct80_h60,1.0
live|book|ADAPT|63|spydd5_h3,2527,796,0.3149980213692125,14,-159557.1042135675,-2.67264831178505,1047.337429327135,-11396.93601525482,-10487.723999585503,0.07142857142857142,-2.51897995921094,2.774985532961197,2.6518962104719286,35.815871867036016,33.69433696336531,12.906687779671694,12.705752521652835,34.227196412655715,-8.323155999999932,-8.323155999999932,-4.886210666666667,-4.886210666666667,3.438032629346791,3.079912927239953,86.47331188830843,82.75269373234141,27.05042576417327,-145346.08521258057,-2.8011536152408114,-52941.80332805133,12,-139652.95135224398,9,1,0,0.22680647212731447,live,book,ADAPT,63,spydd5_h3,1.0
live|book|ADAPT|63|always,2527,2527,1.0,1,-522199.2918483181,-2.755305589491192,29.756965439517018,-522199.2918483181,-522199.2918483181,0.0,,2.774985532961197,2.3531261659017413,35.815871867036016,28.872501781518206,12.906687779671694,12.269848595412642,30.371064729469715,-8.323155999999932,-11.613773626087575,-4.886210666666667,-4.317035931401887,2.774985532961197,2.3531261659017413,81.30449074897075,77.29278097113576,19.75444215349853,-530270.1595481547,,,1,-522199.2918483181,11,3,3,0.3569163587143076,live,book,ADAPT,63,always,1.0
live|book|ADAPT|126|dial50_h45,2527,392,0.15512465373961218,10,50013.487370929586,1.701139026222094,791.7203609966018,5001.348737092958,7611.121935826046,0.6,0.6796948499679779,2.774985532961197,2.861547207161632,35.815871867036016,36.480871145098234,12.906687779671694,12.748652565925553,36.9330963696267,-8.323155999999932,-7.8876973333333655,-4.886210666666667,-4.886210666666667,1.8402397118732765,2.3705020438606894,80.58551003581582,73.95117041854547,-14.215401839464903,74586.59608309311,-3.206452176876184,-60601.946142959874,4,-68506.29211650467,9,6,6,0.4497331049322568,live,book,ADAPT,126,dial50_h45,1.0
live|book|ADAPT|126|dial65_h60,2527,153,0.060546102097348634,7,60637.12888718464,5.2842813845041094,451.66330952373534,8662.44698388352,9212.922930878049,0.7142857142857143,1.094184568862731,2.774985532961197,2.8423936622681767,35.815871867036016,36.62212732038362,12.906687779671694,12.884255902526837,36.685887545812946,-8.323155999999932,-8.323155999999932,-4.886210666666667,-4.886210666666667,2.0446118373400926,3.214525681634995,78.19334523861804,75.83090938586982,-34.79369664564729,81942.77530886521,-2.94140263570391,-55592.5098148039,2,-30546.759291159124,6,4,4,0.5171993171502177,live,book,ADAPT,126,dial65_h60,1.0
live|book|ADAPT|126|dial50_nohyst,2527,349,0.13810842896715472,10,59890.37775024975,2.288075558748796,860.4325080716601,5989.037775024975,4742.262175814464,0.6,0.9889466371028839,2.774985532961197,2.8708015024654276,35.815871867036016,36.6121982193939,12.906687779671694,12.753301887278365,37.05253866973367,-8.323155999999932,-7.971808963194071,-4.886210666666667,-4.886210666666667,2.0819696358825883,2.7724859804562807,81.51290744035079,74.31217799905986,-15.367065276950598,71307.11444303514,-3.2040327967474402,-60556.21985852661,4,-48386.43192011205,9,5,4,0.446740963693296,live,book,ADAPT,126,dial50_nohyst,1.0
live|book|ADAPT|126|dial40_h35,2527,668,0.26434507320933914,13,35654.8394885028,0.7116734428842874,833.794840946894,2742.67996065406,2464.1357971819025,0.6923076923076923,0.45068017843286046,2.774985532961197,2.8491089327457955,35.815871867036016,36.28995283530419,12.906687779671694,12.737299166841673,36.77255944522362,-8.323155999999932,-7.8876973333333655,-4.886210666666667,-4.886210666666667,2.4470898142397193,2.7145838671036002,83.01956966711474,79.00062016177249,-9.670462890062481,76047.28841794327,-3.5798212760969874,-67658.62211823306,6,-71887.42131818792,10,6,6,0.39554808426542426,live,book,ADAPT,126,dial40_h35,1.0
live|book|ADAPT|126|vix25_h20,2527,586,0.23189552829442026,15,-167092.91059987395,-3.80188647553752,1013.8186626876818,-11139.527373324932,-9848.034642328046,0.0,-4.207774413914562,2.774985532961197,2.635320291880162,35.815871867036016,33.594137875680346,12.906687779671694,12.747648921153603,34.013256206730524,-8.323155999999932,-8.323155999999932,-4.886210666666667,-4.21004385279949,3.383261449173571,2.89822137110394,105.92270303332134,102.82552049788751,49.16444197297096,-177589.60611311859,-2.0370864169890885,-38500.93328109377,14,-139589.3326601856,9,1,1,0.207113348977793,live,book,ADAPT,126,vix25_h20,1.0
live|book|ADAPT|126|vixpct80_h60,2527,706,0.27938266719430155,21,-151335.20596526805,-2.8580775441976973,2175.750985705109,-7206.438379298478,-7069.244636114901,0.09523809523809523,-2.125276217343854,2.774985532961197,2.6536429752232142,35.815871867036016,33.80365860212386,12.906687779671694,12.738585754656926,34.249741359925096,-8.323155999999932,-7.8876973333333655,-4.886210666666667,-4.886210666666667,3.5758464121186706,3.2032563505524827,95.30391766429987,92.2253997972017,34.75730745121837,-210959.6637979269,-2.2952113645309162,-43379.494789634315,18,-124623.38567567359,10,2,2,0.2888603116460812,live,book,ADAPT,126,vixpct80_h60,1.0
live|book|ADAPT|126|spydd5_h3,2527,796,0.3149980213692125,14,-113334.51460763502,-1.898400579692379,979.8326654381729,-8095.322471973931,-6831.475414957602,0.07142857142857142,-2.0829260333713333,2.774985532961197,2.6801659277141763,35.815871867036016,34.308930952585456,12.906687779671694,12.80104735226091,34.59206482672101,-8.323155999999932,-8.323155999999932,-4.886210666666667,-4.886210666666667,3.438032629346791,3.1595433314273524,86.47331188830843,84.55712262161379,27.05042576417327,-151455.56992745964,-2.6980417111355752,-50992.988340462376,12,-98541.91374472716,9,2,2,0.23634006687581294,live,book,ADAPT,126,spydd5_h3,1.0
live|book|ADAPT|126|always,2527,2527,1.0,1,-462647.5759200954,-2.4410899666012154,19.628829722497247,-462647.5759200954,-462647.5759200954,0.0,,2.774985532961197,2.414323982857199,35.815871867036016,29.66432515120095,12.906687779671694,12.286803826591289,31.1609258457113,-8.323155999999932,-10.016946267775628,-4.886210666666667,-4.21004385279949,2.774985532961197,2.414323982857199,81.30449074897075,77.39958888808887,19.75444215349853,-510581.24219547055,,,1,-462647.5759200954,11,3,3,0.3436640635172048,live,book,ADAPT,126,always,1.0
live|subbook|SPY|42|dial50_h45,2527,392,0.15512465373961218,10,18155.58554637572,0.6175369233461127,631.19305345316,1815.558554637572,3073.2046499895346,0.5,0.5307930567029704,2.774985532961197,2.8218267677373285,35.815871867036016,36.05727577457785,12.906687779671694,12.777990550954426,36.42043705950585,-8.323155999999932,-7.8876973333333655,-4.886210666666667,-4.886210666666667,1.8402397118732765,2.102897703856428,80.58551003581582,75.18185512637154,-9.656776604242623,28068.06911067209,-2.228242065348433,-42113.77503508539,4,-30750.420848412243,9,6,5,0.2491343223310646,live,subbook,SPY,42,dial50_h45,1.0
live|subbook|SPY|42|dial65_h60,2527,153,0.060546102097348634,7,30542.622490067268,2.6616664479361454,400.898968036582,4363.231784295324,6680.623915709108,0.5714285714285714,1.3509668796002214,2.774985532961197,2.81794112290319,35.815871867036016,36.221978758870705,12.906687779671694,12.854058044176925,36.37028625480894,-8.323155999999932,-8.323155999999932,-4.886210666666667,-4.886210666666667,2.0446118373400926,2.793459048455037,78.19334523861804,72.357489669788,-28.741608001291752,30249.38779611942,-2.0721932242189993,-39164.45193773909,2,-8397.995830033982,6,4,4,0.23112843268301567,live,subbook,SPY,42,dial65_h60,1.0
live|subbook|SPY|42|dial50_nohyst,2527,349,0.13810842896715472,10,27805.994079911616,1.0623111396336815,665.9138260835376,2780.5994079911625,1679.9104845306697,0.5,0.9864866475547511,2.774985532961197,2.8295347751608175,35.815871867036016,36.185591455910185,12.906687779671694,12.788530387951694,36.519921904724214,-8.323155999999932,-7.8876973333333655,-4.886210666666667,-4.886210666666667,2.0819696358825883,2.4548039683892964,81.51290744035079,76.0024291831342,-10.85759288398549,27344.117988911068,-2.2435408020819354,-42402.921159348574,4,-19595.441535860056,9,5,5,0.24246229769887898,live,subbook,SPY,42,dial50_nohyst,1.0
live|subbook|SPY|42|dial40_h35,2527,668,0.26434507320933914,13,19586.407942898717,0.39094626632532353,689.2017897218236,1506.6467648383627,3170.480611660703,0.6153846153846154,0.4565115765391592,2.774985532961197,2.830031428555723,35.815871867036016,36.076300559905576,12.906687779671694,12.747667815942506,36.52633205502697,-8.323155999999932,-7.8876973333333655,-4.886210666666667,-4.886210666666667,2.4470898142397193,2.641881636074202,83.01956966711474,79.24746515373297,-7.431926764547825,35867.46123542532,-2.5697406623396772,-48568.09851821991,6,-35100.70315077794,10,5,5,0.24275156090426864,live,subbook,SPY,42,dial40_h35,1.0
live|subbook|SPY|42|vix25_h20,2527,586,0.23189552829442026,15,-104318.74612459066,-2.3735778412876147,581.0293632882231,-6954.583074972709,-5426.188017011151,0.06666666666666667,-2.7424431624613628,2.774985532961197,2.7306033782389187,35.815871867036016,34.42880820665364,12.906687779671694,12.60849835645418,35.243045253046496,-8.323155999999932,-8.323155999999932,-4.886210666666667,-4.193092599661014,3.383261449173571,3.2146729082847734,105.92270303332134,99.75659322148528,34.36483573168516,-86805.28808787582,-1.6092925663938629,-30415.62950484401,14,-92719.82088206794,9,1,0,0.1448350160692,live,subbook,SPY,42,vix25_h20,1.0
live|subbook|SPY|42|vixpct80_h60,2527,706,0.27938266719430155,21,-90553.37127291958,-1.7101675405650538,1122.0231989959375,-4312.065298710457,-994.3538520162377,0.14285714285714285,-3.0735095338606295,2.774985532961197,2.743819256960339,35.815871867036016,34.611838121578906,12.906687779671694,12.614474526256744,35.41361847343787,-8.323155999999932,-7.8876973333333655,-4.886210666666667,-4.886210666666667,3.5758464121186706,3.4967746256036727,95.30391766429987,89.69525850155492,25.311967497691512,-76653.17643510156,-1.8200925062432023,-34399.74836799652,18,-76879.5142334902,10,3,2,0.1441248367903234,live,subbook,SPY,42,vixpct80_h60,1.0
live|subbook|SPY|42|spydd5_h3,2527,796,0.3149980213692125,14,-107604.16413811056,-1.8024148096835941,556.2344372363693,-7686.011724150755,-7383.168155589367,0.07142857142857142,-5.572037162078555,2.774985532961197,2.722175719175161,35.815871867036016,34.38512397821903,12.906687779671694,12.631485813354463,35.13427208879706,-8.323155999999932,-8.323155999999932,-4.886210666666667,-4.886210666666667,3.438032629346791,3.305900783277209,86.47331188830843,81.27455643073377,21.03931016754359,-69912.63224342345,-1.7790298664603483,-33623.66447610058,13,-99451.86999836746,9,3,1,0.14026533953080916,live,subbook,SPY,42,spydd5_h3,1.0
live|subbook|SPY|42|always,2527,2527,1.0,1,-338034.51048159576,-1.7835879724658792,24.028367506768678,-338034.51048159576,-338034.51048159576,0.0,,2.774985532961197,2.5642779166632326,35.815871867036016,31.321230176422,12.906687779671694,12.214444453500878,33.09633445067933,-8.323155999999932,-11.544182472541653,-4.886210666666667,-4.193092599661014,2.774985532961197,2.5642779166632326,81.30449074897075,76.94376768279895,15.896043414250016,-265476.1840095021,,,1,-338034.51048159576,11,3,2,0.2220601156475924,live,subbook,SPY,42,always,1.0
live|subbook|SPY|63|dial50_h45,2527,392,0.15512465373961218,10,10003.051325866716,0.34023984101587507,616.492996782126,1000.3051325866714,1271.814185418904,0.5,0.34183698391466294,2.774985532961197,2.8140194861200865,35.815871867036016,35.94887642760155,12.906687779671694,12.774920928911953,36.31967091326414,-8.323155999999932,-7.8876973333333655,-4.886210666666667,-4.886210666666667,1.8402397118732765,2.04844478249015,80.58551003581582,75.03145660352929,-9.656776604242623,28250.867626285264,-2.007624662509125,-37944.10612142247,4,-29925.866588809142,9,6,5,0.250756855898687,live,subbook,SPY,63,dial50_h45,1.0
live|subbook|SPY|63|dial65_h60,2527,153,0.060546102097348634,7,21818.280454093245,1.9013752029710889,351.1959453297514,3116.897207727607,4086.220554331142,0.8571428571428571,1.1477541508233546,2.774985532961197,2.8114051369110364,35.815871867036016,36.10597642709043,12.906687779671694,12.84267996563491,36.28592832427589,-8.323155999999932,-8.323155999999932,-4.886210666666667,-4.886210666666667,2.0446118373400926,2.6772152596221153,78.19334523861804,70.99109203473023,-28.741608001291752,37170.33814831609,-1.8703781587253459,-35350.147199909035,2,-11128.211645613457,6,6,5,0.2840097808399325,live,subbook,SPY,63,dial65_h60,1.0
live|subbook|SPY|63|dial50_nohyst,2527,349,0.13810842896715472,10,22787.69630200386,0.8705901165999568,629.8108162676724,2278.769630200387,2234.491394101009,0.6,1.1230271673869041,2.774985532961197,2.827385719924244,35.815871867036016,36.11886616689645,12.906687779671694,12.774651124666574,36.492184719764495,-8.323155999999932,-7.8876973333333655,-4.886210666666667,-4.886210666666667,2.0819696358825883,2.4366303373016613,81.51290744035079,75.32024249559457,-10.85759288398549,28429.103018924787,-2.0463352426072627,-38675.73608527726,4,-13859.670138249618,9,7,5,0.25208293945637494,live,subbook,SPY,63,dial50_nohyst,1.0
live|subbook|SPY|63|dial40_h35,2527,668,0.26434507320933914,13,20251.532688454485,0.40422220935038866,672.9434288650164,1557.81020680419,3397.8960841654903,0.6153846153846154,0.6045619267393153,2.774985532961197,2.8323108096688623,35.815871867036016,36.08514432383541,12.906687779671694,12.7405312300645,36.555751315385145,-8.323155999999932,-7.8876973333333655,-4.886210666666667,-4.886210666666667,2.4470898142397193,2.6503090883769915,83.01956966711474,79.07499275316674,-7.431926764547825,37171.55280275661,-2.3796007235355523,-44974.45367482193,6,-13217.06133668006,10,5,5,0.2515776738386042,live,subbook,SPY,63,dial40_h35,1.0
live|subbook|SPY|63|vix25_h20,2527,586,0.23189552829442026,15,-115689.27333085655,-2.632292908551913,698.1685591816743,-7712.6182220571045,-5855.667764906967,0.0,-2.767563215929902,2.774985532961197,2.7290471041152875,35.815871867036016,34.277621141307165,12.906687779671694,12.560289300106975,35.2229589088332,-8.323155999999932,-8.323155999999932,-4.886210666666667,-4.297493063450686,3.383261449173571,3.206633183832918,105.92270303332134,98.72593001206478,34.36483573168516,-86576.62995831812,-1.3454250385708395,-25428.53322898887,14,-107827.21941165192,9,4,0,0.14445349894508988,live,subbook,SPY,63,vix25_h20,1.0
live|subbook|SPY|63|vixpct80_h60,2527,706,0.27938266719430155,21,-97850.47559207106,-1.8479787647227772,1319.1052422655555,-4659.546456765288,-3346.1290638963965,0.14285714285714285,-3.9772564275642424,2.774985532961197,2.742761216278329,35.815871867036016,34.514812911795175,12.906687779671694,12.583965642706788,35.39996267269698,-8.323155999999932,-7.8876973333333655,-4.886210666666667,-4.886210666666667,3.5758464121186706,3.4958530482785357,95.30391766429987,89.0931095506436,25.311967497691512,-84725.10979907065,-1.5692475519811044,-29658.778732442875,18,-81348.34718868257,10,3,2,0.15930184748666912,live,subbook,SPY,63,vixpct80_h60,1.0
live|subbook|SPY|63|spydd5_h3,2527,796,0.3149980213692125,14,-98876.31553406705,-1.6562196906878905,624.8470449966569,-7062.593966719075,-7525.129578224348,0.14285714285714285,-4.341900403555271,2.774985532961197,2.742077835363027,35.815871867036016,34.50117293472709,12.906687779671694,12.582127498273382,35.39114248858859,-8.323155999999932,-8.323155999999932,-4.886210666666667,-4.886210666666667,3.438032629346791,3.3750353021861716,86.47331188830843,80.29735130647418,21.03931016754359,-75426.27214786533,-1.6375881861933712,-30950.416719054716,13,-102385.92738244953,9,2,2,0.15132732573316543,live,subbook,SPY,63,spydd5_h3,1.0
live|subbook|SPY|63|always,2527,2527,1.0,1,-310871.4062632299,-1.6402659610248245,20.05150160505296,-310871.4062632299,-310871.4062632299,0.0,,2.774985532961197,2.6059175793074907,35.815871867036016,31.68240164525345,12.906687779671694,12.157867883785062,33.63376457567963,-8.323155999999932,-11.28355490183508,-4.886210666666667,-4.297493063450686,2.774985532961197,2.6059175793074907,81.30449074897075,76.58736879351049,15.896043414250016,-262089.03200582214,,,1,-310871.4062632299,11,3,1,0.2192268996720824,live,subbook,SPY,63,always,1.0
live|subbook|SPY|126|dial50_h45,2527,392,0.15512465373961218,10,20866.545117092934,0.7097464325541817,560.049850464509,2086.6545117092946,2866.653393933949,0.6,0.6156755406463051,2.774985532961197,2.83165064886336,35.815871867036016,36.0933217744101,12.906687779671694,12.746389385603818,36.54723082598416,-8.323155999999932,-7.8876973333333655,-4.886210666666667,-4.886210666666667,1.8402397118732765,2.1621301994147464,80.58551003581582,73.79922408899513,-9.656776604242623,30039.69686965281,-1.8655308628680933,-35258.53330820696,4,-33117.235307036506,9,6,6,0.2666346407065816,live,subbook,SPY,126,dial50_h45,1.0
live|subbook|SPY|126|dial65_h60,2527,153,0.060546102097348634,7,31459.71228001972,2.741587126799104,311.21919203737025,4494.244611431389,5339.9129009512335,0.7142857142857143,1.2696339622159687,2.774985532961197,2.8237486573265183,35.815871867036016,36.23417275053766,12.906687779671694,12.831939789160844,36.44524228838053,-8.323155999999932,-8.323155999999932,-4.886210666666667,-4.886210666666667,2.0446118373400926,2.9172339824548605,78.19334523861804,69.72234209190843,-28.741608001291752,41020.134136848894,-1.7358183988837577,-32806.96773890302,2,-13456.20694390692,6,4,4,0.3134251633586193,live,subbook,SPY,126,dial65_h60,1.0
live|subbook|SPY|126|dial50_nohyst,2527,349,0.13810842896715472,10,29424.1325129912,1.1241311370770277,573.5724992110207,2942.413251299121,3550.278396634771,0.6,1.128859512718662,2.774985532961197,2.839752179006972,35.815871867036016,36.20710686997883,12.906687779671694,12.750093877079102,36.65179474608535,-8.323155999999932,-7.8876973333333655,-4.886210666666667,-4.886210666666667,2.0819696358825883,2.5303498458028284,81.51290744035079,74.12114459698047,-10.85759288398549,30369.164669873342,-1.8811707343826032,-35554.1268798312,4,-19427.430342108193,9,7,6,0.2692856082627788,live,subbook,SPY,126,dial50_nohyst,1.0
live|subbook|SPY|126|dial40_h35,2527,668,0.26434507320933914,13,15589.896931701991,0.31117558745912194,570.5947893115214,1199.2228409001539,2023.3872809704242,0.6923076923076923,0.5587524717708968,2.774985532961197,2.833655387324775,35.815871867036016,36.02316135532457,12.906687779671694,12.712611955730319,36.57310535938553,-8.323155999999932,-7.8876973333333655,-4.886210666666667,-4.886210666666667,2.4470898142397193,2.6544415441056826,83.01956966711474,78.39543616547006,-7.431926764547825,37288.716698172415,-2.1047303293542012,-39779.403224794405,6,-19040.01085688394,10,5,5,0.2523706409880528,live,subbook,SPY,126,dial40_h35,1.0
live|subbook|SPY|126|vix25_h20,2527,586,0.23189552829442026,15,-97049.21191589457,-2.2081731949009007,675.0939729056771,-6469.947461059639,-6087.133110875138,0.0,-4.628825287678998,2.774985532961197,2.7407399145096125,35.815871867036016,34.525466833251265,12.906687779671694,12.597133588076614,35.373874361859656,-8.323155999999932,-8.323155999999932,-4.886210666666667,-4.425512422417022,3.383261449173571,3.2493756565514365,105.92270303332134,99.4992789954073,34.36483573168516,-85032.83325089981,-1.242778062896837,-23488.50538875022,14,-87756.8069985915,9,4,0,0.1418776671512923,live,subbook,SPY,126,vix25_h20,1.0
live|subbook|SPY|126|vixpct80_h60,2527,706,0.27938266719430155,21,-95492.51056161526,-1.8034468472448586,1259.1278373229939,-4547.262407695965,-2911.2289899960197,0.047619047619047616,-4.215135804747719,2.774985532961197,2.747237818722862,35.815871867036016,34.54616535541343,12.906687779671694,12.57487252103761,35.457740782762286,-8.323155999999932,-7.8876973333333655,-4.886210666666667,-4.886210666666667,3.5758464121186706,3.5111065310460448,95.30391766429987,88.90739660483571,25.311967497691512,-98049.04035602762,-1.3403489051795985,-25332.594307894415,18,-81417.76481642714,10,4,2,0.1843537684406932,live,subbook,SPY,126,vixpct80_h60,1.0
live|subbook|SPY|126|spydd5_h3,2527,796,0.3149980213692125,14,-84133.60963347748,-1.4092731931905778,629.6040782509583,-6009.543545248393,-6472.280046456049,0.14285714285714285,-3.293625356660294,2.774985532961197,2.7537175620712597,35.815871867036016,34.69719783312827,12.906687779671694,12.600129479883964,35.541372807052454,-8.323155999999932,-8.323155999999932,-4.886210666666667,-4.886210666666667,3.438032629346791,3.4092288228231387,86.47331188830843,80.64185882977195,21.03931016754359,-74487.10877966553,-1.4926826797147656,-28211.702646609072,13,-92556.48173214971,9,3,1,0.14944308729887543,live,subbook,SPY,126,spydd5_h3,1.0
live|subbook|SPY|126|always,2527,2527,1.0,1,-277309.97141698253,-1.4631841256667062,18.436967786523446,-277309.97141698253,-277309.97141698253,0.0,,2.774985532961197,2.6420682677517355,35.815871867036016,32.128647870355906,12.906687779671694,12.160415483016925,34.10035022444969,-8.323155999999932,-9.28074163643684,-4.886210666666667,-4.425512422417022,2.774985532961197,2.6420682677517355,81.30449074897075,76.60341716019565,15.896043414250016,-252877.99624255302,,,1,-277309.97141698253,11,4,1,0.21152223993223754,live,subbook,SPY,126,always,1.0
live|subbook|QQQ|42|dial50_h45,2527,392,0.15512465373961218,10,14340.18358871859,0.4877613465550539,336.17527867040263,1434.0183588718587,1925.8098205238073,0.6,0.48036464635046555,2.774985532961197,2.8097233373135557,35.815871867036016,36.006544668215646,12.906687779671694,12.8149786813681,36.26422186196324,-8.323155999999932,-7.8876973333333655,-4.886210666666667,-4.886210666666667,1.8402397118732765,2.0325228160552413,80.58551003581582,76.77140245103047,-9.139137086458504,15153.449112842625,-2.1841957785907105,-41281.300215364434,4,-24684.541690850336,9,5,5,0.14212141195908076,live,subbook,QQQ,42,dial50_h45,1.0
live|subbook|QQQ|42|dial65_h60,2527,153,0.060546102097348634,7,10431.395305380114,0.9090540571137358,216.90428259256154,1490.199329340017,3059.73086532178,0.5714285714285714,0.45957236787956457,2.774985532961197,2.7945898111395886,35.815871867036016,35.95457186001613,12.906687779671694,12.865777910123576,36.06889816463036,-8.323155999999932,-8.323155999999932,-4.886210666666667,-4.886210666666667,2.0446118373400926,2.3663784497514917,78.19334523861804,73.659318979611,-27.09048497490585,18334.79908041408,-1.9416809310161267,-36697.769596204795,1,-14482.31951758754,6,3,3,0.14863025464971963,live,subbook,QQQ,42,dial65_h60,1.0
live|subbook|QQQ|42|dial50_nohyst,2527,349,0.13810842896715472,10,7953.3618396362945,0.30385336541112873,349.1637739231956,795.3361839636295,673.4093036219595,0.5,0.2849197986621995,2.774985532961197,2.800080366202503,35.815871867036016,35.92162293858795,12.906687779671694,12.828782835010276,36.13976304456448,-8.323155999999932,-7.959447573906919,-4.886210666666667,-4.886210666666667,2.0819696358825883,2.2403536704018174,81.51290744035079,77.90328963170474,-6.702282931655645,9728.21576781456,-2.102053968735893,-39728.82000910838,5,-27046.64961101405,9,4,4,0.13974114185576147,live,subbook,QQQ,42,dial50_nohyst,1.0
live|subbook|QQQ|42|dial40_h35,2527,668,0.26434507320933914,13,2710.2040284279856,0.05409588879097792,378.3576679052148,208.47723295599846,3402.238698630829,0.5384615384615384,0.07767471864176777,2.774985532961197,2.798983705405606,35.815871867036016,35.851907820876605,12.906687779671694,12.808901942385988,36.125608786058734,-8.323155999999932,-7.8876973333333655,-4.886210666666667,-4.886210666666667,2.4470898142397193,2.5276783828219482,83.01956966711474,80.71243964959913,-9.41133436281234,26060.14552902345,-2.425365263588179,-45839.40348181658,6,-40403.59015711114,10,5,5,0.13927990067081356,live,subbook,QQQ,42,dial40_h35,1.0
live|subbook|QQQ|42|vix25_h20,2527,586,0.23189552829442026,15,-88056.38036583061,-2.0035581425672495,381.3547162506026,-5870.425357722041,-4273.607861111273,0.0,-2.9575773636234852,2.774985532961197,2.7397252210159158,35.815871867036016,34.64503910870918,12.906687779671694,12.645442996601854,35.36077802974445,-8.323155999999932,-8.323155999999932,-4.886210666666667,-4.700049303883568,3.383261449173571,3.2483688871601704,105.92270303332134,100.53005357880897,46.61134569905698,-74451.43557158746,-1.699419299535419,-32119.024761219418,14,-79421.91340622224,9,3,0,0.09158473563388916,live,subbook,QQQ,42,vix25_h20,1.0
live|subbook|QQQ|42|vixpct80_h60,2527,706,0.27938266719430155,21,-86959.98678931371,-1.642303810940769,695.1993287215528,-4140.951751872082,-1114.8197432781647,0.14285714285714285,-3.511564864195532,2.774985532961197,2.7473474865227785,35.815871867036016,34.659617195045136,12.906687779671694,12.61566560657844,35.45915623081529,-8.323155999999932,-7.8876973333333655,-4.886210666666667,-4.886210666666667,3.5758464121186706,3.508033077749376,95.30391766429987,89.71449250896916,38.802161207422614,-85376.26939700938,-1.8217331335812297,-34430.75622468524,18,-74548.02708372875,10,4,1,0.10471667276574487,live,subbook,QQQ,42,vixpct80_h60,1.0
live|subbook|QQQ|42|spydd5_h3,2527,796,0.3149980213692125,14,-122224.89489622913,-2.04731817246615,382.40693833052103,-8730.34963544494,-6617.901156244474,0.0,-6.28837797023323,2.774985532961197,2.703784293343158,35.815871867036016,34.190720909967034,12.906687779671694,12.645506150082378,34.896899697760404,-8.323155999999932,-8.323155999999932,-4.886210666666667,-4.886210666666667,3.438032629346791,3.246719571205064,86.47331188830843,81.55859894841203,31.324346037581563,-78443.94642780705,-1.642407103574427,-31041.49425755667,13,-109695.3891070145,9,2,1,0.10570697165677684,live,subbook,QQQ,42,spydd5_h3,1.0
live|subbook|QQQ|42|always,2527,2527,1.0,1,-335089.26516910666,-1.7680478309938354,21.274989658065763,-335089.26516910666,-335089.26516910666,0.0,,2.774985532961197,2.5266448499728953,35.815871867036016,31.36039133293155,12.906687779671694,12.41187155102862,32.610616208715584,-8.323155999999932,-12.029047417101069,-4.886210666666667,-4.700049303883568,2.774985532961197,2.5266448499728953,81.30449074897075,78.18744149737918,21.802911185659468,-236650.612064522,,,1,-335089.26516910666,11,3,1,0.14432021986621646,live,subbook,QQQ,42,always,1.0
live|subbook|QQQ|63|dial50_h45,2527,392,0.15512465373961218,10,13103.256160246036,0.4456889850423824,334.1432605674861,1310.3256160246037,810.2794473701751,0.6,0.568423138726842,2.774985532961197,2.810784680338363,35.815871867036016,35.990097987726266,12.906687779671694,12.804288510421854,36.277920285011554,-8.323155999999932,-7.8876973333333655,-4.886210666666667,-4.886210666666667,1.8402397118732765,2.0360525965053564,80.58551003581582,76.31028261999005,-9.139137086458504,15193.843389366297,-1.8340773295402073,-34664.06152830992,4,-17668.4279695091,9,5,5,0.14250026244862007,live,subbook,QQQ,63,dial50_h45,1.0
live|subbook|QQQ|63|dial65_h60,2527,153,0.060546102097348634,7,8534.610222190437,0.7437568821080989,189.6845117060994,1219.2300317414906,1976.4657878843516,0.7142857142857143,0.43539379418305224,2.774985532961197,2.795163858618176,35.815871867036016,35.92935144893771,12.906687779671694,12.85411276986811,36.07630721620719,-8.323155999999932,-8.323155999999932,-4.886210666666667,-4.886210666666667,2.0446118373400926,2.3747050711216913,78.19334523861804,72.29605724078823,-27.09048497490585,20767.198483576427,-1.6229628065470865,-30673.997043739935,1,-13027.51883304454,6,4,4,0.16834839506217958,live,subbook,QQQ,63,dial65_h60,1.0
live|subbook|QQQ|63|dial50_nohyst,2527,349,0.13810842896715472,10,11877.683888571763,0.4537797092100005,340.10064793742686,1187.7683888571762,556.0591305898349,0.5,0.5785841128601604,2.774985532961197,2.8080527395767114,35.815871867036016,35.97380228993114,12.906687779671694,12.810942537836336,36.24265997856836,-8.323155999999932,-8.065894790555106,-4.886210666666667,-4.886210666666667,2.0819696358825883,2.2957779787509494,81.51290744035079,77.05924938047816,-6.702282931655645,10039.645885099746,-1.7904010866747562,-33838.58053815289,5,-17602.4222233586,9,5,4,0.14421468574463045,live,subbook,QQQ,63,dial50_nohyst,1.0
live|subbook|QQQ|63|dial40_h35,2527,668,0.26434507320933914,13,18693.25572196762,0.37311887668598054,389.93368648409313,1437.9427478436628,2326.3500275059664,0.6153846153846154,0.7781013787838503,2.774985532961197,2.8175094725868495,35.815871867036016,36.064424851704835,12.906687779671694,12.80010775566014,36.36471507894593,-8.323155999999932,-7.8876973333333655,-4.886210666666667,-4.886210666666667,2.4470898142397193,2.597018128648047,83.01956966711474,80.5074941725004,-9.41133436281234,27170.949442124165,-2.1468705209271213,-40575.8528455226,6,-13267.914574327468,10,6,5,0.14521665411331114,live,subbook,QQQ,63,dial40_h35,1.0
live|subbook|QQQ|63|vix25_h20,2527,586,0.23189552829442026,15,-88844.20051977971,-2.021483515808412,428.399117275966,-5922.946701318648,-4224.290953017387,0.0,-2.900575560322151,2.774985532961197,2.7461015577512855,35.815871867036016,34.63456393768713,12.906687779671694,12.61226622880201,35.44307541716592,-8.323155999999932,-8.323155999999932,-4.886210666666667,-4.626189791622382,3.383261449173571,3.2688020316529287,105.92270303332134,99.81459220595161,46.61134569905698,-76460.65421175788,-1.3177292225265906,-24905.082305752563,14,-83633.75675541344,9,4,0,0.0940563301246865,live,subbook,QQQ,63,vix25_h20,1.0
live|subbook|QQQ|63|vixpct80_h60,2527,706,0.27938266719430155,21,-97034.28453551038,-1.8325643916054841,774.0514147719509,-4620.680215976686,-2704.5618404342845,0.047619047619047616,-4.3847976659292245,2.774985532961197,2.741105946047943,35.815871867036016,34.52566531365526,12.906687779671694,12.595523848114478,35.37859861664241,-8.323155999999932,-7.8876973333333655,-4.886210666666667,-4.886210666666667,3.5758464121186706,3.4895558850205526,95.30391766429987,89.3240069684974,38.802161207422614,-92076.56039664593,-1.3471279505844684,-25460.718266046453,18,-84499.46844061767,10,4,1,0.11293478987251998,live,subbook,QQQ,63,vixpct80_h60,1.0
live|subbook|QQQ|63|spydd5_h3,2527,796,0.3149980213692125,14,-109692.30687614433,-1.8373920749772918,427.91535658916854,-7835.164776867451,-6121.983382584223,0.07142857142857142,-4.771269574541122,2.774985532961197,2.723656616094934,35.815871867036016,34.35735919943077,12.906687779671694,12.614423931564078,35.15338556297444,-8.323155999999932,-8.323155999999932,-4.886210666666667,-4.886210666666667,3.438032629346791,3.3126577424723957,86.47331188830843,80.94116378340442,31.324346037581563,-82887.90521201181,-1.3170024375294207,-24891.34606930605,13,-110292.55709948389,9,2,1,0.11169541877905598,live,subbook,QQQ,63,spydd5_h3,1.0
live|subbook|QQQ|63|always,2527,2527,1.0,1,-280260.68134710565,-1.4787531003672638,16.448375293451313,-280260.68134710565,-280260.68134710565,0.0,,2.774985532961197,2.5983499027959795,35.815871867036016,32.089414054110506,12.906687779671694,12.34992023960298,33.536090937728005,-8.323155999999932,-11.102027178683693,-4.886210666666667,-4.626189791622382,2.774985532961197,2.5983499027959795,81.30449074897075,77.79718491779217,21.802911185659468,-235856.5726334854,,,1,-280260.68134710565,11,3,1,0.1438359787976221,live,subbook,QQQ,63,always,1.0
live|subbook|QQQ|126|dial50_h45,2527,392,0.15512465373961218,10,20479.598400226638,0.6965849795995454,327.4578209129766,2047.9598400226635,-44.13296758632265,0.5,0.7049583687573456,2.774985532961197,2.8220881095401547,35.815871867036016,36.08817677651271,12.906687779671694,12.787756928820023,36.423810116558705,-8.323155999999932,-7.8876973333333655,-4.886210666666667,-4.886210666666667,1.8402397118732765,2.1075617178114356,80.58551003581582,75.6108815988603,-9.139137086458504,16380.294503558789,-1.7844894916303493,-33726.8513918136,4,-21813.365996206907,9,6,6,0.15362776921713234,live,subbook,QQQ,126,dial50_h45,1.0
live|subbook|QQQ|126|dial65_h60,2527,153,0.060546102097348634,7,17997.07132457077,1.568372228720764,171.62776192284136,2571.010189224395,2499.1202653297705,0.8571428571428571,0.7103300317944568,2.774985532961197,2.806717608101562,35.815871867036016,36.055168106254676,12.906687779671694,12.84602626291359,36.225427853473796,-8.323155999999932,-8.323155999999932,-4.886210666666667,-4.886210666666667,2.0446118373400926,2.588663268636442,78.19334523861804,71.37744750234658,-27.09048497490585,22442.010616502695,-1.5900197849630087,-30051.373935800864,1,-14097.765852574852,6,5,5,0.1819251870802162,live,subbook,QQQ,126,dial65_h60,1.0
live|subbook|QQQ|126|dial50_nohyst,2527,349,0.13810842896715472,10,15578.33719095084,0.5951609242006053,336.3713442142482,1557.8337190950847,257.4564540267975,0.5,0.5549540403737487,2.774985532961197,2.8147701703946875,35.815871867036016,36.02300765240045,12.906687779671694,12.797850435991123,36.329359760817525,-8.323155999999932,-8.022291762171951,-4.886210666666667,-4.886210666666667,2.0819696358825883,2.343867202524832,81.51290744035079,76.43576598679302,-6.702282931655645,10812.612167842135,-1.7193084307397317,-32494.929340980932,5,-18859.832869414822,9,6,5,0.15531797472839137,live,subbook,QQQ,126,dial50_nohyst,1.0
live|subbook|QQQ|126|dial40_h35,2527,668,0.26434507320933914,13,14722.271971151336,0.29385772397507653,350.85701020770017,1132.4824593193337,2385.65485904324,0.6153846153846154,0.5428185141088704,2.774985532961197,2.817873006255644,35.815871867036016,36.01162506776046,12.906687779671694,12.77971895391137,36.369407094506464,-8.323155999999932,-7.8876973333333655,-4.886210666666667,-4.886210666666667,2.4470898142397193,2.597178031984523,83.01956966711474,80.01807635305023,-9.41133436281234,28198.70480293864,-2.0083016145420767,-37956.90051484525,6,-18529.720236193723,10,6,6,0.15070954993803762,live,subbook,QQQ,126,dial40_h35,1.0
live|subbook|QQQ|126|vix25_h20,2527,586,0.23189552829442026,15,-81112.34327364621,-1.8455595739168646,412.064774858538,-5407.489551576416,-4366.228022892993,0.0,-3.751477817613866,2.774985532961197,2.7491488320830606,35.815871867036016,34.73736979580747,12.906687779671694,12.63568177554308,35.48240563554515,-8.323155999999932,-8.323155999999932,-4.886210666666667,-4.649218265148925,3.383261449173571,3.28054255109803,105.92270303332134,100.3086662237393,46.61134569905698,-78388.05376414943,-1.2655610175331093,-23919.103231375768,14,-76256.42385800421,9,3,0,0.09642727673050348,live,subbook,QQQ,126,vix25_h20,1.0
live|subbook|QQQ|126|vixpct80_h60,2527,706,0.27938266719430155,21,-103757.51425525144,-1.9595375685599894,805.4455673097204,-4940.834012154832,-3541.219622973616,0.0,-5.016960760177895,2.774985532961197,2.733011093175253,35.815871867036016,34.43627056945926,12.906687779671694,12.600121036995388,35.27412087799222,-8.323155999999932,-7.8876973333333655,-4.886210666666667,-4.886210666666667,3.5758464121186706,3.463093579340871,95.30391766429987,89.4245189738981,38.802161207422614,-104866.54808299642,-1.1860315206899386,-22415.99574103984,18,-96134.44445084927,10,3,1,0.12862211100623522,live,subbook,QQQ,126,vixpct80_h60,1.0
live|subbook|QQQ|126|spydd5_h3,2527,796,0.3149980213692125,14,-94302.89006841357,-1.5796128989684006,428.6130182403153,-6735.920719172397,-6738.456549698285,0.07142857142857142,-3.128509119774677,2.774985532961197,2.7377982267525094,35.815871867036016,34.56198302402109,12.906687779671694,12.624006651146619,35.335906916433444,-8.323155999999932,-8.323155999999932,-4.886210666666667,-4.886210666666667,3.438032629346791,3.355854746597035,86.47331188830843,81.1186749740015,31.324346037581563,-81402.96796892979,-1.3176202316656793,-24903.022378481335,13,-103946.36238901521,9,2,1,0.10969439478403012,live,subbook,QQQ,126,spydd5_h3,1.0
live|subbook|QQQ|126|always,2527,2527,1.0,1,-264951.6510201826,-1.3979773170831424,17.32739401248516,-264951.6510201826,-264951.6510201826,0.0,,2.774985532961197,2.618546188205584,35.815871867036016,32.29296902798649,12.906687779671694,12.332403825237073,33.7967580878189,-8.323155999999932,-10.11719267901352,-4.886210666666667,-4.649218265148925,2.774985532961197,2.618546188205584,81.30449074897075,77.68684187904513,21.802911185659468,-234112.8981934653,,,1,-264951.6510201826,11,2,1,0.14277260745721673,live,subbook,QQQ,126,always,1.0
live|subbook|IWM|42|dial50_h45,2527,392,0.15512465373961218,10,52637.60111899372,1.7903945958841405,372.6796794828205,5263.760111899372,3641.509172342782,0.5,1.4618468433812501,2.774985532961197,2.8561770708195713,35.815871867036016,36.51576240823039,12.906687779671694,12.784838440619616,36.863785696525454,-8.323155999999932,-7.8876973333333655,-4.886210666666667,-4.886210666666667,1.8402397118732765,2.3394085390816604,80.58551003581582,75.53972977081737,-31.860576197504997,59346.39994421144,-1.536874669520582,-29046.931253938998,3,-8953.177336743305,9,7,7,0.15965920545186998,live,subbook,IWM,42,dial50_h45,1.0
live|subbook|IWM|42|dial65_h60,2527,153,0.060546102097348634,7,35655.38255685934,3.107222880772056,234.82090945366357,5093.626079551335,6740.429703981104,0.5714285714285714,1.643346804831771,2.774985532961197,2.82410616145122,35.815871867036016,36.28996005615769,12.906687779671694,12.85006936053332,36.44985648249799,-8.323155999999932,-8.323155999999932,-4.886210666666667,-4.886210666666667,2.0446118373400926,2.9096992339842056,78.19334523861804,71.89769681214756,-49.182572029531,30646.27854278863,-1.2859981978366732,-24305.365939113122,2,-3716.4268444221802,6,4,4,0.13684040612850243,live,subbook,IWM,42,dial65_h60,1.0
live|subbook|IWM|42|dial50_nohyst,2527,349,0.13810842896715472,10,62162.73701861292,2.374889666422652,406.99401759810536,6216.273701861292,3422.2422520193195,0.7,1.8178507267550543,2.774985532961197,2.8668129953002035,35.815871867036016,36.64241241465192,12.906687779671694,12.781584454487533,37.00106025304514,-8.323155999999932,-7.8876973333333655,-4.886210666666667,-4.886210666666667,2.0819696358825883,2.7398402373919457,81.51290744035079,75.70061935880555,-37.65456676483154,59074.833214227285,-1.5650536069465422,-29579.513171289647,3,-9675.121045136895,9,8,7,0.15104233797036368,live,subbook,IWM,42,dial50_nohyst,1.0
live|subbook|IWM|42|dial40_h35,2527,668,0.26434507320933914,13,63362.09037334832,1.2647123827015636,397.50264595588027,4874.006951796024,-712.912341952475,0.46153846153846156,1.3794139763194686,2.774985532961197,2.868692811052824,35.815871867036016,36.6583594952689,12.906687779671694,12.778767860409253,37.02532244804752,-8.323155999999932,-7.8876973333333655,-4.886210666666667,-4.886210666666667,2.4470898142397193,2.7902218754515196,83.01956966711474,80.00547624792414,-23.39311223477125,69701.59865181787,-1.8421471664178652,-34816.581445297656,5,-14552.577400737124,10,6,6,0.14987098080481207,live,subbook,IWM,42,dial40_h35,1.0
live|subbook|IWM|42|vix25_h20,2527,586,0.23189552829442026,15,-127289.25070739724,-2.896228685037479,386.0186800205092,-8485.950047159815,-5026.436717615043,0.13333333333333333,-1.9719932350896328,2.774985532961197,2.6929698383687457,35.815871867036016,34.12338321497089,12.906687779671694,12.671283104916236,34.757320903898346,-8.323155999999932,-8.323155999999932,-4.886210666666667,-4.495424370290675,3.383261449173571,3.088567250222696,105.92270303332134,101.14333521437412,48.82571795023978,-92809.90568187984,-0.4546010209935081,-8591.959296777302,14,-113864.10450256597,9,0,0,0.10899017619486628,live,subbook,IWM,42,vix25_h20,1.0
live|subbook|IWM|42|vixpct80_h60,2527,706,0.27938266719430155,21,-101809.52128971156,-1.922748277426092,772.3540874293918,-4848.072442367217,-2465.3749699017158,0.09523809523809523,-3.9766859259101905,2.774985532961197,2.7148047964354127,35.815871867036016,34.46217186096783,12.906687779671694,12.69416199139521,35.03913789034704,-8.323155999999932,-7.8876973333333655,-4.886210666666667,-4.886210666666667,3.5758464121186706,3.398589899385807,95.30391766429987,91.29359486466085,31.936097564175725,-73524.27385503527,-0.6739491741257512,-12737.639390976698,16,-84113.4840403841,10,3,1,0.1095679343130363,live,subbook,IWM,42,vixpct80_h60,1.0
live|subbook|IWM|42|spydd5_h3,2527,796,0.3149980213692125,14,-89771.77077491743,-1.5037147533487,417.2720956175118,-6412.269341065529,-4474.5377619347,0.07142857142857142,-3.3258857174327634,2.774985532961197,2.727086886818848,35.815871867036016,34.62223059357451,12.906687779671694,12.695682987189821,35.19765899620776,-8.323155999999932,-8.323155999999932,-4.886210666666667,-4.886210666666667,3.438032629346791,3.313714120879028,86.47331188830843,82.51385792034381,18.723227712325752,-48905.955718942045,-0.7989776774828171,-15100.678104425244,11,-79164.44243215301,9,2,1,0.11025727144457817,live,subbook,IWM,42,spydd5_h3,1.0
live|subbook|IWM|42|always,2527,2527,1.0,1,-193098.03783282274,-1.0188525937624204,16.262174316075587,-193098.03783282274,-193098.03783282274,0.0,,2.774985532961197,2.690211849323556,35.815871867036016,33.248363330754714,12.906687779671694,12.359013041710785,34.721724400392326,-8.323155999999932,-8.201587595909787,-4.886210666666667,-4.495424370290675,2.774985532961197,2.690211849323556,81.30449074897075,77.85446418707305,13.12668607570231,-137202.96807968165,,,1,-193098.03783282274,11,3,3,0.13897684322062412,live,subbook,IWM,42,always,1.0
live|subbook|IWM|63|dial50_h45,2527,392,0.15512465373961218,10,48818.10904748135,1.6604798995741958,346.5693970145397,4881.810904748136,4190.772673409918,0.6,1.7958472639490612,2.774985532961197,2.8563688310503275,35.815871867036016,36.46497691808285,12.906687779671694,12.766200401603655,36.866260685952376,-8.323155999999932,-7.8876973333333655,-4.886210666666667,-4.886210666666667,1.8402397118732765,2.33743129741605,80.58551003581582,74.72132215835214,-31.860576197504997,57941.277612208345,-1.401772637062416,-26493.50284047966,3,-8746.718416186197,9,8,8,0.1558790146517341,live,subbook,IWM,63,dial50_h45,1.0
live|subbook|IWM|63|dial65_h60,2527,153,0.060546102097348634,7,35068.46900406469,3.056075730201716,203.9824645890535,5009.781286294956,5305.084758735429,0.8571428571428571,2.384875612897823,2.774985532961197,2.8253105726429815,35.815871867036016,36.28215621944462,12.906687779671694,12.841829344624548,36.46540144170841,-8.323155999999932,-8.323155999999932,-4.886210666666667,-4.886210666666667,2.0446118373400926,2.9383941292058755,78.19334523861804,70.91926008978955,-49.182572029531,36798.221249273054,-1.1826263214477795,-22351.637475363033,2,-3763.7093595695737,6,6,6,0.1643097883329104,live,subbook,IWM,63,dial65_h60,1.0
live|subbook|IWM|63|dial50_nohyst,2527,349,0.13810842896715472,10,58551.891532192385,2.2369395045727742,370.9441821658022,5855.189153219237,5241.285617900045,0.8,2.3086727856827705,2.774985532961197,2.8681887007508573,35.815871867036016,36.59440117272721,12.906687779671694,12.758714642152814,37.01881605377352,-8.323155999999932,-7.8876973333333655,-4.886210666666667,-4.886210666666667,2.0819696358825883,2.75171024279617,81.51290744035079,74.57824184887957,-37.65456676483154,60288.545358429416,-1.4338353276980813,-27099.48769349374,3,-9423.077320586728,9,8,8,0.1541455531621615,live,subbook,IWM,63,dial50_nohyst,1.0
live|subbook|IWM|63|dial40_h35,2527,668,0.26434507320933914,13,62717.371103616,1.251843734603114,372.6314416824898,4824.413161816616,2432.8735903967113,0.6923076923076923,1.9112600295540316,2.774985532961197,2.873233146041384,35.815871867036016,36.6497870506852,12.906687779671694,12.755591066871721,37.08392313415998,-8.323155999999932,-7.8876973333333655,-4.886210666666667,-4.886210666666667,2.4470898142397193,2.807242258164081,83.01956966711474,79.4476308123353,-23.39311223477125,69847.61517888105,-1.709766308842904,-32314.583237130886,5,-2950.294826961616,10,6,7,0.15018494261555881,live,subbook,IWM,63,dial40_h35,1.0
live|subbook|IWM|63|vix25_h20,2527,586,0.23189552829442026,15,-135722.68244948727,-3.088115641626559,465.0476769566521,-9048.17882996582,-5438.761833513275,0.0,-2.1086053424671065,2.774985532961197,2.6932762519944697,35.815871867036016,34.01124894249989,12.906687779671694,12.62820660053469,34.761275688897,-8.323155999999932,-8.323155999999932,-4.886210666666667,-4.550257147691939,3.383261449173571,3.0863946268880245,105.92270303332134,100.22758561872146,48.82571795023978,-93703.53216852559,-0.2750233920150629,-5197.942109084688,14,-126703.60908780855,9,2,0,0.11003959551618057,live,subbook,IWM,63,vix25_h20,1.0
live|subbook|IWM|63|vixpct80_h60,2527,706,0.27938266719430155,21,-96175.01984852733,-1.8163365410486747,818.3693469707923,-4579.762849929872,-2976.0658424053813,0.09523809523809523,-3.3496564442756855,2.774985532961197,2.726388213321578,35.815871867036016,34.53709043968718,12.906687779671694,12.667708241597184,35.188641435518555,-8.323155999999932,-8.017105367928279,-4.886210666666667,-4.886210666666667,3.5758464121186706,3.437080364625659,95.30391766429987,90.76270853091671,31.936097564175725,-80579.4630550444,-0.5853012232368068,-11062.19311917565,16,-95042.07876305091,10,3,0,0.12008177506659176,live,subbook,IWM,63,vixpct80_h60,1.0
live|subbook|IWM|63|spydd5_h3,2527,796,0.3149980213692125,14,-76012.3179939866,-1.2732381573532097,440.4299745894644,-5429.4512852847565,-4250.2928618276,0.14285714285714285,-2.2167488539687237,2.774985532961197,2.7506803306675693,35.815871867036016,34.805181766284946,12.906687779671694,12.65329939587636,35.502172209610414,-8.323155999999932,-8.323155999999932,-4.886210666666667,-4.886210666666667,3.438032629346791,3.392385918588221,86.47331188830843,81.6788081735436,18.723227712325752,-53430.33554874304,-0.7681284578912094,-14517.627854143859,11,-76059.12194422084,9,2,2,0.12045737422714235,live,subbook,IWM,63,spydd5_h3,1.0
live|subbook|IWM|63|always,2527,2527,1.0,1,-175308.4748276495,-0.9249886549407705,14.309762526101258,-175308.4748276495,-175308.4748276495,0.0,,2.774985532961197,2.7207899992260227,35.815871867036016,33.48490045658527,12.906687779671694,12.307050697080868,35.116387034063465,-8.323155999999932,-8.254270247040463,-4.886210666666667,-4.550257147691939,2.774985532961197,2.7207899992260227,81.30449074897075,77.52713218366688,13.12668607570231,-134938.81305723012,,,1,-175308.4748276495,11,4,2,0.1366834153014869,live,subbook,IWM,63,always,1.0
live|subbook|IWM|126|dial50_h45,2527,392,0.15512465373961218,10,56774.957310360034,1.9311209969510217,316.0525204439801,5677.495731036003,4105.910268019963,0.6,1.559725236097982,2.774985532961197,2.8691236679640157,35.815871867036016,36.57077434650894,12.906687779671694,12.746322075569596,37.03088338367799,-8.323155999999932,-7.8876973333333655,-4.886210666666667,-4.886210666666667,1.8402397118732765,2.422905742407994,80.58551003581582,73.85852783883577,-31.860576197504997,57645.467365949386,-1.2746997671385891,-24091.825598919335,3,-9196.284762524547,9,8,7,0.15508319841137874,live,subbook,IWM,126,dial50_h45,1.0
live|subbook|IWM|126|dial65_h60,2527,153,0.060546102097348634,7,45245.37340651628,3.9429519308510916,185.71309121044123,6463.62477235947,5965.8929378969515,0.7142857142857143,1.9491493718771387,2.774985532961197,2.8385194668603853,35.815871867036016,36.417472399865034,12.906687779671694,12.8297419922737,36.635884515287145,-8.323155999999932,-8.323155999999932,-4.886210666666667,-4.886210666666667,2.0446118373400926,3.202235746785472,78.19334523861804,69.4725430326309,-49.182572029531,41268.08416710259,-1.080883891491094,-20428.70554918168,2,-4645.472818415592,6,5,5,0.18426842233672666,live,subbook,IWM,126,dial65_h60,1.0
live|subbook|IWM|126|dial50_nohyst,2527,349,0.13810842896715472,10,65000.43742187956,2.483302289279066,332.90080864732204,6500.043742187954,4599.2893114978415,0.8,1.8007600157842192,2.774985532961197,2.8785457035761217,35.815871867036016,36.680143611149646,12.906687779671694,12.742595528561724,37.152490655572386,-8.323155999999932,-7.8876973333333655,-4.886210666666667,-4.886210666666667,2.0819696358825883,2.8342913017371307,81.51290744035079,73.78514686225884,-37.65456676483154,60812.88454695239,-1.2999916046084445,-24569.841327099602,3,-7365.113273087465,9,8,7,0.15548618186333438,live,subbook,IWM,126,dial50_nohyst,1.0
live|subbook|IWM|126|dial40_h35,2527,668,0.26434507320933914,13,57569.567207808235,1.1490931578404837,318.18577182009517,4428.42824675448,2849.2888481972977,0.6153846153846154,1.757690067049769,2.774985532961197,2.8739243480610317,35.815871867036016,36.58133979666892,12.906687779671694,12.728706592903006,37.09284426282026,-8.323155999999932,-7.8876973333333655,-4.886210666666667,-4.886210666666667,2.4470898142397193,2.8097472951100806,83.01956966711474,78.79627896559221,-23.39311223477125,67567.25128105858,-1.4696650052852136,-27776.668599890534,5,-6002.46376722819,10,6,6,0.14528174985428885,live,subbook,IWM,126,dial40_h35,1.0
live|subbook|IWM|126|vix25_h20,2527,586,0.23189552829442026,15,-101915.38791077881,-2.3188939228846137,431.355227451102,-6794.35919405192,-6207.867861210528,0.0,-3.2121121356441416,2.774985532961197,2.7184926397750795,35.815871867036016,34.46076421614476,12.906687779671694,12.676423585607338,35.08673573291246,-8.323155999999932,-8.323155999999932,-4.886210666666667,-4.596900285340472,3.383261449173571,3.17685656534181,105.92270303332134,101.21731697072995,48.82571795023978,-88507.13550557253,-0.31280273191780794,-5911.9716332465705,14,-92657.37530145161,9,2,0,0.10393727072969773,live,subbook,IWM,126,vix25_h20,1.0
live|subbook|IWM|126|vixpct80_h60,2527,706,0.27938266719430155,21,-92654.28837326709,-1.7498449173421549,771.0063867965524,-4412.108970155577,-3511.9229903335963,0.047619047619047616,-3.06577588428111,2.774985532961197,2.7303517997543967,35.815871867036016,34.58390348977373,12.906687779671694,12.666464260350867,35.23979820809468,-8.323155999999932,-8.071646254888076,-4.886210666666667,-4.886210666666667,3.5758464121186706,3.4498147292563277,95.30391766429987,90.733639253407,31.936097564175725,-84655.5370920783,-0.40371230749252807,-7630.162611608779,16,-93101.29478314487,10,3,1,0.12615605487825451,live,subbook,IWM,126,vixpct80_h60,1.0
live|subbook|IWM|126|spydd5_h3,2527,796,0.3149980213692125,14,-61484.633921864704,-1.029893365525372,400.05489278626976,-4391.75956584748,-3993.2367755033392,0.14285714285714285,-1.6546561931441226,2.774985532961197,2.7598606399268517,35.815871867036016,34.99834764868435,12.906687779671694,12.681201051373364,35.6206595949408,-8.323155999999932,-8.323155999999932,-4.886210666666667,-4.886210666666667,3.438032629346791,3.4173911963167978,86.47331188830843,82.21154716203255,18.723227712325752,-49327.42491442499,-0.6619349998319592,-12510.571496824028,11,-76818.4673435186,9,4,2,0.11120746335492442,live,subbook,IWM,126,spydd5_h3,1.0
live|subbook|IWM|126|always,2527,2527,1.0,1,-147036.7917441459,-0.7758173947719083,16.501361883315173,-147036.7917441459,-147036.7917441459,0.0,,2.774985532961197,2.749806736733534,35.815871867036016,33.860812032210795,12.906687779671694,12.313887947061215,35.490897005457605,-8.323155999999932,-8.539427613920347,-4.886210666666667,-4.596900285340472,2.774985532961197,2.749806736733534,81.30449074897075,77.57020281009444,13.12668607570231,-129480.20885843085,,,1,-147036.7917441459,11,5,1,0.13115423768559606,live,subbook,IWM,126,always,1.0
live|subbook|ADAPT|42|dial50_h45,2527,392,0.15512465373961218,10,24321.968464105077,0.827277838915139,591.4101570417164,2432.1968464105075,5276.6356721412985,0.5,0.5424221790688079,2.774985532961197,2.8282390716243904,35.815871867036016,36.13926646157258,12.906687779671694,12.778009760262632,36.50319866372454,-8.323155999999932,-7.8876973333333655,-4.886210666666667,-4.886210666666667,1.8402397118732765,2.1468199674774153,80.58551003581582,75.19460726867653,-14.884010748937726,41289.997056253196,-2.4808368796322746,-46887.81702504999,4,-40451.72960663387,9,5,5,0.23778151363363476,live,subbook,ADAPT,42,dial50_h45,1.0
live|subbook|ADAPT|42|dial65_h60,2527,153,0.060546102097348634,7,31021.790065197016,2.7034239708232697,340.8159461613136,4431.684295028145,6680.623915709108,0.5714285714285714,1.3237081114239546,2.774985532961197,2.818512659334703,35.815871867036016,36.22834996208572,12.906687779671694,12.853711989584344,36.37766289708518,-8.323155999999932,-8.323155999999932,-4.886210666666667,-4.886210666666667,2.0446118373400926,2.80415524877005,78.19334523861804,72.31788056530074,-36.04611977934837,33886.74772189341,-2.267302627022351,-42852.01965072243,2,-8397.995830033982,6,4,4,0.20645205707841177,live,subbook,ADAPT,42,dial65_h60,1.0
live|subbook|ADAPT|42|dial50_nohyst,2527,349,0.13810842896715472,10,30957.76710989458,1.1827227167103942,625.7244951570012,3095.776710989458,1679.9104845306697,0.5,0.8419867422386961,2.774985532961197,2.832330914349238,35.815871867036016,36.22749868733377,12.906687779671694,12.790701292633907,36.55601080021766,-8.323155999999932,-7.8876973333333655,-4.886210666666667,-4.886210666666667,2.0819696358825883,2.4763958486700206,81.51290744035079,76.11163594653884,-16.54395677614957,39080.87366984081,-2.4726912662076694,-46733.86493132495,4,-28833.13638318282,9,5,4,0.22742527455569955,live,subbook,ADAPT,42,dial50_nohyst,1.0
live|subbook|ADAPT|42|dial40_h35,2527,668,0.26434507320933914,13,19455.800638204342,0.38833933409589494,612.1318192091076,1496.6000490926415,2936.601341987233,0.5384615384615384,0.33446734031228775,2.774985532961197,2.827825110117142,35.815871867036016,36.07456395308416,12.906687779671694,12.756999654617884,36.497855791797676,-8.323155999999932,-7.8876973333333655,-4.886210666666667,-4.886210666666667,2.4470898142397193,2.633870853446006,83.01956966711474,79.4727800928548,-13.13014046754688,58717.291710240715,-2.8144060189161535,-53192.27375751531,5,-47654.00653779383,10,5,5,0.2249362541299596,live,subbook,ADAPT,42,dial40_h35,1.0
live|subbook|ADAPT|42|vix25_h20,2527,586,0.23189552829442026,15,-136511.33814039646,-3.106060025947587,526.924731687246,-9100.755876026433,-5426.188017011151,0.0,-2.0806441617845093,2.774985532961197,2.6825861449850525,35.815871867036016,34.000762661845144,12.906687779671694,12.67462099042288,34.62330181539518,-8.323155999999932,-8.323155999999932,-4.886210666666667,-4.495424370290675,3.383261449173571,3.0530920214268695,105.92270303332134,101.22754940910075,44.36066932976246,-95632.75069204213,-1.6235357260605328,-30684.825222544066,13,-121873.49676574838,9,1,0,0.12360903576776339,live,subbook,ADAPT,42,vix25_h20,1.0
live|subbook|ADAPT|42|vixpct80_h60,2527,706,0.27938266719430155,21,-100876.86459899883,-1.9051343644758991,1084.7034893659375,-4803.660218999945,-2465.3749699017158,0.14285714285714285,-3.173212454283371,2.774985532961197,2.7245267308946675,35.815871867036016,34.4745728363568,12.906687779671694,12.653416993650197,35.16461586302707,-8.323155999999932,-7.8876973333333655,-4.886210666666667,-4.886210666666667,3.5758464121186706,3.4320643552295,95.30391766429987,90.48463823592137,26.728297490626574,-76349.89701373174,-1.9955223548990542,-37715.372507592125,18,-94938.07306941932,10,3,2,0.13594765962477254,live,subbook,ADAPT,42,vixpct80_h60,1.0
live|subbook|ADAPT|42|spydd5_h3,2527,796,0.3149980213692125,14,-111699.35442564808,-1.871010961903653,479.473493224296,-7978.525316117719,-7942.794782069975,0.07142857142857142,-4.444285788625112,2.774985532961197,2.7063024805227345,35.815871867036016,34.33067269461742,12.906687779671694,12.685452916551403,34.92940115345797,-8.323155999999932,-8.323155999999932,-4.886210666666667,-4.886210666666667,3.438032629346791,3.2502840807608444,86.47331188830843,82.33024651316285,21.319896262139082,-62841.533056930464,-2.0112516525903903,-38012.656233958376,12,-106156.31636823183,9,3,2,0.12441934017424387,live,subbook,ADAPT,42,spydd5_h3,1.0
live|subbook|ADAPT|42|always,2527,2527,1.0,1,-372346.8889042873,-1.9646320480373949,16.262174316075587,-372346.8889042873,-372346.8889042873,0.0,,2.774985532961197,2.50120457471863,35.815871867036016,30.864999105981777,12.906687779671694,12.340053835641934,32.28226651897988,-8.323155999999932,-11.450893550322938,-4.886210666666667,-4.495424370290675,2.774985532961197,2.50120457471863,81.30449074897075,77.73503241489827,17.5501118414104,-264130.7476657695,,,1,-372346.8889042873,11,3,3,0.20011198859204826,live,subbook,ADAPT,42,always,1.0
live|subbook|ADAPT|63|dial50_h45,2527,392,0.15512465373961218,10,18024.471451595597,0.6130772602583542,574.6631238997992,1802.44714515956,3889.98381326519,0.5,0.4655567930098474,2.774985532961197,2.822857238534961,35.815871867036016,36.05553242927329,12.906687779671694,12.772708423606218,36.433737024356965,-8.323155999999932,-7.8876973333333655,-4.886210666666667,-4.886210666666667,1.8402397118732765,2.108426363756359,80.58551003581582,74.95113809836921,-14.884010748937726,42008.113777862134,-2.1635856503689164,-40891.76879197252,4,-38115.67856187845,9,6,5,0.24191701601202348,live,subbook,ADAPT,63,dial50_h45,1.0
live|subbook|ADAPT|63|dial65_h60,2527,153,0.060546102097348634,7,28237.018122100395,2.460742320008748,322.3362955564779,4033.859731728628,5305.084758735429,0.8571428571428571,1.35182447301547,2.774985532961197,2.8181455349910314,35.815871867036016,36.19132252350715,12.906687779671694,12.842247525595704,36.37292453780509,-8.323155999999932,-8.323155999999932,-4.886210666666667,-4.886210666666667,2.0446118373400926,2.803679188088627,78.19334523861804,70.95608992548614,-36.04611977934837,43945.143896800684,-2.001709475470285,-37832.309086388384,2,-11128.211645613457,6,6,5,0.2677319591292542,live,subbook,ADAPT,63,dial65_h60,1.0
live|subbook|ADAPT|63|dial50_nohyst,2527,349,0.13810842896715472,10,27977.06915522494,1.068846959129893,599.0379090510618,2797.706915522494,2139.806969823043,0.5,1.0074806587164993,2.774985532961197,2.832723022723566,35.815871867036016,36.18786613835202,12.906687779671694,12.77493981870442,36.561071620580904,-8.323155999999932,-7.8876973333333655,-4.886210666666667,-4.886210666666667,2.0819696358825883,2.477717861786982,81.51290744035079,75.34143437516181,-16.54395677614957,41507.45377337661,-2.18194750385126,-41238.80782278882,4,-22597.36370793079,9,7,5,0.24154639300715086,live,subbook,ADAPT,63,dial50_nohyst,1.0
live|subbook|ADAPT|63|dial40_h35,2527,668,0.26434507320933914,13,25250.261704100663,0.5039972396028076,632.2217930538086,1942.327823392358,5145.5923866292815,0.6153846153846154,0.5363920386459576,2.774985532961197,2.8351145480126685,35.815871867036016,36.15160941878028,12.906687779671694,12.751375228955562,36.59193829080455,-8.323155999999932,-7.8876973333333655,-4.886210666666667,-4.886210666666667,2.4470898142397193,2.661466790941201,83.01956966711474,79.33860087166447,-13.13014046754688,61469.01665137873,-2.5370450147891828,-47950.150779515556,5,-24350.46553165323,10,5,5,0.23547765824835865,live,subbook,ADAPT,63,dial40_h35,1.0
live|subbook|ADAPT|63|vix25_h20,2527,586,0.23189552829442026,15,-135633.33846631317,-3.0860827864917675,614.8225985972472,-9042.222564420876,-6239.105949877045,0.0,-2.309761812351328,2.774985532961197,2.6954932269616596,35.815871867036016,34.01243689573877,12.906687779671694,12.618260938491524,34.789889492613874,-8.323155999999932,-8.323155999999932,-4.886210666666667,-4.550257147691939,3.383261449173571,3.093351712035807,105.92270303332134,100.01260157087131,44.36066932976246,-99051.99662611888,-1.3245852778438014,-25034.661751247848,13,-123091.09315503063,9,4,0,0.12802854362365568,live,subbook,ADAPT,63,vix25_h20,1.0
live|subbook|ADAPT|63|vixpct80_h60,2527,706,0.27938266719430155,21,-99460.35522810098,-1.8783825349971854,1219.6979696619717,-4736.207391814332,-4761.152568326869,0.14285714285714285,-3.3569443250205686,2.774985532961197,2.734253730457056,35.815871867036016,34.493407309986466,12.906687779671694,12.615291304446927,35.290159209411826,-8.323155999999932,-7.8876973333333655,-4.886210666666667,-4.886210666666667,3.5758464121186706,3.4659398393300354,95.30391766429987,89.72278462079515,26.728297490626574,-85044.24230239421,-1.6811595125856735,-31773.91478786923,18,-98560.06146407228,10,3,3,0.15142870072887185,live,subbook,ADAPT,63,vixpct80_h60,1.0
live|subbook|ADAPT|63|spydd5_h3,2527,796,0.3149980213692125,14,-91309.2154710049,-1.5294675958292279,554.1555258187525,-6522.086819357493,-7058.78516612713,0.07142857142857142,-3.5353419892471143,2.774985532961197,2.739872413462656,35.815871867036016,34.601788115620984,12.906687779671694,12.62897788437206,35.36267779669806,-8.323155999999932,-8.323155999999932,-4.886210666666667,-4.886210666666667,3.438032629346791,3.361715494239774,86.47331188830843,81.21404768670087,21.319896262139082,-69215.0102394478,-1.8262272886165312,-34515.69575485244,12,-102572.4082740678,9,2,2,0.13703812566673038,live,subbook,ADAPT,63,spydd5_h3,1.0
live|subbook|ADAPT|63|always,2527,2527,1.0,1,-327859.32745235343,-1.7299001580390632,14.309762526101258,-327859.32745235343,-327859.32745235343,0.0,,2.774985532961197,2.563607277477348,35.815871867036016,31.456523468777576,12.906687779671694,12.270414327943227,33.08767872009431,-8.323155999999932,-11.229151621828537,-4.886210666666667,-4.550257147691939,2.774985532961197,2.563607277477348,81.30449074897075,77.29634475109889,17.5501118414104,-264741.0319283823,,,1,-327859.32745235343,11,3,3,0.20057435504683307,live,subbook,ADAPT,63,always,1.0
live|subbook|ADAPT|126|dial50_h45,2527,392,0.15512465373961218,10,26712.090579322597,0.9085745095007685,519.9303489714375,2671.20905793226,5226.749478448024,0.6,0.6492963061327183,2.774985532961197,2.837573349230919,35.815871867036016,36.17104647861702,12.906687779671694,12.747175853064958,36.62367327044078,-8.323155999999932,-7.8876973333333655,-4.886210666666667,-4.886210666666667,1.8402397118732765,2.20352184537017,80.58551003581582,73.84534412927707,-14.884010748937726,44309.79109483655,-2.0537901214995498,-38816.63329634149,4,-38893.60179812526,9,6,6,0.25517195317224534,live,subbook,ADAPT,126,dial50_h45,1.0
live|subbook|ADAPT|126|dial65_h60,2527,153,0.060546102097348634,7,38845.01785518253,3.385186741192378,282.7933523201345,5549.288265026077,5965.8929378969515,0.7142857142857143,1.3627985063389036,2.774985532961197,2.8313042657543157,35.815871867036016,36.33237071940409,12.906687779671694,12.832379465131217,36.542760167343566,-8.323155999999932,-8.323155999999932,-4.886210666666667,-4.886210666666667,2.0446118373400926,3.0609130401211044,78.19334523861804,69.78741637818521,-36.04611977934837,49022.8677207996,-1.9138384357445888,-36171.54643557273,2,-13456.20694390692,6,5,4,0.29866754897529146,live,subbook,ADAPT,126,dial65_h60,1.0
live|subbook|ADAPT|126|dial50_nohyst,2527,349,0.13810842896715472,10,33738.354393907444,1.2889533674845255,536.7786371747794,3373.8354393907453,5068.617704283753,0.6,1.001111810477794,2.774985532961197,2.8439885553354745,35.815871867036016,36.26447048501594,12.906687779671694,12.751271596006204,36.70647233267453,-8.323155999999932,-7.8876973333333655,-4.886210666666667,-4.886210666666667,2.0819696358825883,2.563441078024038,81.51290744035079,74.18500866867781,-16.54395677614957,44147.11011228853,-2.056359077489462,-38865.18656455083,4,-25398.55389495709,9,7,6,0.25690747660731134,live,subbook,ADAPT,126,dial50_nohyst,1.0
live|subbook|ADAPT|126|dial40_h35,2527,668,0.26434507320933914,13,17718.88686956755,0.353670396598155,546.2455893132092,1362.9912976590426,4087.4588880962315,0.6153846153846154,0.47236320022885786,2.774985532961197,2.8343527825344847,35.815871867036016,36.05146925477541,12.906687779671694,12.719471435217075,36.582106421616295,-8.323155999999932,-7.8876973333333655,-4.886210666666667,-4.886210666666667,2.4470898142397193,2.657363110422594,83.01956966711474,78.56310113925933,-13.13014046754688,61814.46397535187,-2.2943966629779604,-43364.09693028345,5,-30274.879190193948,10,5,5,0.23680100993557862,live,subbook,ADAPT,126,dial40_h35,1.0
live|subbook|ADAPT|126|vix25_h20,2527,586,0.23189552829442026,15,-114398.24231497545,-2.602917913878851,619.9503432530637,-7626.549487665032,-6207.867861210528,0.0,-3.6024650864588557,2.774985532961197,2.7114122400325735,35.815871867036016,34.294787204676226,12.906687779671694,12.648311716799002,34.995351224080665,-8.323155999999932,-8.323155999999932,-4.886210666666667,-4.596900285340472,3.383261449173571,3.1505547885441407,105.92270303332134,100.63121518098423,44.36066932976246,-100507.3219023433,-1.2904195796331717,-24388.930055066943,13,-100083.61426456526,9,3,0,0.12990960793290943,live,subbook,ADAPT,126,vix25_h20,1.0
live|subbook|ADAPT|126|vixpct80_h60,2527,706,0.27938266719430155,21,-100212.54981145408,-1.892588287279586,1193.841175312733,-4772.026181497815,-3228.1336457327543,0.09523809523809523,-3.889374394962142,2.774985532961197,2.734340362799628,35.815871867036016,34.48340583076183,12.906687779671694,12.611233882915391,35.291277346009025,-8.323155999999932,-7.8876973333333655,-4.886210666666667,-4.886210666666667,3.5758464121186706,3.4665250605671343,95.30391766429987,89.64258413168598,26.728297490626574,-99341.42843185416,-1.4835249030985178,-28038.620668561984,18,-87596.33379959132,10,4,3,0.17688608927217617,live,subbook,ADAPT,126,vixpct80_h60,1.0
live|subbook|ADAPT|126|spydd5_h3,2527,796,0.3149980213692125,14,-75803.81005746595,-1.2697455621016072,568.712037592775,-5414.5578612475665,-6194.033113412761,0.21428571428571427,-2.75698630901657,2.774985532961197,2.7531073444172094,35.815871867036016,34.80795417098106,12.906687779671694,12.64315183407764,35.533496918313986,-8.323155999999932,-8.323155999999932,-4.886210666666667,-4.886210666666667,3.438032629346791,3.4013318908204333,86.47331188830843,81.48028208412923,21.319896262139082,-69952.83448365926,-1.7438553765218423,-32958.86661626282,12,-84846.68369669793,9,3,1,0.13849893671260644,live,subbook,ADAPT,126,spydd5_h3,1.0
live|subbook|ADAPT|126|always,2527,2527,1.0,1,-301647.62363870465,-1.5915980669500311,16.501361883315173,-301647.62363870465,-301647.62363870465,0.0,,2.774985532961197,2.5954683100534677,35.815871867036016,31.805044738321932,12.906687779671694,12.254067836284518,33.498899119892236,-8.323155999999932,-10.12357958914416,-4.886210666666667,-4.596900285340472,2.774985532961197,2.5954683100534677,81.30449074897075,77.19337153267665,17.5501118414104,-261005.36252475122,,,1,-301647.62363870465,11,4,1,0.19774411949232265,live,subbook,ADAPT,126,always,1.0
live|book|SPY|63|dial50_h45|x0.5,2527,392,0.15512465373961218,10,17537.8973768905,0.5965271216629425,515.199145502006,1753.7897376890512,3970.318342752958,0.7,0.7205494135559912,2.774985532961197,2.8242081074864753,35.815871867036016,36.04906274628552,12.906687779671694,12.764308214655234,36.45117226814541,-8.323155999999932,-8.223207866747773,-4.886210666666667,-4.886210666666667,1.8402397118732765,2.1153279002504566,80.58551003581582,74.58239936992413,-9.656776604242623,27959.46466109313,-1.6059482526897895,-30352.421975837024,4,-23689.79156207758,9,6,6,0.4963406819054959,live,book,SPY,63,dial50_h45,0.5
live|book|SPY|63|dial65_h60|x0.5,2527,153,0.060546102097348634,7,29316.101980764488,2.5547801290426566,293.9433072194613,4188.014568680642,5756.3329412976755,0.7142857142857143,1.3708515889244686,2.774985532961197,2.8185740105054227,35.815871867036016,36.20567045292983,12.906687779671694,12.845385758182552,36.37845473749057,-8.323155999999932,-8.323155999999932,-4.886210666666667,-4.886210666666667,2.0446118373400926,2.8098283698171542,78.19334523861804,71.33208514957091,-28.741608001291752,34798.06677218255,-1.509179515459388,-28523.492842182433,2,-11290.015763028601,6,4,4,0.5317676303178118,live,book,SPY,63,dial65_h60,0.5
live|book|SPY|63|dial50_h45|x1.5,2527,392,0.15512465373961218,10,52613.692130671516,1.7895813649888268,1545.5974365060183,5261.369213067149,11910.955028258873,0.7,0.7205494135559904,2.774985532961197,2.8082326984878176,35.815871867036016,36.515444504784554,12.906687779671694,13.002998122074235,36.24498265204718,-8.323155999999932,-8.023311600243233,-4.886210666666667,-4.886210666666667,1.8402397118732765,2.089979172273129,80.58551003581582,84.54887090254394,-9.656776604242623,83878.39398327938,-4.817844758069369,-91057.26592751106,4,-71069.37468623277,9,6,6,0.4963406819054959,live,book,SPY,63,dial50_h45,1.5
live|book|SPY|63|dial65_h60|x1.5,2527,153,0.060546102097348634,7,87948.30594229346,7.664340387127971,881.8299216583839,12564.043706041926,17268.998823893027,0.7142857142857143,1.3708515889244686,2.774985532961197,2.836923708949293,35.815871867036016,36.98526762471747,12.906687779671694,13.037103362365585,36.61528856615674,-8.323155999999932,-8.323155999999932,-4.886210666666667,-4.886210666666667,2.0446118373400926,3.0803610801126076,78.19334523861804,91.39924304976009,-28.741608001291752,104394.20031654765,-4.527538546378164,-85570.4785265473,2,-33870.0472890858,6,4,4,0.5317676303178118,live,book,SPY,63,dial65_h60,1.5
live|book|SPY|63|dial50_h45|x2.0,2527,392,0.15512465373961218,10,70151.589507562,2.38610848665177,2060.796582008024,7015.158950756205,15881.273371011832,0.7,0.7205494135559912,2.774985532961197,2.7476171527906983,35.815871867036016,36.74863538403406,12.906687779671694,13.374729207345803,35.46263672914004,-8.323155999999932,-10.174000692105468,-4.886210666666667,-4.886210666666667,1.8402397118732765,1.8936439793074866,80.58551003581582,98.31571073827892,-9.656776604242623,111837.85864437252,-6.423793010759158,-121409.6879033481,4,-94759.16624831031,9,5,6,0.4963406819054959,live,book,SPY,63,dial50_h45,2.0
live|book|SPY|63|dial65_h60|x2.0,2527,153,0.060546102097348634,7,117264.40792305795,10.219120516170626,1175.7732288778452,16752.058274722567,23025.331765190702,0.7142857142857143,1.3708515889244686,2.774985532961197,2.813203778759525,35.815871867036016,37.375066210611294,12.906687779671694,13.285587945247157,36.30914283304179,-8.323155999999932,-8.521813567583159,-4.886210666666667,-4.886210666666667,2.0446118373400926,2.8643364614764084,78.19334523861804,112.45136618188626,-28.741608001291752,139192.2670887302,-6.036718061837552,-114093.97136872973,2,-45160.063052114405,6,3,4,0.5317676303178118,live,book,SPY,63,dial65_h60,2.0
pit|book|SPY|42|dial50_h45,2136,544,0.2546816479400749,13,108486.78244277828,2.65898976575437,1278.6871140519438,8345.137110982947,7376.676974491314,0.7692307692307693,1.6290523133218642,2.897331541995017,3.05046349644116,37.92560831460675,39.63214197100999,13.089840691304625,12.992170539738323,39.93008120305488,-8.323155999999932,-8.009804866237902,-4.886210666666667,-4.886210666666667,1.8495013599225614,2.5060716722720238,73.96235204251319,71.42797495353557,-19.758342462591827,142689.51853174766,-4.539970288094822,-85805.43844499213,4,-40432.12733082721,9,7,7,0.4460483545769995,pit,book,SPY,42,dial50_h45,1.0
pit|book|SPY|42|dial65_h60,2136,318,0.14887640449438203,8,36330.875669846006,1.5233071559683862,714.640973814544,4541.359458730754,6193.13834326925,0.75,0.6932160263207582,2.897331541995017,2.960298474588966,37.92560831460675,38.497105235256,13.089840691304625,13.00446747708482,38.74983543108166,-8.323155999999932,-8.009804866237902,-4.886210666666667,-4.886210666666667,2.3055235148165854,2.769023221025091,75.83451405137365,71.87372258178398,-12.454433552920818,53521.604614890384,-3.4422625558148288,-65058.762304900265,2,-24942.14126747111,7,6,6,0.45406424277842883,pit,book,SPY,42,dial65_h60,1.0
pit|book|SPY|42|dial50_nohyst,2136,489,0.22893258426966293,13,50218.230864732126,1.369276915193787,1278.6871140519438,3862.9408357486254,7535.490036007588,0.6923076923076923,0.817110261988107,2.897331541995017,2.974745536601564,37.92560831460675,38.71555801360253,13.089840691304625,13.01474614794525,38.93894517128397,-8.323155999999932,-8.009804866237902,-4.886210666666667,-4.886210666666667,2.4645934795481894,2.8594573344642362,71.98091943172315,69.64269039605274,-10.887200909201056,73642.10633105764,-3.916647648819879,-74024.64056269571,5,-53921.588904674536,9,6,6,0.4647724563976482,pit,book,SPY,42,dial50_nohyst,1.0
pit|book|SPY|42|dial40_h35,2136,800,0.37453183520599254,12,-2019.744277792366,-0.03366240462987303,1149.1664103926687,-168.3120231493655,3543.170377056491,0.5833333333333334,-0.025633941299573103,2.897331541995017,2.9282245396678133,37.92560831460675,37.89383705630439,13.089840691304625,12.94089184178587,38.3299927326205,-8.323155999999932,-11.240869814533516,-4.886210666666667,-4.886210666666667,2.513965577807907,2.6019915904830735,75.71563752962803,72.94878778179577,-0.1987439150980208,1928.3695835682167,-4.30575254465361,-81378.72309395323,4,-102893.84614545028,9,6,6,0.40751699225568716,pit,book,SPY,42,dial40_h35,1.0
pit|book|SPY|42|vix25_h20,2136,586,0.2743445692883895,15,-152853.1829393805,-3.477888121487611,982.2690506160562,-10190.212195958702,-7511.673423016196,0.0,-3.2421588161580344,2.897331541995017,2.7826855939631825,37.92560831460675,35.52117622342548,13.089840691304625,12.765069938366691,36.42491111896645,-8.323155999999932,-8.323155999999932,-4.886210666666667,-3.669360231835435,3.383261449173571,3.0244181091858615,105.92270303332134,100.23562367292244,34.36483573168516,-140158.7140403747,-2.4123532813155006,-45593.47701686296,14,-131588.3004955961,9,1,1,0.2338554487570601,pit,book,SPY,42,vix25_h20,1.0
pit|book|SPY|42|vixpct80_h60,2136,684,0.3202247191011236,16,-127683.20080173561,-2.488951282684905,1850.194457708297,-7980.200050108477,-9970.157039886806,0.25,-1.8459119120142937,2.897331541995017,2.7834965262059863,37.92560831460675,35.91710852671427,13.089840691304625,12.903593803176284,36.43552609283619,-8.323155999999932,-7.8876973333333655,-4.886210666666667,-4.886210666666667,3.330210827902775,3.0100256116128885,93.72476788948866,90.56811978624205,22.475074231624603,-110796.2459054332,-2.8142697566360346,-53189.69840042105,13,-111698.30590699236,8,3,2,0.24216260866549807,pit,book,SPY,42,vixpct80_h60,1.0
pit|book|SPY|42|spydd5_h3,2136,796,0.37265917602996257,14,-152348.0666340736,-2.5518939134685694,1021.798458215091,-10882.004759576683,-10206.723734729017,0.07142857142857142,-2.271762930206852,2.897331541995017,2.7690602609219255,37.92560831460675,35.52912187317187,13.089840691304625,12.830750697112988,36.246557680090426,-8.323155999999932,-8.323155999999932,-4.886210666666667,-4.886210666666667,3.438032629346791,3.119372732878303,86.47331188830843,82.32039894738702,21.03931016754359,-109334.11802059197,-2.795828006625203,-52841.149325216335,13,-140640.53272935704,9,2,2,0.21935645525494432,pit,book,SPY,42,spydd5_h3,1.0
pit|book|SPY|42|always,2136,2136,1.0,1,-432324.5110289315,-2.6986548753366506,17.52818724002318,-432324.5110289315,-432324.5110289315,0.0,,2.897331541995017,2.526715500467061,37.92560831460675,31.124998028758377,13.089840691304625,12.31836272148762,33.07430337336387,-8.323155999999932,-13.333310042062973,-4.886210666666667,-3.669360231835435,2.897331541995017,2.526715500467061,82.45824564439485,77.59839123939297,15.46267345547676,-344392.84278230567,,,1,-432324.5110289315,9,3,1,0.3503543885887312,pit,book,SPY,42,always,1.0
pit|book|SPY|63|dial50_h45,2136,544,0.2546816479400749,13,104250.92425977284,2.5551697122493344,1140.860546653436,8019.301866136374,4467.938851216324,0.7692307692307693,1.6761440151974354,2.897331541995017,3.035720223384122,37.92560831460675,39.56551049397395,13.089840691304625,13.033319140940996,39.73709410746985,-8.323155999999932,-8.12822587049049,-4.886210666666667,-4.886210666666667,1.8495013599225614,2.4435275361594515,73.96235204251319,72.58176130951666,-19.758342462591827,147689.88210644864,-3.7525866654530007,-70923.8879770617,4,-20936.447008103438,9,7,7,0.46167952333930684,pit,book,SPY,63,dial50_h45,1.0
pit|book|SPY|63|dial65_h60,2136,318,0.14887640449438203,8,55159.95139494727,2.312786222010368,745.5579047910666,6894.993924368408,7584.642191246203,0.75,0.9882651911395325,2.897331541995017,2.973301908040884,37.92560831460675,38.793292943291306,13.089840691304625,13.047209514237423,38.92004830340724,-8.323155999999932,-8.12822587049049,-4.886210666666667,-4.886210666666667,2.3055235148165854,2.861109222376963,75.83451405137365,73.94076283426627,-12.454433552920818,55583.730394870494,-2.9231578463395693,-55247.683295817864,2,-19507.65643429161,7,6,6,0.4715588150644781,pit,book,SPY,63,dial65_h60,1.0
pit|book|SPY|63|dial50_nohyst,2136,489,0.22893258426966293,13,48787.28918075279,1.3302601003613583,1140.860546653436,3752.8683985194466,5347.73416370742,0.6153846153846154,0.8533203813730259,2.897331541995017,2.971672369638724,37.92560831460675,38.69304881857364,13.089840691304625,13.02063081175994,38.898717905322606,-8.323155999999932,-8.12822587049049,-4.886210666666667,-4.886210666666667,2.4645934795481894,2.8428438371905096,71.98091943172315,69.83180944157246,-10.887200909201056,76376.21367242298,-3.1782652319455034,-60069.212883770015,5,-39299.96660877207,9,6,6,0.4820280435666058,pit,book,SPY,63,dial50_nohyst,1.0
pit|book|SPY|63|dial40_h35,2136,800,0.37453183520599254,12,22028.508796787217,0.3671418132797873,1100.4058462716287,1835.7090663989345,-1121.3466558929229,0.5,0.3200351017709091,2.897331541995017,2.9437941832011245,37.92560831460675,38.27212418332025,13.089840691304625,13.000951086092098,38.53379688609194,-8.323155999999932,-9.411229100420826,-4.886210666666667,-4.886210666666667,2.513965577807907,2.6478429378842305,75.71563752962803,74.08849643136664,-0.1987439150980208,1967.8480917511345,-3.650658459997214,-68997.44489394735,4,-64537.18483763519,9,5,5,0.41585987582454903,pit,book,SPY,63,dial40_h35,1.0
pit|book|SPY|63|vix25_h20,2136,586,0.2743445692883895,15,-158501.29372937136,-3.606400312386152,1116.2346836176357,-10566.752915291427,-7767.776562559369,0.0,-3.847501986946535,2.897331541995017,2.779805319279049,37.92560831460675,35.43232953684136,13.089840691304625,12.746334892988424,36.38720878220394,-8.323155999999932,-8.323155999999932,-4.886210666666667,-3.6526853500665926,3.383261449173571,3.0142747161243024,105.92270303332134,99.89612626408096,34.36483573168516,-139626.9305022265,-1.593823690347598,-30123.2677475696,14,-138170.0473077823,9,1,1,0.23296816551672272,pit,book,SPY,63,vix25_h20,1.0
pit|book|SPY|63|vixpct80_h60,2136,684,0.3202247191011236,16,-108696.79584475268,-2.1188459228996623,1908.9578907255109,-6793.549740297042,-8527.538161765504,0.1875,-1.5316578121840239,2.897331541995017,2.7983600314396213,37.92560831460675,36.21577107659938,13.089840691304625,12.941783998382839,36.63008700845885,-8.323155999999932,-8.089384775749764,-4.886210666666667,-4.886210666666667,3.330210827902775,3.0526154564806265,93.72476788948866,91.22917857416118,22.475074231624603,-124305.51424376197,-2.1660167593630373,-40937.71675196141,13,-97335.94889756708,8,2,2,0.2716892377966345,pit,book,SPY,63,vixpct80_h60,1.0
pit|book|SPY|63|spydd5_h3,2136,796,0.37265917602996257,14,-138801.1573079891,-2.3249775093465512,1153.8475965113719,-9914.368379142077,-8714.845143226708,0.14285714285714285,-2.1249359402629566,2.897331541995017,2.7875414424011664,37.92560831460675,35.742219323245116,13.089840691304625,12.822130203903642,36.48847340144078,-8.323155999999932,-8.323155999999932,-4.886210666666667,-4.886210666666667,3.438032629346791,3.168874408445508,86.47331188830843,82.17119409479047,21.03931016754359,-121856.93155532837,-2.0399975456436246,-38555.95361266451,13,-144727.29697335017,9,2,2,0.24448090896189292,pit,book,SPY,63,spydd5_h3,1.0
pit|book|SPY|63|always,2136,2136,1.0,1,-342671.8307636538,-2.139025160821809,4.767714991831473,-342671.8307636538,-342671.8307636538,0.0,,2.897331541995017,2.6309828520537275,37.92560831460675,32.53526490933577,13.089840691304625,12.366201810832395,34.43914639493758,-8.323155999999932,-11.465034824471164,-4.886210666666667,-3.6526853500665926,2.897331541995017,2.6309828520537275,82.45824564439485,77.89974917595029,15.46267345547676,-341018.35761677055,,,1,-342671.8307636538,9,3,2,0.3469214900493149,pit,book,SPY,63,always,1.0
pit|book|SPY|126|dial50_h45,2136,544,0.2546816479400749,13,109821.60025997755,2.6917058887249405,945.3982746632529,8447.815404613659,9050.915431531002,0.7692307692307693,1.6669015472214403,2.897331541995017,3.074463006282753,37.92560831460675,39.653139105213135,13.089840691304625,12.89758212220502,40.24423096355073,-8.323155999999932,-7.8876973333333655,-4.886210666666667,-4.886210666666667,1.8495013599225614,2.6130140554508277,73.96235204251319,68.70341038379594,-19.758342462591827,137991.00874924552,-3.3000263715027267,-62370.498421401535,4,-32727.583348181455,9,7,7,0.43136078271458045,pit,book,SPY,126,dial50_h45,1.0
pit|book|SPY|126|dial65_h60,2136,318,0.14887640449438203,8,34187.31921054037,1.4334305748654248,624.5905998975992,4273.414901317548,8377.151195220162,0.875,0.57183233292096,2.897331541995017,2.9648516659093263,37.92560831460675,38.463386369604,13.089840691304625,12.973123347743337,38.80943598010221,-8.323155999999932,-7.8876973333333655,-4.886210666666667,-4.886210666666667,2.3055235148165854,2.8091170538580914,75.83451405137365,70.33998816296182,-12.454433552920818,57394.91868328973,-2.3327323801483146,-44088.64198480315,2,-40520.03178562869,7,6,6,0.4869244948610334,pit,book,SPY,126,dial65_h60,1.0
pit|book|SPY|126|dial50_nohyst,2136,489,0.22893258426966293,13,49792.2148742416,1.3576609372663024,945.3982746632529,3830.1703749416633,4040.569312657151,0.7692307692307693,0.84426138953425,2.897331541995017,2.993869218550892,37.92560831460675,38.70885663847122,13.089840691304625,12.929374602811569,39.18927112143185,-8.323155999999932,-7.8876973333333655,-4.886210666666667,-4.886210666666667,2.4645934795481894,2.9772913763555904,71.98091943172315,66.82446518061836,-10.887200909201056,71105.84483199137,-2.7038556030899783,-51102.870898400586,5,-39424.38561205614,9,6,6,0.4487655203427695,pit,book,SPY,126,dial50_nohyst,1.0
pit|book|SPY|126|dial40_h35,2136,800,0.37453183520599254,12,8185.661803885798,0.13642769673143038,827.8991121628445,682.1384836571523,4999.284505853782,0.5833333333333334,0.11369231488852743,2.897331541995017,2.957780711726561,37.92560831460675,38.05437153399371,13.089840691304625,12.86585289542308,38.71687831631429,-8.323155999999932,-7.8876973333333655,-4.886210666666667,-4.886210666666667,2.513965577807907,2.691171402098529,75.71563752962803,71.53473347929601,-0.1987439150980208,1858.8733820770271,-2.9168633846190954,-55128.717969300895,4,-86936.67144653118,9,6,6,0.39283055286864793,pit,book,SPY,126,dial40_h35,1.0
pit|book|SPY|126|vix25_h20,2136,586,0.2743445692883895,15,-128043.56593252534,-2.9133917163259464,1104.4733239127697,-8536.237728835024,-7876.685702868919,0.0,-6.247995785363526,2.897331541995017,2.8007358280455943,37.92560831460675,35.91143986173556,13.089840691304625,12.822144631468236,36.66118580754597,-8.323155999999932,-8.323155999999932,-4.886210666666667,-3.726586575981962,3.383261449173571,3.0824378361636646,105.92270303332134,101.25606894141433,34.36483573168516,-134470.51921333873,-1.3446628611971791,-25414.128076626686,14,-114234.67758809392,9,2,1,0.22436466994247353,pit,book,SPY,126,vix25_h20,1.0
pit|book|SPY|126|vixpct80_h60,2136,684,0.3202247191011236,16,-74651.71627744133,-1.4551991477084076,1726.846328300264,-4665.732267340081,-6037.988653722125,0.125,-1.108537842111678,2.897331541995017,2.8574505440045797,37.92560831460675,36.751311654062725,13.089840691304625,12.86157401085148,37.40357240430169,-8.323155999999932,-7.8876973333333655,-4.886210666666667,-4.886210666666667,3.330210827902775,3.2190193367555278,93.72476788948866,89.78593674497769,22.475074231624603,-137960.51356448702,-1.9314167150931463,-36503.77591526046,13,-72177.69474453921,8,3,3,0.3015343848935383,pit,book,SPY,126,vixpct80_h60,1.0
pit|book|SPY|126|spydd5_h3,2136,796,0.37265917602996257,14,-96535.17344139148,-1.6170045802578137,1029.5027560229332,-6895.369531527964,-7484.912100731737,0.14285714285714285,-1.4999301024846978,2.897331541995017,2.824651997245977,37.92560831460675,36.40707749642755,13.089840691304625,12.889048821562547,36.974244652325275,-8.323155999999932,-8.323155999999932,-4.886210666666667,-4.886210666666667,3.438032629346791,3.262471195253513,86.47331188830843,83.25864035384735,21.03931016754359,-126045.40865953945,-1.868163975496678,-35308.29913688721,13,-117666.62338803636,9,2,2,0.25288422813736927,pit,book,SPY,126,spydd5_h3,1.0
pit|book|SPY|126|always,2136,2136,1.0,1,-283352.184888285,-1.7687402302639512,96.03466550028827,-283352.184888285,-283352.184888285,0.0,,2.897331541995017,2.7109833083816612,37.92560831460675,33.468382934341584,13.089840691304625,12.3454773147684,35.486339623501905,-8.323155999999932,-9.28553746054055,-4.886210666666667,-3.726586575981962,2.897331541995017,2.7109833083816612,82.45824564439485,77.76919712206347,15.46267345547676,-324550.4879085958,,,1,-283352.184888285,9,3,2,0.33016855646232546,pit,book,SPY,126,always,1.0
pit|book|QQQ|42|dial50_h45,2136,544,0.2546816479400749,13,49757.98711198447,1.2195585076466784,755.1838758156526,3827.5374701526516,2617.9343855362795,0.6153846153846154,0.883479262215203,2.897331541995017,2.975569516873089,37.92560831460675,38.708318224233466,13.089840691304625,13.008709090725779,38.949730941771,-8.323155999999932,-8.030446164351535,-4.886210666666667,-4.886210666666667,1.8495013599225614,2.1749591341633403,73.96235204251319,71.79599807466049,-22.895274963229895,94764.50870345783,-3.657480461713567,-69126.38072638641,5,-35258.637528178406,9,5,5,0.2556467226340328,pit,book,QQQ,42,dial50_h45,1.0
pit|book|QQQ|42|dial65_h60,2136,318,0.14887640449438203,8,13829.88820238603,0.5798695263054939,409.527829768203,1728.7360252982526,4840.184541654875,0.75,0.4014346541792157,2.897331541995017,2.9247415869618623,37.92560831460675,38.143157117790345,13.089840691304625,13.041547768810702,38.28440143656425,-8.323155999999932,-8.030446164351535,-4.886210666666667,-4.886210666666667,2.3055235148165854,2.5003480183899067,75.83451405137365,73.60711284321933,-15.033582248724997,35689.43088601923,-2.93677603353835,-55505.06703387482,2,-18148.460121020584,7,6,6,0.2508356739423418,pit,book,QQQ,42,dial65_h60,1.0
pit|book|QQQ|42|dial50_nohyst,2136,489,0.22893258426966293,13,-7.033145505901204,-0.00019176947528037381,755.1838758156526,-0.541011192762758,2377.252350536817,0.6153846153846154,-0.00014557112285641896,2.897331541995017,2.9105670336712377,37.92560831460675,37.92549768085721,13.089840691304625,13.030278032462963,38.098858792119564,-8.323155999999932,-8.030446164351535,-4.886210666666667,-4.886210666666667,2.4645934795481894,2.531416670790758,71.98091943172315,70.07959712213183,-11.43822114681825,44220.9246619076,-3.1324683009197285,-59203.650887382864,5,-47412.228316925706,9,5,5,0.26564383953612336,pit,book,QQQ,42,dial50_nohyst,1.0
pit|book|QQQ|42|dial40_h35,2136,800,0.37453183520599254,12,-54965.17536031074,-0.9160862560051791,706.6010376261888,-4580.431280025895,122.47572903964561,0.5,-0.7026584498670713,2.897331541995017,2.850300982758818,37.92560831460675,37.06098757860185,13.089840691304625,13.002482124793142,37.30998578658194,-8.323155999999932,-10.98362004252218,-4.886210666666667,-4.886210666666667,2.513965577807907,2.373775681081507,75.71563752962803,74.06095250496637,0.3317511567729525,-1904.3209907932064,-3.3126888405001518,-62609.819085452866,5,-107988.40418996064,9,4,4,0.2410887798894798,pit,book,QQQ,42,dial40_h35,1.0
pit|book|QQQ|42|vix25_h20,2136,586,0.2743445692883895,15,-107231.50831133036,-2.4398522937731593,618.4671692798017,-7148.767220755359,-5578.171685246162,0.06666666666666667,-3.760307742891783,2.897331541995017,2.821757481115807,37.92560831460675,36.23882054341727,13.089840691304625,12.842641788296906,36.93635589730294,-8.323155999999932,-8.323155999999932,-4.886210666666667,-4.416020969933395,3.383261449173571,3.1458207893336394,105.92270303332134,101.60551561561672,46.61134569905698,-113460.41431447379,-2.404963053752681,-45453.80171592566,14,-95602.84121278788,9,2,1,0.13957074125066535,pit,book,QQQ,42,vix25_h20,1.0
pit|book|QQQ|42|vixpct80_h60,2136,684,0.3202247191011236,16,-117688.96853354688,-2.2941319402250846,1089.617535491988,-7355.560533346678,-9059.61339461488,0.25,-2.171760461404787,2.897331541995017,2.7945154092330298,37.92560831460675,36.07432116913522,13.089840691304625,12.908971999204692,36.57976151625631,-8.323155999999932,-7.938936921597728,-4.886210666666667,-4.886210666666667,3.330210827902775,3.0411981053828883,93.72476788948866,90.6567121847868,34.87052349373698,-121553.95655525161,-2.4755798452042685,-46788.459074360675,13,-105297.34974123212,8,1,2,0.17123550069889215,pit,book,QQQ,42,vixpct80_h60,1.0
pit|book|QQQ|42|spydd5_h3,2136,796,0.37265917602996257,14,-132226.27705864323,-2.2148455118700707,682.2140396834212,-9444.73407561737,-9469.725523150177,0.07142857142857142,-2.0635285413792084,2.897331541995017,2.7834904839973764,37.92560831460675,35.845644405819094,13.089840691304625,12.877947530950811,36.43544700128806,-8.323155999999932,-8.323155999999932,-4.886210666666667,-4.886210666666667,3.438032629346791,3.1547520711864023,86.47331188830843,83.09321284955668,31.324346037581563,-114077.32051867855,-2.5337903793217897,-47888.638169181824,13,-131582.35411674943,9,2,2,0.15372464843857436,pit,book,QQQ,42,spydd5_h3,1.0
pit|book|QQQ|42|always,2136,2136,1.0,1,-386193.4628864109,-2.410695773323414,3.466745611200114,-386193.4628864109,-386193.4628864109,0.0,,2.897331541995017,2.522429878164141,37.92560831460675,31.850654965831733,13.089840691304625,12.626973396387564,33.01820526015554,-8.323155999999932,-12.953581590288255,-4.886210666666667,-4.416020969933395,2.897331541995017,2.522429878164141,82.45824564439485,79.54245575778596,21.438973769545555,-297881.0344260748,,,1,-386193.4628864109,9,2,1,0.21856312392694016,pit,book,QQQ,42,always,1.0
pit|book|QQQ|63|dial50_h45,2136,544,0.2546816479400749,13,73523.29179264558,1.8020414655060193,682.7014955306464,5655.637830203507,2168.6521546647923,0.6923076923076923,1.6655854961365542,2.897331541995017,3.0034047656897718,37.92560831460675,39.082154477637125,13.089840691304625,13.012616522455769,39.31408991438421,-8.323155999999932,-8.224225660192452,-4.886210666666667,-4.886210666666667,1.8495013599225614,2.298836169642447,73.96235204251319,71.94944741588827,-22.895274963229895,98327.59974894705,-3.116330858408513,-58898.653223920905,5,-2111.3292556948995,9,6,6,0.26525889242933454,pit,book,QQQ,63,dial50_h45,1.0
pit|book|QQQ|63|dial65_h60,2136,318,0.14887640449438203,8,35396.1977568539,1.4841173063670399,447.42142258654906,4424.524719606737,6880.13107993401,0.75,1.2204093973954218,2.897331541995017,2.9484787767930536,37.92560831460675,38.482402436624675,13.089840691304625,13.051612492351225,38.5951174699138,-8.323155999999932,-8.224225660192452,-4.886210666666667,-4.886210666666667,2.3055235148165854,2.6766753761420032,75.83451405137365,74.1210118354564,-15.033582248724997,37019.23393652031,-2.447579980823181,-46259.26163755812,2,-929.7993592262937,7,6,6,0.26018191556351833,pit,book,QQQ,63,dial65_h60,1.0
pit|book|QQQ|63|dial50_nohyst,2136,489,0.22893258426966293,13,21333.34345578514,0.5816862564631258,682.7014955306464,1641.0264196757814,773.0094115086707,0.5384615384615384,0.5321547355400565,2.897331541995017,2.9383584147801396,37.92560831460675,38.26118899818089,13.089840691304625,13.02128045568728,38.46264354342643,-8.323155999999932,-8.224225660192452,-4.886210666666667,-4.886210666666667,2.4645934795481894,2.6731594283976374,71.98091943172315,69.81913826560557,-11.43822114681825,45778.960230505494,-2.5897588031339085,-48946.44137923088,5,-18070.129386703447,9,5,5,0.2750032673124655,pit,book,QQQ,63,dial50_nohyst,1.0
pit|book|QQQ|63|dial40_h35,2136,800,0.37453183520599254,12,-3088.086448623393,-0.051468107477056636,690.5569047795783,-257.34053738528354,-1422.7822793254309,0.4166666666666667,-0.06150952813158017,2.897331541995017,2.9149574098350923,37.92560831460675,37.87703167384188,13.089840691304625,12.99402576039171,38.156328116679326,-8.323155999999932,-8.839427800463096,-4.886210666666667,-4.886210666666667,2.513965577807907,2.5631910770539266,75.71563752962803,73.9427806498506,0.3317511567729525,-1951.8248819213209,-2.9489658848498643,-55735.45522366244,5,-51067.368292917716,9,4,3,0.24710281597239322,pit,book,QQQ,63,dial40_h35,1.0
pit|book|QQQ|63|vix25_h20,2136,586,0.2743445692883895,15,-115771.85947023027,-2.634172001597958,655.2400814201908,-7718.123964682017,-5672.372882696467,0.0,-3.888864048933677,2.897331541995017,2.8246272710000624,37.92560831460675,36.104477940917725,13.089840691304625,12.78203262837397,36.97392098970535,-8.323155999999932,-8.323155999999932,-4.886210666666667,-4.263125842568313,3.383261449173571,3.149619467608752,105.92270303332134,100.50357411730151,46.61134569905698,-119399.00390313633,-1.5721917575655069,-29714.424217988082,14,-102114.22506047659,9,2,1,0.14687596180605494,pit,book,QQQ,63,vix25_h20,1.0
pit|book|QQQ|63|vixpct80_h60,2136,684,0.3202247191011236,16,-123167.19820185546,-2.400920042921159,1131.5648967844973,-7697.949887615966,-4864.080497018512,0.125,-2.5919121654843984,2.897331541995017,2.792684650273064,37.92560831460675,35.988146769858446,13.089840691304625,12.886577353565354,36.55579717312617,-8.323155999999932,-8.170403299537332,-4.886210666666667,-4.886210666666667,3.330210827902775,3.035642056193783,93.72476788948866,90.26420364721626,34.87052349373698,-134777.55273339213,-1.6147683921095437,-30519.122610870374,13,-113737.4747292112,8,1,1,0.18986384630584582,pit,book,QQQ,63,vixpct80_h60,1.0
pit|book|QQQ|63|spydd5_h3,2136,796,0.37265917602996257,14,-138355.96797547367,-2.317520401599224,747.6713150744092,-9882.569141105265,-8950.167548953767,0.14285714285714285,-2.427623237449848,2.897331541995017,2.787829232398883,37.92560831460675,35.749222301509405,13.089840691304625,12.823318546935445,36.49224052666344,-8.323155999999932,-8.323155999999932,-4.886210666666667,-4.886210666666667,3.438032629346791,3.1695606355200923,86.47331188830843,82.1907519529876,31.324346037581563,-126689.13478593815,-1.594782234282597,-30141.384227941086,13,-147858.22767714458,9,2,2,0.17071967168764904,pit,book,QQQ,63,spydd5_h3,1.0
pit|book|QQQ|63|always,2136,2136,1.0,1,-297888.42129434936,-1.859478285233142,4.510088549100511,-297888.42129434936,-297888.42129434936,0.0,,2.897331541995017,2.646132179010891,37.92560831460675,33.239723035819225,13.089840691304625,12.56162609694125,34.63744867138734,-8.323155999999932,-10.760808261922051,-4.886210666666667,-4.263125842568313,2.897331541995017,2.646132179010891,82.45824564439485,79.13080646448925,21.438973769545555,-297610.6456746654,,,1,-297888.42129434936,9,2,1,0.21836473261177428,pit,book,QQQ,63,always,1.0
pit|book|QQQ|126|dial50_h45,2136,544,0.2546816479400749,13,76565.80097001247,1.8766127688728547,616.1833575339373,5889.676997693268,8199.482235894744,0.8461538461538461,1.5698818938031176,2.897331541995017,3.026179605767832,37.92560831460675,39.13001417256199,13.089840691304625,12.930499596911249,39.61220894277595,-8.323155999999932,-7.8876973333333655,-4.886210666666667,-4.886210666666667,1.8495013599225614,2.393216323264182,73.96235204251319,69.60665161272425,-22.895274963229895,95550.09264817981,-2.915279792323608,-55098.78807491619,5,-18232.371534940747,9,8,8,0.25776599664884925,pit,book,QQQ,126,dial50_h45,1.0
pit|book|QQQ|126|dial65_h60,2136,318,0.14887640449438203,8,21814.12193889921,0.914638236431833,391.5457997050489,2726.765242362401,6687.849739691632,0.875,0.500636377035478,2.897331541995017,2.9423474797360774,37.92560831460675,38.26875180578044,13.089840691304625,13.006197286125113,38.51485976820692,-8.323155999999932,-7.8876973333333655,-4.886210666666667,-4.886210666666667,2.3055235148165854,2.6324584977359047,75.83451405137365,71.93187942834702,-15.033582248724997,40577.70037871816,-2.1496742986028354,-40628.844243593594,2,-25916.00551809462,7,6,6,0.28519185004749925,pit,book,QQQ,126,dial65_h60,1.0
pit|book|QQQ|126|dial50_nohyst,2136,489,0.22893258426966293,13,22317.79992119841,0.6085289685398343,616.1833575339373,1716.7538400921856,1476.502478491079,0.7692307692307693,0.529376918219813,2.897331541995017,2.95214911602241,37.92560831460675,38.2766748302211,13.089840691304625,12.965698318719527,38.64316162570912,-8.323155999999932,-7.8876973333333655,-4.886210666666667,-4.886210666666667,2.4645934795481894,2.750899642058093,71.98091943172315,68.00095493173515,-11.43822114681825,44371.4946663886,-2.3787606246073643,-44958.575805079185,5,-25267.065410193143,9,6,6,0.26654834332963545,pit,book,QQQ,126,dial50_nohyst,1.0
pit|book|QQQ|126|dial40_h35,2136,800,0.37453183520599254,12,-12859.021425654984,-0.2143170237609164,537.4456278164079,-1071.5851188045829,2805.96169795897,0.6666666666666666,-0.24486586922816014,2.897331541995017,2.920080343595389,37.92560831460675,37.72333157307959,13.089840691304625,12.91859371466205,38.22338650347371,-8.323155999999932,-7.8876973333333655,-4.886210666666667,-4.886210666666667,2.513965577807907,2.5778071762664636,75.71563752962803,72.52067993791164,0.3317511567729525,-1910.8883266547102,-2.5806471764276826,-48774.2316344832,5,-76020.4862189487,9,6,6,0.2419202106186632,pit,book,QQQ,126,dial40_h35,1.0
pit|book|QQQ|126|vix25_h20,2136,586,0.2743445692883895,15,-117019.2680547247,-2.6625544494817914,659.7105872662263,-7801.284536981647,-5298.403220525381,0.0,-4.106352609280995,2.897331541995017,2.824064279940591,37.92560831460675,36.084855783408834,13.089840691304625,12.777632591340288,36.966551526426244,-8.323155999999932,-8.323155999999932,-4.886210666666667,-4.257995249031168,3.383261449173571,3.147625527395176,105.92270303332134,100.42409856597516,46.61134569905698,-125853.59510081077,-1.3294009927607213,-25125.678763177635,14,-108849.99970729635,9,1,0,0.15481592997356514,pit,book,QQQ,126,vix25_h20,1.0
pit|book|QQQ|126|vixpct80_h60,2136,684,0.3202247191011236,16,-113517.7128432528,-2.2128209131238363,1086.8675088525288,-7094.8570527033,-4407.004028280943,0.125,-2.557087897385719,2.897331541995017,2.8240231614421765,37.92560831460675,36.139936427184786,13.089840691304625,12.79732295422421,36.96601329183253,-8.323155999999932,-7.893598865305383,-4.886210666666667,-4.886210666666667,3.330210827902775,3.123944622976701,93.72476788948866,88.66859925705673,34.87052349373698,-149543.0502832371,-1.4552027322451064,-27503.331639432512,13,-113899.61583487343,8,2,2,0.21066429935293937,pit,book,QQQ,126,vixpct80_h60,1.0
pit|book|QQQ|126|spydd5_h3,2136,796,0.37265917602996257,14,-121077.86339067729,-2.0281049144167054,705.7497820222261,-8648.418813619806,-6692.538096603212,0.14285714285714285,-1.9435193491115903,2.897331541995017,2.808721259140199,37.92560831460675,36.02101271070845,13.089840691304625,12.824701843761863,36.76571382842574,-8.323155999999932,-8.323155999999932,-4.886210666666667,-4.886210666666667,3.438032629346791,3.2248768308398343,86.47331188830843,82.20558933808329,31.324346037581563,-135048.70390007494,-1.4978140225595753,-28308.685026375973,13,-146579.65500383137,9,1,2,0.18198459110656395,pit,book,QQQ,126,spydd5_h3,1.0
pit|book|QQQ|126|always,2136,2136,1.0,1,-270953.51260559604,-1.6913452721947317,51.08972970368932,-270953.51260559604,-270953.51260559604,0.0,,2.897331541995017,2.7003027839682523,37.92560831460675,33.663418228676015,13.089840691304625,12.466534652534655,35.34653326043079,-8.323155999999932,-9.653370066592304,-4.886210666666667,-4.257995249031168,2.897331541995017,2.7003027839682523,82.45824564439485,78.53178666994218,21.438973769545555,-294247.08106774424,,,1,-270953.51260559604,9,2,1,0.21589679708363574,pit,book,QQQ,126,always,1.0
pit|book|IWM|42|dial50_h45,2136,544,0.2546816479400749,13,120522.40955395714,2.9539806263224784,779.2426777657338,9270.954581073627,2048.0735450538905,0.6153846153846154,1.7135587638477583,2.897331541995017,3.0721146120321836,37.92560831460675,39.821466442421794,13.089840691304625,12.962233338059011,40.2134908569304,-8.323155999999932,-8.890896973855966,-4.886210666666667,-4.886210666666667,1.8495013599225614,2.602070858785248,73.96235204251319,70.59241248378773,-29.577705776318908,134745.73075828273,-2.732421518227939,-51642.76669450805,1,-11950.317655957242,9,6,6,0.2813784981204121,pit,book,IWM,42,dial50_h45,1.0
pit|book|IWM|42|dial65_h60,2136,318,0.14887640449438203,8,65267.57589633739,2.736585991460687,445.08969288817536,8158.446987042174,1277.210153451749,0.5,1.4340423673720852,2.897331541995017,2.9908302454097746,37.92560831460675,38.95228928376262,13.089840691304625,13.023905099109278,39.149491447149465,-8.323155999999932,-8.890896973855966,-4.886210666666667,-4.886210666666667,2.3055235148165854,2.9964837349154996,75.83451405137365,72.84545171568395,-27.01104716397822,74874.73616860699,-1.9850542180705437,-37517.52472153328,1,-971.0608982420625,7,5,4,0.2928910097474079,pit,book,IWM,42,dial65_h60,1.0
pit|book|IWM|42|dial50_nohyst,2136,489,0.22893258426966293,13,77193.9398045981,2.104810901284202,779.2426777657338,5937.995369584469,569.1223537228808,0.5384615384615384,1.1976535006444737,2.897331541995017,3.0140705582052334,37.92560831460675,39.13989500816222,13.089840691304625,12.985726197288683,39.453703439258106,-8.323155999999932,-8.890896973855966,-4.886210666666667,-4.886210666666667,2.4645934795481894,3.0676286927175127,71.98091943172315,68.72296585094436,-18.57666322030127,79430.85875582379,-2.290408091698498,-43288.71293310161,5,-46231.817737055324,9,5,5,0.29380011969729103,pit,book,IWM,42,dial50_nohyst,1.0
pit|book|IWM|42|dial40_h35,2136,800,0.37453183520599254,12,122799.02886455249,2.0466504810758748,699.366936112835,10233.252405379375,2521.2826291905108,0.6666666666666666,1.4762140763896725,2.897331541995017,3.084795114218282,37.92560831460675,39.85727843157723,13.089840691304625,12.92055937454941,40.37947661043217,-8.323155999999932,-8.890896973855966,-4.886210666666667,-4.886210666666667,2.513965577807907,3.0678746056745037,75.71563752962803,72.63532714168983,-16.206501564010978,96066.01077411669,-3.2779228826882076,-61952.742482807116,2,-32365.99540325324,9,7,7,0.24896011249415678,pit,book,IWM,42,dial40_h35,1.0
pit|book|IWM|42|vix25_h20,2136,586,0.2743445692883895,15,-171140.42437927416,-3.8939800768890587,651.9045738836016,-11409.361625284944,-7379.531381717528,0.13333333333333333,-2.874390974615518,2.897331541995017,2.7423060004255353,37.92560831460675,35.23351175133726,13.089840691304625,12.848132829038747,35.896348672379006,-8.323155999999932,-8.323155999999932,-4.886210666666667,-4.379622561828846,3.383261449173571,2.913605332691662,105.92270303332134,101.78083389516769,48.82571795023978,-146870.58162225017,-0.2964383418434626,-5602.684660841443,14,-151494.4224268118,9,2,1,0.17247566896274547,pit,book,IWM,42,vix25_h20,1.0
pit|book|IWM|42|vixpct80_h60,2136,684,0.3202247191011236,16,-100119.61301272023,-1.9516493764662812,1290.8685798596878,-6257.475813295014,-7348.166749023188,0.25,-1.0490987229226219,2.897331541995017,2.8074468571745195,37.92560831460675,36.35069305373249,13.089840691304625,12.94795410315146,36.74903210971831,-8.323155999999932,-8.416070554270227,-4.886210666666667,-4.886210666666667,3.330210827902775,3.078246304256135,93.72476788948866,91.33179599708598,27.52192751504481,-108738.38612288545,-0.9744787200351935,-18417.64780866516,12,-141906.64618802958,8,2,2,0.194082872792748,pit,book,IWM,42,vixpct80_h60,1.0
pit|book|IWM|42|spydd5_h3,2136,796,0.37265917602996257,14,-144427.6204472635,-2.4192231230697403,789.649542219544,-10316.258603375967,-8146.23142876454,0.14285714285714285,-1.581674157687068,2.897331541995017,2.7709366442773162,37.92560831460675,35.65371316150372,13.089840691304625,12.867025752875891,36.2711192392883,-8.323155999999932,-8.323155999999932,-4.886210666666667,-4.886210666666667,3.438032629346791,3.122283180922144,86.47331188830843,82.91819682592222,18.723227712325752,-81524.42250872856,-0.6100647377079517,-11530.223542680285,11,-179587.39507479133,9,2,2,0.18379480064890977,pit,book,IWM,42,spydd5_h3,1.0
pit|book|IWM|42|always,2136,2136,1.0,1,-204956.7930862528,-1.2793807308754856,7.316041559711399,-204956.7930862528,-204956.7930862528,0.0,,2.897331541995017,2.778457000482252,37.92560831460675,34.70156887280052,13.089840691304625,12.489510856845158,36.36955950395277,-8.323155999999932,-8.890896973855966,-4.886210666666667,-4.379622561828846,2.897331541995017,2.778457000482252,82.45824564439485,78.67652315250837,12.085817672777921,-173702.5462350272,,,1,-204956.7930862528,9,3,3,0.22608313956709028,pit,book,IWM,42,always,1.0
pit|book|IWM|63|dial50_h45,2136,544,0.2546816479400749,13,119529.12522863547,2.9296354222704775,654.9914807256988,9194.548094510421,2723.6006570280533,0.6923076923076923,1.7151009268176298,2.897331541995017,3.0674743130129554,37.92560831460675,39.80584174516955,13.089840691304625,12.976748191925749,40.15275008200868,-8.323155999999932,-8.570325605693663,-4.886210666666667,-4.886210666666667,1.8495013599225614,2.5814785783951573,73.96235204251319,71.0058153401888,-29.577705776318908,134856.53343692652,-2.372304891287715,-44836.56244533781,1,-17406.62633674444,9,6,6,0.28160987829942813,pit,book,IWM,63,dial50_h45,1.0
pit|book|IWM|63|dial65_h60,2136,318,0.14887640449438203,8,78250.23976609563,3.2809324849515993,422.856140444904,9781.279970761954,4692.399745398154,0.625,1.6914751738594853,2.897331541995017,3.007000021277943,37.92560831460675,39.15651096261274,13.089840691304625,13.021786061036222,39.361151237277895,-8.323155999999932,-8.570325605693663,-4.886210666666667,-4.886210666666667,2.3055235148165854,3.11897182699563,75.83451405137365,72.75520796869937,-27.01104716397822,74969.25628888758,-1.772953305588064,-33508.81747561441,1,-694.3366956686455,7,5,5,0.2932607485256265,pit,book,IWM,63,dial65_h60,1.0
pit|book|IWM|63|dial50_nohyst,2136,489,0.22893258426966293,13,69070.61041581312,1.8833158940917012,654.9914807256988,5313.123878139473,1322.8958066224043,0.6153846153846154,1.056815966674828,2.897331541995017,3.0062217821348267,37.92560831460675,39.01211229867572,13.089840691304625,12.97712382050928,39.350964210874764,-8.323155999999932,-8.570325605693663,-4.886210666666667,-4.886210666666667,2.4645934795481894,3.029259801281794,71.98091943172315,68.4326968493238,-18.57666322030127,79331.32609813676,-1.8845957434278962,-35618.85955078724,5,-45738.66512222291,9,6,5,0.2934319667250043,pit,book,IWM,63,dial50_nohyst,1.0
pit|book|IWM|63|dial40_h35,2136,800,0.37453183520599254,12,132137.5817912515,2.2022930298541916,618.6874819779767,11011.465149270958,756.1232880934175,0.5,1.7535295791222922,2.897331541995017,3.0897024106998896,37.92560831460675,40.004177016941036,13.089840691304625,12.947582549828532,40.44371233960141,-8.323155999999932,-8.570325605693663,-4.886210666666667,-4.886210666666667,2.513965577807907,3.0801723273749766,75.71563752962803,73.14747375507721,-16.206501564010978,94755.74402491885,-2.9523488681000147,-55799.39360709028,2,-15877.306651767914,9,6,6,0.245564487395862,pit,book,IWM,63,dial40_h35,1.0
pit|book|IWM|63|vix25_h20,2136,586,0.2743445692883895,15,-200078.60382682653,-4.552414194011979,722.9726680403427,-13338.573588455096,-7595.705268287364,0.0,-2.648133977398967,2.897331541995017,2.7054916911882336,37.92560831460675,34.778304434184754,13.089840691304625,12.854707537065234,35.414455229302305,-8.323155999999932,-8.323155999999932,-4.886210666666667,-4.317035931401887,3.383261449173571,2.8068013947479975,105.92270303332134,101.92985630060431,48.82571795023978,-147557.8547064679,0.31214231267435827,5899.489709545372,14,-181303.16716771186,9,0,0,0.17328275969290557,pit,book,IWM,63,vix25_h20,1.0
pit|book|IWM|63|vixpct80_h60,2136,684,0.3202247191011236,16,-76107.00039956116,-1.483567259250705,1269.996744250665,-4756.687524972574,-4867.685367005224,0.1875,-0.7824962364812655,2.897331541995017,2.8293164717463086,37.92560831460675,36.72841954427657,13.089840691304625,12.981375505726684,37.035301880443264,-8.323155999999932,-8.351367566015044,-4.886210666666667,-4.886210666666667,3.330210827902775,3.1400403786246733,93.72476788948866,91.9008362775745,27.52192751504481,-115539.3146517052,-0.810211971121042,-15313.006254187696,12,-137396.70343812794,8,3,3,0.2062215828986697,pit,book,IWM,63,vixpct80_h60,1.0
pit|book|IWM|63|spydd5_h3,2136,796,0.37265917602996257,14,-111739.36430979142,-1.8716811442176113,836.9215557050986,-7981.383164985101,-7363.4147088569325,0.21428571428571427,-1.251237697208075,2.897331541995017,2.8082640502236305,37.92560831460675,36.16791044905946,13.089840691304625,12.879098903174475,36.75972903654522,-8.323155999999932,-8.508937143178581,-4.886210666666667,-4.886210666666667,3.438032629346791,3.2199588322675186,86.47331188830843,83.10232047407834,18.723227712325752,-87029.68595375195,-0.5190710901124943,-9810.443603126141,11,-155697.11184244286,9,2,2,0.1962062813593616,pit,book,IWM,63,spydd5_h3,1.0
pit|book|IWM|63|always,2136,2136,1.0,1,-163072.63800726068,-1.0179315730790304,3.5506968686906126,-163072.63800726068,-163072.63800726068,0.0,,2.897331541995017,2.819311736371098,37.92560831460675,35.36042075044759,13.089840691304625,12.5422174122405,36.9043414882231,-8.323155999999932,-8.570325605693663,-4.886210666666667,-4.317035931401887,2.897331541995017,2.819311736371098,82.45824564439485,79.00854324307724,12.085817672777921,-170951.60585965784,,,1,-163072.63800726068,9,3,2,0.22250264376949921,pit,book,IWM,63,always,1.0
pit|book|IWM|126|dial50_h45,2136,544,0.2546816479400749,13,134103.79344620937,3.286857682505131,546.693870442041,10315.676418939182,3727.6144727936176,0.6923076923076923,2.2108303203628332,2.897331541995017,3.1083486637290485,37.92560831460675,40.0351061890415,13.089840691304625,12.879863400205519,40.687788821242854,-8.323155999999932,-8.3678758357844,-4.886210666666667,-4.886210666666667,1.8495013599225614,2.770037083137277,73.96235204251319,68.21956282559934,-29.577705776318908,116069.02682842214,-1.9056752523495606,-36017.262269406696,1,-9348.944185468787,9,8,8,0.2423774635640669,pit,book,IWM,126,dial50_h45,1.0
pit|book|IWM|126|dial65_h60,2136,318,0.14887640449438203,8,70510.7605511458,2.956426018915966,360.34331495260477,8813.845068893224,7612.757275386881,0.625,2.223109213256665,2.897331541995017,3.0107502117520726,37.92560831460675,39.03476634574836,13.089840691304625,12.965129486126486,39.4102406331463,-8.323155999999932,-8.3678758357844,-4.886210666666667,-4.886210666666667,2.3055235148165854,3.168492258369466,75.83451405137365,69.99230087686244,-27.01104716397822,67906.50061103763,-1.2010138737072569,-22699.162213067153,1,-908.1719843669526,7,6,5,0.26563303659050214,pit,book,IWM,126,dial65_h60,1.0
pit|book|IWM|126|dial50_nohyst,2136,489,0.22893258426966293,13,85038.62974338242,2.3187083774610064,546.693870442041,6541.4330571832625,1792.1895653513993,0.6153846153846154,1.5109858831048633,2.897331541995017,3.042750514622958,37.92560831460675,39.263294625176805,13.089840691304625,12.903882338194958,39.82911949979969,-8.323155999999932,-8.3678758357844,-4.886210666666667,-4.886210666666667,2.4645934795481894,3.2456706727831413,71.98091943172315,65.99932052794699,-18.57666322030127,67976.03295789828,-1.4448286697244328,-27307.26185779178,5,-25496.525413790136,9,7,7,0.25143082842615283,pit,book,IWM,126,dial50_nohyst,1.0
pit|book|IWM|126|dial40_h35,2136,800,0.37453183520599254,12,127038.42683011648,2.117307113835275,488.78326413785544,10586.535569176374,7069.986585415944,0.6666666666666666,2.1193813199931477,2.897331541995017,3.105869407056106,37.92560831460675,39.9239655905861,13.089840691304625,12.854360682353343,40.65533574636118,-8.323155999999932,-8.3678758357844,-4.886210666666667,-4.886210666666667,2.513965577807907,3.137507522893218,75.71563752962803,71.3807738312231,-16.206501564010978,83703.43791735431,-2.1997439910992056,-41575.16143177499,2,-15043.44153542705,9,7,7,0.21692185562957567,pit,book,IWM,126,dial40_h35,1.0
pit|book|IWM|126|vix25_h20,2136,586,0.2743445692883895,15,-129426.66982400914,-2.9448616569740413,694.0603469344672,-8628.44465493394,-9880.520277054224,0.0,-4.732149983544928,2.897331541995017,2.7739534299282536,37.92560831460675,35.889683171307716,13.089840691304625,12.938098666002473,36.31060848285889,-8.323155999999932,-8.323155999999932,-4.886210666666667,-4.21004385279949,3.383261449173571,3.0145171126391013,105.92270303332134,103.3717695346007,48.82571795023978,-134312.99467971802,0.3083481433392565,5827.779909111948,14,-118954.2077811241,9,1,1,0.15772882051598372,pit,book,IWM,126,vix25_h20,1.0
pit|book|IWM|126|vixpct80_h60,2136,684,0.3202247191011236,16,-57575.635602593065,-1.122332078023257,1111.524171940845,-3598.477225162065,-5286.690141142947,0.125,-0.7231762642412787,2.897331541995017,2.8659356706459937,37.92560831460675,37.01992415906034,13.089840691304625,12.917220905630408,37.51464136028334,-8.323155999999932,-8.315551827781453,-4.886210666666667,-4.886210666666667,3.330210827902775,3.24277341322065,93.72476788948866,90.75773418737614,27.52192751504481,-117199.73763422783,-0.33446305218763867,-6321.351686346371,12,-108465.47212313514,8,3,2,0.20918520663808138,pit,book,IWM,126,vixpct80_h60,1.0
pit|book|IWM|126|spydd5_h3,2136,796,0.37265917602996257,14,-49558.811363977686,-0.8301308436177166,687.2326342366867,-3539.9150974269796,-5045.876965462874,0.21428571428571427,-0.6192996401038172,2.897331541995017,2.8696821380702406,37.92560831460675,37.14603150663406,13.089840691304625,12.944301744726838,37.563682022021894,-8.323155999999932,-8.323155999999932,-4.886210666666667,-4.886210666666667,3.438032629346791,3.376757601443085,86.47331188830843,84.13993030211131,18.723227712325752,-82445.33845574103,-0.4379657620312941,-8277.552902391459,11,-105344.10054862527,9,3,2,0.18587098294725646,pit,book,IWM,126,spydd5_h3,1.0
pit|book|IWM|126|always,2136,2136,1.0,1,-92940.32180267322,-0.5801518214898453,53.18398878712335,-92940.32180267322,-92940.32180267322,0.0,,2.897331541995017,2.9115764676189135,37.92560831460675,36.46362572445233,13.089840691304625,12.523670983737645,38.11207212168304,-8.323155999999932,-8.3678758357844,-4.886210666666667,-4.21004385279949,2.897331541995017,2.9115764676189135,82.45824564439485,78.89171172515582,12.085817672777921,-160657.30310898207,,,1,-92940.32180267322,9,3,3,0.20910405902809956,pit,book,IWM,126,always,1.0
pit|book|ADAPT|42|dial50_h45,2136,544,0.2546816479400749,13,81818.45021952543,2.005354172047192,1137.4500548333278,6293.726939963495,7376.676974491314,0.7692307692307693,1.0795147717201221,2.897331541995017,3.02086351308579,37.92560831460675,39.21264011581276,13.089840691304625,12.980606355087303,39.54262213646782,-8.323155999999932,-7.913160412214504,-4.886210666666667,-4.886210666666667,1.8495013599225614,2.3731657059657016,73.96235204251319,71.05592367227337,-21.24972443562001,141475.92676163468,-4.520555538985199,-85438.49968682026,4,-58157.5188663593,9,6,6,0.41121563869403244,pit,book,ADAPT,42,dial50_h45,1.0
pit|book|ADAPT|42|dial65_h60,2136,318,0.14887640449438203,8,30771.405895718526,1.2902056979336909,655.1295920220282,3846.4257369648194,6193.13834326925,0.75,0.4765377292521469,2.897331541995017,2.9534561534403134,37.92560831460675,38.409652901730404,13.089840691304625,13.004984975649354,38.660270537287055,-8.323155999999932,-7.913160412214504,-4.886210666666667,-4.886210666666667,2.3055235148165854,2.7169420794206998,75.83451405137365,71.88951040240161,-12.510098400525749,49362.22298266541,-3.5806744889491333,-67674.74784113861,2,-37116.16079680583,7,6,6,0.4169136757056356,pit,book,ADAPT,42,dial65_h60,1.0
pit|book|ADAPT|42|dial50_nohyst,2136,489,0.22893258426966293,13,24162.380114550528,0.6588242703353926,1137.4500548333278,1858.6446241961942,4159.657690059481,0.6923076923076923,0.33437865926515065,2.897331541995017,2.9480289781277196,37.92560831460675,38.30569069843113,13.089840691304625,12.993661521861602,38.58922967704142,-8.323155999999932,-7.913160412214504,-4.886210666666667,-4.886210666666667,2.4645934795481894,2.7256490260105486,71.98091943172315,68.92384674349763,-10.91340808197856,68618.79395013003,-3.902839597246369,-73763.66838795636,5,-71617.74535346913,9,6,6,0.432029202970257,pit,book,ADAPT,42,dial50_nohyst,1.0
pit|book|ADAPT|42|dial40_h35,2136,800,0.37453183520599254,12,-3873.230117397701,-0.06455383528996195,1095.1661692048192,-322.7691764498104,2527.2264475495385,0.5833333333333334,-0.043549419441827136,2.897331541995017,2.9234464856335656,37.92560831460675,37.864681099276886,13.089840691304625,12.952069170874836,38.26744876649775,-8.323155999999932,-11.201670308975897,-4.886210666666667,-4.886210666666667,2.513965577807907,2.587864488064952,75.71563752962803,73.1575192434874,-1.3476238993462175,12040.705587832788,-4.531141388545718,-85638.57224351408,3,-99215.32235529913,9,6,6,0.37526021535705595,pit,book,ADAPT,42,dial40_h35,1.0
pit|book|ADAPT|42|vix25_h20,2136,586,0.2743445692883895,15,-186842.25934403756,-4.251245946394484,921.0740668796717,-12456.150622935838,-7715.1981604248895,0.0,-2.650063939611454,2.897331541995017,2.7282728278494077,37.92560831460675,34.98651659458817,13.089840691304625,12.823686926562509,35.71265667896392,-8.323155999999932,-8.323155999999932,-4.886210666666667,-4.379622561828846,3.383261449173571,2.870046296655001,105.92270303332134,101.34950118606906,49.16444197297096,-175982.04651978376,-2.330126845619922,-44039.39738221653,14,-154896.0970620537,9,1,1,0.20523853739200193,pit,book,ADAPT,42,vix25_h20,1.0
pit|book|ADAPT|42|vixpct80_h60,2136,684,0.3202247191011236,16,-125158.0851550776,-2.4397287554596017,1748.932701100964,-7822.380322192348,-12003.495414518402,0.1875,-1.6235205057300615,2.897331541995017,2.7781265097264907,37.92560831460675,35.95682944699878,13.089840691304625,12.942833712255519,36.36523343260991,-8.323155999999932,-7.8876973333333655,-4.886210666666667,-4.886210666666667,3.330210827902775,2.9958189057373175,93.72476788948866,91.25843455499778,31.86090183444321,-145256.52937207834,-3.0614258827042913,-57860.94918311111,13,-75235.83180323144,8,2,1,0.2239550059649933,pit,book,ADAPT,42,vixpct80_h60,1.0
pit|book|ADAPT|42|spydd5_h3,2136,796,0.37265917602996257,14,-167050.42842643108,-2.798164630258477,921.3443050416957,-11932.173459030791,-10285.781680874728,0.07142857142857142,-2.072546803656275,2.897331541995017,2.739754536576882,37.92560831460675,35.29784876632581,13.089840691304625,12.883580735093089,35.862950417070515,-8.323155999999932,-8.323155999999932,-4.886210666666667,-4.886210666666667,3.438032629346791,3.039369361376157,86.47331188830843,83.2010036748883,27.05042576417327,-131260.113883168,-2.892232308050592,-54663.19062215619,12,-136226.28291640477,9,1,1,0.2048259044426883,pit,book,ADAPT,42,spydd5_h3,1.0
pit|book|ADAPT|42|always,2136,2136,1.0,1,-456815.9592677138,-2.8515353262653798,17.52818724002318,-456815.9592677138,-456815.9592677138,0.0,,2.897331541995017,2.4760602195931583,37.92560831460675,30.739739292417983,13.089840691304625,12.414778545842005,32.41123381655119,-8.323155999999932,-13.294110536505531,-4.886210666666667,-4.379622561828846,2.897331541995017,2.4760602195931583,82.45824564439485,78.20575384342389,19.225415610708296,-393418.77752205933,,,1,-456815.9592677138,9,3,2,0.32189733157425715,pit,book,ADAPT,42,always,1.0
pit|book|ADAPT|63|dial50_h45,2136,544,0.2546816479400749,13,99596.79936691323,2.441098023698854,1042.9771696288553,7661.292258993326,4467.938851216324,0.6923076923076923,1.2764293746597009,2.897331541995017,3.0276535999114818,37.92560831460675,39.49229954060313,13.089840691304625,13.043863254950223,39.63150329129625,-8.323155999999932,-8.08754166412693,-4.886210666666667,-4.886210666666667,1.8495013599225614,2.4090274725933885,73.96235204251319,72.86953032401533,-21.24972443562001,148417.26195315865,-3.934079923765388,-74354.11055916583,4,-44749.35618103329,9,7,7,0.431391407459139,pit,book,ADAPT,63,dial50_h45,1.0
pit|book|ADAPT|63|dial65_h60,2136,318,0.14887640449438203,8,51198.57679880058,2.14669085110275,727.1372561666518,6399.822099850073,7584.642191246203,0.75,0.7139524312227635,2.897331541995017,2.967223191153879,37.92560831460675,38.73097918559911,13.089840691304625,13.052937608828005,38.84047886774881,-8.323155999999932,-8.08754166412693,-4.886210666666667,-4.886210666666667,2.3055235148165854,2.815363444328416,75.83451405137365,74.20566485067039,-12.510098400525749,52068.78091283782,-3.0877526983205894,-58358.52599825914,2,-35040.9208531645,7,6,6,0.43977328264786514,pit,book,ADAPT,63,dial65_h60,1.0
pit|book|ADAPT|63|dial50_nohyst,2136,489,0.22893258426966293,13,38594.63525831871,1.0523417930011916,1042.9771696288553,2968.8180967937474,819.4468705848462,0.6153846153846154,0.5107966127701707,2.897331541995017,2.958286146537162,37.92560831460675,38.53271493664771,13.089840691304625,13.02535083759642,38.7234943774649,-8.323155999999932,-8.08754166412693,-4.886210666666667,-4.886210666666667,2.4645934795481894,2.77406925209257,71.98091943172315,69.97269899012487,-10.91340808197856,72017.64664168305,-3.3088603828293284,-62537.46123547431,5,-62077.398330855685,9,6,6,0.45342864086204154,pit,book,ADAPT,63,dial50_nohyst,1.0
pit|book|ADAPT|63|dial40_h35,2136,800,0.37453183520599254,12,28513.594441049467,0.47522657401749124,1059.2952002896516,2376.1328700874546,-1855.5336407226437,0.5,0.33311324793099684,2.897331541995017,2.945680546962869,37.92560831460675,38.37413676648842,13.089840691304625,13.027256742437295,38.55848908721903,-8.323155999999932,-9.55996790203737,-4.886210666666667,-4.886210666666667,2.513965577807907,2.6533667043662703,75.71563752962803,74.58090663200907,-1.3476238993462175,12425.609992147954,-3.978665229564714,-75196.7728387731,3,-77552.2913409669,9,5,5,0.38725613275587895,pit,book,ADAPT,63,dial40_h35,1.0
pit|book|ADAPT|63|vix25_h20,2136,586,0.2743445692883895,15,-199787.2433818132,-4.545784832350698,1027.0119383752492,-13319.149558787547,-7595.705268287364,0.0,-2.92069604377841,2.897331541995017,2.718884068791276,37.92560831460675,34.7828876321962,13.089840691304625,12.793074935210274,35.589759318603924,-8.323155999999932,-8.323155999999932,-4.886210666666667,-4.317035931401887,3.383261449173571,2.839296775822094,105.92270303332134,100.80034715707829,49.16444197297096,-178452.31087808718,-1.4651968595062992,-27692.220644669054,14,-165573.7297454542,9,1,1,0.2081194758393951,pit,book,ADAPT,63,vix25_h20,1.0
pit|book|ADAPT|63|vixpct80_h60,2136,684,0.3202247191011236,16,-124126.41784583601,-2.4196182815952443,1784.9822853514513,-7757.901115364752,-8018.8622122334145,0.1875,-1.6871542862726747,2.897331541995017,2.7759942312422843,37.92560831460675,35.97305792152618,13.089840691304625,12.958621281222147,36.33732224694216,-8.323155999999932,-8.089384775749764,-4.886210666666667,-4.886210666666667,3.330210827902775,2.9902459081510306,93.72476788948866,91.53527697414577,31.86090183444321,-163142.67063693682,-2.2658212194725493,-42824.02104803118,13,-87833.29461160467,8,2,1,0.2515316725078199,pit,book,ADAPT,63,vixpct80_h60,1.0
pit|book|ADAPT|63|spydd5_h3,2136,796,0.37265917602996257,14,-159557.10421356754,-2.67264831178505,1047.337429327135,-11396.93601525482,-10487.723999585503,0.07142857142857142,-2.51897995921094,2.897331541995017,2.7546641691023668,37.92560831460675,35.41572128203377,13.089840691304625,12.856638453163718,36.05811513159501,-8.323155999999932,-8.323155999999932,-4.886210666666667,-4.886210666666667,3.438032629346791,3.079912927239953,86.47331188830843,82.75269373234141,27.05042576417327,-145346.08521258057,-2.095319398774177,-39601.53663683195,12,-139652.95135224398,9,1,0,0.22680647212731447,pit,book,ADAPT,63,spydd5_h3,1.0
pit|book|ADAPT|63|always,2136,2136,1.0,1,-369094.134076037,-2.3039583899877467,4.767714991831473,-369094.134076037,-369094.134076037,0.0,,2.897331541995017,2.57890745193488,37.92560831460675,32.11963317183762,13.089840691304625,12.454744410366176,33.75748770344592,-8.323155999999932,-11.613773626087575,-4.886210666666667,-4.317035931401887,2.897331541995017,2.57890745193488,82.45824564439485,78.45751512547784,19.225415610708296,-391797.7531273565,,,1,-369094.134076037,9,3,3,0.32057100081201395,pit,book,ADAPT,63,always,1.0
pit|book|ADAPT|126|dial50_h45,2136,544,0.2546816479400749,13,103429.60500999585,2.5350393384802916,891.0428840655262,7956.123462307374,9050.915431531002,0.7692307692307693,1.2746077227599413,2.897331541995017,3.0617233431610233,37.92560831460675,39.55259086532578,13.089840691304625,12.918407848205643,40.0774708028264,-8.323155999999932,-7.8876973333333655,-4.886210666666667,-4.886210666666667,1.8495013599225614,2.5545927650704443,73.96235204251319,69.30105456598079,-21.24972443562001,141396.39208802106,-3.523199337353427,-66588.46747597978,4,-53364.4332223702,9,7,6,0.4109844622504001,pit,book,ADAPT,126,dial50_h45,1.0
pit|book|ADAPT|126|dial65_h60,2136,318,0.14887640449438203,8,31987.389498994733,1.34119033538762,608.6687447990366,3998.4236873743425,8377.151195220162,0.875,0.4283898631466738,2.897331541995017,2.959856862707218,37.92560831460675,38.42878073369206,13.089840691304625,12.98332403092742,38.74405480190219,-8.323155999999932,-7.8876973333333655,-4.886210666666667,-4.886210666666667,2.3055235148165854,2.76871752908748,75.83451405137365,70.83748697694165,-12.510098400525749,54791.69485160352,-2.5591889345781564,-48368.67086352716,2,-53628.1794534633,7,6,6,0.46277103255146196,pit,book,ADAPT,126,dial65_h60,1.0
pit|book|ADAPT|126|dial50_nohyst,2136,489,0.22893258426966293,13,40468.6793585661,1.1034404733078698,891.0428840655262,3112.9753352743164,1414.8177356316955,0.6923076923076923,0.5334185871067366,2.897331541995017,2.9799977006207876,37.92560831460675,38.56219428204486,13.089840691304625,12.940343636510745,39.00769516158021,-8.323155999999932,-7.8876973333333655,-4.886210666666667,-4.886210666666667,2.4645934795481894,2.901420785742735,71.98091943172315,67.18097564984079,-10.91340808197856,68201.86735581735,-2.8958435557868403,-54731.44320437128,5,-59706.46143588622,9,6,6,0.42940420107399924,pit,book,ADAPT,126,dial50_nohyst,1.0
pit|book|ADAPT|126|dial40_h35,2136,800,0.37453183520599254,12,17401.791149877656,0.29002985249796115,817.1431854938268,1450.1492624898076,4999.284505853782,0.6666666666666666,0.19295898003676853,2.897331541995017,2.9594730487964913,37.92560831460675,38.199344355166616,13.089840691304625,12.907481746015861,38.73903073895567,-8.323155999999932,-7.8876973333333655,-4.886210666666667,-4.886210666666667,2.513965577807907,2.6952276940102964,75.71563752962803,72.33176924512811,-1.3476238993462175,11939.198247280387,-3.339004863486121,-63107.191919887686,3,-99922.39675491206,9,6,6,0.3720966410799382,pit,book,ADAPT,126,dial40_h35,1.0
pit|book|ADAPT|126|vix25_h20,2136,586,0.2743445692883895,15,-167092.91059987398,-3.80188647553752,1013.8186626876818,-11139.527373324932,-9848.034642328046,0.0,-4.207774413914562,2.897331541995017,2.735012167406994,37.92560831460675,35.29718050741771,13.089840691304625,12.905675860624125,35.800873560137326,-8.323155999999932,-8.323155999999932,-4.886210666666667,-4.21004385279949,3.383261449173571,2.89822137110394,105.92270303332134,102.82552049788751,49.16444197297096,-177589.60611311859,-1.2926474068709806,-24431.03598986153,14,-139589.3326601856,9,1,1,0.207113348977793,pit,book,ADAPT,126,vix25_h20,1.0
pit|book|ADAPT|126|vixpct80_h60,2136,684,0.3202247191011236,16,-112829.62423722347,-2.1994078798679038,1652.097269309684,-7051.851514826467,-6777.100210604698,0.125,-1.5882429841114332,2.897331541995017,2.7938831885170967,37.92560831460675,36.15076029289761,13.089840691304625,12.93925259347914,36.571485847803004,-8.323155999999932,-7.8876973333333655,-4.886210666666667,-4.886210666666667,3.330210827902775,3.039988982507839,93.72476788948866,91.18740915607145,31.86090183444321,-182706.10786631395,-1.8840388064097704,-35608.33344114466,13,-86117.80394762903,8,2,2,0.2816943765207875,pit,book,ADAPT,126,vixpct80_h60,1.0
pit|book|ADAPT|126|spydd5_h3,2136,796,0.37265917602996257,14,-113334.51460763505,-1.898400579692379,979.8326654381726,-8095.322471973931,-6831.475414957602,0.07142857142857142,-2.0829260333713333,2.897331541995017,2.7871628082552697,37.92560831460675,36.14281819718327,13.089840691304625,12.967602068358627,36.4835171407907,-8.323155999999932,-8.323155999999932,-4.886210666666667,-4.886210666666667,3.438032629346791,3.1595433314273524,86.47331188830843,84.55712262161379,27.05042576417327,-151455.56992745964,-2.029797721828268,-38363.176942554266,12,-98541.91374472716,9,2,2,0.23634006687581294,pit,book,ADAPT,126,spydd5_h3,1.0
pit|book|ADAPT|126|always,2136,2136,1.0,1,-316445.3876514381,-1.975314529659414,96.03466550028827,-316445.3876514381,-316445.3876514381,0.0,,2.897331541995017,2.6387947118730173,37.92560831460675,32.94781569986502,13.089840691304625,12.485933654338217,34.54140239547489,-8.323155999999932,-10.016946267775628,-4.886210666666667,-4.21004385279949,2.897331541995017,2.6387947118730173,82.45824564439485,78.65398889483531,19.225415610708296,-378847.17110121204,,,1,-316445.3876514381,9,3,3,0.30997476587171374,pit,book,ADAPT,126,always,1.0
pit|subbook|SPY|42|dial50_h45,2136,544,0.2546816479400749,13,68576.48209930546,1.6807961298849374,762.597042819703,5275.11400763888,6117.421458816904,0.7692307692307693,1.6984331708868574,2.897331541995017,3.017273324245949,37.92560831460675,39.004339493696946,13.089840691304625,12.927015653593324,39.4956271365026,-8.323155999999932,-7.8876973333333655,-4.886210666666667,-4.886210666666667,1.8495013599225614,2.3524603102697244,73.96235204251319,69.4911966666116,-19.758342462591827,81749.47292270928,-2.900744553763205,-54824.07206612457,4,-15236.79148936594,9,7,7,0.25554937923908083,pit,subbook,SPY,42,dial50_h45,1.0
pit|subbook|SPY|42|dial65_h60,2136,318,0.14887640449438203,8,13205.648078677099,0.5536959362128764,335.754480508248,1650.7060098346371,4406.132735529432,0.875,0.4515767276069194,2.897331541995017,2.938966150443494,37.92560831460675,38.133337610226384,13.089840691304625,12.975085679184161,38.47059870644216,-8.323155999999932,-7.8876973333333655,-4.886210666666667,-4.886210666666667,2.3055235148165854,2.608474224063246,75.83451405137365,70.39667257631162,-12.454433552920818,29434.557478031315,-2.130922061873024,-40274.426969400156,2,-15379.943145895402,7,6,6,0.24971560828469755,pit,subbook,SPY,42,dial65_h60,1.0
pit|subbook|SPY|42|dial50_nohyst,2136,489,0.22893258426966293,13,38826.948132246864,1.0586761590251363,762.597042819703,2986.6883178651437,6101.752314404196,0.6923076923076923,1.069024149000127,2.897331541995017,2.9741606236528786,37.92560831460675,38.53636929646231,13.089840691304625,12.957057191192236,38.931288753967394,-8.323155999999932,-7.8876973333333655,-4.886210666666667,-4.886210666666667,2.4645934795481894,2.8671588324571946,71.98091943172315,67.73592920601106,-10.887200909201056,41234.08941051779,-2.563038783665396,-48441.433011275985,5,-12207.984071680487,9,6,6,0.26023792606491797,pit,subbook,SPY,42,dial50_nohyst,1.0
pit|subbook|SPY|42|dial40_h35,2136,800,0.37453183520599254,12,-16445.59595604716,-0.27409326593411937,649.1151181604394,-1370.4663296705974,1092.1148484630644,0.5,-0.28341502120193346,2.897331541995017,2.9248965944883065,37.92560831460675,37.66691354675881,13.089840691304625,12.878032549163818,38.28643046039136,-8.323155999999932,-9.74766219739518,-4.886210666666667,-4.886210666666667,2.513965577807907,2.5923075642599023,75.71563752962803,71.74897504809452,-0.1987439150980208,1169.3238274842436,-2.606919558276594,-49270.77965142762,4,-72213.23573821018,9,6,6,0.24710995921619194,pit,subbook,SPY,42,dial40_h35,1.0
pit|subbook|SPY|42|vix25_h20,2136,586,0.2743445692883895,15,-104318.74612459067,-2.3735778412876147,581.0293632882232,-6954.583074972709,-5426.188017011151,0.06666666666666667,-2.7424431624613628,2.897331541995017,2.8475578520034164,37.92560831460675,36.28463927444464,13.089840691304625,12.742371238890323,37.27407864199831,-8.323155999999932,-8.323155999999932,-4.886210666666667,-4.193092599661014,3.383261449173571,3.2146729082847734,105.92270303332134,99.75659322148528,34.36483573168516,-86805.28808787582,-1.490512720996981,-28170.690426842946,14,-92719.82088206794,9,1,0,0.1448350160692,pit,subbook,SPY,42,vix25_h20,1.0
pit|subbook|SPY|42|vixpct80_h60,2136,684,0.3202247191011236,16,-68461.22579093438,-1.334526818536733,943.2005713826159,-4278.826611933398,-1564.5208391660851,0.1875,-2.655988191207303,2.897331541995017,2.8848937599188664,37.92560831460675,36.84869015609766,13.089840691304625,12.772979950961513,37.76279972867677,-8.323155999999932,-7.8876973333333655,-4.886210666666667,-4.886210666666667,3.330210827902775,3.298688694081751,93.72476788948866,88.19816217015617,22.475074231624603,-65295.03262833812,-1.9237079463512368,-36358.08018603837,13,-54787.36875150501,8,3,2,0.14271255587191145,pit,subbook,SPY,42,vixpct80_h60,1.0
pit|subbook|SPY|42|spydd5_h3,2136,796,0.37265917602996257,14,-107604.16413811059,-1.8024148096835941,556.2344372363693,-7686.011724150755,-7383.168155589367,0.07142857142857142,-5.572037162078555,2.897331541995017,2.837503528844921,37.92560831460675,36.2329585416477,13.089840691304625,12.769308715678413,37.14246915359472,-8.323155999999932,-8.323155999999932,-4.886210666666667,-4.886210666666667,3.438032629346791,3.305900783277209,86.47331188830843,81.27455643073377,21.03931016754359,-69912.63224342345,-1.6911630932967887,-31962.98246330931,13,-99451.86999836746,9,3,1,0.14026533953080916,pit,subbook,SPY,42,spydd5_h3,1.0
pit|subbook|SPY|42|always,2136,2136,1.0,1,-277041.64755960315,-1.7293486114831658,31.826982401673927,-277041.64755960315,-277041.64755960315,0.0,,2.897331541995017,2.709423705894474,37.92560831460675,33.567649813669156,13.089840691304625,12.389221272642303,35.46592467540287,-8.323155999999932,-11.544182472541609,-4.886210666666667,-4.193092599661014,2.897331541995017,2.709423705894474,82.45824564439485,78.04475815514925,15.46267345547676,-212267.18810808435,,,1,-277041.64755960315,9,3,2,0.215941598281316,pit,subbook,SPY,42,always,1.0
pit|subbook|SPY|63|dial50_h45,2136,544,0.2546816479400749,13,65075.981029082744,1.5949995350265378,705.6728480880541,5005.844694544827,4730.370436890843,0.8461538461538461,2.2425678947602394,2.897331541995017,3.016067798009157,37.92560831460675,38.94927543191816,13.089840691304625,12.913925694119923,39.479846990113806,-8.323155999999932,-7.8876973333333655,-4.886210666666667,-4.886210666666667,1.8495013599225614,2.3459345532426648,73.96235204251319,69.10393264265696,-19.758342462591827,81040.59606888115,-2.6084541651277457,-49299.78372091439,4,-680.737133926843,9,8,7,0.2533334256252392,pit,subbook,SPY,63,dial50_h45,1.0
pit|subbook|SPY|63|dial65_h60,2136,318,0.14887640449438203,8,20881.63578591955,0.8755402845249288,410.7707233838392,2610.2044732399445,4227.494880204328,0.875,0.7872726696793142,2.897331541995017,2.9437708665042366,37.92560831460675,38.25408348427289,13.089840691304625,12.994925630777804,38.53349167424424,-8.323155999999932,-7.8876973333333655,-4.886210666666667,-4.886210666666667,2.3055235148165854,2.643985114695306,75.83451405137365,71.3835435249457,-12.454433552920818,29992.141418544772,-1.9579037766658265,-37004.38137898412,2,-7489.6131106974935,7,6,6,0.2544460144740556,pit,subbook,SPY,63,dial65_h60,1.0
pit|subbook|SPY|63|dial50_nohyst,2136,489,0.22893258426966293,13,39477.31828109258,1.0764094964169761,705.6728480880541,3036.7167908532765,3503.85235178535,0.7692307692307693,1.3839497529924076,2.897331541995017,2.9763911176975784,37.92560831460675,38.546599838129545,13.089840691304625,12.950784461400932,38.96048556567541,-8.323155999999932,-7.8876973333333655,-4.886210666666667,-4.886210666666667,2.4645934795481894,2.8801497922010033,71.98091943172315,67.52814601111574,-10.887200909201056,40990.94575881917,-2.314112645766143,-43736.729004980094,5,-4553.043585383364,9,6,6,0.2587033899430227,pit,subbook,SPY,63,dial50_nohyst,1.0
pit|subbook|SPY|63|dial40_h35,2136,800,0.37453183520599254,12,-19668.01090990945,-0.3278001818318243,641.3965413142333,-1639.0009091591216,586.5517118377272,0.5833333333333334,-0.4542929561323158,2.897331541995017,2.9235695220942857,37.92560831460675,37.61622387332727,13.089840691304625,12.866539888670431,38.269059294167796,-8.323155999999932,-9.470920416051998,-4.886210666666667,-4.886210666666667,2.513965577807907,2.5884123099269103,75.71563752962803,71.5275689178749,-0.1987439150980208,1179.905579407808,-2.2618878150747195,-42749.679704912196,4,-48677.27141758839,9,6,6,0.24934617148246688,pit,subbook,SPY,63,dial40_h35,1.0
pit|subbook|SPY|63|vix25_h20,2136,586,0.2743445692883895,15,-115689.27333085654,-2.632292908551913,698.1685591816741,-7712.6182220571045,-5855.667764906967,0.0,-2.767563215929902,2.897331541995017,2.8461078777402227,37.92560831460675,36.1057770487281,13.089840691304625,12.686018450360242,37.25509870988661,-8.323155999999932,-8.323155999999932,-4.886210666666667,-4.297493063450686,3.383261449173571,3.206633183832918,105.92270303332134,98.72593001206478,34.36483573168516,-86576.62995831812,-1.1241003756336105,-21245.49709947524,14,-107827.21941165192,9,4,0,0.14445349894508988,pit,subbook,SPY,63,vix25_h20,1.0
pit|subbook|SPY|63|vixpct80_h60,2136,684,0.3202247191011236,16,-73575.71868585561,-1.4342245357866592,1066.189616669636,-4598.482417865976,-3801.8315595162912,0.1875,-3.592635885634957,2.897331541995017,2.8859249736907935,37.92560831460675,36.768237458874175,13.089840691304625,12.74053823091994,37.77629815266998,-8.323155999999932,-7.8876973333333655,-4.886210666666667,-4.886210666666667,3.330210827902775,3.3024542543079765,93.72476788948866,87.6183607434623,22.475074231624603,-71993.28282454725,-1.5900665231395419,-30052.25728733734,13,-57073.590282467114,8,3,2,0.1573526344030257,pit,subbook,SPY,63,vixpct80_h60,1.0
pit|subbook|SPY|63|spydd5_h3,2136,796,0.37265917602996257,14,-98876.31553406705,-1.6562196906878905,624.8470449966569,-7062.593966719075,-7525.129578224348,0.14285714285714285,-4.341900403555271,2.897331541995017,2.861221061096469,37.92560831460675,36.37025054216075,13.089840691304625,12.711443738717293,37.45292787235835,-8.323155999999932,-8.323155999999932,-4.886210666666667,-4.886210666666667,3.438032629346791,3.3750353021861716,86.47331188830843,80.29735130647418,21.03931016754359,-75426.27214786533,-1.4668289049752408,-27723.066304032054,13,-102385.92738244953,9,2,2,0.15132732573316543,pit,subbook,SPY,63,spydd5_h3,1.0
pit|subbook|SPY|63|always,2136,2136,1.0,1,-245696.22215970734,-1.5336842831442405,28.448720625179817,-245696.22215970734,-245696.22215970734,0.0,,2.897331541995017,2.764149911714122,37.92560831460675,34.06072392108326,13.089840691304625,12.322314277072373,36.18228199122161,-8.323155999999932,-11.28355490183528,-4.886210666666667,-4.297493063450686,2.897331541995017,2.764149911714122,82.45824564439485,77.62328369979559,15.46267345547676,-208228.96489515583,,,1,-245696.22215970734,9,3,1,0.21183347218519763,pit,subbook,SPY,63,always,1.0
pit|subbook|SPY|126|dial50_h45,2136,544,0.2546816479400749,13,63950.071656796215,1.5674037170783388,661.0067730323617,4919.236281292018,4922.935152097776,0.8461538461538461,1.7388281082432664,2.897331541995017,3.0235632984410317,37.92560831460675,38.931564497972076,13.089840691304625,12.876054064436302,39.57796189666865,-8.323155999999932,-7.8876973333333655,-4.886210666666667,-4.886210666666667,1.8495013599225614,2.37791874187791,73.96235204251319,67.99022627433645,-19.758342462591827,83557.01239500903,-2.323959708591997,-43922.83849238874,4,-9243.162521431024,9,8,7,0.26119975927924405,pit,subbook,SPY,126,dial50_h45,1.0
pit|subbook|SPY|126|dial65_h60,2136,318,0.14887640449438203,8,24150.383619891072,1.0125947010436507,453.50222180187177,3018.7979524863836,6568.23670691693,0.875,0.8160052970314223,2.897331541995017,2.954826832071871,37.92560831460675,38.30550198952638,13.089840691304625,12.963704530416512,38.678212502213114,-8.323155999999932,-7.8876973333333655,-4.886210666666667,-4.886210666666667,2.3055235148165854,2.7329369004930117,75.83451405137365,69.85624069581354,-12.454433552920818,33412.26435906228,-1.7416472065841497,-32917.13220444043,2,-15896.310659498398,7,6,6,0.28346150353439614,pit,subbook,SPY,126,dial65_h60,1.0
pit|subbook|SPY|126|dial50_nohyst,2136,489,0.22893258426966293,13,39755.23974471282,1.0839874504352507,661.0067730323617,3058.095364977909,1285.6705116031624,0.7692307692307693,1.1907821088432453,2.897331541995017,2.984515366049645,37.92560831460675,38.55097163643369,13.089840691304625,12.916995527974247,39.06683068234056,-8.323155999999932,-7.8876973333333655,-4.886210666666667,-4.886210666666667,2.4645934795481894,2.9310974959338707,71.98091943172315,66.39542774072872,-10.887200909201056,42658.12004776634,-2.050483362022271,-38754.13554222093,5,-8327.016093457642,9,6,6,0.26922531453374005,pit,subbook,SPY,126,dial50_nohyst,1.0
pit|subbook|SPY|126|dial40_h35,2136,800,0.37453183520599254,12,-23744.37807256874,-0.3957396345428123,545.5768785468053,-1978.6981727140617,1302.2367121137386,0.6666666666666666,-0.5411716023533936,2.897331541995017,2.923856689672857,37.92560831460675,37.552101243802284,13.089840691304625,12.84334535835404,38.272818272023,-8.323155999999932,-7.8876973333333655,-4.886210666666667,-4.886210666666667,2.513965577807907,2.589499743061151,75.71563752962803,71.08103988150408,-0.1987439150980208,1185.520992766606,-1.8929232493216959,-35776.24941218005,4,-58099.38131462707,9,6,6,0.2505328612030211,pit,subbook,SPY,126,dial40_h35,1.0
pit|subbook|SPY|126|vix25_h20,2136,586,0.2743445692883895,15,-97049.21191589457,-2.2081731949009007,675.0939729056771,-6469.947461059639,-6087.133110875138,0.0,-4.628825287678998,2.897331541995017,2.859532915254495,37.92560831460675,36.398991497952224,13.089840691304625,12.728998957759071,37.43083031222323,-8.323155999999932,-8.323155999999932,-4.886210666666667,-4.425512422417022,3.383261449173571,3.2493756565514365,105.92270303332134,99.4992789954073,34.36483573168516,-85032.83325089981,-1.0021126265210059,-18939.928641247014,14,-87756.8069985915,9,4,0,0.1418776671512923,pit,subbook,SPY,126,vix25_h20,1.0
pit|subbook|SPY|126|vixpct80_h60,2136,684,0.3202247191011236,16,-78499.6471934906,-1.5302075476313954,1044.9734528467588,-4906.2279495931625,-4102.221345813183,0.0625,-3.601193684673344,2.897331541995017,2.8812166041437086,37.92560831460675,36.69078240369791,13.089840691304625,12.734475551379909,37.71466634538285,-8.323155999999932,-7.8876973333333655,-4.886210666666667,-4.886210666666667,3.330210827902775,3.289022149748682,93.72476788948866,87.51292390601957,22.475074231624603,-83865.05789715696,-1.2434805972030492,-23501.783287137627,13,-64424.90144830249,8,4,2,0.18330026464608448,pit,subbook,SPY,126,vixpct80_h60,1.0
pit|subbook|SPY|126|spydd5_h3,2136,796,0.37265917602996257,14,-84133.60963347749,-1.4092731931905778,629.6040782509583,-6009.543545248393,-6472.280046456049,0.14285714285714285,-3.293625356660294,2.897331541995017,2.874728686083364,37.92560831460675,36.602158275428444,13.089840691304625,12.732387043208787,37.6297405315547,-8.323155999999932,-8.323155999999932,-4.886210666666667,-4.886210666666667,3.438032629346791,3.4092288228231387,86.47331188830843,80.64185882977195,21.03931016754359,-74487.10877966553,-1.2872209474709386,-24328.47590720074,13,-92556.48173214971,9,3,1,0.14944308729887543,pit,subbook,SPY,126,spydd5_h3,1.0
pit|subbook|SPY|126|always,2136,2136,1.0,1,-212911.48683544277,-1.3290354983485817,41.77605938695829,-212911.48683544277,-212911.48683544277,0.0,,2.897331541995017,2.805929148482591,37.92560831460675,34.57643885876831,13.089840691304625,12.32263433218433,36.729165544725156,-8.323155999999932,-9.28074163643684,-4.886210666666667,-4.425512422417022,2.897331541995017,2.805929148482591,82.45824564439485,77.62529985749102,15.46267345547676,-200023.78947817185,,,1,-212911.48683544277,9,4,1,0.20348626266348913,pit,subbook,SPY,126,always,1.0
pit|subbook|QQQ|42|dial50_h45,2136,544,0.2546816479400749,13,26243.8928718349,0.6432326684273258,447.88453993027747,2018.760990141146,3377.2954553722147,0.6923076923076923,0.7531491370149632,2.897331541995017,2.9557792854883416,37.92560831460675,38.33843359573673,13.089840691304625,12.970668609785124,38.69067996570061,-8.323155999999932,-7.8876973333333655,-4.886210666666667,-4.886210666666667,1.8495013599225614,2.080238389387469,73.96235204251319,70.66712809960795,-22.895274963229895,57825.63653377142,-2.523157324831204,-47687.673439309765,5,-22066.36571606652,9,7,7,0.15599652935831715,pit,subbook,QQQ,42,dial50_h45,1.0
pit|subbook|QQQ|42|dial65_h60,2136,318,0.14887640449438203,8,4194.577911880764,0.1758732877098854,178.6660803875074,524.3222389850962,4119.267176264408,0.75,0.14653456227750775,2.897331541995017,2.9188477058882922,37.92560831460675,37.991590439063295,13.089840691304625,13.01595501622834,38.207251472257724,-8.323155999999932,-7.8876973333333655,-4.886210666666667,-4.886210666666667,2.3055235148165854,2.4546253899684793,75.83451405137365,72.36548517558099,-15.033582248724997,20839.057899642867,-2.045811889734865,-38665.84471598895,2,-17546.315462397768,7,5,5,0.14646294442952473,pit,subbook,QQQ,42,dial65_h60,1.0
pit|subbook|QQQ|42|dial50_nohyst,2136,489,0.22893258426966293,13,2258.710666272464,0.061587202897681007,447.88453993027747,173.74697432865153,2650.4860320683574,0.6923076923076923,0.07548265330052462,2.897331541995017,2.9215082916330353,37.92560831460675,37.96113859475036,13.089840691304625,12.993678198164972,38.24207811580197,-8.323155999999932,-7.8876973333333655,-4.886210666666667,-4.886210666666667,2.4645934795481894,2.5892466313248446,71.98091943172315,68.89315566238808,-11.43822114681825,26257.80897768854,-2.2447261880532956,-42425.32495420729,5,-21840.278876625598,9,6,6,0.15773585125070466,pit,subbook,QQQ,42,dial50_nohyst,1.0
pit|subbook|QQQ|42|dial40_h35,2136,800,0.37453183520599254,12,-45629.11826071512,-0.7604853043452523,353.5086424834705,-3802.4265217262605,658.1926430611356,0.5,-0.86248943151885,2.897331541995017,2.8716381697078814,37.92560831460675,37.207846903764036,13.089840691304625,12.957010843587238,37.58928616454576,-8.323155999999932,-10.205619917094433,-4.886210666666667,-4.886210666666667,2.513965577807907,2.4348180306115554,75.71563752962803,73.2186858581737,0.3317511567729525,-1211.3429596270923,-2.2883991771941012,-43250.74444896851,5,-72708.57317419187,9,6,6,0.1533571270684588,pit,subbook,QQQ,42,dial40_h35,1.0
pit|subbook|QQQ|42|vix25_h20,2136,586,0.2743445692883895,15,-88056.38036583063,-2.0035581425672495,381.35471625060256,-5870.425357722041,-4273.607861111273,0.0,-2.9575773636234852,2.897331541995017,2.857968457013735,37.92560831460675,36.540451769526264,13.089840691304625,12.785463632340802,37.41035180308348,-8.323155999999932,-8.323155999999932,-4.886210666666667,-4.700049303883568,3.383261449173571,3.2483688871601704,105.92270303332134,100.53005357880897,46.61134569905698,-74451.43557158746,-1.607726292675274,-30386.026931562683,14,-79421.91340622224,9,3,0,0.09158473563388916,pit,subbook,QQQ,42,vix25_h20,1.0
pit|subbook|QQQ|42|vixpct80_h60,2136,684,0.3202247191011236,16,-71548.95614968112,-1.3947164941458303,577.0707442788017,-4471.809759355068,-1312.6416507164913,0.125,-3.1432468564986222,2.897331541995017,2.8823958525948696,37.92560831460675,36.800119116746586,13.089840691304625,12.767198191607642,37.730102519744015,-8.323155999999932,-7.8876973333333655,-4.886210666666667,-4.886210666666667,3.330210827902775,3.2916390066011334,93.72476788948866,88.0967804577028,34.87052349373698,-73754.55499354975,-1.8696172797766606,-35335.76658777888,13,-59136.996444096134,8,4,1,0.10389952339728122,pit,subbook,QQQ,42,vixpct80_h60,1.0
pit|subbook|QQQ|42|spydd5_h3,2136,796,0.37265917602996257,14,-122224.89489622913,-2.04731817246615,382.40693833052103,-8730.34963544494,-6617.901156244474,0.0,-6.28837797023323,2.897331541995017,2.8158454986519015,37.92560831460675,36.00296951848628,13.089840691304625,12.78584692793794,36.85896898868062,-8.323155999999932,-8.323155999999932,-4.886210666666667,-4.886210666666667,3.438032629346791,3.246719571205064,86.47331188830843,81.55859894841203,31.324346037581563,-78443.94642780705,-1.5197086489072835,-28722.49346434766,13,-109695.3891070145,9,2,1,0.10570697165677684,pit,subbook,QQQ,42,spydd5_h3,1.0
pit|subbook|QQQ|42|always,2136,2136,1.0,1,-274587.4626357446,-1.7140291050920387,14.255462663972418,-274587.4626357446,-274587.4626357446,0.0,,2.897331541995017,2.6727724501924985,37.92560831460675,33.60625496977481,13.089840691304625,12.573556333744168,34.98616557712773,-8.323155999999932,-12.029047417101113,-4.886210666666667,-4.700049303883568,2.897331541995017,2.6727724501924985,82.45824564439485,79.20595989225743,21.438973769545555,-190042.14424263278,,,1,-274587.4626357446,9,3,1,0.1394389031966116,pit,subbook,QQQ,42,always,1.0
pit|subbook|QQQ|63|dial50_h45,2136,544,0.2546816479400749,13,51444.49555979055,1.2608944990144741,452.65067507526254,3957.2688892146575,1948.7982728770935,0.6923076923076923,2.062149240212303,2.897331541995017,2.989101205932795,37.92560831460675,38.734847570603456,13.089840691304625,12.958693902274765,39.126858595846834,-8.323155999999932,-7.8876973333333655,-4.886210666666667,-4.886210666666667,1.8495013599225614,2.2282357216402158,73.96235204251319,70.3738607213249,-22.895274963229895,56396.426051849776,-2.342292966104825,-44269.3370593812,5,8095.721998370064,9,8,7,0.15214094058720007,pit,subbook,QQQ,63,dial50_h45,1.0
pit|subbook|QQQ|63|dial65_h60,2136,318,0.14887640449438203,8,22767.404412261654,0.9546081514575112,255.02146956401586,2845.925551532705,3004.3403610901228,0.875,1.0943496039012273,2.897331541995017,2.940480449604708,37.92560831460675,38.283747260417606,13.089840691304625,13.019555108949673,38.49042064122143,-8.323155999999932,-7.8876973333333655,-4.886210666666667,-4.886210666666667,2.3055235148165854,2.617814730692813,75.83451405137365,72.57663720895886,-15.033582248724997,20449.53119295228,-1.8393477066364203,-34763.67165542834,2,3132.554188569453,7,6,6,0.14372523773133392,pit,subbook,QQQ,63,dial65_h60,1.0
pit|subbook|QQQ|63|dial50_nohyst,2136,489,0.22893258426966293,13,25438.97002435517,0.6936324478351784,452.65067507526254,1956.8438480273203,1611.589774484323,0.6153846153846154,1.0430459798588354,2.897331541995017,2.9501412970725323,37.92560831460675,38.32577188802356,13.089840691304625,12.991164838801039,38.61687959551824,-8.323155999999932,-7.8876973333333655,-4.886210666666667,-4.886210666666667,2.4645934795481894,2.73684495315965,71.98091943172315,68.84378971316129,-11.43822114681825,25598.918160832636,-2.0535458783038307,-38812.0170999424,5,3134.056747943665,9,6,6,0.1537777638121698,pit,subbook,QQQ,63,dial50_nohyst,1.0
pit|subbook|QQQ|63|dial40_h35,2136,800,0.37453183520599254,12,-23170.060096209847,-0.38616766827016424,412.9487820897024,-1930.838341350822,-603.7206274747957,0.4166666666666667,-0.656238571524697,2.897331541995017,2.903863357294353,37.92560831460675,37.56113545916074,13.089840691304625,12.934883924482579,38.01110873630009,-8.323155999999932,-9.333875716760698,-4.886210666666667,-4.886210666666667,2.513965577807907,2.529739676836416,75.71563752962803,72.82025358195716,0.3317511567729525,-1217.4213273897994,-2.0460630998396216,-38670.59258696885,5,-43550.88236596304,9,7,4,0.15412665398892839,pit,subbook,QQQ,63,dial40_h35,1.0
pit|subbook|QQQ|63|vix25_h20,2136,586,0.2743445692883895,15,-88844.20051977973,-2.021483515808412,428.3991172759661,-5922.946701318648,-4224.290953017387,0.0,-2.900575560322151,2.897331541995017,2.865700988968089,37.92560831460675,36.52805909294729,13.089840691304625,12.746640083374741,37.511569414506404,-8.323155999999932,-8.323155999999932,-4.886210666666667,-4.626189791622382,3.383261449173571,3.2688020316529287,105.92270303332134,99.81459220595161,46.61134569905698,-76460.65421175788,-1.1987684517466366,-22656.72373801143,14,-83633.75675541344,9,4,0,0.0940563301246865,pit,subbook,QQQ,63,vix25_h20,1.0
pit|subbook|QQQ|63|vixpct80_h60,2136,684,0.3202247191011236,16,-80932.13690357632,-1.577624501044373,648.1955609192953,-5058.25855647352,-3800.6692635080462,0.0625,-4.042345016551718,2.897331541995017,2.8753404854525857,37.92560831460675,36.6525185206179,13.089840691304625,12.747192447661973,37.63774888783285,-8.323155999999932,-7.8876973333333655,-4.886210666666667,-4.886210666666667,3.330210827902775,3.2717741163848233,93.72476788948866,87.74420669157493,34.87052349373698,-79762.29024583432,-1.354349794080746,-25597.211108126103,13,-68397.32080868361,8,4,1,0.11236274074655546,pit,subbook,QQQ,63,vixpct80_h60,1.0
pit|subbook|QQQ|63|spydd5_h3,2136,796,0.37265917602996257,14,-109692.30687614433,-1.8373920749772918,427.91535658916865,-7835.164776867451,-6121.983382584223,0.07142857142857142,-4.771269574541122,2.897331541995017,2.8393676629932356,37.92560831460675,36.20011135251009,13.089840691304625,12.749356775567508,37.16687037262338,-8.323155999999932,-8.323155999999932,-4.886210666666667,-4.886210666666667,3.438032629346791,3.3126577424723957,86.47331188830843,80.94116378340442,31.324346037581563,-82887.90521201181,-1.1791864915273145,-22286.624689866243,13,-110292.55709948389,9,2,1,0.11169541877905598,pit,subbook,QQQ,63,spydd5_h3,1.0
pit|subbook|QQQ|63|always,2136,2136,1.0,1,-227781.71938469913,-1.4218584231254625,9.085466648899667,-227781.71938469913,-227781.71938469913,0.0,,2.897331541995017,2.742608219713011,37.92560831460675,34.34252508833058,13.089840691304625,12.52184866999495,35.90030467470591,-8.323155999999932,-11.102027178683716,-4.886210666666667,-4.626189791622382,2.897331541995017,2.742608219713011,82.45824564439485,78.8802322275989,21.438973769545555,-187782.87699905483,,,1,-227781.71938469913,9,3,1,0.13778121959317716,pit,subbook,QQQ,63,always,1.0
pit|subbook|QQQ|126|dial50_h45,2136,544,0.2546816479400749,13,53772.98313871911,1.3179652730078213,438.0422664937468,4136.383318363009,2135.983650442232,0.7692307692307693,1.8112539818972058,2.897331541995017,2.9969886477360745,37.92560831460675,38.77147546510344,13.089840691304625,12.936810919985106,39.230103952513694,-8.323155999999932,-7.8876973333333655,-4.886210666666667,-4.886210666666667,1.8495013599225614,2.261240880863013,73.96235204251319,69.74733303047961,-22.895274963229895,59334.52690102422,-2.135134743893049,-40354.04665957863,5,2807.0477220548096,9,7,7,0.1600670709828121,pit,subbook,QQQ,126,dial50_h45,1.0
pit|subbook|QQQ|126|dial65_h60,2136,318,0.14887640449438203,8,26060.87482151843,1.0926991539420732,292.3440356072026,3257.609352689804,4001.0672904815174,0.75,1.0142635940550033,2.897331541995017,2.947579089634827,37.92560831460675,38.33555466011377,13.089840691304625,13.005776433589485,38.5833407083406,-8.323155999999932,-7.8876973333333655,-4.886210666666667,-4.886210666666667,2.3055235148165854,2.6722164458579756,75.83451405137365,71.91944237633564,-15.033582248724997,23685.687726677817,-1.6653999403941537,-31476.058873449503,2,-3060.6632330142074,7,6,5,0.16646988467491816,pit,subbook,QQQ,126,dial65_h60,1.0
pit|subbook|QQQ|126|dial50_nohyst,2136,489,0.22893258426966293,13,28933.43256428334,0.788914316681209,438.0422664937468,2225.6486587910267,935.9658829883513,0.7692307692307693,1.0331686775660869,2.897331541995017,2.958467786059133,37.92560831460675,38.380740961685355,13.089840691304625,12.973181977016196,38.72587200987075,-8.323155999999932,-7.8876973333333655,-4.886210666666667,-4.886210666666667,2.4645934795481894,2.782527066400158,71.98091943172315,68.2571370114595,-11.43822114681825,27266.794161776175,-1.8627446901145053,-35205.87464316415,5,3502.7441451952473,9,6,6,0.16379702478756164,pit,subbook,QQQ,126,dial50_nohyst,1.0
pit|subbook|QQQ|126|dial40_h35,2136,800,0.37453183520599254,12,-24615.74180047511,-0.4102623633412519,361.05557291369036,-2051.311816706259,1168.6439005992206,0.5833333333333334,-0.7438364901569524,2.897331541995017,2.9035233199201884,37.92560831460675,37.53839439864421,13.089840691304625,12.928566525057587,38.00665770124318,-8.323155999999932,-7.8876973333333655,-4.886210666666667,-4.886210666666667,2.513965577807907,2.528659407943886,75.71563752962803,72.70010059860203,0.3317511567729525,-1255.232669520219,-1.7611714250304966,-33286.13993307639,5,-50267.903078557254,9,6,6,0.15891360450004435,pit,subbook,QQQ,126,dial40_h35,1.0
pit|subbook|QQQ|126|vix25_h20,2136,586,0.2743445692883895,15,-81112.34327364621,-1.8455595739168646,412.064774858538,-5407.489551576416,-4366.228022892993,0.0,-3.751477817613866,2.897331541995017,2.869089786579931,37.92560831460675,36.649683813672986,13.089840691304625,12.7739759087013,37.555928235380485,-8.323155999999932,-8.323155999999932,-4.886210666666667,-4.649218265148925,3.383261449173571,3.28054255109803,105.92270303332134,100.3086662237393,46.61134569905698,-78388.05376414943,-1.0324626625103617,-19513.544321445832,14,-76256.42385800421,9,3,0,0.09642727673050348,pit,subbook,QQQ,126,vix25_h20,1.0
pit|subbook|QQQ|126|vixpct80_h60,2136,684,0.3202247191011236,16,-87696.10497069321,-1.709475730422869,654.4196771524935,-5481.006560668325,-3621.0779368730828,0.0,-4.429584400477145,2.897331541995017,2.863687951437875,37.92560831460675,36.54611902293291,13.089840691304625,12.76190689861404,37.485219073930274,-8.323155999999932,-7.8876973333333655,-4.886210666666667,-4.886210666666667,3.330210827902775,3.2379503016674014,93.72476788948866,88.014368469923,34.87052349373698,-90159.8749189732,-1.0439153142523094,-19729.99943936865,13,-80073.035166291,8,3,1,0.12701002716997004,pit,subbook,QQQ,126,vixpct80_h60,1.0
pit|subbook|QQQ|126|spydd5_h3,2136,796,0.37265917602996257,14,-94302.89006841357,-1.5796128989684006,428.6130182403153,-6735.920719172397,-6738.456549698285,0.07142857142857142,-3.128509119774677,2.897331541995017,2.855874121506957,37.92560831460675,36.442192066339565,13.089840691304625,12.760433589107262,37.38293728494561,-8.323155999999932,-8.323155999999932,-4.886210666666667,-4.886210666666667,3.438032629346791,3.355854746597035,86.47331188830843,81.1186749740015,31.324346037581563,-81402.96796892979,-1.063181949904915,-20094.138853202898,13,-103946.36238901521,9,2,1,0.10969439478403012,pit,subbook,QQQ,126,spydd5_h3,1.0
pit|subbook|QQQ|126|always,2136,2136,1.0,1,-200740.0981409667,-1.2530592892694552,16.035125349516562,-200740.0981409667,-200740.0981409667,0.0,,2.897331541995017,2.779521650077096,37.92560831460675,34.76789890564771,13.089840691304625,12.508590787441195,36.38349559754135,-8.323155999999932,-10.11719267901352,-4.886210666666667,-4.649218265148925,2.897331541995017,2.779521650077096,82.45824564439485,78.79671541772143,21.438973769545555,-184200.55107887145,,,1,-200740.0981409667,9,2,1,0.1351527731546576,pit,subbook,QQQ,126,always,1.0
pit|subbook|IWM|42|dial50_h45,2136,544,0.2546816479400749,13,63180.87706863171,1.5485509085448947,426.5426217948463,4860.067466817824,2524.960535097379,0.7692307692307693,1.7089770409557816,2.897331541995017,3.0103352646889334,37.92560831460675,38.91946480782117,13.089840691304625,12.928614717551346,39.40480904219448,-8.323155999999932,-7.8876973333333655,-4.886210666666667,-4.886210666666667,1.8495013599225614,2.321033361790018,73.96235204251319,69.52763235615069,-29.577705776318908,73175.47778273771,-1.844770410742493,-34866.16076303311,1,-8033.294581700866,9,8,8,0.15280637035310796,pit,subbook,IWM,42,dial50_h45,1.0
pit|subbook|IWM|42|dial65_h60,2136,318,0.14887640449438203,8,24531.63023553776,1.0285798840896339,188.07857615755233,3066.4537794422195,3291.207176749665,0.75,1.49987735195726,2.897331541995017,2.9478426772490685,37.92560831460675,38.3114991273006,13.089840691304625,12.996453108906394,38.586791028219224,-8.323155999999932,-7.8876973333333655,-4.886210666666667,-4.886210666666667,2.3055235148165854,2.6749752562681666,75.83451405137365,71.46475631629359,-27.01104716397822,39568.00432200463,-1.3302374489469924,-25141.487785098157,1,-382.252156652916,7,6,6,0.1547800143624512,pit,subbook,IWM,42,dial65_h60,1.0
pit|subbook|IWM|42|dial50_nohyst,2136,489,0.22893258426966293,13,41728.30132080934,1.1377859937507662,426.5426217948463,3209.86933236995,667.5000230766661,0.6923076923076923,1.2332540189698489,2.897331541995017,2.977824927218791,37.92560831460675,38.582008560102615,13.089840691304625,12.956439516455115,38.97925390388976,-8.323155999999932,-7.8876973333333655,-4.886210666666667,-4.886210666666667,2.4645934795481894,2.8864221033797497,71.98091943172315,67.71895807009564,-18.57666322030127,42229.35433693915,-1.609496144868094,-30419.47713800698,5,-17582.095386174915,9,8,8,0.156198605343951,pit,subbook,IWM,42,dial50_nohyst,1.0
pit|subbook|IWM|42|dial40_h35,2136,800,0.37453183520599254,12,57573.1868089422,0.9595531134823698,373.6213215947676,4797.76556741185,3381.3964624536075,0.5833333333333334,1.240906074058725,2.897331541995017,3.0135758134418964,37.92560831460675,38.83125394980358,13.089840691304625,12.88544120131268,39.447227309123164,-8.323155999999932,-7.8876973333333655,-4.886210666666667,-4.886210666666667,2.513965577807907,2.857694469135599,75.71563752962803,71.93874016967317,-16.206501564010978,56464.047528155,-2.1417662223828753,-40479.38160303634,2,-14994.300322071616,9,7,7,0.14632954477040047,pit,subbook,IWM,42,dial40_h35,1.0
pit|subbook|IWM|42|vix25_h20,2136,586,0.2743445692883895,15,-127289.25070739724,-2.896228685037479,386.0186800205092,-8485.950047159815,-5026.436717615043,0.13333333333333333,-1.9719932350896328,2.897331541995017,2.8029936331627474,37.92560831460675,35.92330549449038,13.089840691304625,12.816049622615969,36.690740116841525,-8.323155999999932,-8.323155999999932,-4.886210666666667,-4.495424370290675,3.383261449173571,3.088567250222696,105.92270303332134,101.14333521437412,48.82571795023978,-92809.90568187984,-0.25595643290193903,-4837.576581846647,14,-113864.10450256597,9,0,0,0.10899017619486628,pit,subbook,IWM,42,vix25_h20,1.0
pit|subbook|IWM|42|vixpct80_h60,2136,684,0.3202247191011236,16,-80937.34095485107,-1.5777259445390068,659.1890686835213,-5058.583809678192,-3994.796504656446,0.0625,-4.043194352270104,2.897331541995017,2.8509511514770227,37.92560831460675,36.65243665913717,13.089840691304625,12.856213492170237,37.31849639152571,-8.323155999999932,-7.8876973333333655,-4.886210666666667,-4.886210666666667,3.330210827902775,3.2005779519180924,93.72476788948866,89.6955544477887,27.52192751504481,-61425.67207404129,-0.7013775524890685,-13256.035742043396,12,-63850.357700597815,8,3,1,0.10963626851958704,pit,subbook,IWM,42,vixpct80_h60,1.0
pit|subbook|IWM|42|spydd5_h3,2136,796,0.37265917602996257,14,-89771.77077491742,-1.5037147533487,417.2720956175118,-6412.269341065529,-4474.5377619347,0.07142857142857142,-3.3258857174327634,2.897331541995017,2.842786867722517,37.92560831460675,36.51346810016984,13.089840691304625,12.844251011129233,37.21162721782063,-8.323155999999932,-8.323155999999932,-4.886210666666667,-4.886210666666667,3.438032629346791,3.313714120879028,86.47331188830843,82.51385792034381,18.723227712325752,-48905.955718942045,-0.6696882455017632,-12657.107839983324,11,-79164.44243215301,9,2,1,0.11025727144457817,pit,subbook,IWM,42,spydd5_h3,1.0
pit|subbook|IWM|42|always,2136,2136,1.0,1,-156681.1017940898,-0.9780343432839563,22.934441862692747,-156681.1017940898,-156681.1017940898,0.0,,2.897331541995017,2.83358378960653,37.92560831460675,35.460961769531174,13.089840691304625,12.51452732740798,37.09116039141272,-8.323155999999932,-8.201587595909787,-4.886210666666667,-4.495424370290675,2.897331541995017,2.83358378960653,82.45824564439485,78.83411210438881,12.085817672777921,-107268.59903129522,,,1,-156681.1017940898,9,3,3,0.13961580973686508,pit,subbook,IWM,42,always,1.0
pit|subbook|IWM|63|dial50_h45,2136,544,0.2546816479400749,13,56388.7797349968,1.3820779346812948,390.9071105877687,4337.5984411536,3412.661649805635,0.7692307692307693,1.908265350486215,2.897331541995017,3.0051878984468026,37.92560831460675,38.812622827292095,13.089840691304625,12.915206682201788,39.337430838105185,-8.323155999999932,-7.8876973333333655,-4.886210666666667,-4.886210666666667,1.8495013599225614,2.2963272667539067,73.96235204251319,69.12484994185691,-29.577705776318908,70516.93163059505,-1.5748907496436189,-29765.435168264397,1,-12204.010148170519,9,7,7,0.14725474567999955,pit,subbook,IWM,63,dial50_h45,1.0
pit|subbook|IWM|63|dial65_h60,2136,318,0.14887640449438203,8,29371.094405380478,1.2314924278985522,220.10204817393588,3671.38680067256,4610.291289571776,0.75,1.9503163146501252,2.897331541995017,2.954036350026329,37.92560831460675,38.38762552997228,13.089840691304625,12.994973988600423,38.667865218167634,-8.323155999999932,-7.8876973333333655,-4.886210666666667,-4.886210666666667,2.3055235148165854,2.7224543604398677,75.83451405137365,71.40159792533517,-27.01104716397822,38994.05028751251,-1.1797100485179166,-22296.519916988625,1,-509.1753142366742,7,7,6,0.1525348515036139,pit,subbook,IWM,63,dial65_h60,1.0
pit|subbook|IWM|63|dial50_nohyst,2136,489,0.22893258426966293,13,35030.11027695745,0.955149564470551,390.9071105877687,2694.6238674582655,1767.138004929493,0.6923076923076923,1.2878697741145977,2.897331541995017,2.97254235626064,37.92560831460675,38.47664375716562,13.089840691304625,12.944018670121817,38.91010589160705,-8.323155999999932,-7.8876973333333655,-4.886210666666667,-4.886210666666667,2.4645934795481894,2.861439678151853,71.98091943172315,67.29697481599456,-18.57666322030127,40561.550775468575,-1.3493890795337684,-25503.453603188223,5,-17635.479501284546,9,6,6,0.15002970708870336,pit,subbook,IWM,63,dial50_nohyst,1.0
pit|subbook|IWM|63|dial40_h35,2136,800,0.37453183520599254,12,51690.84176784177,0.8615140294640299,365.74753539572856,4307.57014732015,2420.7220304195557,0.6666666666666666,1.5270674403338689,2.897331541995017,3.0096159787567007,37.92560831460675,38.738722679494145,13.089840691304625,12.87164972306449,39.39539370393006,-8.323155999999932,-7.8876973333333655,-4.886210666666667,-4.886210666666667,2.513965577807907,2.846573482080776,75.71563752962803,71.67305498112765,-16.206501564010978,55283.72342006879,-1.8295295206097908,-34578.10793952505,2,-9773.615560729873,9,8,8,0.14327067285138584,pit,subbook,IWM,63,dial40_h35,1.0
pit|subbook|IWM|63|vix25_h20,2136,586,0.2743445692883895,15,-135722.6824494873,-3.088115641626559,465.0476769566521,-9048.17882996582,-5438.761833513275,0.0,-2.1086053424671065,2.897331541995017,2.803652604104387,37.92560831460675,35.79064477045751,13.089840691304625,12.76572023155153,36.699365941487784,-8.323155999999932,-8.323155999999932,-4.886210666666667,-4.550257147691939,3.383261449173571,3.0863946268880245,105.92270303332134,100.22758561872146,48.82571795023978,-93703.53216852559,0.034368740736921345,649.5691999278133,14,-126703.60908780855,9,2,0,0.11003959551618057,pit,subbook,IWM,63,vix25_h20,1.0
pit|subbook|IWM|63|vixpct80_h60,2136,684,0.3202247191011236,16,-72723.93609773237,-1.4176205867004363,684.1157633646055,-4545.246006108273,-4811.449035427482,0.125,-2.9194836656759473,2.897331541995017,2.8667742490687207,37.92560831460675,36.78163628610309,13.089840691304625,12.83032184974164,37.525618218244,-8.323155999999932,-8.017105367928279,-4.886210666666667,-4.886210666666667,3.330210827902775,3.245831948988318,93.72476788948866,89.2280352972035,27.52192751504481,-67248.50803957666,-0.5438241352387121,-10278.27615601166,12,-72114.34893074988,8,3,0,0.12002921964095915,pit,subbook,IWM,63,vixpct80_h60,1.0
pit|subbook|IWM|63|spydd5_h3,2136,796,0.37265917602996257,14,-76012.31799398661,-1.2732381573532097,440.4299745894644,-5429.4512852847565,-4250.2928618276,0.14285714285714285,-2.2167488539687237,2.897331541995017,2.8707477233514447,37.92560831460675,36.72990893043167,13.089840691304625,12.794544303444216,37.57763036359585,-8.323155999999932,-8.323155999999932,-4.886210666666667,-4.886210666666667,3.438032629346791,3.392385918588221,86.47331188830843,81.6788081735436,18.723227712325752,-53430.33554874304,-0.5541331407210582,-10473.116359628,11,-76059.12194422084,9,2,2,0.12045737422714235,pit,subbook,IWM,63,spydd5_h3,1.0
pit|subbook|IWM|63|always,2136,2136,1.0,1,-131283.23883889747,-0.8194958729019818,20.970177033969286,-131283.23883889747,-131283.23883889747,0.0,,2.897331541995017,2.877347419068957,37.92560831460675,35.86047871489375,13.089840691304625,12.463034000425772,37.66401932914918,-8.323155999999932,-8.254270247040463,-4.886210666666667,-4.550257147691939,2.897331541995017,2.877347419068957,82.45824564439485,78.50973463445013,12.085817672777921,-105042.67072966961,,,1,-131283.23883889747,9,4,2,0.13671864518867333,pit,subbook,IWM,63,always,1.0
pit|subbook|IWM|126|dial50_h45,2136,544,0.2546816479400749,13,63511.52441921859,1.5566550102749654,375.01454954955733,4885.50187840143,2401.4586297800906,0.7692307692307693,1.8097276198262564,2.897331541995017,3.020191526810167,37.92560831460675,38.92466600210007,13.089840691304625,12.88814489298667,39.53382594317317,-8.323155999999932,-7.8876973333333655,-4.886210666666667,-4.886210666666667,1.8495013599225614,2.3630476372766847,73.96235204251319,68.34589381265639,-29.577705776318908,70101.14141518803,-1.4691509083597927,-27766.952168000083,1,-9566.400749942908,9,7,7,0.14638648495154455,pit,subbook,IWM,126,dial50_h45,1.0
pit|subbook|IWM|126|dial65_h60,2136,318,0.14887640449438203,8,35795.98358437109,1.5008798148583267,252.49411349004058,4474.497948046386,4503.362288530292,0.75,2.286278426227637,2.897331541995017,2.966611768430643,37.92560831460675,38.48869120245078,13.089840691304625,12.973956219020716,38.83247544170661,-8.323155999999932,-7.8876973333333655,-4.886210666666667,-4.886210666666667,2.3055235148165854,2.8225846568534165,75.83451405137365,70.38371137079363,-27.01104716397822,40900.11269881505,-1.0823509878052968,-20456.43366952011,1,-1430.3762202672353,7,7,6,0.1599908850451658,pit,subbook,IWM,126,dial65_h60,1.0
pit|subbook|IWM|126|dial50_nohyst,2136,489,0.22893258426966293,13,42822.438313840794,1.167619313260826,375.01454954955733,3294.0337164492917,1433.6682517430847,0.6923076923076923,1.3768983745153076,2.897331541995017,2.9883615826469456,37.92560831460675,38.59921970381322,13.089840691304625,12.916515835283866,39.11717704486348,-8.323155999999932,-7.8876973333333655,-4.886210666666667,-4.886210666666667,2.4645934795481894,2.9516446768349445,71.98091943172315,66.3830196752271,-18.57666322030127,40650.46205260275,-1.2526009500326365,-23674.157955616825,5,-13858.4289334659,9,6,6,0.15035857353020515,pit,subbook,IWM,126,dial50_nohyst,1.0
pit|subbook|IWM|126|dial40_h35,2136,800,0.37453183520599254,12,52645.24029921255,0.8774206716535424,326.4798905604526,4387.103358267713,2308.6092247677034,0.75,1.4273465070807252,2.897331541995017,3.013927646478419,37.92560831460675,38.75373569009997,13.089840691304625,12.858216996476749,39.45183274752119,-8.323155999999932,-7.8876973333333655,-4.886210666666667,-4.886210666666667,2.513965577807907,2.860295287382524,75.71563752962803,71.41749619581906,-16.206501564010978,54003.19804727407,-1.6417345277361681,-31028.782574213576,2,-14274.195219297724,9,8,7,0.13995212409211444,pit,subbook,IWM,126,dial40_h35,1.0
pit|subbook|IWM|126|vix25_h20,2136,586,0.2743445692883895,15,-101915.38791077878,-2.3188939228846137,431.355227451102,-6794.35919405192,-6207.867861210528,0.0,-3.2121121356441416,2.897331541995017,2.832858248045844,37.92560831460675,36.322444909268654,13.089840691304625,12.821836367677248,37.08166316796843,-8.323155999999932,-8.323155999999932,-4.886210666666667,-4.596900285340472,3.383261449173571,3.17685656534181,105.92270303332134,101.21731697072995,48.82571795023978,-88507.13550557253,-0.08641760693387857,-1633.292771050305,14,-92657.37530145161,9,2,0,0.10393727072969773,pit,subbook,IWM,126,vix25_h20,1.0
pit|subbook|IWM|126|vixpct80_h60,2136,684,0.3202247191011236,16,-77024.73683347649,-1.501456858352368,659.7541788192849,-4814.046052092281,-4534.83337361872,0.0625,-2.626990027916788,2.897331541995017,2.861548524269344,37.92560831460675,36.71398324082172,13.089840691304625,12.830110315950737,37.45721431312356,-8.323155999999932,-8.071646254888076,-4.886210666666667,-4.886210666666667,3.330210827902775,3.2309299708448656,93.72476788948866,89.22766843006129,27.52192751504481,-71040.42879381776,-0.32291181666422275,-6103.0333349538105,12,-78665.7086497969,8,3,1,0.12679727000133384,pit,subbook,IWM,126,vixpct80_h60,1.0
pit|subbook|IWM|126|spydd5_h3,2136,796,0.37265917602996257,14,-61484.63392186471,-1.029893365525372,400.05489278626976,-4391.75956584748,-3993.2367755033392,0.14285714285714285,-1.6546561931441226,2.897331541995017,2.8812890751091427,37.92560831460675,36.958434297858304,13.089840691304625,12.827048357325388,37.71561497877512,-8.323155999999932,-8.323155999999932,-4.886210666666667,-4.886210666666667,3.438032629346791,3.4173911963167978,86.47331188830843,82.21154716203255,18.723227712325752,-49327.42491442499,-0.501945278212066,-9486.765758208048,11,-76818.4673435186,9,4,2,0.11120746335492442,pit,subbook,IWM,126,spydd5_h3,1.0
pit|subbook|IWM|126|always,2136,2136,1.0,1,-111555.52192965342,-0.6963515725945907,25.442440262347528,-111555.52192965342,-111555.52192965342,0.0,,2.897331541995017,2.90146315677503,37.92560831460675,36.17080235166837,13.089840691304625,12.466400707935284,37.97969049387496,-8.323155999999932,-8.539427613920347,-4.886210666666667,-4.596900285340472,2.897331541995017,2.90146315677503,82.45824564439485,78.53094289827695,12.085817672777921,-100137.99024189502,,,1,-111555.52192965342,9,5,1,0.13033494162597953,pit,subbook,IWM,126,always,1.0
pit|subbook|ADAPT|42|dial50_h45,2136,544,0.2546816479400749,13,51092.315986270594,1.2522626467223186,674.4923626660244,3930.1781527900466,6827.171973745757,0.6923076923076923,1.00240747192847,2.897331541995017,2.993907255771373,37.92560831460675,38.72930766719976,13.089840691304625,12.9360412192265,39.18976902258828,-8.323155999999932,-7.8876973333333655,-4.886210666666667,-4.886210666666667,1.8495013599225614,2.2471712459381905,73.96235204251319,69.7198863705047,-23.155472078360617,88135.77663943329,-2.978848621025558,-56300.23893738305,4,-34097.76011163472,9,7,7,0.23509260806367271,pit,subbook,ADAPT,42,dial50_h45,1.0
pit|subbook|ADAPT|42|dial65_h60,2136,318,0.14887640449438203,8,7001.894004827806,0.2935804614183571,333.1445892713375,875.2367506034743,4586.567959069605,0.875,0.16683737420300376,2.897331541995017,2.9292452246956078,37.92560831460675,38.035750467491674,13.089840691304625,12.984829725699786,38.34335333703033,-8.323155999999932,-7.8876973333333655,-4.886210666666667,-4.886210666666667,2.3055235148165854,2.53308534894325,75.83451405137365,70.8616868354701,-11.753137735649943,25436.803462380823,-2.2826751418820246,-43142.56018157027,2,-26944.392809205518,7,6,6,0.2286761470068223,pit,subbook,ADAPT,42,dial65_h60,1.0
pit|subbook|ADAPT|42|dial50_nohyst,2136,489,0.22893258426966293,13,23326.938791862947,0.6360446841680423,674.4923626660244,1794.3799070663813,1465.499620093801,0.6923076923076923,0.4910673711258487,2.897331541995017,2.9564510548177187,37.92560831460675,38.292548924815826,13.089840691304625,12.952201208410255,38.699473319203456,-8.323155999999932,-7.8876973333333655,-4.886210666666667,-4.886210666666667,2.4645934795481894,2.775553433660116,71.98091943172315,67.55431142186708,-11.709576460998505,41422.48879510313,-2.6545974349811288,-50171.89152114333,5,-31068.16849633939,9,6,6,0.24306667525764017,pit,subbook,ADAPT,42,dial50_nohyst,1.0
pit|subbook|ADAPT|42|dial40_h35,2136,800,0.37453183520599254,12,-16195.404382163922,-0.2699234063693988,599.3687994537551,-1349.6170318469942,816.5363141789459,0.5,-0.23964741972199693,2.897331541995017,2.9213489776429715,37.92560831460675,37.670849144550225,13.089840691304625,12.895018511257822,38.23999272105213,-8.323155999999932,-9.654373275176464,-4.886210666666667,-4.886210666666667,2.513965577807907,2.5816100000105,75.71563752962803,72.0719261285692,-3.352922201156616,17732.52683550411,-2.877362090008032,-54382.143501151804,3,-78963.43377496296,9,6,5,0.22212448795688128,pit,subbook,ADAPT,42,dial40_h35,1.0
pit|subbook|ADAPT|42|vix25_h20,2136,586,0.2743445692883895,15,-136511.33814039646,-3.106060025947587,526.924731687246,-9100.755876026433,-5426.188017011151,0.0,-2.0806441617845093,2.897331541995017,2.7908067670410213,37.92560831460675,35.77823895060051,13.089840691304625,12.820034469292448,36.53121598078187,-8.323155999999932,-8.323155999999932,-4.886210666666667,-4.495424370290675,3.383261449173571,3.0530920214268695,105.92270303332134,101.22754940910075,44.36066932976246,-95632.75069204213,-1.4445015362822,-27301.07903573358,13,-121873.49676574838,9,1,0,0.12360903576776339,pit,subbook,ADAPT,42,vix25_h20,1.0
pit|subbook|ADAPT|42|vixpct80_h60,2136,684,0.3202247191011236,16,-78764.74442714959,-1.5353751350321558,910.6727619750434,-4922.7965266968495,-3054.840056260543,0.1875,-2.770155154612021,2.897331541995017,2.862171129182954,37.92560831460675,36.68661233485383,13.089840691304625,12.817756409039916,37.46536411225634,-8.323155999999932,-7.8876973333333655,-4.886210666666667,-4.886210666666667,3.330210827902775,3.2328356423905533,93.72476788948866,89.00851884834641,23.42506425920874,-64109.367346052124,-2.075791049920481,-39232.45084349709,13,-72825.95289757007,8,3,2,0.1344385673955595,pit,subbook,ADAPT,42,vixpct80_h60,1.0
pit|subbook|ADAPT|42|spydd5_h3,2136,796,0.37265917602996257,14,-111699.35442564808,-1.871010961903653,479.4734932242961,-7978.525316117719,-7942.794782069975,0.07142857142857142,-4.444285788625112,2.897331541995017,2.8185139505222376,37.92560831460675,36.16853981802352,13.089840691304625,12.83248564773714,36.893898598555744,-8.323155999999932,-8.323155999999932,-4.886210666666667,-4.886210666666667,3.438032629346791,3.2502840807608444,86.47331188830843,82.33024651316285,21.319896262139082,-62841.533056930464,-1.9172919011849865,-36236.81693239624,12,-106156.31636823183,9,3,2,0.12441934017424387,pit,subbook,ADAPT,42,spydd5_h3,1.0
pit|subbook|ADAPT|42|always,2136,2136,1.0,1,-303939.54398391664,-1.897250586666146,31.826982401673927,-303939.54398391664,-303939.54398391664,0.0,,2.897331541995017,2.648410986554941,37.92560831460675,33.14453683620805,13.089840691304625,12.51487665791726,34.667277899105095,-8.323155999999932,-11.450893550323027,-4.886210666666667,-4.495424370290675,2.897331541995017,2.648410986554941,82.45824564439485,78.83631267975294,16.308280709199607,-200680.708103355,,,1,-303939.54398391664,9,3,3,0.19356885253192405,pit,subbook,ADAPT,42,always,1.0
pit|subbook|ADAPT|63|dial50_h45,2136,544,0.2546816479400749,13,55023.55527744286,1.3486165509177175,655.9961271862167,4232.581175187914,3158.9508392017706,0.7692307692307693,1.3150627165226239,2.897331541995017,3.0005996671898116,37.92560831460675,38.79114738638674,13.089840691304625,12.927798336629253,39.277371621896314,-8.323155999999932,-7.8876973333333655,-4.886210666666667,-4.886210666666667,1.8495013599225614,2.2766653573733473,73.96235204251319,69.48851495439158,-23.155472078360617,88898.96001002906,-2.6050608427780784,-49235.649928505685,4,-22188.425998637922,9,7,7,0.23712831678339263,pit,subbook,ADAPT,63,dial50_h45,1.0
pit|subbook|ADAPT|63|dial65_h60,2136,318,0.14887640449438203,8,15982.200570021543,0.6701132314474443,422.4689914340322,1997.7750712526931,4609.845634052332,0.875,0.4131523671953517,2.897331541995017,2.9372007414897174,37.92560831460675,38.177013716831794,13.089840691304625,12.997754350786666,38.44748978448222,-8.323155999999932,-7.8876973333333655,-4.886210666666667,-4.886210666666667,2.3055235148165854,2.593658977764906,75.83451405137365,71.51131846328852,-11.753137735649943,26673.194432753022,-1.9931747912323365,-37671.00355429116,2,-18940.53026327733,7,6,6,0.23979126702246747,pit,subbook,ADAPT,63,dial65_h60,1.0
pit|subbook|ADAPT|63|dial50_nohyst,2136,489,0.22893258426966293,13,28122.781001376105,0.7668106612508824,655.9961271862167,2163.290846259701,2385.631009069442,0.6923076923076923,0.6814184768870954,2.897331541995017,2.9625297711057943,37.92560831460675,38.36798913934749,13.089840691304625,12.951089813023636,38.779042747022004,-8.323155999999932,-7.8876973333333655,-4.886210666666667,-4.886210666666667,2.4645934795481894,2.8075509503590994,71.98091943172315,67.52377780824163,-11.709576460998505,41810.33243132687,-2.300291360871369,-43475.50672046887,5,-25313.139201318154,9,6,6,0.24534253713651116,pit,subbook,ADAPT,63,dial50_nohyst,1.0
pit|subbook|ADAPT|63|dial40_h35,2136,800,0.37453183520599254,12,-17106.74664342453,-0.28511244405707564,621.7281720037889,-1425.5622202853772,286.919096703562,0.5833333333333334,-0.32799920554961315,2.897331541995017,2.921151909242784,37.92560831460675,37.65651342358658,13.089840691304625,12.890980884779744,38.23741312708839,-8.323155999999932,-9.416517136045455,-4.886210666666667,-4.886210666666667,2.513965577807907,2.581033174407735,75.71563752962803,71.99461384602942,-3.352922201156616,18167.317163392483,-2.3840288897370527,-45058.146016030296,3,-59650.89663267806,9,6,5,0.22757083972878106,pit,subbook,ADAPT,63,dial40_h35,1.0
pit|subbook|ADAPT|63|vix25_h20,2136,586,0.2743445692883895,15,-135633.33846631317,-3.0860827864917675,614.8225985972472,-9042.222564420876,-6239.105949877045,0.0,-2.309761812351328,2.897331541995017,2.806321952749372,37.92560831460675,35.79205018142878,13.089840691304625,12.75407839302368,36.73430729000018,-8.323155999999932,-8.323155999999932,-4.886210666666667,-4.550257147691939,3.383261449173571,3.093351712035807,105.92270303332134,100.01260157087131,44.36066932976246,-99051.99662611888,-1.0352361062826454,-19565.962408742,13,-123091.09315503063,9,4,0,0.12802854362365568,pit,subbook,ADAPT,63,vix25_h20,1.0
pit|subbook|ADAPT|63|vixpct80_h60,2136,684,0.3202247191011236,16,-75172.85860206037,-1.4653578674865573,972.2674045406649,-4698.303662628773,-4811.449035427482,0.1875,-2.8482725110695677,2.897331541995017,2.875824676249762,37.92560831460675,36.74311390963051,13.089840691304625,12.776548658573168,37.64408686823209,-8.323155999999932,-7.8876973333333655,-4.886210666666667,-4.886210666666667,3.330210827902775,3.272560998828241,93.72476788948866,88.26769064875786,23.42506425920874,-71222.17826615486,-1.663582387746132,-31441.707128401893,13,-74272.56483803167,8,3,3,0.14935426770332413,pit,subbook,ADAPT,63,vixpct80_h60,1.0
pit|subbook|ADAPT|63|spydd5_h3,2136,796,0.37265917602996257,14,-91309.2154710049,-1.5294675958292279,554.1555258187525,-6522.086819357493,-7058.78516612713,0.07142857142857142,-3.5353419892471143,2.897331541995017,2.8582674002907296,37.92560831460675,36.48928357686059,13.089840691304625,12.76622459226491,37.41426492295508,-8.323155999999932,-8.323155999999932,-4.886210666666667,-4.886210666666667,3.438032629346791,3.361715494239774,86.47331188830843,81.21404768670087,21.319896262139082,-69215.0102394478,-1.637906997789924,-30956.442258229567,12,-102572.4082740678,9,2,2,0.13703812566673038,pit,subbook,ADAPT,63,spydd5_h3,1.0
pit|subbook|ADAPT|63|always,2136,2136,1.0,1,-255393.16194369865,-1.5942144940305785,28.448720625179817,-255393.16194369865,-255393.16194369865,0.0,,2.897331541995017,2.724931073332917,37.92560831460675,33.90818778964968,13.089840691304625,12.443686418892023,35.6689136447136,-8.323155999999932,-11.229151621828692,-4.886210666666667,-4.550257147691939,2.897331541995017,2.724931073332917,82.45824564439485,78.38785632681002,16.308280709199607,-198484.8841341794,,,1,-255393.16194369865,9,3,3,0.19145084562387335,pit,subbook,ADAPT,63,always,1.0
pit|subbook|ADAPT|126|dial50_h45,2136,544,0.2546816479400749,13,58774.644570191645,1.4405550139752854,634.7047257421626,4521.126505399357,4433.2812045930195,0.8461538461538461,1.3698495898947518,2.897331541995017,3.013913675955625,37.92560831460675,38.8501532853738,13.089840691304625,12.890267427137092,39.45164987560344,-8.323155999999932,-7.8876973333333655,-4.886210666666667,-4.886210666666667,1.8495013599225614,2.3342580456026734,73.96235204251319,68.39928125675222,-23.155472078360617,92204.18457306598,-2.3608884732095694,-44620.79214366086,4,-22589.90293452981,9,7,7,0.24594464418627404,pit,subbook,ADAPT,126,dial50_h45,1.0
pit|subbook|ADAPT|126|dial65_h60,2136,318,0.14887640449438203,8,19986.765114084792,0.838019501638775,456.51076614338564,2498.3456392605985,6378.1454928182375,0.875,0.5416210142458983,2.897331541995017,2.949273339797213,37.92560831460675,38.240006866963135,13.089840691304625,12.96590802587069,38.605518173057455,-8.323155999999932,-7.8876973333333655,-4.886210666666667,-4.886210666666667,2.3055235148165854,2.689374017839936,75.83451405137365,69.95732140752735,-11.753137735649943,29672.132537829173,-1.7816209041842093,-33672.63508908156,2,-23491.717522280138,7,6,6,0.26675163615827424,pit,subbook,ADAPT,126,dial65_h60,1.0
pit|subbook|ADAPT|126|dial50_nohyst,2136,489,0.22893258426966293,13,32464.249595419788,0.8851874463645475,634.7047257421626,2497.2499688784446,2184.685779905754,0.7692307692307693,0.8031787336389653,2.897331541995017,2.974666698137979,37.92560831460675,38.436281903748174,13.089840691304625,12.921206240621085,38.93791318835529,-8.323155999999932,-7.8876973333333655,-4.886210666666667,-4.886210666666667,2.4645934795481894,2.8778119443274828,71.98091943172315,66.52818998170893,-11.709576460998505,43430.851547623395,-2.069052327273432,-39105.08898546786,5,-21845.767167669,9,6,6,0.2548517241807288,pit,subbook,ADAPT,126,dial50_nohyst,1.0
pit|subbook|ADAPT|126|dial40_h35,2136,800,0.37453183520599254,12,-22006.396636549212,-0.3667732772758204,533.1270262822244,-1833.8663863791005,2143.5589181234727,0.6666666666666666,-0.4468439268046258,2.897331541995017,2.920879521131419,37.92560831460675,37.57944027762732,13.089840691304625,12.865796074694211,38.23384761010442,-8.323155999999932,-7.8876973333333655,-4.886210666666667,-4.886210666666667,2.513965577807907,2.580339133481755,75.71563752962803,71.51159271339027,-3.352922201156616,18536.995076332107,-2.006062522904409,-37914.58168289333,3,-66538.33643184672,9,6,5,0.2322015682133574,pit,subbook,ADAPT,126,dial40_h35,1.0
pit|subbook|ADAPT|126|vix25_h20,2136,586,0.2743445692883895,15,-114398.24231497546,-2.602917913878851,619.9503432530637,-7626.549487665032,-6207.867861210528,0.0,-3.6024650864588557,2.897331541995017,2.824764672588058,37.92560831460675,36.1260854017869,13.089840691304625,12.789060183441075,36.975719554602954,-8.323155999999932,-8.323155999999932,-4.886210666666667,-4.596900285340472,3.383261449173571,3.1505547885441407,105.92270303332134,100.63121518098423,44.36066932976246,-100507.3219023433,-0.9350747736220764,-17672.913221457242,13,-100083.61426456526,9,3,0,0.12990960793290943,pit,subbook,ADAPT,126,vix25_h20,1.0
pit|subbook|ADAPT|126|vixpct80_h60,2136,684,0.3202247191011236,16,-80304.3623302594,-1.5653871799270838,970.2480210914051,-5019.022645641212,-3370.0283180331753,0.125,-3.1962501235214056,2.897331541995017,2.869130310767468,37.92560831460675,36.66239362626559,13.089840691304625,12.7782253349304,37.556458690539486,-8.323155999999932,-7.8876973333333655,-4.886210666666667,-4.886210666666667,3.330210827902775,3.253311972390435,93.72476788948866,88.3018561406132,23.42506425920874,-83570.23785098296,-1.314477686833065,-24843.628281144927,13,-67688.14631839663,8,4,3,0.17524838442013063,pit,subbook,ADAPT,126,vixpct80_h60,1.0
pit|subbook|ADAPT|126|spydd5_h3,2136,796,0.37265917602996257,14,-75803.81005746595,-1.2697455621016072,568.712037592775,-5414.5578612475665,-6194.033113412761,0.21428571428571427,-2.75698630901657,2.897331541995017,2.8736714710622975,37.92560831460675,36.73318883055671,13.089840691304625,12.782668165257501,37.61590175535248,-8.323155999999932,-8.323155999999932,-4.886210666666667,-4.886210666666667,3.438032629346791,3.4013318908204333,86.47331188830843,81.48028208412923,21.319896262139082,-69952.83448365926,-1.4651307103026427,-27690.970424719948,12,-84846.68369669793,9,3,1,0.13849893671260644,pit,subbook,ADAPT,126,spydd5_h3,1.0
pit|subbook|ADAPT|126|always,2136,2136,1.0,1,-222522.51046467567,-1.3890294036496609,41.77605938695829,-222522.51046467567,-222522.51046467567,0.0,,2.897331541995017,2.77116140898648,37.92560831460675,34.425254217409595,13.089840691304625,12.422681012290884,36.27406137352428,-8.323155999999932,-10.12357958914416,-4.886210666666667,-4.596900285340472,2.897331541995017,2.77116140898648,82.45824564439485,78.25553470287095,16.308280709199607,-194721.6640478207,,,1,-222522.51046467567,9,4,1,0.1878209890181932,pit,subbook,ADAPT,126,always,1.0
pit|book|SPY|63|dial50_h45|x0.5,2136,544,0.2546816479400749,13,52125.46212988642,1.2775848561246672,570.430273326718,4009.650933068187,2233.969425608162,0.7692307692307693,1.6761440151974354,2.897331541995017,2.999628277875415,37.92560831460675,38.74555940429035,13.089840691304625,12.916786953259809,39.26465629052163,-8.323155999999932,-8.225690935245256,-4.886210666666667,-4.886210666666667,1.8495013599225614,2.2710879046630184,73.96235204251319,69.16266922637438,-19.758342462591827,73844.94105322432,-1.8762933327265003,-35461.94398853085,4,-10468.223504051719,9,8,7,0.46167952333930684,pit,book,SPY,63,dial50_h45,0.5
pit|book|SPY|63|dial65_h60|x0.5,2136,318,0.14887640449438203,8,27579.975697473634,1.156393111005184,372.7789523955333,3447.496962184204,3792.3210956231014,0.75,0.9882651911395325,2.897331541995017,2.95411182963105,37.92560831460675,38.35945062894903,13.089840691304625,12.985104437884429,38.66885323416887,-8.323155999999932,-8.225690935245256,-4.886210666666667,-4.886210666666667,2.3055235148165854,2.724251626295994,75.83451405137365,70.9168804572195,-12.454433552920818,27791.865197435247,-1.4615789231697847,-27623.841647908932,2,-9753.828217145805,7,6,6,0.4715588150644781,pit,book,SPY,63,dial65_h60,0.5
pit|book|SPY|63|dial50_h45|x1.5,2136,544,0.2546816479400749,13,156376.38638965922,3.832754568374001,1711.290819980154,12028.952799204559,6701.908276824486,0.7692307692307693,1.676144015197435,2.897331541995017,3.00668222004111,37.92560831460675,40.38546158365756,13.089840691304625,13.431902219152839,39.356991269716254,-8.323155999999932,-8.03076080573577,-4.886210666666667,-4.886210666666667,1.8495013599225614,2.3750790022965638,73.96235204251319,83.21262704953485,-19.758342462591827,221534.823159673,-5.628879998179502,-106385.83196559259,4,-31404.670512155153,9,5,7,0.46167952333930684,pit,book,SPY,63,dial50_h45,1.5
pit|book|SPY|63|dial65_h60|x1.5,2136,318,0.14887640449438203,8,82739.92709242091,3.4691793330155516,1118.3368571866001,10342.490886552609,11376.963286869304,0.75,0.9882651911395325,2.897331541995017,2.955227065443835,37.92560831460675,39.22713525763359,13.089840691304625,13.273814292081209,38.68345149329147,-8.323155999999932,-8.03076080573577,-4.886210666666667,-4.886210666666667,2.3055235148165854,2.7352828146088206,75.83451405137365,84.05338152386817,-12.454433552920818,83375.59559230575,-4.384736769509355,-82871.5249437268,2,-29261.48465143741,7,6,6,0.4715588150644781,pit,book,SPY,63,dial65_h60,1.5
pit|book|SPY|63|dial50_h45|x2.0,2136,544,0.2546816479400749,13,208501.8485195457,5.110339424498669,2281.721093306872,16038.603732272748,8935.877702432648,0.7692307692307693,1.6761440151974354,2.897331541995017,2.9247306630412226,37.92560831460675,41.20541267334117,13.089840691304625,14.088617866266889,38.28425844418336,-8.323155999999932,-7.93329574098105,-4.886210666666667,-4.886210666666667,1.8495013599225614,2.206692561019569,73.96235204251319,98.75303788540818,-19.758342462591827,295379.7642128973,-7.505173330906001,-141847.7759541234,4,-41872.894016206876,9,5,7,0.46167952333930684,pit,book,SPY,63,dial50_h45,2.0
pit|book|SPY|63|dial65_h60|x2.0,2136,318,0.14887640449438203,8,110319.90278989454,4.625572444020736,1491.1158095821331,13789.987848736817,15169.284382492406,0.75,0.9882651911395325,2.897331541995017,2.904133704949983,37.92560831460675,39.66097757197587,13.089840691304625,13.656732644359753,38.01464754404355,-8.323155999999932,-7.93329574098105,-4.886210666666667,-4.886210666666667,2.3055235148165854,2.50501262642047,75.83451405137365,99.10805993981897,-12.454433552920818,111167.46078974099,-5.846315692679139,-110495.36659163573,2,-39015.31286858322,7,6,6,0.4715588150644781,pit,book,SPY,63,dial65_h60,2.0
live_pitwin|book|SPY|42|dial50_h45,2136,366,0.17134831460674158,8,48010.23324508857,1.7490066755952116,973.1124991211816,6001.27915563607,7504.132467996096,0.75,1.1032808407936372,2.897331541995017,2.9864953687289937,37.92560831460675,38.680825466776675,13.089840691304625,12.951912087926203,39.0927486019816,-8.323155999999932,-8.023134554458933,-4.886210666666667,-4.886210666666667,1.6147859576715748,2.0821739142282607,82.14948564330496,77.043735386681,-14.736718707717955,75903.86488814227,-3.6255391983872034,-68522.69084951814,2,-23921.42161287286,8,6,6,0.47284770782880065,live_pitwin,book,SPY,42,dial50_h45,1.0
live_pitwin|book|SPY|42|dial65_h60,2136,153,0.07162921348314606,7,59757.39128230468,5.207615798022195,631.6092061124474,8536.770183186383,13340.41134592403,0.7142857142857143,1.5576987096860044,2.897331541995017,2.9770935081331964,37.92560831460675,38.86561222241828,13.089840691304625,13.05488461018787,38.96967974458075,-8.323155999999932,-8.323155999999932,-4.886210666666667,-4.886210666666667,2.0446118373400926,3.2320017773754683,78.19334523861804,75.04432049659408,-28.741608001291752,61367.01690246205,-3.312798677627222,-62611.89500715449,2,-17495.505319586166,6,4,4,0.4688908922949427,live_pitwin,book,SPY,42,dial65_h60,1.0
live_pitwin|book|SPY|42|dial50_nohyst,2136,328,0.15355805243445692,8,70998.84173418068,2.8861317778122233,1080.530337843698,8874.855216772583,5628.225561241054,0.625,1.6924422258504597,2.897331541995017,3.012721073421777,37.92560831460675,39.042444027279245,13.089840691304625,12.959196379549256,39.43603889842733,-8.323155999999932,-8.414235560190741,-4.886210666666667,-4.886210666666667,1.8949800710944473,2.616629734105691,82.89927361646811,77.54570330565846,-16.199355153366923,71796.60048698519,-3.7196633843194387,-70301.63796363739,2,-14146.198842359672,8,6,5,0.45401644934577756,live_pitwin,book,SPY,42,dial50_nohyst,1.0
live_pitwin|book|SPY|42|dial40_h35,2136,595,0.2785580524344569,11,28717.234252073926,0.6435234566291074,964.8320632445779,2610.6576592794495,-58.14358274288084,0.45454545454545453,0.4305417325795704,2.897331541995017,2.963444789295323,37.92560831460675,38.37734008935846,13.089840691304625,12.950246357882786,38.79102018935258,-8.323155999999932,-8.009804866237902,-4.886210666666667,-4.886210666666667,2.593509264295659,2.831720207836607,81.37607698542533,78.13809680626763,-11.203923902940005,82592.81624622982,-3.997309531966342,-75549.15015416387,4,-52184.58521093236,9,5,5,0.4162885215786109,live_pitwin,book,SPY,42,dial40_h35,1.0
live_pitwin|book|SPY|42|vix25_h20,2136,586,0.2743445692883895,15,-152853.1829393805,-3.477888121487611,982.2690506160562,-10190.212195958702,-7511.673423016196,0.0,-3.2421588161580344,2.897331541995017,2.7826855939631825,37.92560831460675,35.52117622342548,13.089840691304625,12.765069938366691,36.42491111896645,-8.323155999999932,-8.323155999999932,-4.886210666666667,-3.669360231835435,3.383261449173571,3.0244181091858615,105.92270303332134,100.23562367292244,34.36483573168516,-140158.7140403747,-2.4123532813155006,-45593.47701686296,14,-131588.3004955961,9,1,1,0.2338554487570601,live_pitwin,book,SPY,42,vix25_h20,1.0
live_pitwin|book|SPY|42|vixpct80_h60,2136,684,0.3202247191011236,16,-127683.20080173561,-2.488951282684905,1850.194457708297,-7980.200050108477,-9970.157039886806,0.25,-1.8459119120142937,2.897331541995017,2.7834965262059863,37.92560831460675,35.91710852671427,13.089840691304625,12.903593803176284,36.43552609283619,-8.323155999999932,-7.8876973333333655,-4.886210666666667,-4.886210666666667,3.330210827902775,3.0100256116128885,93.72476788948866,90.56811978624205,22.475074231624603,-110796.2459054332,-2.8142697566360346,-53189.69840042105,13,-111698.30590699236,8,3,2,0.24216260866549807,live_pitwin,book,SPY,42,vixpct80_h60,1.0
live_pitwin|book|SPY|42|spydd5_h3,2136,796,0.37265917602996257,14,-152348.0666340736,-2.5518939134685694,1021.798458215091,-10882.004759576683,-10206.723734729017,0.07142857142857142,-2.271762930206852,2.897331541995017,2.7690602609219255,37.92560831460675,35.52912187317187,13.089840691304625,12.830750697112988,36.246557680090426,-8.323155999999932,-8.323155999999932,-4.886210666666667,-4.886210666666667,3.438032629346791,3.119372732878303,86.47331188830843,82.32039894738702,21.03931016754359,-109334.11802059197,-2.795828006625203,-52841.149325216335,13,-140640.53272935704,9,2,2,0.21935645525494432,live_pitwin,book,SPY,42,spydd5_h3,1.0
live_pitwin|book|SPY|42|always,2136,2136,1.0,1,-432324.5110289315,-2.6986548753366506,17.52818724002318,-432324.5110289315,-432324.5110289315,0.0,,2.897331541995017,2.526715500467061,37.92560831460675,31.124998028758377,13.089840691304625,12.31836272148762,33.07430337336387,-8.323155999999932,-13.333310042062973,-4.886210666666667,-3.669360231835435,2.897331541995017,2.526715500467061,82.45824564439485,77.59839123939297,15.46267345547676,-344392.84278230567,,,1,-432324.5110289315,9,3,1,0.3503543885887312,live_pitwin,book,SPY,42,always,1.0
live_pitwin|book|SPY|63|dial50_h45,2136,366,0.17134831460674158,8,58774.66175672387,2.141153433760432,871.7457232395451,7346.832719590485,14690.299188680114,0.875,1.4310658321485834,2.897331541995017,2.9949993420110466,37.92560831460675,38.85015355572375,13.089840691304625,12.971673486124077,39.20406425748678,-8.323155999999932,-8.123259733495436,-4.886210666666667,-4.886210666666667,1.6147859576715748,2.140922417532045,82.14948564330496,77.83728710086706,-14.736718707717955,75843.51421607535,-3.0306099474849373,-57278.52800746531,2,-23680.716121212303,8,6,6,0.47247174967443234,live_pitwin,book,SPY,63,dial50_h45,1.0
live_pitwin|book|SPY|63|dial65_h60,2136,153,0.07162921348314606,7,58632.20396152898,5.109560258085313,587.8866144389227,8376.029137361284,11512.665882595351,0.7142857142857143,1.3708515889244686,2.897331541995017,2.9725602606835215,37.92560831460675,38.84791264658585,13.089840691304625,13.068839397608384,38.91034025765025,-8.323155999999932,-8.323155999999932,-4.886210666666667,-4.886210666666667,2.0446118373400926,3.1548592586773236,78.19334523861804,76.38590948994958,-28.741608001291752,69596.1335443651,-2.702216531347318,-51071.89244246431,2,-22580.031526057202,6,4,4,0.5317676303178118,live_pitwin,book,SPY,63,dial65_h60,1.0
live_pitwin|book|SPY|63|dial50_nohyst,2136,328,0.15355805243445692,8,85452.72879199285,3.473688162276133,967.7366387876998,10681.59109899911,11750.699927990754,0.75,2.348972697468189,2.897331541995017,3.028473380960958,37.92560831460675,39.269808542795396,13.089840691304625,12.966866009016986,39.64223409463564,-8.323155999999932,-8.28790022010173,-4.886210666666667,-4.886210666666667,1.8949800710944473,2.7246083094971203,82.89927361646811,77.89580642804938,-16.199355153366923,73123.21464162286,-3.1643623044206683,-59806.44755355062,2,-8096.360054347304,8,6,5,0.4624054906660504,live_pitwin,book,SPY,63,dial50_nohyst,1.0
live_pitwin|book|SPY|63|dial40_h35,2136,595,0.2785580524344569,11,56057.91178130652,1.25619970378278,885.2394502848098,5096.173798300594,2645.5153679740674,0.6363636363636364,0.9728114496879948,2.897331541995017,2.9834637738189267,37.92560831460675,38.80741816285202,13.089840691304625,13.007504399216252,39.05306550756824,-8.323155999999932,-8.12822587049049,-4.886210666666667,-4.886210666666667,2.593509264295659,2.9058676852111662,81.37607698542533,79.49128682244351,-11.203923902940005,84847.31363215423,-3.4575835109690973,-65348.328357315935,4,-20559.557136610398,9,5,6,0.42765175419791457,live_pitwin,book,SPY,63,dial40_h35,1.0
live_pitwin|book|SPY|63|vix25_h20,2136,586,0.2743445692883895,15,-158501.29372937136,-3.606400312386152,1116.2346836176357,-10566.752915291427,-7767.776562559369,0.0,-3.847501986946535,2.897331541995017,2.779805319279049,37.92560831460675,35.43232953684136,13.089840691304625,12.746334892988424,36.38720878220394,-8.323155999999932,-8.323155999999932,-4.886210666666667,-3.6526853500665926,3.383261449173571,3.0142747161243024,105.92270303332134,99.89612626408096,34.36483573168516,-139626.9305022265,-1.593823690347598,-30123.2677475696,14,-138170.0473077823,9,1,1,0.23296816551672272,live_pitwin,book,SPY,63,vix25_h20,1.0
live_pitwin|book|SPY|63|vixpct80_h60,2136,684,0.3202247191011236,16,-108696.79584475268,-2.1188459228996623,1908.9578907255109,-6793.549740297042,-8527.538161765504,0.1875,-1.5316578121840239,2.897331541995017,2.7983600314396213,37.92560831460675,36.21577107659938,13.089840691304625,12.941783998382839,36.63008700845885,-8.323155999999932,-8.089384775749764,-4.886210666666667,-4.886210666666667,3.330210827902775,3.0526154564806265,93.72476788948866,91.22917857416118,22.475074231624603,-124305.51424376197,-2.1660167593630373,-40937.71675196141,13,-97335.94889756708,8,2,2,0.2716892377966345,live_pitwin,book,SPY,63,vixpct80_h60,1.0
live_pitwin|book|SPY|63|spydd5_h3,2136,796,0.37265917602996257,14,-138801.1573079891,-2.3249775093465512,1153.8475965113719,-9914.368379142077,-8714.845143226708,0.14285714285714285,-2.1249359402629566,2.897331541995017,2.7875414424011664,37.92560831460675,35.742219323245116,13.089840691304625,12.822130203903642,36.48847340144078,-8.323155999999932,-8.323155999999932,-4.886210666666667,-4.886210666666667,3.438032629346791,3.168874408445508,86.47331188830843,82.17119409479047,21.03931016754359,-121856.93155532837,-2.0399975456436246,-38555.95361266451,13,-144727.29697335017,9,2,2,0.24448090896189292,live_pitwin,book,SPY,63,spydd5_h3,1.0
live_pitwin|book|SPY|63|always,2136,2136,1.0,1,-342671.8307636538,-2.139025160821809,4.767714991831473,-342671.8307636538,-342671.8307636538,0.0,,2.897331541995017,2.6309828520537275,37.92560831460675,32.53526490933577,13.089840691304625,12.366201810832395,34.43914639493758,-8.323155999999932,-11.465034824471164,-4.886210666666667,-3.6526853500665926,2.897331541995017,2.6309828520537275,82.45824564439485,77.89974917595029,15.46267345547676,-341018.35761677055,,,1,-342671.8307636538,9,3,2,0.3469214900493149,live_pitwin,book,SPY,63,always,1.0
live_pitwin|book|SPY|126|dial50_h45,2136,366,0.17134831460674158,8,54697.19207460269,1.9926117331367104,705.672139631682,6837.149009325337,11375.166092061796,0.75,0.9659878140031358,2.897331541995017,3.0053701059900324,37.92560831460675,38.786013583196,13.089840691304625,12.905569768559028,39.33981590581882,-8.323155999999932,-7.8876973333333655,-4.886210666666667,-4.886210666666667,1.6147859576715748,2.1836704807298153,82.14948564330496,75.23368014032026,-14.736718707717955,73923.86636768721,-2.551103686907865,-48215.85968255866,2,-40856.35587342408,8,6,6,0.4605131875341976,live_pitwin,book,SPY,126,dial50_h45,1.0
live_pitwin|book|SPY|126|dial65_h60,2136,153,0.07162921348314606,7,56711.3521783519,4.942165767176639,509.9344145228533,8101.621739764559,8519.398981855413,0.7142857142857143,1.0532623799197576,2.897331541995017,2.97421512023258,37.92560831460675,38.81769700055835,13.089840691304625,13.051408667952321,38.93200210551391,-8.323155999999932,-8.323155999999932,-4.886210666666667,-4.886210666666667,2.0446118373400926,3.1902489111920254,78.19334523861804,74.70560926704766,-28.741608001291752,72989.96417804305,-2.2893087027443904,-43267.93448186898,2,-30546.759291159124,6,4,4,0.5576990891770957,live_pitwin,book,SPY,126,dial65_h60,1.0
live_pitwin|book|SPY|126|dial50_nohyst,2136,328,0.15355805243445692,8,68967.11225188535,2.8035411484506243,774.4775589346334,8620.88903148567,8432.346721806016,0.75,1.5853055419265139,2.897331541995017,3.0226419767319768,37.92560831460675,39.010484237670106,13.089840691304625,12.906088295593483,39.56590194227168,-8.323155999999932,-7.8876973333333655,-4.886210666666667,-4.886210666666667,1.8949800710944473,2.680355173945407,82.89927361646811,75.21290811974288,-16.199355153366923,73144.17694886694,-2.6032281713392673,-49201.01243831215,2,-22405.706517326216,8,6,5,0.4625380489242478,live_pitwin,book,SPY,126,dial50_nohyst,1.0
live_pitwin|book|SPY|126|dial40_h35,2136,595,0.2785580524344569,11,51011.465142640394,1.143114064821074,646.2258623205482,4637.405922058221,4100.289194550532,0.7272727272727273,0.9408530868998883,2.897331541995017,2.996986661762432,37.92560831460675,38.728035856176355,13.089840691304625,12.922325064136805,39.2300779564351,-8.323155999999932,-7.8876973333333655,-4.886210666666667,-4.886210666666667,2.593509264295659,2.9580106996235975,81.37607698542533,77.48314865699527,-11.203923902940005,78239.44105383924,-2.8978052453190197,-54768.519136529474,4,-30406.772373373497,9,6,6,0.39434641807514786,live_pitwin,book,SPY,126,dial40_h35,1.0
live_pitwin|book|SPY|126|vix25_h20,2136,586,0.2743445692883895,15,-128043.56593252534,-2.9133917163259464,1104.4733239127697,-8536.237728835024,-7876.685702868919,0.0,-6.247995785363526,2.897331541995017,2.8007358280455943,37.92560831460675,35.91143986173556,13.089840691304625,12.822144631468236,36.66118580754597,-8.323155999999932,-8.323155999999932,-4.886210666666667,-3.726586575981962,3.383261449173571,3.0824378361636646,105.92270303332134,101.25606894141433,34.36483573168516,-134470.51921333873,-1.3446628611971791,-25414.128076626686,14,-114234.67758809392,9,2,1,0.22436466994247353,live_pitwin,book,SPY,126,vix25_h20,1.0
live_pitwin|book|SPY|126|vixpct80_h60,2136,684,0.3202247191011236,16,-74651.71627744133,-1.4551991477084076,1726.846328300264,-4665.732267340081,-6037.988653722125,0.125,-1.108537842111678,2.897331541995017,2.8574505440045797,37.92560831460675,36.751311654062725,13.089840691304625,12.86157401085148,37.40357240430169,-8.323155999999932,-7.8876973333333655,-4.886210666666667,-4.886210666666667,3.330210827902775,3.2190193367555278,93.72476788948866,89.78593674497769,22.475074231624603,-137960.51356448702,-1.9314167150931463,-36503.77591526046,13,-72177.69474453921,8,3,3,0.3015343848935383,live_pitwin,book,SPY,126,vixpct80_h60,1.0
live_pitwin|book|SPY|126|spydd5_h3,2136,796,0.37265917602996257,14,-96535.17344139148,-1.6170045802578137,1029.5027560229332,-6895.369531527964,-7484.912100731737,0.14285714285714285,-1.4999301024846978,2.897331541995017,2.824651997245977,37.92560831460675,36.40707749642755,13.089840691304625,12.889048821562547,36.974244652325275,-8.323155999999932,-8.323155999999932,-4.886210666666667,-4.886210666666667,3.438032629346791,3.262471195253513,86.47331188830843,83.25864035384735,21.03931016754359,-126045.40865953945,-1.868163975496678,-35308.29913688721,13,-117666.62338803636,9,2,2,0.25288422813736927,live_pitwin,book,SPY,126,spydd5_h3,1.0
live_pitwin|book|SPY|126|always,2136,2136,1.0,1,-283352.184888285,-1.7687402302639512,96.03466550028827,-283352.184888285,-283352.184888285,0.0,,2.897331541995017,2.7109833083816612,37.92560831460675,33.468382934341584,13.089840691304625,12.3454773147684,35.486339623501905,-8.323155999999932,-9.28553746054055,-4.886210666666667,-3.726586575981962,2.897331541995017,2.7109833083816612,82.45824564439485,77.76919712206347,15.46267345547676,-324550.4879085958,,,1,-283352.184888285,9,3,2,0.33016855646232546,live_pitwin,book,SPY,126,always,1.0
live_pitwin|book|QQQ|42|dial50_h45,2136,366,0.17134831460674158,8,21392.622559236923,0.7793305121762087,547.2067839184887,2674.0778199046163,5582.701837851071,0.75,0.43529244636423703,2.897331541995017,2.945578121150079,37.92560831460675,38.26212147845991,13.089840691304625,12.989681449535192,38.55714834964693,-8.323155999999932,-8.045379796472574,-4.886210666666667,-4.886210666666667,1.6147859576715748,1.8489670921984476,82.14948564330496,78.43586011061527,-15.241891611367464,44286.81170654538,-3.0744242974309235,-58106.61922144445,2,-16635.48932822951,8,5,5,0.2667434345412876,live_pitwin,book,QQQ,42,dial50_h45,1.0
live_pitwin|book|QQQ|42|dial65_h60,2136,153,0.07162921348314606,7,27709.77893594568,2.4147955499734786,358.1432327670133,3958.539847992239,1220.1904305715548,0.5714285714285714,0.7147738552246369,2.897331541995017,2.940356888584375,37.92560831460675,38.36149247764409,13.089840691304625,13.046542964419908,38.48880324714961,-8.323155999999932,-8.323155999999932,-4.886210666666667,-4.886210666666667,2.0446118373400926,2.6721133321397685,78.19334523861804,74.17676782112737,-27.09048497490585,34085.3291936396,-2.785395315579173,-52643.97146444637,1,-19233.942718799663,6,3,3,0.27631124484380015,live_pitwin,book,QQQ,42,dial65_h60,1.0
live_pitwin|book|QQQ|42|dial50_nohyst,2136,328,0.15355805243445692,8,27683.669619236658,1.1253524235462051,594.8583077854752,3460.458702404581,28.144919606854387,0.5,0.5436192146943973,2.897331541995017,2.9505736103879263,37.92560831460675,38.36108176929137,13.089840691304625,13.00122851849402,38.62253850794548,-8.323155999999932,-8.465671928216212,-4.886210666666667,-4.886210666666667,1.8949800710944473,2.207082295954765,82.89927361646811,79.27066771915293,-12.469257367774844,31210.93399326479,-3.056552537373317,-57768.84295635569,3,-36922.261331226815,8,4,4,0.25640802289005055,live_pitwin,book,QQQ,42,dial50_nohyst,1.0
live_pitwin|book|QQQ|42|dial40_h35,2136,595,0.2785580524344569,11,-8716.751704638853,-0.19533337153252373,548.1638750730018,-792.4319731489876,228.5898168943259,0.5454545454545454,-0.12662175240717555,2.897331541995017,2.9025151548479933,37.92560831460675,37.788490872061864,13.089840691304625,13.019222590085281,37.99346098105761,-8.323155999999932,-8.645674814796678,-4.886210666666667,-4.886210666666667,2.593509264295659,2.6078544538916986,81.37607698542533,79.7394149433664,-13.962489017285407,57703.59871206942,-3.270788737280846,-61817.907134607995,4,-79782.70100314551,9,4,4,0.23337931786588076,live_pitwin,book,QQQ,42,dial40_h35,1.0
live_pitwin|book|QQQ|42|vix25_h20,2136,586,0.2743445692883895,15,-107231.50831133036,-2.4398522937731593,618.4671692798017,-7148.767220755359,-5578.171685246162,0.06666666666666667,-3.760307742891783,2.897331541995017,2.821757481115807,37.92560831460675,36.23882054341727,13.089840691304625,12.842641788296906,36.93635589730294,-8.323155999999932,-8.323155999999932,-4.886210666666667,-4.416020969933395,3.383261449173571,3.1458207893336394,105.92270303332134,101.60551561561672,46.61134569905698,-113460.41431447379,-2.404963053752681,-45453.80171592566,14,-95602.84121278788,9,2,1,0.13957074125066535,live_pitwin,book,QQQ,42,vix25_h20,1.0
live_pitwin|book|QQQ|42|vixpct80_h60,2136,684,0.3202247191011236,16,-117688.96853354688,-2.2941319402250846,1089.617535491988,-7355.560533346678,-9059.61339461488,0.25,-2.171760461404787,2.897331541995017,2.7945154092330298,37.92560831460675,36.07432116913522,13.089840691304625,12.908971999204692,36.57976151625631,-8.323155999999932,-7.938936921597728,-4.886210666666667,-4.886210666666667,3.330210827902775,3.0411981053828883,93.72476788948866,90.6567121847868,34.87052349373698,-121553.95655525161,-2.4755798452042685,-46788.459074360675,13,-105297.34974123212,8,1,2,0.17123550069889215,live_pitwin,book,QQQ,42,vixpct80_h60,1.0
live_pitwin|book|QQQ|42|spydd5_h3,2136,796,0.37265917602996257,14,-132226.27705864323,-2.2148455118700707,682.2140396834212,-9444.73407561737,-9469.725523150177,0.07142857142857142,-2.0635285413792084,2.897331541995017,2.7834904839973764,37.92560831460675,35.845644405819094,13.089840691304625,12.877947530950811,36.43544700128806,-8.323155999999932,-8.323155999999932,-4.886210666666667,-4.886210666666667,3.438032629346791,3.1547520711864023,86.47331188830843,83.09321284955668,31.324346037581563,-114077.32051867855,-2.5337903793217897,-47888.638169181824,13,-131582.35411674943,9,2,2,0.15372464843857436,live_pitwin,book,QQQ,42,spydd5_h3,1.0
live_pitwin|book|QQQ|42|always,2136,2136,1.0,1,-386193.4628864109,-2.410695773323414,3.466745611200114,-386193.4628864109,-386193.4628864109,0.0,,2.897331541995017,2.522429878164141,37.92560831460675,31.850654965831733,13.089840691304625,12.626973396387564,33.01820526015554,-8.323155999999932,-12.953581590288255,-4.886210666666667,-4.416020969933395,2.897331541995017,2.522429878164141,82.45824564439485,79.54245575778596,21.438973769545555,-297881.0344260748,,,1,-386193.4628864109,9,2,1,0.21856312392694016,live_pitwin,book,QQQ,42,always,1.0
live_pitwin|book|QQQ|63|dial50_h45,2136,366,0.17134831460674158,8,33939.899660021205,1.2364262171228124,494.8392276221023,4242.4874575026515,3567.314818093558,0.75,0.9271075872979795,2.897331541995017,2.9626467547896906,37.92560831460675,38.45949437667449,13.089840691304625,12.98146473739986,38.78057404480769,-8.323155999999932,-8.215737693750924,-4.886210666666667,-4.886210666666667,1.6147859576715748,1.9484840226633986,82.14948564330496,78.15383230524031,-15.241891611367464,44478.6689464701,-2.5033419969374275,-47313.16374211739,2,-12026.88862289172,8,5,5,0.2678990078857461,live_pitwin,book,QQQ,63,dial50_h45,1.0
live_pitwin|book|QQQ|63|dial65_h60,2136,153,0.07162921348314606,7,27465.306576197574,2.3934907691675438,336.63886101629186,3923.615225171081,4600.812167078597,0.7142857142857143,0.725079028806896,2.897331541995017,2.9382150290932425,37.92560831460675,38.35764684501884,13.089840691304625,13.054744620531169,38.46076664762752,-8.323155999999932,-8.323155999999932,-4.886210666666667,-4.886210666666667,2.0446118373400926,2.6391192485682864,78.19334523861804,74.97597064881373,-27.09048497490585,38256.67907366936,-2.1898527930274945,-41388.21778821964,1,-21537.926860251326,6,3,4,0.3101261119815697,live_pitwin,book,QQQ,63,dial65_h60,1.0
live_pitwin|book|QQQ|63|dial50_nohyst,2136,328,0.15355805243445692,8,41989.25471450205,1.7068802729472383,545.987006017141,5248.656839312756,473.38416394382034,0.5,1.014776405832206,2.897331541995017,2.9710633437055587,37.92560831460675,38.58611344494723,13.089840691304625,12.987307566731983,38.8907458528806,-8.323155999999932,-8.374482367718317,-4.886210666666667,-4.886210666666667,1.8949800710944473,2.340191446872521,82.89927361646811,78.70653316738182,-12.469257367774844,32133.369623089307,-2.5104657295451283,-47447.80228840293,3,-17646.763669305103,8,4,4,0.26398613305290836,live_pitwin,book,QQQ,63,dial50_nohyst,1.0
live_pitwin|book|QQQ|63|dial40_h35,2136,595,0.2785580524344569,11,33184.53388290568,0.7436310113816393,510.55625887166576,3016.7758075368793,428.98451012035156,0.5454545454545454,0.740527103247856,2.897331541995017,2.9536224108478515,37.92560831460675,38.44761221838279,13.089840691304625,13.017104717642706,38.66244682026548,-8.323155999999932,-8.224225660192452,-4.886210666666667,-4.886210666666667,2.593509264295659,2.7958686551766316,81.37607698542533,79.70846036740087,-13.962489017285407,60054.8030277854,-2.8689509093452528,-54223.17218662528,4,-21694.12298707638,9,4,4,0.24288864608132082,live_pitwin,book,QQQ,63,dial40_h35,1.0
live_pitwin|book|QQQ|63|vix25_h20,2136,586,0.2743445692883895,15,-115771.85947023027,-2.634172001597958,655.2400814201908,-7718.123964682017,-5672.372882696467,0.0,-3.888864048933677,2.897331541995017,2.8246272710000624,37.92560831460675,36.104477940917725,13.089840691304625,12.78203262837397,36.97392098970535,-8.323155999999932,-8.323155999999932,-4.886210666666667,-4.263125842568313,3.383261449173571,3.149619467608752,105.92270303332134,100.50357411730151,46.61134569905698,-119399.00390313633,-1.5721917575655069,-29714.424217988082,14,-102114.22506047659,9,2,1,0.14687596180605494,live_pitwin,book,QQQ,63,vix25_h20,1.0
live_pitwin|book|QQQ|63|vixpct80_h60,2136,684,0.3202247191011236,16,-123167.19820185546,-2.400920042921159,1131.5648967844973,-7697.949887615966,-4864.080497018512,0.125,-2.5919121654843984,2.897331541995017,2.792684650273064,37.92560831460675,35.988146769858446,13.089840691304625,12.886577353565354,36.55579717312617,-8.323155999999932,-8.170403299537332,-4.886210666666667,-4.886210666666667,3.330210827902775,3.035642056193783,93.72476788948866,90.26420364721626,34.87052349373698,-134777.55273339213,-1.6147683921095437,-30519.122610870374,13,-113737.4747292112,8,1,1,0.18986384630584582,live_pitwin,book,QQQ,63,vixpct80_h60,1.0
live_pitwin|book|QQQ|63|spydd5_h3,2136,796,0.37265917602996257,14,-138355.96797547367,-2.317520401599224,747.6713150744092,-9882.569141105265,-8950.167548953767,0.14285714285714285,-2.427623237449848,2.897331541995017,2.787829232398883,37.92560831460675,35.749222301509405,13.089840691304625,12.823318546935445,36.49224052666344,-8.323155999999932,-8.323155999999932,-4.886210666666667,-4.886210666666667,3.438032629346791,3.1695606355200923,86.47331188830843,82.1907519529876,31.324346037581563,-126689.13478593815,-1.594782234282597,-30141.384227941086,13,-147858.22767714458,9,2,2,0.17071967168764904,live_pitwin,book,QQQ,63,spydd5_h3,1.0
live_pitwin|book|QQQ|63|always,2136,2136,1.0,1,-297888.42129434936,-1.859478285233142,4.510088549100511,-297888.42129434936,-297888.42129434936,0.0,,2.897331541995017,2.646132179010891,37.92560831460675,33.239723035819225,13.089840691304625,12.56162609694125,34.63744867138734,-8.323155999999932,-10.760808261922051,-4.886210666666667,-4.263125842568313,2.897331541995017,2.646132179010891,82.45824564439485,79.13080646448925,21.438973769545555,-297610.6456746654,,,1,-297888.42129434936,9,2,1,0.21836473261177428,live_pitwin,book,QQQ,63,always,1.0
live_pitwin|book|QQQ|126|dial50_h45,2136,366,0.17134831460674158,8,37225.73189375657,1.3561286664392196,419.22485891235874,4653.216486719572,7078.855942021509,0.75,0.8084825478660066,2.897331541995017,2.9766330407638115,37.92560831460675,38.51118162529505,13.089840691304625,12.937833148359124,38.96365230007196,-8.323155999999932,-7.8876973333333655,-4.886210666666667,-4.886210666666667,1.6147859576715748,2.0163741062820937,82.14948564330496,76.46483385678046,-15.241891611367464,44814.71853847847,-2.3242740461661864,-43928.779472540926,2,-30810.40664435158,8,6,6,0.26992306468492316,live_pitwin,book,QQQ,126,dial50_h45,1.0
live_pitwin|book|QQQ|126|dial65_h60,2136,153,0.07162921348314606,7,30090.36558086457,2.6222540811210946,286.1757298510956,4298.623654409223,3310.20533407664,0.8571428571428571,0.6136428022071609,2.897331541995017,2.9449924895209874,37.92560831460675,38.398939908013595,13.089840691304625,13.038722524640232,38.54948252491833,-8.323155999999932,-8.323155999999932,-4.886210666666667,-4.886210666666667,2.0446118373400926,2.7447421076381184,78.19334523861804,73.41383066692462,-27.09048497490585,39900.75535301867,-2.0257452626431873,-38286.58546395624,1,-31449.13180187477,6,5,5,0.3234537451337805,live_pitwin,book,QQQ,126,dial65_h60,1.0
live_pitwin|book|QQQ|126|dial50_nohyst,2136,328,0.15355805243445692,8,34070.011524949725,1.3849598180873868,464.31057634179626,4258.751440618716,2917.8846929999013,0.75,0.7081557266478806,2.897331541995017,2.9695668053910107,37.92560831460675,38.46154108016775,13.089840691304625,12.951902954445712,38.871156404754736,-8.323155999999932,-8.068413149354736,-4.886210666666667,-4.886210666666667,1.8949800710944473,2.3207432883231043,82.89927361646811,77.16408266235588,-12.469257367774844,32860.9075107538,-2.252483370038229,-42571.935693722524,3,-24481.624410510136,8,5,5,0.26996309456882817,live_pitwin,book,QQQ,126,dial50_nohyst,1.0
live_pitwin|book|QQQ|126|dial40_h35,2136,595,0.2785580524344569,11,32067.085007538135,0.7185901402249447,389.29191177129763,2915.1895461398294,4203.196155353972,0.7272727272727273,0.7566260187148455,2.897331541995017,2.964330690119194,37.92560831460675,38.43003437090509,13.089840691304625,12.964152244890007,38.80261649000535,-8.323155999999932,-7.8876973333333655,-4.886210666666667,-4.886210666666667,2.593509264295659,2.835018765546762,81.37607698542533,78.46751389828763,-13.962489017285407,57232.00957167421,-2.624778713348058,-49608.31768227829,4,-29244.139631842554,9,6,6,0.23147199918290629,live_pitwin,book,QQQ,126,dial40_h35,1.0
live_pitwin|book|QQQ|126|vix25_h20,2136,586,0.2743445692883895,15,-117019.2680547247,-2.6625544494817914,659.7105872662263,-7801.284536981647,-5298.403220525381,0.0,-4.106352609280995,2.897331541995017,2.824064279940591,37.92560831460675,36.084855783408834,13.089840691304625,12.777632591340288,36.966551526426244,-8.323155999999932,-8.323155999999932,-4.886210666666667,-4.257995249031168,3.383261449173571,3.147625527395176,105.92270303332134,100.42409856597516,46.61134569905698,-125853.59510081077,-1.3294009927607213,-25125.678763177635,14,-108849.99970729635,9,1,0,0.15481592997356514,live_pitwin,book,QQQ,126,vix25_h20,1.0
live_pitwin|book|QQQ|126|vixpct80_h60,2136,684,0.3202247191011236,16,-113517.7128432528,-2.2128209131238363,1086.8675088525288,-7094.8570527033,-4407.004028280943,0.125,-2.557087897385719,2.897331541995017,2.8240231614421765,37.92560831460675,36.139936427184786,13.089840691304625,12.79732295422421,36.96601329183253,-8.323155999999932,-7.893598865305383,-4.886210666666667,-4.886210666666667,3.330210827902775,3.123944622976701,93.72476788948866,88.66859925705673,34.87052349373698,-149543.0502832371,-1.4552027322451064,-27503.331639432512,13,-113899.61583487343,8,2,2,0.21066429935293937,live_pitwin,book,QQQ,126,vixpct80_h60,1.0
live_pitwin|book|QQQ|126|spydd5_h3,2136,796,0.37265917602996257,14,-121077.86339067729,-2.0281049144167054,705.7497820222261,-8648.418813619806,-6692.538096603212,0.14285714285714285,-1.9435193491115903,2.897331541995017,2.808721259140199,37.92560831460675,36.02101271070845,13.089840691304625,12.824701843761863,36.76571382842574,-8.323155999999932,-8.323155999999932,-4.886210666666667,-4.886210666666667,3.438032629346791,3.2248768308398343,86.47331188830843,82.20558933808329,31.324346037581563,-135048.70390007494,-1.4978140225595753,-28308.685026375973,13,-146579.65500383137,9,1,2,0.18198459110656395,live_pitwin,book,QQQ,126,spydd5_h3,1.0
live_pitwin|book|QQQ|126|always,2136,2136,1.0,1,-270953.51260559604,-1.6913452721947317,51.08972970368932,-270953.51260559604,-270953.51260559604,0.0,,2.897331541995017,2.7003027839682523,37.92560831460675,33.663418228676015,13.089840691304625,12.466534652534655,35.34653326043079,-8.323155999999932,-9.653370066592304,-4.886210666666667,-4.257995249031168,2.897331541995017,2.7003027839682523,82.45824564439485,78.53178666994218,21.438973769545555,-294247.08106774424,,,1,-270953.51260559604,9,2,1,0.21589679708363574,live_pitwin,book,QQQ,126,always,1.0
live_pitwin|book|IWM|42|dial50_h45,2136,366,0.17134831460674158,8,118957.17959394929,4.333594885025474,603.8176939411057,14869.647449243657,12809.693703269839,0.75,2.158214528153563,2.897331541995017,3.0747424730709487,37.92560831460675,39.79684484754527,13.089840691304625,12.94314733545718,40.24788913928673,-8.323155999999932,-8.815730520498244,-4.886210666666667,-4.886210666666667,1.6147859576715748,2.621582316397805,82.14948564330496,76.84195940702898,-38.980179000645876,128602.56810829393,-2.4445233471381047,-46201.49126091018,1,54.46427987959644,8,7,7,0.30287540239130384,live_pitwin,book,IWM,42,dial50_h45,1.0
live_pitwin|book|IWM|42|dial65_h60,2136,153,0.07162921348314606,7,68214.76622144484,5.944641936509354,376.4795011521208,9744.966603063545,13723.883298221019,0.5714285714285714,1.982317354913064,2.897331541995017,2.9925243702915676,37.92560831460675,38.9986495810115,13.089840691304625,13.032024055734517,39.171667271963315,-8.323155999999932,-8.323155999999932,-4.886210666666667,-4.886210666666667,2.0446118373400926,3.4926448511002968,78.19334523861804,72.79391844835844,-49.182572029531,66039.9791155743,-1.8392383443757945,-34761.60470870252,2,-6545.997424093323,6,4,4,0.29487879091993324,live_pitwin,book,IWM,42,dial65_h60,1.0
live_pitwin|book|IWM|42|dial50_nohyst,2136,328,0.15355805243445692,8,139772.21087746372,5.6817971901408,687.8970957463637,17471.526359682965,15823.822135963566,0.625,2.3919695518832182,2.897331541995017,3.1013765040796755,37.92560831460675,40.12427230593764,13.089840691304625,12.937568932103716,40.59652436215822,-8.323155999999932,-8.781982180918568,-4.886210666666667,-4.886210666666667,1.8949800710944473,3.225768360688505,82.89927361646811,76.66024895499334,-46.02397293783724,128626.87250784431,-2.5472683260907307,-48143.37136311482,1,-248.7245320902144,8,6,6,0.2862945219411786,live_pitwin,book,IWM,42,dial50_nohyst,1.0
live_pitwin|book|IWM|42|dial40_h35,2136,595,0.2785580524344569,11,132697.4521943699,2.9736123741035283,576.0824009777176,12063.404744942718,3399.528341572299,0.5454545454545454,1.6859702896746023,2.897331541995017,3.093743170546951,37.92560831460675,40.01298396710245,13.089840691304625,12.933518317885595,40.496605242271265,-8.323155999999932,-8.890896973855966,-4.886210666666667,-4.886210666666667,2.593509264295659,3.321365963456604,81.37607698542533,77.75543117484754,-27.894975431263447,131220.62736734247,-2.926437479039937,-55309.66835385481,3,-30026.426086557894,9,5,5,0.26564303791188315,live_pitwin,book,IWM,42,dial40_h35,1.0
live_pitwin|book|IWM|42|vix25_h20,2136,586,0.2743445692883895,15,-171140.42437927416,-3.8939800768890587,651.9045738836016,-11409.361625284944,-7379.531381717528,0.13333333333333333,-2.874390974615518,2.897331541995017,2.7423060004255353,37.92560831460675,35.23351175133726,13.089840691304625,12.848132829038747,35.896348672379006,-8.323155999999932,-8.323155999999932,-4.886210666666667,-4.379622561828846,3.383261449173571,2.913605332691662,105.92270303332134,101.78083389516769,48.82571795023978,-146870.58162225017,-0.2964383418434626,-5602.684660841443,14,-151494.4224268118,9,2,1,0.17247566896274547,live_pitwin,book,IWM,42,vix25_h20,1.0
live_pitwin|book|IWM|42|vixpct80_h60,2136,684,0.3202247191011236,16,-100119.61301272023,-1.9516493764662812,1290.8685798596878,-6257.475813295014,-7348.166749023188,0.25,-1.0490987229226219,2.897331541995017,2.8074468571745195,37.92560831460675,36.35069305373249,13.089840691304625,12.94795410315146,36.74903210971831,-8.323155999999932,-8.416070554270227,-4.886210666666667,-4.886210666666667,3.330210827902775,3.078246304256135,93.72476788948866,91.33179599708598,27.52192751504481,-108738.38612288545,-0.9744787200351935,-18417.64780866516,12,-141906.64618802958,8,2,2,0.194082872792748,live_pitwin,book,IWM,42,vixpct80_h60,1.0
live_pitwin|book|IWM|42|spydd5_h3,2136,796,0.37265917602996257,14,-144427.6204472635,-2.4192231230697403,789.649542219544,-10316.258603375967,-8146.23142876454,0.14285714285714285,-1.581674157687068,2.897331541995017,2.7709366442773162,37.92560831460675,35.65371316150372,13.089840691304625,12.867025752875891,36.2711192392883,-8.323155999999932,-8.323155999999932,-4.886210666666667,-4.886210666666667,3.438032629346791,3.122283180922144,86.47331188830843,82.91819682592222,18.723227712325752,-81524.42250872856,-0.6100647377079517,-11530.223542680285,11,-179587.39507479133,9,2,2,0.18379480064890977,live_pitwin,book,IWM,42,spydd5_h3,1.0
live_pitwin|book|IWM|42|always,2136,2136,1.0,1,-204956.7930862528,-1.2793807308754856,7.316041559711399,-204956.7930862528,-204956.7930862528,0.0,,2.897331541995017,2.778457000482252,37.92560831460675,34.70156887280052,13.089840691304625,12.489510856845158,36.36955950395277,-8.323155999999932,-8.890896973855966,-4.886210666666667,-4.379622561828846,2.897331541995017,2.778457000482252,82.45824564439485,78.67652315250837,12.085817672777921,-173702.5462350272,,,1,-204956.7930862528,9,3,3,0.22608313956709028,live_pitwin,book,IWM,42,always,1.0
live_pitwin|book|IWM|63|dial50_h45,2136,366,0.17134831460674158,8,123545.5779340087,4.500749651512157,512.2703535981148,15443.197241751086,13241.876822691484,0.75,2.468489945589915,2.897331541995017,3.0855639113059374,37.92560831460675,39.86902190008552,13.089840691304625,12.921146035575493,40.38954004183351,-8.323155999999932,-8.567522975079545,-4.886210666666667,-4.886210666666667,1.6147859576715748,2.68609355841498,82.14948564330496,75.984330834239,-38.980179000645876,125589.46678527202,-2.1629147690998023,-40879.089135986265,1,780.0796626174056,8,7,7,0.29577916559696904,live_pitwin,book,IWM,63,dial50_h45,1.0
live_pitwin|book|IWM|63|dial65_h60,2136,153,0.07162921348314606,7,73473.2883449531,6.402900945093951,350.88682815847613,10496.184049279012,12715.024526231806,0.7142857142857143,2.15970759218508,2.897331541995017,2.9982799044882253,37.92560831460675,39.08136790654982,13.089840691304625,13.034596219001306,39.247006297690916,-8.323155999999932,-8.323155999999932,-4.886210666666667,-4.886210666666667,2.0446118373400926,3.5802107032036754,78.19334523861804,73.0454049709084,-49.182572029531,72021.78744179057,-1.5928274498806765,-30104.438802744782,2,-7716.670664444975,6,5,5,0.32158849662202754,live_pitwin,book,IWM,63,dial65_h60,1.0
live_pitwin|book|IWM|63|dial50_nohyst,2136,328,0.15355805243445692,8,141344.10612108876,5.745695370775968,596.8893012537008,17668.0132651361,16929.272746770348,0.75,2.8272283579214665,2.897331541995017,3.108761374629335,37.92560831460675,40.14899874797218,13.089840691304625,12.91478949643063,40.69319114117917,-8.323155999999932,-8.565351317463099,-4.886210666666667,-4.886210666666667,1.8949800710944473,3.2818721736233525,82.89927361646811,75.65881443167964,-46.02397293783724,129047.43838466164,-2.2493368933092515,-42512.46728354485,1,25.274904046967375,8,7,6,0.2872306071020834,live_pitwin,book,IWM,63,dial50_nohyst,1.0
live_pitwin|book|IWM|63|dial40_h35,2136,595,0.2785580524344569,11,142100.27721215037,3.184319937527179,497.7655993479963,12918.207019286394,3248.6290336404595,0.5454545454545454,2.028908761779657,2.897331541995017,3.100681240359066,37.92560831460675,40.16089357412371,13.089840691304625,12.952280631553407,40.587423470816994,-8.323155999999932,-8.570325605693663,-4.886210666666667,-4.886210666666667,2.593509264295659,3.345327765301859,81.37607698542533,78.19835298784315,-27.894975431263447,128832.66311040241,-2.6447512880976882,-49985.799345046304,3,-8342.858663019748,9,6,6,0.2608088430725097,live_pitwin,book,IWM,63,dial40_h35,1.0
live_pitwin|book|IWM|63|vix25_h20,2136,586,0.2743445692883895,15,-200078.60382682653,-4.552414194011979,722.9726680403427,-13338.573588455096,-7595.705268287364,0.0,-2.648133977398967,2.897331541995017,2.7054916911882336,37.92560831460675,34.778304434184754,13.089840691304625,12.854707537065234,35.414455229302305,-8.323155999999932,-8.323155999999932,-4.886210666666667,-4.317035931401887,3.383261449173571,2.8068013947479975,105.92270303332134,101.92985630060431,48.82571795023978,-147557.8547064679,0.31214231267435827,5899.489709545372,14,-181303.16716771186,9,0,0,0.17328275969290557,live_pitwin,book,IWM,63,vix25_h20,1.0
live_pitwin|book|IWM|63|vixpct80_h60,2136,684,0.3202247191011236,16,-76107.00039956116,-1.483567259250705,1269.996744250665,-4756.687524972574,-4867.685367005224,0.1875,-0.7824962364812655,2.897331541995017,2.8293164717463086,37.92560831460675,36.72841954427657,13.089840691304625,12.981375505726684,37.035301880443264,-8.323155999999932,-8.351367566015044,-4.886210666666667,-4.886210666666667,3.330210827902775,3.1400403786246733,93.72476788948866,91.9008362775745,27.52192751504481,-115539.3146517052,-0.810211971121042,-15313.006254187696,12,-137396.70343812794,8,3,3,0.2062215828986697,live_pitwin,book,IWM,63,vixpct80_h60,1.0
live_pitwin|book|IWM|63|spydd5_h3,2136,796,0.37265917602996257,14,-111739.36430979142,-1.8716811442176113,836.9215557050986,-7981.383164985101,-7363.4147088569325,0.21428571428571427,-1.251237697208075,2.897331541995017,2.8082640502236305,37.92560831460675,36.16791044905946,13.089840691304625,12.879098903174475,36.75972903654522,-8.323155999999932,-8.508937143178581,-4.886210666666667,-4.886210666666667,3.438032629346791,3.2199588322675186,86.47331188830843,83.10232047407834,18.723227712325752,-87029.68595375195,-0.5190710901124943,-9810.443603126141,11,-155697.11184244286,9,2,2,0.1962062813593616,live_pitwin,book,IWM,63,spydd5_h3,1.0
live_pitwin|book|IWM|63|always,2136,2136,1.0,1,-163072.63800726068,-1.0179315730790304,3.5506968686906126,-163072.63800726068,-163072.63800726068,0.0,,2.897331541995017,2.819311736371098,37.92560831460675,35.36042075044759,13.089840691304625,12.5422174122405,36.9043414882231,-8.323155999999932,-8.570325605693663,-4.886210666666667,-4.317035931401887,2.897331541995017,2.819311736371098,82.45824564439485,79.00854324307724,12.085817672777921,-170951.60585965784,,,1,-163072.63800726068,9,3,2,0.22250264376949921,live_pitwin,book,IWM,63,always,1.0
live_pitwin|book|IWM|126|dial50_h45,2136,366,0.17134831460674158,8,115157.86859076102,4.19518646960878,394.05335807264066,14394.733573845127,8325.6327149549,0.625,2.0985092106910073,2.897331541995017,3.0854718073810417,37.92560831460675,39.73708040479848,13.089840691304625,12.878769564427635,40.38833441612958,-8.323155999999932,-8.372622351637293,-4.886210666666667,-4.886210666666667,1.6147859576715748,2.682317663839686,82.14948564330496,74.28290807819369,-38.980179000645876,108910.2336693859,-1.5701624087587176,-29676.069525539762,1,-3136.9067390306736,8,7,6,0.2564974504970155,live_pitwin,book,IWM,126,dial50_h45,1.0
live_pitwin|book|IWM|126|dial65_h60,2136,153,0.07162921348314606,7,77352.47148923225,6.740956121065992,296.60249284259913,11050.353069890321,9212.922930878049,0.7142857142857143,2.101510733438535,2.897331541995017,3.0093079845456745,37.92560831460675,39.14238876499916,13.089840691304625,13.007106273606828,39.39136210877388,-8.323155999999932,-8.323155999999932,-4.886210666666667,-4.886210666666667,2.0446118373400926,3.798765005088287,78.19334523861804,70.25556987322297,-49.182572029531,67287.58985041588,-1.1466546431061415,-21671.77275470607,2,-7209.313225046404,6,5,5,0.3004495671369423,live_pitwin,book,IWM,126,dial65_h60,1.0
live_pitwin|book|IWM|126|dial50_nohyst,2136,328,0.15355805243445692,8,127464.09373776047,5.181467225112214,462.76550514769883,15933.011717220055,10073.752316121176,0.75,2.4024818588894,2.897331541995017,3.101633656274902,37.92560831460675,39.930661474526566,13.089840691304625,12.874074084714362,40.599890443427164,-8.323155999999932,-8.377441048424261,-4.886210666666667,-4.886210666666667,1.8949800710944473,3.241628040444835,82.89927361646811,73.83503309128625,-46.02397293783724,113828.46154517341,-1.6284218072034977,-30777.172156146105,1,-647.1276878287375,8,7,6,0.25335658362826047,live_pitwin,book,IWM,126,dial50_nohyst,1.0
live_pitwin|book|IWM|126|dial40_h35,2136,595,0.2785580524344569,11,124630.13210754021,2.792832092045719,366.32624494592335,11330.012009776385,291.89116487052604,0.5454545454545454,2.1818531198299254,2.897331541995017,3.091869196259772,37.92560831460675,39.88608230281523,13.089840691304625,12.900313619691724,40.47207521739249,-8.323155999999932,-8.3678758357844,-4.886210666666667,-4.886210666666667,2.593509264295659,3.318171182237569,81.37607698542533,76.96542177676356,-27.894975431263447,109096.94921051941,-1.885213897178215,-35630.542656668265,3,-5278.139705582483,9,6,7,0.22085586387322365,live_pitwin,book,IWM,126,dial40_h35,1.0
live_pitwin|book|IWM|126|vix25_h20,2136,586,0.2743445692883895,15,-129426.66982400914,-2.9448616569740413,694.0603469344672,-8628.44465493394,-9880.520277054224,0.0,-4.732149983544928,2.897331541995017,2.7739534299282536,37.92560831460675,35.889683171307716,13.089840691304625,12.938098666002473,36.31060848285889,-8.323155999999932,-8.323155999999932,-4.886210666666667,-4.21004385279949,3.383261449173571,3.0145171126391013,105.92270303332134,103.3717695346007,48.82571795023978,-134312.99467971802,0.3083481433392565,5827.779909111948,14,-118954.2077811241,9,1,1,0.15772882051598372,live_pitwin,book,IWM,126,vix25_h20,1.0
live_pitwin|book|IWM|126|vixpct80_h60,2136,684,0.3202247191011236,16,-57575.635602593065,-1.122332078023257,1111.524171940845,-3598.477225162065,-5286.690141142947,0.125,-0.7231762642412787,2.897331541995017,2.8659356706459937,37.92560831460675,37.01992415906034,13.089840691304625,12.917220905630408,37.51464136028334,-8.323155999999932,-8.315551827781453,-4.886210666666667,-4.886210666666667,3.330210827902775,3.24277341322065,93.72476788948866,90.75773418737614,27.52192751504481,-117199.73763422783,-0.33446305218763867,-6321.351686346371,12,-108465.47212313514,8,3,2,0.20918520663808138,live_pitwin,book,IWM,126,vixpct80_h60,1.0
live_pitwin|book|IWM|126|spydd5_h3,2136,796,0.37265917602996257,14,-49558.811363977686,-0.8301308436177166,687.2326342366867,-3539.9150974269796,-5045.876965462874,0.21428571428571427,-0.6192996401038172,2.897331541995017,2.8696821380702406,37.92560831460675,37.14603150663406,13.089840691304625,12.944301744726838,37.563682022021894,-8.323155999999932,-8.323155999999932,-4.886210666666667,-4.886210666666667,3.438032629346791,3.376757601443085,86.47331188830843,84.13993030211131,18.723227712325752,-82445.33845574103,-0.4379657620312941,-8277.552902391459,11,-105344.10054862527,9,3,2,0.18587098294725646,live_pitwin,book,IWM,126,spydd5_h3,1.0
live_pitwin|book|IWM|126|always,2136,2136,1.0,1,-92940.32180267322,-0.5801518214898453,53.18398878712335,-92940.32180267322,-92940.32180267322,0.0,,2.897331541995017,2.9115764676189135,37.92560831460675,36.46362572445233,13.089840691304625,12.523670983737645,38.11207212168304,-8.323155999999932,-8.3678758357844,-4.886210666666667,-4.21004385279949,2.897331541995017,2.9115764676189135,82.45824564439485,78.89171172515582,12.085817672777921,-160657.30310898207,,,1,-92940.32180267322,9,3,3,0.20910405902809956,live_pitwin,book,IWM,126,always,1.0
live_pitwin|book|ADAPT|42|dial50_h45,2136,366,0.17134831460674158,8,56140.97847487289,2.0452086876092124,898.7191039790746,7017.622309359111,7869.367232476934,0.75,0.9854049091872832,2.897331541995017,2.9974832510179756,37.92560831460675,38.80872482994182,13.089840691304625,12.94710314620173,39.23657823067918,-8.323155999999932,-7.925738617264022,-4.886210666666667,-4.886210666666667,1.6147859576715748,2.1478901759254048,82.14948564330496,76.87567972392577,-19.61918107699603,93416.20940895897,-3.870720366548594,-73156.61492776843,2,-31841.401381412412,8,6,6,0.43711887222712387,live_pitwin,book,ADAPT,42,dial50_h45,1.0
live_pitwin|book|ADAPT|42|dial65_h60,2136,153,0.07162921348314606,7,52110.52891468718,4.541222563371432,532.2960286642735,7444.3612735267425,13559.06783541469,0.7142857142857143,1.4496565622521385,2.897331541995017,2.968130854380714,37.92560831460675,38.745324499781596,13.089840691304625,13.053779095553258,38.852360034789434,-8.323155999999932,-8.323155999999932,-4.886210666666667,-4.886210666666667,2.0446118373400926,3.0956284651673673,78.19334523861804,74.93299509016309,-34.79369664564729,65119.23405292436,-3.4253908624900014,-64739.887301061026,2,-17495.505319586166,6,4,4,0.41101394550733444,live_pitwin,book,ADAPT,42,dial65_h60,1.0
live_pitwin|book|ADAPT|42|dial50_nohyst,2136,328,0.15355805243445692,8,71969.58638920759,2.925592942650715,982.7985057843327,8996.198298650948,5628.225561241054,0.75,1.4505161003136768,2.897331541995017,3.014290678343762,37.92560831460675,39.057714167920125,13.089840691304625,12.957514166941872,39.4565847768044,-8.323155999999932,-8.31683962299583,-4.886210666666667,-4.886210666666667,1.8949800710944473,2.6271298573739066,82.89927361646811,77.47421354984861,-20.99754356313497,85166.48441887725,-3.9067169319724617,-73836.95001427953,2,-21410.41791223507,8,5,5,0.41549486721551204,live_pitwin,book,ADAPT,42,dial50_nohyst,1.0
live_pitwin|book|ADAPT|42|dial40_h35,2136,595,0.2785580524344569,11,30371.423911569625,0.6805921324721481,867.726899454185,2761.03853741542,3399.528341572299,0.5454545454545454,0.39550620347359855,2.897331541995017,2.965984944911328,37.92560831460675,38.40336105029436,13.089840691304625,12.947928517365579,38.82427042169721,-8.323155999999932,-7.913160412214504,-4.886210666666667,-4.886210666666667,2.593509264295659,2.8412217882524597,81.37607698542533,78.08389884653205,-13.71710398234427,93803.1818033428,-4.222691601916485,-79808.87127622157,4,-56703.39111380125,9,5,5,0.3861690384205807,live_pitwin,book,ADAPT,42,dial40_h35,1.0
live_pitwin|book|ADAPT|42|vix25_h20,2136,586,0.2743445692883895,15,-186842.25934403756,-4.251245946394484,921.0740668796717,-12456.150622935838,-7715.1981604248895,0.0,-2.650063939611454,2.897331541995017,2.7282728278494077,37.92560831460675,34.98651659458817,13.089840691304625,12.823686926562509,35.71265667896392,-8.323155999999932,-8.323155999999932,-4.886210666666667,-4.379622561828846,3.383261449173571,2.870046296655001,105.92270303332134,101.34950118606906,49.16444197297096,-175982.04651978376,-2.330126845619922,-44039.39738221653,14,-154896.0970620537,9,1,1,0.20523853739200193,live_pitwin,book,ADAPT,42,vix25_h20,1.0
live_pitwin|book|ADAPT|42|vixpct80_h60,2136,684,0.3202247191011236,16,-125158.0851550776,-2.4397287554596017,1748.932701100964,-7822.380322192348,-12003.495414518402,0.1875,-1.6235205057300615,2.897331541995017,2.7781265097264907,37.92560831460675,35.95682944699878,13.089840691304625,12.942833712255519,36.36523343260991,-8.323155999999932,-7.8876973333333655,-4.886210666666667,-4.886210666666667,3.330210827902775,2.9958189057373175,93.72476788948866,91.25843455499778,31.86090183444321,-145256.52937207834,-3.0614258827042913,-57860.94918311111,13,-75235.83180323144,8,2,1,0.2239550059649933,live_pitwin,book,ADAPT,42,vixpct80_h60,1.0
live_pitwin|book|ADAPT|42|spydd5_h3,2136,796,0.37265917602996257,14,-167050.42842643108,-2.798164630258477,921.3443050416957,-11932.173459030791,-10285.781680874728,0.07142857142857142,-2.072546803656275,2.897331541995017,2.739754536576882,37.92560831460675,35.29784876632581,13.089840691304625,12.883580735093089,35.862950417070515,-8.323155999999932,-8.323155999999932,-4.886210666666667,-4.886210666666667,3.438032629346791,3.039369361376157,86.47331188830843,83.2010036748883,27.05042576417327,-131260.113883168,-2.892232308050592,-54663.19062215619,12,-136226.28291640477,9,1,1,0.2048259044426883,live_pitwin,book,ADAPT,42,spydd5_h3,1.0
live_pitwin|book|ADAPT|42|always,2136,2136,1.0,1,-456815.9592677138,-2.8515353262653798,17.52818724002318,-456815.9592677138,-456815.9592677138,0.0,,2.897331541995017,2.4760602195931583,37.92560831460675,30.739739292417983,13.089840691304625,12.414778545842005,32.41123381655119,-8.323155999999932,-13.294110536505531,-4.886210666666667,-4.379622561828846,2.897331541995017,2.4760602195931583,82.45824564439485,78.20575384342389,19.225415610708296,-393418.77752205933,,,1,-456815.9592677138,9,3,2,0.32189733157425715,live_pitwin,book,ADAPT,42,always,1.0
live_pitwin|book|ADAPT|63|dial50_h45,2136,366,0.17134831460674158,8,73602.97158389771,2.6813468700873475,800.5835493566592,9200.371447987214,15238.517097337637,0.875,1.2757396097878504,2.897331541995017,3.0121316690891224,37.92560831460675,39.083407867611875,13.089840691304625,12.97533181191605,39.42832368961012,-8.323155999999932,-8.082241294567494,-4.886210666666667,-4.886210666666667,1.6147859576715748,2.2460707238487285,82.14948564330496,78.01130034241415,-19.61918107699603,93518.40380978724,-3.3408129679419925,-63141.365094103654,2,-32651.450006498988,8,6,6,0.437597066552505,live_pitwin,book,ADAPT,63,dial50_h45,1.0
live_pitwin|book|ADAPT|63|dial65_h60,2136,153,0.07162921348314606,7,58177.705068230636,5.069952511392648,522.3352951454068,8311.100724032947,12715.024526231806,0.7142857142857143,1.356307029383692,2.897331541995017,2.9700577027257613,37.92560831460675,38.840763225792394,13.089840691304625,13.077443980346379,38.87758217266241,-8.323155999999932,-8.323155999999932,-4.886210666666667,-4.886210666666667,2.0446118373400926,3.113355798175562,78.19334523861804,77.20223960308797,-34.79369664564729,77173.97852407231,-2.8763785962307704,-54363.55546876155,2,-22580.031526057202,6,4,4,0.4871000383373336,live_pitwin,book,ADAPT,63,dial65_h60,1.0
live_pitwin|book|ADAPT|63|dial50_nohyst,2136,328,0.15355805243445692,8,91758.02511917872,3.730001021104827,885.2024970122452,11469.753139897344,12248.87339326163,0.75,1.9302387317567398,2.897331541995017,3.0343497183609665,37.92560831460675,39.36899297940281,13.089840691304625,12.974441522405783,39.719154415050106,-8.323155999999932,-8.246881781173787,-4.886210666666667,-4.886210666666667,1.8949800710944473,2.7650203892276957,82.89927361646811,78.22886326816253,-20.99754356313497,87725.82211455815,-3.405107625200857,-64356.5341162962,2,-17277.35195889067,8,5,5,0.42798090187201465,live_pitwin,book,ADAPT,63,dial50_nohyst,1.0
live_pitwin|book|ADAPT|63|dial40_h35,2136,595,0.2785580524344569,11,65147.2657443227,1.4598827057551307,816.0179204024598,5922.478704029334,6711.00841675347,0.6363636363636364,0.838298559029031,2.897331541995017,2.9941224702690525,37.92560831460675,38.950396764517436,13.089840691304625,13.0089524230508,39.19258614607737,-8.323155999999932,-8.08754166412693,-4.886210666666667,-4.886210666666667,2.593509264295659,2.945217782060743,81.37607698542533,79.52706603800465,-13.71710398234427,96284.675278157,-3.7642452954857917,-71144.23608468147,4,-39319.04010143605,9,5,6,0.3963848533918144,live_pitwin,book,ADAPT,63,dial40_h35,1.0
live_pitwin|book|ADAPT|63|vix25_h20,2136,586,0.2743445692883895,15,-199787.2433818132,-4.545784832350698,1027.0119383752492,-13319.149558787547,-7595.705268287364,0.0,-2.92069604377841,2.897331541995017,2.718884068791276,37.92560831460675,34.7828876321962,13.089840691304625,12.793074935210274,35.589759318603924,-8.323155999999932,-8.323155999999932,-4.886210666666667,-4.317035931401887,3.383261449173571,2.839296775822094,105.92270303332134,100.80034715707829,49.16444197297096,-178452.31087808718,-1.4651968595062992,-27692.220644669054,14,-165573.7297454542,9,1,1,0.2081194758393951,live_pitwin,book,ADAPT,63,vix25_h20,1.0
live_pitwin|book|ADAPT|63|vixpct80_h60,2136,684,0.3202247191011236,16,-124126.41784583601,-2.4196182815952443,1784.9822853514513,-7757.901115364752,-8018.8622122334145,0.1875,-1.6871542862726747,2.897331541995017,2.7759942312422843,37.92560831460675,35.97305792152618,13.089840691304625,12.958621281222147,36.33732224694216,-8.323155999999932,-8.089384775749764,-4.886210666666667,-4.886210666666667,3.330210827902775,2.9902459081510306,93.72476788948866,91.53527697414577,31.86090183444321,-163142.67063693682,-2.2658212194725493,-42824.02104803118,13,-87833.29461160467,8,2,1,0.2515316725078199,live_pitwin,book,ADAPT,63,vixpct80_h60,1.0
live_pitwin|book|ADAPT|63|spydd5_h3,2136,796,0.37265917602996257,14,-159557.10421356754,-2.67264831178505,1047.337429327135,-11396.93601525482,-10487.723999585503,0.07142857142857142,-2.51897995921094,2.897331541995017,2.7546641691023668,37.92560831460675,35.41572128203377,13.089840691304625,12.856638453163718,36.05811513159501,-8.323155999999932,-8.323155999999932,-4.886210666666667,-4.886210666666667,3.438032629346791,3.079912927239953,86.47331188830843,82.75269373234141,27.05042576417327,-145346.08521258057,-2.095319398774177,-39601.53663683195,12,-139652.95135224398,9,1,0,0.22680647212731447,live_pitwin,book,ADAPT,63,spydd5_h3,1.0
live_pitwin|book|ADAPT|63|always,2136,2136,1.0,1,-369094.134076037,-2.3039583899877467,4.767714991831473,-369094.134076037,-369094.134076037,0.0,,2.897331541995017,2.57890745193488,37.92560831460675,32.11963317183762,13.089840691304625,12.454744410366176,33.75748770344592,-8.323155999999932,-11.613773626087575,-4.886210666666667,-4.317035931401887,2.897331541995017,2.57890745193488,82.45824564439485,78.45751512547784,19.225415610708296,-391797.7531273565,,,1,-369094.134076037,9,3,3,0.32057100081201395,live_pitwin,book,ADAPT,63,always,1.0
live_pitwin|book|ADAPT|126|dial50_h45,2136,366,0.17134831460674158,8,70047.85405587545,2.551834391835171,645.7736573741741,8755.98175698443,12839.863832891931,0.75,1.0011814516721236,2.897331541995017,3.0219017820614673,37.92560831460675,39.02748467054186,13.089840691304625,12.914875295489676,39.556212911954155,-8.323155999999932,-7.8876973333333655,-4.886210666666667,-4.886210666666667,1.6147859576715748,2.2893313204103722,82.14948564330496,75.63909576120986,-19.61918107699603,92771.72151072677,-2.915578009033427,-55104.42437073177,2,-48471.92543155882,8,6,6,0.4341031448172695,live_pitwin,book,ADAPT,126,dial50_h45,1.0
live_pitwin|book|ADAPT|126|dial65_h60,2136,153,0.07162921348314606,7,60637.12888718464,5.2842813845041094,451.66330952373534,8662.44698388352,9212.922930878049,0.7142857142857143,1.094184568862731,2.897331541995017,2.9762952411813974,37.92560831460675,38.879450791483805,13.089840691304625,13.06303563353855,38.959230557352576,-8.323155999999932,-8.323155999999932,-4.886210666666667,-4.886210666666667,2.0446118373400926,3.214525681634995,78.19334523861804,75.83090938586982,-34.79369664564729,81942.77530886521,-2.5378258206935365,-47964.908011107844,2,-30546.759291159124,6,4,4,0.5171993171502177,live_pitwin,book,ADAPT,126,dial65_h60,1.0
live_pitwin|book|ADAPT|126|dial50_nohyst,2136,328,0.15355805243445692,8,77864.70284912919,3.1652318231353327,714.4858044492323,9733.087856141148,8432.346721806016,0.75,1.3947924580375357,2.897331541995017,3.0304228575024497,37.92560831460675,39.1504463369526,13.089840691304625,12.919136430095039,39.667752431995204,-8.323155999999932,-7.971808963194071,-4.886210666666667,-4.886210666666667,1.8949800710944473,2.7352107599083264,82.89927361646811,75.80365357061699,-20.99754356313497,89122.6163426358,-2.912452371972834,-55045.349830286556,2,-30412.106821232614,8,5,5,0.43479532935816173,live_pitwin,book,ADAPT,126,dial50_nohyst,1.0
live_pitwin|book|ADAPT|126|dial40_h35,2136,595,0.2785580524344569,11,60547.440192386304,1.356805382462438,635.399286543124,5504.312744762393,5811.8817270805,0.8181818181818182,0.8027476516970488,2.897331541995017,3.0033946649745453,37.92560831460675,38.878039958082475,13.089840691304625,12.944699013911306,39.313957697631025,-8.323155999999932,-7.8876973333333655,-4.886210666666667,-4.886210666666667,2.593509264295659,2.9812755579828076,81.37607698542533,78.01634660976066,-13.71710398234427,89973.49435152566,-3.266555850874906,-61737.90558153572,4,-46994.82061430438,9,6,6,0.37040297705370623,live_pitwin,book,ADAPT,126,dial40_h35,1.0
live_pitwin|book|ADAPT|126|vix25_h20,2136,586,0.2743445692883895,15,-167092.91059987398,-3.80188647553752,1013.8186626876818,-11139.527373324932,-9848.034642328046,0.0,-4.207774413914562,2.897331541995017,2.735012167406994,37.92560831460675,35.29718050741771,13.089840691304625,12.905675860624125,35.800873560137326,-8.323155999999932,-8.323155999999932,-4.886210666666667,-4.21004385279949,3.383261449173571,2.89822137110394,105.92270303332134,102.82552049788751,49.16444197297096,-177589.60611311859,-1.2926474068709806,-24431.03598986153,14,-139589.3326601856,9,1,1,0.207113348977793,live_pitwin,book,ADAPT,126,vix25_h20,1.0
live_pitwin|book|ADAPT|126|vixpct80_h60,2136,684,0.3202247191011236,16,-112829.62423722347,-2.1994078798679038,1652.097269309684,-7051.851514826467,-6777.100210604698,0.125,-1.5882429841114332,2.897331541995017,2.7938831885170967,37.92560831460675,36.15076029289761,13.089840691304625,12.93925259347914,36.571485847803004,-8.323155999999932,-7.8876973333333655,-4.886210666666667,-4.886210666666667,3.330210827902775,3.039988982507839,93.72476788948866,91.18740915607145,31.86090183444321,-182706.10786631395,-1.8840388064097704,-35608.33344114466,13,-86117.80394762903,8,2,2,0.2816943765207875,live_pitwin,book,ADAPT,126,vixpct80_h60,1.0
live_pitwin|book|ADAPT|126|spydd5_h3,2136,796,0.37265917602996257,14,-113334.51460763505,-1.898400579692379,979.8326654381726,-8095.322471973931,-6831.475414957602,0.07142857142857142,-2.0829260333713333,2.897331541995017,2.7871628082552697,37.92560831460675,36.14281819718327,13.089840691304625,12.967602068358627,36.4835171407907,-8.323155999999932,-8.323155999999932,-4.886210666666667,-4.886210666666667,3.438032629346791,3.1595433314273524,86.47331188830843,84.55712262161379,27.05042576417327,-151455.56992745964,-2.029797721828268,-38363.176942554266,12,-98541.91374472716,9,2,2,0.23634006687581294,live_pitwin,book,ADAPT,126,spydd5_h3,1.0
live_pitwin|book|ADAPT|126|always,2136,2136,1.0,1,-316445.3876514381,-1.975314529659414,96.03466550028827,-316445.3876514381,-316445.3876514381,0.0,,2.897331541995017,2.6387947118730173,37.92560831460675,32.94781569986502,13.089840691304625,12.485933654338217,34.54140239547489,-8.323155999999932,-10.016946267775628,-4.886210666666667,-4.21004385279949,2.897331541995017,2.6387947118730173,82.45824564439485,78.65398889483531,19.225415610708296,-378847.17110121204,,,1,-316445.3876514381,9,3,3,0.30997476587171374,live_pitwin,book,ADAPT,126,always,1.0
live_pitwin|subbook|SPY|42|dial50_h45,2136,366,0.17134831460674158,8,32792.93338622903,1.194642382011986,531.6724787128144,4099.116673278629,8211.341187227265,0.625,1.0558608598500627,2.897331541995017,2.9692339186991594,37.92560831460675,38.4414522105699,13.089840691304625,12.946589343628187,38.866798970990146,-8.323155999999932,-7.8876973333333655,-4.886210666666667,-4.886210666666667,1.6147859576715748,1.974293306417658,82.14948564330496,76.79618587809068,-14.736718707717955,38483.09911382875,-2.3377357924078592,-44183.206476508545,2,-16113.073008558924,8,6,5,0.23973278874453158,live_pitwin,subbook,SPY,42,dial50_h45,1.0
live_pitwin|subbook|SPY|42|dial65_h60,2136,153,0.07162921348314606,7,30542.622490067268,2.6616664479361454,400.898968036582,4363.231784295324,6680.623915709108,0.5714285714285714,1.3509668796002214,2.897331541995017,2.947937394449589,37.92560831460675,38.40605406164151,13.089840691304625,13.028110479534904,38.588030861284764,-8.323155999999932,-8.323155999999932,-4.886210666666667,-4.886210666666667,2.0446118373400926,2.793459048455037,78.19334523861804,72.357489669788,-28.741608001291752,30249.38779611942,-2.0706225720982037,-39134.76661265604,2,-8397.995830033982,6,4,4,0.23112843268301567,live_pitwin,subbook,SPY,42,dial65_h60,1.0
live_pitwin|subbook|SPY|42|dial50_nohyst,2136,328,0.15355805243445692,8,41303.69994853231,1.679012193029769,566.3932513431919,5162.96249356654,6187.855371071288,0.625,1.7524442241016263,2.897331541995017,2.9769190886802677,37.92560831460675,38.57532943739264,13.089840691304625,12.958138359915559,38.96739662172845,-8.323155999999932,-7.8876973333333655,-4.886210666666667,-4.886210666666667,1.8949800710944473,2.3724607242870195,82.89927361646811,77.44952816137533,-16.199355153366923,37113.150096972444,-2.351621783016792,-44445.65169901737,2,-6097.735667239359,8,6,6,0.23469050786212056,live_pitwin,subbook,SPY,42,dial50_nohyst,1.0
live_pitwin|subbook|SPY|42|dial40_h35,2136,595,0.2785580524344569,11,38654.28719618176,0.8662025142001515,591.033112015007,3514.026108743795,6100.934814845172,0.7272727272727273,0.9814381988690076,2.897331541995017,2.981225989470585,37.92560831460675,38.53365328173769,13.089840691304625,12.925438533621742,39.02377326694696,-8.323155999999932,-7.8876973333333655,-4.886210666666667,-4.886210666666667,2.593509264295659,2.898646121301642,81.37607698542533,77.5534986928123,-11.203923902940005,47154.1425292263,-2.736362888906755,-51717.258600337664,4,-16032.823897494904,9,5,6,0.23766871226763348,live_pitwin,subbook,SPY,42,dial40_h35,1.0
live_pitwin|subbook|SPY|42|vix25_h20,2136,586,0.2743445692883895,15,-104318.74612459067,-2.3735778412876147,581.0293632882232,-6954.583074972709,-5426.188017011151,0.06666666666666667,-2.7424431624613628,2.897331541995017,2.8475578520034164,37.92560831460675,36.28463927444464,13.089840691304625,12.742371238890323,37.27407864199831,-8.323155999999932,-8.323155999999932,-4.886210666666667,-4.193092599661014,3.383261449173571,3.2146729082847734,105.92270303332134,99.75659322148528,34.36483573168516,-86805.28808787582,-1.490512720996981,-28170.690426842946,14,-92719.82088206794,9,1,0,0.1448350160692,live_pitwin,subbook,SPY,42,vix25_h20,1.0
live_pitwin|subbook|SPY|42|vixpct80_h60,2136,684,0.3202247191011236,16,-68461.22579093438,-1.334526818536733,943.2005713826159,-4278.826611933398,-1564.5208391660851,0.1875,-2.655988191207303,2.897331541995017,2.8848937599188664,37.92560831460675,36.84869015609766,13.089840691304625,12.772979950961513,37.76279972867677,-8.323155999999932,-7.8876973333333655,-4.886210666666667,-4.886210666666667,3.330210827902775,3.298688694081751,93.72476788948866,88.19816217015617,22.475074231624603,-65295.03262833812,-1.9237079463512368,-36358.08018603837,13,-54787.36875150501,8,3,2,0.14271255587191145,live_pitwin,subbook,SPY,42,vixpct80_h60,1.0
live_pitwin|subbook|SPY|42|spydd5_h3,2136,796,0.37265917602996257,14,-107604.16413811059,-1.8024148096835941,556.2344372363693,-7686.011724150755,-7383.168155589367,0.07142857142857142,-5.572037162078555,2.897331541995017,2.837503528844921,37.92560831460675,36.2329585416477,13.089840691304625,12.769308715678413,37.14246915359472,-8.323155999999932,-8.323155999999932,-4.886210666666667,-4.886210666666667,3.438032629346791,3.305900783277209,86.47331188830843,81.27455643073377,21.03931016754359,-69912.63224342345,-1.6911630932967887,-31962.98246330931,13,-99451.86999836746,9,3,1,0.14026533953080916,live_pitwin,subbook,SPY,42,spydd5_h3,1.0
live_pitwin|subbook|SPY|42|always,2136,2136,1.0,1,-277041.64755960315,-1.7293486114831658,31.826982401673927,-277041.64755960315,-277041.64755960315,0.0,,2.897331541995017,2.709423705894474,37.92560831460675,33.567649813669156,13.089840691304625,12.389221272642303,35.46592467540287,-8.323155999999932,-11.544182472541609,-4.886210666666667,-4.193092599661014,2.897331541995017,2.709423705894474,82.45824564439485,78.04475815514925,15.46267345547676,-212267.18810808435,,,1,-277041.64755960315,9,3,2,0.215941598281316,live_pitwin,subbook,SPY,42,always,1.0
live_pitwin|subbook|SPY|63|dial50_h45,2136,366,0.17134831460674158,8,23795.219622292312,0.8668568168412499,525.9973182144801,2974.4024527865386,5545.778081377714,0.625,0.899437907392146,2.897331541995017,2.9592672537179148,37.92560831460675,38.29991514012594,13.089840691304625,12.942364395107381,38.73633691416205,-8.323155999999932,-7.8876973333333655,-4.886210666666667,-4.886210666666667,1.6147859576715748,1.9112786735997902,82.14948564330496,76.60565841451329,-14.736718707717955,39342.750053581214,-2.033815370091065,-38439.110494721135,2,-16133.698292383544,8,6,5,0.24508803616169342,live_pitwin,subbook,SPY,63,dial50_h45,1.0
live_pitwin|subbook|SPY|63|dial65_h60,2136,153,0.07162921348314606,7,21818.280454093245,1.9013752029710889,351.1959453297514,3116.897207727607,4086.220554331142,0.8571428571428571,1.1477541508233546,2.897331541995017,2.9403808389182595,37.92560831460675,38.26881722062618,13.089840691304625,13.014918582691129,38.48911675320466,-8.323155999999932,-8.323155999999932,-4.886210666666667,-4.886210666666667,2.0446118373400926,2.6772152596221153,78.19334523861804,70.99109203473023,-28.741608001291752,37170.33814831609,-1.8008892239939829,-34036.806333486275,2,-11128.211645613457,6,6,5,0.2840097808399325,live_pitwin,subbook,SPY,63,dial65_h60,1.0
live_pitwin|subbook|SPY|63|dial50_nohyst,2136,328,0.15355805243445692,8,35657.98885958186,1.4495117422594255,539.3151377000263,4457.248607447733,4868.987154259858,0.75,2.5147751125541955,2.897331541995017,2.9739137859934917,37.92560831460675,38.486520498914764,13.089840691304625,12.941370620822362,38.9280576883294,-8.323155999999932,-7.8876973333333655,-4.886210666666667,-4.886210666666667,1.8949800710944473,2.347894086159963,82.89927361646811,76.70821185162296,-16.199355153366923,39154.37675084948,-2.0786510135425074,-39286.504155953386,2,-989.377580671611,8,7,6,0.2475985072857313,live_pitwin,subbook,SPY,63,dial50_nohyst,1.0
live_pitwin|subbook|SPY|63|dial40_h35,2136,595,0.2785580524344569,11,35569.384755817446,0.7970730477494106,583.9895151448331,3233.5804323470406,4611.583099006677,0.7272727272727273,1.175677143328997,2.897331541995017,2.976834024341467,37.92560831460675,38.485126726496006,13.089840691304625,12.928207085717405,38.966283143085036,-8.323155999999932,-7.8876973333333655,-4.886210666666667,-4.886210666666667,2.593509264295659,2.8820892467858643,81.37607698542533,77.61825979878886,-11.203923902940005,49508.44569035062,-2.4384265430243945,-46086.26166316106,4,2100.7907306829193,9,6,6,0.24953499104144908,live_pitwin,subbook,SPY,63,dial40_h35,1.0
live_pitwin|subbook|SPY|63|vix25_h20,2136,586,0.2743445692883895,15,-115689.27333085654,-2.632292908551913,698.1685591816741,-7712.6182220571045,-5855.667764906967,0.0,-2.767563215929902,2.897331541995017,2.8461078777402227,37.92560831460675,36.1057770487281,13.089840691304625,12.686018450360242,37.25509870988661,-8.323155999999932,-8.323155999999932,-4.886210666666667,-4.297493063450686,3.383261449173571,3.206633183832918,105.92270303332134,98.72593001206478,34.36483573168516,-86576.62995831812,-1.1241003756336105,-21245.49709947524,14,-107827.21941165192,9,4,0,0.14445349894508988,live_pitwin,subbook,SPY,63,vix25_h20,1.0
live_pitwin|subbook|SPY|63|vixpct80_h60,2136,684,0.3202247191011236,16,-73575.71868585561,-1.4342245357866592,1066.189616669636,-4598.482417865976,-3801.8315595162912,0.1875,-3.592635885634957,2.897331541995017,2.8859249736907935,37.92560831460675,36.768237458874175,13.089840691304625,12.74053823091994,37.77629815266998,-8.323155999999932,-7.8876973333333655,-4.886210666666667,-4.886210666666667,3.330210827902775,3.3024542543079765,93.72476788948866,87.6183607434623,22.475074231624603,-71993.28282454725,-1.5900665231395419,-30052.25728733734,13,-57073.590282467114,8,3,2,0.1573526344030257,live_pitwin,subbook,SPY,63,vixpct80_h60,1.0
live_pitwin|subbook|SPY|63|spydd5_h3,2136,796,0.37265917602996257,14,-98876.31553406705,-1.6562196906878905,624.8470449966569,-7062.593966719075,-7525.129578224348,0.14285714285714285,-4.341900403555271,2.897331541995017,2.861221061096469,37.92560831460675,36.37025054216075,13.089840691304625,12.711443738717293,37.45292787235835,-8.323155999999932,-8.323155999999932,-4.886210666666667,-4.886210666666667,3.438032629346791,3.3750353021861716,86.47331188830843,80.29735130647418,21.03931016754359,-75426.27214786533,-1.4668289049752408,-27723.066304032054,13,-102385.92738244953,9,2,2,0.15132732573316543,live_pitwin,subbook,SPY,63,spydd5_h3,1.0
live_pitwin|subbook|SPY|63|always,2136,2136,1.0,1,-245696.22215970734,-1.5336842831442405,28.448720625179817,-245696.22215970734,-245696.22215970734,0.0,,2.897331541995017,2.764149911714122,37.92560831460675,34.06072392108326,13.089840691304625,12.322314277072373,36.18228199122161,-8.323155999999932,-11.28355490183528,-4.886210666666667,-4.297493063450686,2.897331541995017,2.764149911714122,82.45824564439485,77.62328369979559,15.46267345547676,-208228.96489515583,,,1,-245696.22215970734,9,3,1,0.21183347218519763,live_pitwin,subbook,SPY,63,always,1.0
live_pitwin|subbook|SPY|126|dial50_h45,2136,366,0.17134831460674158,8,32237.540541468938,1.1744094914924932,487.59866929640896,4029.6925676836177,5669.645201730139,0.75,1.0166831543292956,2.897331541995017,2.9774775297287053,37.92560831460675,38.43271569391075,13.089840691304625,12.907810490651316,38.974706526087985,-8.323155999999932,-7.8876973333333655,-4.886210666666667,-4.886210666666667,1.6147859576715748,2.0102116973869473,82.14948564330496,75.26421657702949,-14.736718707717955,42921.43322302222,-1.850055367132363,-34966.046438801655,2,-21746.239882660506,8,6,6,0.26738165897272415,live_pitwin,subbook,SPY,126,dial50_h45,1.0
live_pitwin|subbook|SPY|126|dial65_h60,2136,153,0.07162921348314606,7,31459.712280019718,2.741587126799104,311.21919203737025,4494.244611431389,5339.9129009512335,0.7142857142857143,1.2696339622159687,2.897331541995017,2.9549037324031158,37.92560831460675,38.420480193168856,13.089840691304625,13.002278135783083,38.67921911529822,-8.323155999999932,-8.323155999999932,-4.886210666666667,-4.886210666666667,2.0446118373400926,2.9172339824548605,78.19334523861804,69.72234209190843,-28.741608001291752,41020.134136848894,-1.6449194301436403,-31088.977229714805,2,-13456.20694390692,6,4,4,0.3134251633586193,live_pitwin,subbook,SPY,126,dial65_h60,1.0
live_pitwin|subbook|SPY|126|dial50_nohyst,2136,328,0.15355805243445692,8,40117.21444208848,1.630781074881646,501.12131804292073,5014.651805261061,5317.063989754786,0.75,1.7997502692304685,2.897331541995017,2.986193793191149,37.92560831460675,38.55666562043735,13.089840691304625,12.911642140691207,39.08880102623481,-8.323155999999932,-7.8876973333333655,-4.886210666666667,-4.886210666666667,1.8949800710944473,2.4265254941296055,82.89927361646811,75.40836428698326,-16.199355153366923,42747.89260654398,-1.8693808741606732,-35331.29852163672,2,-8734.348413010917,8,7,6,0.2703226376540754,live_pitwin,subbook,SPY,126,dial50_nohyst,1.0
live_pitwin|subbook|SPY|126|dial40_h35,2136,595,0.2785580524344569,11,28804.87649007135,0.6454874283489378,499.84776174546914,2618.6251354610326,2703.5821853438447,0.8181818181818182,1.1466125479585871,2.897331541995017,2.9752085145524125,37.92560831460675,38.37871873130449,13.089840691304625,12.899505545102324,38.94500547890416,-8.323155999999932,-7.8876973333333655,-4.886210666666667,-4.886210666666667,2.593509264295659,2.8765303337663184,81.37607698542533,76.93171256183749,-11.203923902940005,51106.558295022594,-2.0953877138470487,-39602.82779170922,4,-5825.031298514584,9,6,6,0.25758987963529106,live_pitwin,subbook,SPY,126,dial40_h35,1.0
live_pitwin|subbook|SPY|126|vix25_h20,2136,586,0.2743445692883895,15,-97049.21191589457,-2.2081731949009007,675.0939729056771,-6469.947461059639,-6087.133110875138,0.0,-4.628825287678998,2.897331541995017,2.859532915254495,37.92560831460675,36.398991497952224,13.089840691304625,12.728998957759071,37.43083031222323,-8.323155999999932,-8.323155999999932,-4.886210666666667,-4.425512422417022,3.383261449173571,3.2493756565514365,105.92270303332134,99.4992789954073,34.36483573168516,-85032.83325089981,-1.0021126265210059,-18939.928641247014,14,-87756.8069985915,9,4,0,0.1418776671512923,live_pitwin,subbook,SPY,126,vix25_h20,1.0
live_pitwin|subbook|SPY|126|vixpct80_h60,2136,684,0.3202247191011236,16,-78499.6471934906,-1.5302075476313954,1044.9734528467588,-4906.2279495931625,-4102.221345813183,0.0625,-3.601193684673344,2.897331541995017,2.8812166041437086,37.92560831460675,36.69078240369791,13.089840691304625,12.734475551379909,37.71466634538285,-8.323155999999932,-7.8876973333333655,-4.886210666666667,-4.886210666666667,3.330210827902775,3.289022149748682,93.72476788948866,87.51292390601957,22.475074231624603,-83865.05789715696,-1.2434805972030492,-23501.783287137627,13,-64424.90144830249,8,4,2,0.18330026464608448,live_pitwin,subbook,SPY,126,vixpct80_h60,1.0
live_pitwin|subbook|SPY|126|spydd5_h3,2136,796,0.37265917602996257,14,-84133.60963347749,-1.4092731931905778,629.6040782509583,-6009.543545248393,-6472.280046456049,0.14285714285714285,-3.293625356660294,2.897331541995017,2.874728686083364,37.92560831460675,36.602158275428444,13.089840691304625,12.732387043208787,37.6297405315547,-8.323155999999932,-8.323155999999932,-4.886210666666667,-4.886210666666667,3.438032629346791,3.4092288228231387,86.47331188830843,80.64185882977195,21.03931016754359,-74487.10877966553,-1.2872209474709386,-24328.47590720074,13,-92556.48173214971,9,3,1,0.14944308729887543,live_pitwin,subbook,SPY,126,spydd5_h3,1.0
live_pitwin|subbook|SPY|126|always,2136,2136,1.0,1,-212911.48683544277,-1.3290354983485817,41.77605938695829,-212911.48683544277,-212911.48683544277,0.0,,2.897331541995017,2.805929148482591,37.92560831460675,34.57643885876831,13.089840691304625,12.32263433218433,36.729165544725156,-8.323155999999932,-9.28074163643684,-4.886210666666667,-4.425512422417022,2.897331541995017,2.805929148482591,82.45824564439485,77.62529985749102,15.46267345547676,-200023.78947817185,,,1,-212911.48683544277,9,4,1,0.20348626266348913,live_pitwin,subbook,SPY,126,always,1.0
live_pitwin|subbook|QQQ|42|dial50_h45,2136,366,0.17134831460674158,8,22820.214365702966,0.8313374996613102,286.8802937755288,2852.526795712871,5380.753587560227,0.75,0.7959542055178874,2.897331541995017,2.947300640296457,37.92560831460675,38.28457797878634,13.089840691304625,12.989709110549185,38.57969585086074,-8.323155999999932,-7.8876973333333655,-4.886210666666667,-4.886210666666667,1.6147859576715748,1.8593725225335302,82.14948564330496,78.44092980680138,-15.241891611367464,23173.734455500413,-2.2424128198309536,-42381.60229480502,2,-16204.510913865957,8,5,5,0.13957747874847284,live_pitwin,subbook,QQQ,42,dial50_h45,1.0
live_pitwin|subbook|QQQ|42|dial65_h60,2136,153,0.07162921348314606,7,10431.395305380114,0.9090540571137358,216.9042825925615,1490.199329340017,3059.73086532178,0.5714285714285714,0.45957236787956457,2.897331541995017,2.920541490192089,37.92560831460675,38.08969767896103,13.089840691304625,13.041998481061063,38.229422838959856,-8.323155999999932,-8.323155999999932,-4.886210666666667,-4.886210666666667,2.0446118373400926,2.3663784497514917,78.19334523861804,73.659318979611,-27.09048497490585,18334.79908041408,-1.9177778232378773,-36246.000859195876,1,-14482.31951758754,6,3,3,0.14863025464971963,live_pitwin,subbook,QQQ,42,dial65_h60,1.0
live_pitwin|subbook|QQQ|42|dial50_nohyst,2136,328,0.15355805243445692,8,14979.51545967519,0.6089233926697233,299.86878902832177,1872.4394324593977,2385.938942285924,0.625,0.5503017306162051,2.897331541995017,2.934313669808073,37.92560831460675,38.161241142062316,13.089840691304625,13.005167625640498,38.40969847610512,-8.323155999999932,-7.959447573906919,-4.886210666666667,-4.886210666666667,1.8949800710944473,2.0999971365493306,82.89927361646811,79.40907522968823,-12.469257367774844,16757.668989197653,-2.137555983936461,-40399.808096399116,3,-20020.49599097516,8,5,5,0.13766972736840613,live_pitwin,subbook,QQQ,42,dial50_nohyst,1.0
live_pitwin|subbook|QQQ|42|dial40_h35,2136,595,0.2785580524344569,11,14073.127622826192,0.31536420443307994,329.76266623799734,1279.3752384387442,3931.106650052025,0.6363636363636364,0.4157671650552624,2.897331541995017,2.936322419392687,37.92560831460675,38.146983355864684,13.089840691304625,12.991415078918529,38.43599268815644,-8.323155999999932,-7.8876973333333655,-4.886210666666667,-4.886210666666667,2.593509264295659,2.731393524613779,81.37607698542533,79.10096408694453,-13.962489017285407,34831.43623136209,-2.5003339603040864,-47256.31184974723,4,-29040.666562712926,9,5,5,0.14087400109178877,live_pitwin,subbook,QQQ,42,dial40_h35,1.0
live_pitwin|subbook|QQQ|42|vix25_h20,2136,586,0.2743445692883895,15,-88056.38036583063,-2.0035581425672495,381.35471625060256,-5870.425357722041,-4273.607861111273,0.0,-2.9575773636234852,2.897331541995017,2.857968457013735,37.92560831460675,36.540451769526264,13.089840691304625,12.785463632340802,37.41035180308348,-8.323155999999932,-8.323155999999932,-4.886210666666667,-4.700049303883568,3.383261449173571,3.2483688871601704,105.92270303332134,100.53005357880897,46.61134569905698,-74451.43557158746,-1.607726292675274,-30386.026931562683,14,-79421.91340622224,9,3,0,0.09158473563388916,live_pitwin,subbook,QQQ,42,vix25_h20,1.0
live_pitwin|subbook|QQQ|42|vixpct80_h60,2136,684,0.3202247191011236,16,-71548.95614968112,-1.3947164941458303,577.0707442788017,-4471.809759355068,-1312.6416507164913,0.125,-3.1432468564986222,2.897331541995017,2.8823958525948696,37.92560831460675,36.800119116746586,13.089840691304625,12.767198191607642,37.730102519744015,-8.323155999999932,-7.8876973333333655,-4.886210666666667,-4.886210666666667,3.330210827902775,3.2916390066011334,93.72476788948866,88.0967804577028,34.87052349373698,-73754.55499354975,-1.8696172797766606,-35335.76658777888,13,-59136.996444096134,8,4,1,0.10389952339728122,live_pitwin,subbook,QQQ,42,vixpct80_h60,1.0
live_pitwin|subbook|QQQ|42|spydd5_h3,2136,796,0.37265917602996257,14,-122224.89489622913,-2.04731817246615,382.40693833052103,-8730.34963544494,-6617.901156244474,0.0,-6.28837797023323,2.897331541995017,2.8158454986519015,37.92560831460675,36.00296951848628,13.089840691304625,12.78584692793794,36.85896898868062,-8.323155999999932,-8.323155999999932,-4.886210666666667,-4.886210666666667,3.438032629346791,3.246719571205064,86.47331188830843,81.55859894841203,31.324346037581563,-78443.94642780705,-1.5197086489072835,-28722.49346434766,13,-109695.3891070145,9,2,1,0.10570697165677684,live_pitwin,subbook,QQQ,42,spydd5_h3,1.0
live_pitwin|subbook|QQQ|42|always,2136,2136,1.0,1,-274587.4626357446,-1.7140291050920387,14.255462663972418,-274587.4626357446,-274587.4626357446,0.0,,2.897331541995017,2.6727724501924985,37.92560831460675,33.60625496977481,13.089840691304625,12.573556333744168,34.98616557712773,-8.323155999999932,-12.029047417101113,-4.886210666666667,-4.700049303883568,2.897331541995017,2.6727724501924985,82.45824564439485,79.20595989225743,21.438973769545555,-190042.14424263278,,,1,-274587.4626357446,9,3,1,0.1394389031966116,live_pitwin,subbook,QQQ,42,always,1.0
live_pitwin|subbook|QQQ|63|dial50_h45,2136,366,0.17134831460674158,8,21198.955190067143,0.7722752346108247,290.9860646349764,2649.8693987583915,3843.100146677318,0.75,0.9883371268660749,2.897331541995017,2.948318590037713,37.92560831460675,38.25907502546173,13.089840691304625,12.976574225980222,38.593020650805535,-8.323155999999932,-7.8876973333333655,-4.886210666666667,-4.886210666666667,1.6147859576715748,1.8595297932721735,82.14948564330496,77.93009053035742,-15.241891611367464,23529.819676048897,-1.8776841820922967,-35488.23104154441,2,-9572.728939687999,8,5,5,0.1417222119333288,live_pitwin,subbook,QQQ,63,dial50_h45,1.0
live_pitwin|subbook|QQQ|63|dial65_h60,2136,153,0.07162921348314606,7,8534.610222190433,0.7437568821080989,189.6845117060994,1219.2300317414906,1976.4657878843516,0.7142857142857143,0.43539379418305224,2.897331541995017,2.9212992325512777,37.92560831460675,38.059860610236704,13.089840691304625,13.028401947375187,38.23934156572669,-8.323155999999932,-8.323155999999932,-4.886210666666667,-4.886210666666667,2.0446118373400926,2.3747050711216913,78.19334523861804,72.29605724078823,-27.09048497490585,20767.198483576427,-1.5901625728824798,-30054.07262747887,1,-13027.51883304454,6,4,4,0.16834839506217958,live_pitwin,subbook,QQQ,63,dial65_h60,1.0
live_pitwin|subbook|QQQ|63|dial50_nohyst,2136,328,0.15355805243445692,8,18730.76183788221,0.7614130828407402,296.9434520049171,2341.345229735275,1968.8779690632332,0.625,0.9827022390000906,2.897331541995017,2.9437014734798828,37.92560831460675,38.22024951205658,13.089840691304625,12.983738282019031,38.53258333061035,-8.323155999999932,-8.065894790555106,-4.886210666666667,-4.886210666666667,1.8949800710944473,2.1550383489829232,82.89927361646811,78.5041850714087,-12.469257367774844,17511.70704395095,-1.820061498583609,-34399.162323230215,3,-10749.344274048159,8,6,5,0.1438643964175565,live_pitwin,subbook,QQQ,63,dial50_nohyst,1.0
live_pitwin|subbook|QQQ|63|dial40_h35,2136,595,0.2785580524344569,11,29152.045545772027,0.6532671270761241,348.2428383646009,2650.185958706548,4053.102395199676,0.7272727272727273,1.3451099422191353,2.897331541995017,2.955515162615248,37.92560831460675,38.38417981757394,13.089840691304625,12.987306004415458,38.68722263936888,-8.323155999999932,-7.8876973333333655,-4.886210666666667,-4.886210666666667,2.593509264295659,2.802404529406068,81.37607698542533,79.01068578000289,-13.962489017285407,36626.734326411904,-2.226025717518381,-42071.88606109741,4,-2809.124750523062,9,6,6,0.14813499441179476,live_pitwin,subbook,QQQ,63,dial40_h35,1.0
live_pitwin|subbook|QQQ|63|vix25_h20,2136,586,0.2743445692883895,15,-88844.20051977973,-2.021483515808412,428.3991172759661,-5922.946701318648,-4224.290953017387,0.0,-2.900575560322151,2.897331541995017,2.865700988968089,37.92560831460675,36.52805909294729,13.089840691304625,12.746640083374741,37.511569414506404,-8.323155999999932,-8.323155999999932,-4.886210666666667,-4.626189791622382,3.383261449173571,3.2688020316529287,105.92270303332134,99.81459220595161,46.61134569905698,-76460.65421175788,-1.1987684517466366,-22656.72373801143,14,-83633.75675541344,9,4,0,0.0940563301246865,live_pitwin,subbook,QQQ,63,vix25_h20,1.0
live_pitwin|subbook|QQQ|63|vixpct80_h60,2136,684,0.3202247191011236,16,-80932.13690357632,-1.577624501044373,648.1955609192953,-5058.25855647352,-3800.6692635080462,0.0625,-4.042345016551718,2.897331541995017,2.8753404854525857,37.92560831460675,36.6525185206179,13.089840691304625,12.747192447661973,37.63774888783285,-8.323155999999932,-7.8876973333333655,-4.886210666666667,-4.886210666666667,3.330210827902775,3.2717741163848233,93.72476788948866,87.74420669157493,34.87052349373698,-79762.29024583432,-1.354349794080746,-25597.211108126103,13,-68397.32080868361,8,4,1,0.11236274074655546,live_pitwin,subbook,QQQ,63,vixpct80_h60,1.0
live_pitwin|subbook|QQQ|63|spydd5_h3,2136,796,0.37265917602996257,14,-109692.30687614433,-1.8373920749772918,427.91535658916865,-7835.164776867451,-6121.983382584223,0.07142857142857142,-4.771269574541122,2.897331541995017,2.8393676629932356,37.92560831460675,36.20011135251009,13.089840691304625,12.749356775567508,37.16687037262338,-8.323155999999932,-8.323155999999932,-4.886210666666667,-4.886210666666667,3.438032629346791,3.3126577424723957,86.47331188830843,80.94116378340442,31.324346037581563,-82887.90521201181,-1.1791864915273145,-22286.624689866243,13,-110292.55709948389,9,2,1,0.11169541877905598,live_pitwin,subbook,QQQ,63,spydd5_h3,1.0
live_pitwin|subbook|QQQ|63|always,2136,2136,1.0,1,-227781.71938469913,-1.4218584231254625,9.085466648899667,-227781.71938469913,-227781.71938469913,0.0,,2.897331541995017,2.742608219713011,37.92560831460675,34.34252508833058,13.089840691304625,12.52184866999495,35.90030467470591,-8.323155999999932,-11.102027178683716,-4.886210666666667,-4.626189791622382,2.897331541995017,2.742608219713011,82.45824564439485,78.8802322275989,21.438973769545555,-187782.87699905483,,,1,-227781.71938469913,9,3,1,0.13778121959317716,live_pitwin,subbook,QQQ,63,always,1.0
live_pitwin|subbook|QQQ|126|dial50_h45,2136,366,0.17134831460674158,8,27979.003929438975,1.019271545699052,290.1340534734023,3497.3754911798724,1882.5502716091355,0.625,1.0117700569383203,2.897331541995017,2.9612349801974838,37.92560831460675,38.36572747754174,13.089840691304625,12.955988881025288,38.762094140303674,-8.323155999999932,-7.8876973333333655,-4.886210666666667,-4.886210666666667,1.6147859576715748,1.9291522513850279,82.14948564330496,77.15009010309116,-15.241891611367464,25886.304920882896,-1.724995864395703,-32602.42183707879,2,-14313.96046699457,8,6,6,0.15591553367926944,live_pitwin,subbook,QQQ,126,dial50_h45,1.0
live_pitwin|subbook|QQQ|126|dial65_h60,2136,153,0.07162921348314606,7,17997.071324570763,1.568372228720764,171.62776192284136,2571.010189224395,2499.1202653297705,0.8571428571428571,0.7103300317944568,2.897331541995017,2.9348725017078148,37.92560831460675,38.20870831297077,13.089840691304625,13.018864802725494,38.41701349664596,-8.323155999999932,-8.323155999999932,-4.886210666666667,-4.886210666666667,2.0446118373400926,2.588663268636442,78.19334523861804,71.37744750234658,-27.09048497490585,22442.010616502695,-1.4717953410799183,-27816.931946410456,1,-14097.765852574852,6,5,5,0.1819251870802162,live_pitwin,subbook,QQQ,126,dial65_h60,1.0
live_pitwin|subbook|QQQ|126|dial50_nohyst,2136,328,0.15355805243445692,8,22218.163483952634,0.9031773773964489,299.04757677467387,2777.27043549408,2058.229329050492,0.625,0.8216014892257727,2.897331541995017,2.951644139631688,37.92560831460675,38.27510751547791,13.089840691304625,12.967385533221481,38.6365515652017,-8.323155999999932,-8.022291762171951,-4.886210666666667,-4.886210666666667,1.8949800710944473,2.2032184869991753,82.89927361646811,77.80888223533688,-12.469257367774844,19163.287454289683,-1.6463220802090301,-31115.487315950675,3,-12220.006576413023,8,6,6,0.15743266924624782,live_pitwin,subbook,QQQ,126,dial50_nohyst,1.0
live_pitwin|subbook|QQQ|126|dial40_h35,2136,595,0.2785580524344569,11,23733.691322569914,0.5318474245954044,316.03764584468837,2157.608302051811,3269.657859542603,0.7272727272727273,0.9213606049086731,2.897331541995017,2.952186174976992,37.92560831460675,38.298947279231434,13.089840691304625,12.973079951344847,38.64364672152079,-8.323155999999932,-7.8876973333333655,-4.886210666666667,-4.886210666666667,2.593509264295659,2.7898771325326295,81.37607698542533,78.67458502731319,-13.962489017285407,38710.73659934301,-1.9448305601041038,-36757.297585967564,4,-9518.300884775144,9,6,6,0.1565636373343007,live_pitwin,subbook,QQQ,126,dial40_h35,1.0
live_pitwin|subbook|QQQ|126|vix25_h20,2136,586,0.2743445692883895,15,-81112.34327364621,-1.8455595739168646,412.064774858538,-5407.489551576416,-4366.228022892993,0.0,-3.751477817613866,2.897331541995017,2.869089786579931,37.92560831460675,36.649683813672986,13.089840691304625,12.7739759087013,37.555928235380485,-8.323155999999932,-8.323155999999932,-4.886210666666667,-4.649218265148925,3.383261449173571,3.28054255109803,105.92270303332134,100.3086662237393,46.61134569905698,-78388.05376414943,-1.0324626625103617,-19513.544321445832,14,-76256.42385800421,9,3,0,0.09642727673050348,live_pitwin,subbook,QQQ,126,vix25_h20,1.0
live_pitwin|subbook|QQQ|126|vixpct80_h60,2136,684,0.3202247191011236,16,-87696.10497069321,-1.709475730422869,654.4196771524935,-5481.006560668325,-3621.0779368730828,0.0,-4.429584400477145,2.897331541995017,2.863687951437875,37.92560831460675,36.54611902293291,13.089840691304625,12.76190689861404,37.485219073930274,-8.323155999999932,-7.8876973333333655,-4.886210666666667,-4.886210666666667,3.330210827902775,3.2379503016674014,93.72476788948866,88.014368469923,34.87052349373698,-90159.8749189732,-1.0439153142523094,-19729.99943936865,13,-80073.035166291,8,3,1,0.12701002716997004,live_pitwin,subbook,QQQ,126,vixpct80_h60,1.0
live_pitwin|subbook|QQQ|126|spydd5_h3,2136,796,0.37265917602996257,14,-94302.89006841357,-1.5796128989684006,428.6130182403153,-6735.920719172397,-6738.456549698285,0.07142857142857142,-3.128509119774677,2.897331541995017,2.855874121506957,37.92560831460675,36.442192066339565,13.089840691304625,12.760433589107262,37.38293728494561,-8.323155999999932,-8.323155999999932,-4.886210666666667,-4.886210666666667,3.438032629346791,3.355854746597035,86.47331188830843,81.1186749740015,31.324346037581563,-81402.96796892979,-1.063181949904915,-20094.138853202898,13,-103946.36238901521,9,2,1,0.10969439478403012,live_pitwin,subbook,QQQ,126,spydd5_h3,1.0
live_pitwin|subbook|QQQ|126|always,2136,2136,1.0,1,-200740.0981409667,-1.2530592892694552,16.035125349516562,-200740.0981409667,-200740.0981409667,0.0,,2.897331541995017,2.779521650077096,37.92560831460675,34.76789890564771,13.089840691304625,12.508590787441195,36.38349559754135,-8.323155999999932,-10.11719267901352,-4.886210666666667,-4.649218265148925,2.897331541995017,2.779521650077096,82.45824564439485,78.79671541772143,21.438973769545555,-184200.55107887145,,,1,-200740.0981409667,9,2,1,0.1351527731546576,live_pitwin,subbook,QQQ,126,always,1.0
live_pitwin|subbook|IWM|42|dial50_h45,2136,366,0.17134831460674158,8,61442.50065401045,2.2383424646269745,324.1072810716439,7680.312581751306,7957.49947839726,0.625,1.9079917887309332,2.897331541995017,3.002221631372161,37.92560831460675,38.8921195608496,13.089840691304625,12.954446518684906,39.29860287465027,-8.323155999999932,-7.8876973333333655,-4.886210666666667,-4.886210666666667,1.6147859576715748,2.179296530947485,82.14948564330496,77.17463801771842,-38.980179000645876,66364.90632355462,-1.6453843712791656,-31097.76461717623,1,-148.27780172657103,8,7,7,0.15629779407267894,live_pitwin,subbook,IWM,42,dial50_h45,1.0
live_pitwin|subbook|IWM|42|dial65_h60,2136,153,0.07162921348314606,7,35655.382556859346,3.107222880772056,234.82090945366363,5093.626079551335,6740.429703981104,0.5714285714285714,1.643346804831771,2.897331541995017,2.9551789752980024,37.92560831460675,38.48647950089442,13.089840691304625,13.023400552927056,38.6828220009437,-8.323155999999932,-8.323155999999932,-4.886210666666667,-4.886210666666667,2.0446118373400926,2.9096992339842056,78.19334523861804,71.89769681214756,-49.182572029531,30646.27854278863,-1.2946604190185922,-24469.081919451393,2,-3716.4268444221802,6,4,4,0.13684040612850243,live_pitwin,subbook,IWM,42,dial65_h60,1.0
live_pitwin|subbook|IWM|42|dial50_nohyst,2136,328,0.15355805243445692,8,72302.2044224343,2.9391140009119634,358.42161918692875,9037.775552804285,4742.696055013369,0.875,2.5607293738656307,2.897331541995017,3.016301009582043,37.92560831460675,39.062946361701215,13.089840691304625,12.95061276630147,39.48289969245025,-8.323155999999932,-7.8876973333333655,-4.886210666666667,-4.886210666666667,1.8949800710944473,2.6400922664622275,82.89927361646811,77.17512843296478,-46.02397293783724,66602.7644060745,-1.6911415442024214,-31962.575185425765,1,464.346358684485,8,8,7,0.14824279113553962,live_pitwin,subbook,IWM,42,dial50_nohyst,1.0
live_pitwin|subbook|IWM|42|dial40_h35,2136,595,0.2785580524344569,11,72812.14474776495,1.6316447002300265,324.5149174723778,6619.285886160447,2936.601341987233,0.5454545454545454,1.68135288182972,2.897331541995017,3.018153929673735,37.92560831460675,39.07096789490866,13.089840691304625,12.94531982307883,39.507154121264215,-8.323155999999932,-7.8876973333333655,-4.886210666666667,-4.886210666666667,2.593509264295659,3.036534200512107,81.37607698542533,78.03342578612387,-27.894975431263447,74315.29815341118,-1.988274514535708,-37578.38832472488,3,-5102.523026320505,9,6,6,0.1504438895078216,live_pitwin,subbook,IWM,42,dial40_h35,1.0
live_pitwin|subbook|IWM|42|vix25_h20,2136,586,0.2743445692883895,15,-127289.25070739724,-2.896228685037479,386.0186800205092,-8485.950047159815,-5026.436717615043,0.13333333333333333,-1.9719932350896328,2.897331541995017,2.8029936331627474,37.92560831460675,35.92330549449038,13.089840691304625,12.816049622615969,36.690740116841525,-8.323155999999932,-8.323155999999932,-4.886210666666667,-4.495424370290675,3.383261449173571,3.088567250222696,105.92270303332134,101.14333521437412,48.82571795023978,-92809.90568187984,-0.25595643290193903,-4837.576581846647,14,-113864.10450256597,9,0,0,0.10899017619486628,live_pitwin,subbook,IWM,42,vix25_h20,1.0
live_pitwin|subbook|IWM|42|vixpct80_h60,2136,684,0.3202247191011236,16,-80937.34095485107,-1.5777259445390068,659.1890686835213,-5058.583809678192,-3994.796504656446,0.0625,-4.043194352270104,2.897331541995017,2.8509511514770227,37.92560831460675,36.65243665913717,13.089840691304625,12.856213492170237,37.31849639152571,-8.323155999999932,-7.8876973333333655,-4.886210666666667,-4.886210666666667,3.330210827902775,3.2005779519180924,93.72476788948866,89.6955544477887,27.52192751504481,-61425.67207404129,-0.7013775524890685,-13256.035742043396,12,-63850.357700597815,8,3,1,0.10963626851958704,live_pitwin,subbook,IWM,42,vixpct80_h60,1.0
live_pitwin|subbook|IWM|42|spydd5_h3,2136,796,0.37265917602996257,14,-89771.77077491742,-1.5037147533487,417.2720956175118,-6412.269341065529,-4474.5377619347,0.07142857142857142,-3.3258857174327634,2.897331541995017,2.842786867722517,37.92560831460675,36.51346810016984,13.089840691304625,12.844251011129233,37.21162721782063,-8.323155999999932,-8.323155999999932,-4.886210666666667,-4.886210666666667,3.438032629346791,3.313714120879028,86.47331188830843,82.51385792034381,18.723227712325752,-48905.955718942045,-0.6696882455017632,-12657.107839983324,11,-79164.44243215301,9,2,1,0.11025727144457817,live_pitwin,subbook,IWM,42,spydd5_h3,1.0
live_pitwin|subbook|IWM|42|always,2136,2136,1.0,1,-156681.1017940898,-0.9780343432839563,22.934441862692747,-156681.1017940898,-156681.1017940898,0.0,,2.897331541995017,2.83358378960653,37.92560831460675,35.460961769531174,13.089840691304625,12.51452732740798,37.09116039141272,-8.323155999999932,-8.201587595909787,-4.886210666666667,-4.495424370290675,2.897331541995017,2.83358378960653,82.45824564439485,78.83411210438881,12.085817672777921,-107268.59903129522,,,1,-156681.1017940898,9,3,3,0.13961580973686508,live_pitwin,subbook,IWM,42,always,1.0
live_pitwin|subbook|IWM|63|dial50_h45,2136,366,0.17134831460674158,8,57547.76662131962,2.0964578004123724,300.82092823836695,7193.470827664953,8074.521080233164,0.75,2.5619021541355,2.897331541995017,3.002586331556178,37.92560831460675,38.83085408168368,13.089840691304625,12.93246880983384,39.30337674195915,-8.323155999999932,-7.8876973333333655,-4.886210666666667,-4.886210666666667,1.6147859576715748,2.174612342858936,82.14948564330496,76.30512731882854,-38.980179000645876,65468.15292949891,-1.4245638885982785,-26924.257494507467,1,-17.06084234792709,8,8,8,0.15418582578879772,live_pitwin,subbook,IWM,63,dial50_h45,1.0
live_pitwin|subbook|IWM|63|dial65_h60,2136,153,0.07162921348314606,7,35068.46900406469,3.056075730201716,203.9824645890535,5009.781286294956,5305.084758735429,0.8571428571428571,2.384875612897823,2.897331541995017,2.956652611474029,37.92560831460675,38.47724715287293,13.089840691304625,13.013786943908245,38.70211166372483,-8.323155999999932,-8.323155999999932,-4.886210666666667,-4.886210666666667,2.0446118373400926,2.9383941292058755,78.19334523861804,70.91926008978955,-49.182572029531,36798.221249273054,-1.1197493369004352,-21163.262467418226,2,-3763.7093595695737,6,6,6,0.1643097883329104,live_pitwin,subbook,IWM,63,dial65_h60,1.0
live_pitwin|subbook|IWM|63|dial50_nohyst,2136,328,0.15355805243445692,8,68329.06792417372,2.7776043871615337,325.1957133896295,8541.133490521715,7401.903990864603,1.0,3.851983745696464,2.897331541995017,3.017757300384797,37.92560831460675,39.00044758532408,13.089840691304625,12.923652800160934,39.50196230705851,-8.323155999999932,-7.8876973333333655,-4.886210666666667,-4.886210666666667,1.8949800710944473,2.6475495338676023,82.89927361646811,75.98935224121169,-46.02397293783724,68656.86923418414,-1.4743107101727646,-27864.472422265248,1,354.0990713946319,8,8,8,0.15281476702451918,live_pitwin,subbook,IWM,63,dial50_nohyst,1.0
live_pitwin|subbook|IWM|63|dial40_h35,2136,595,0.2785580524344569,11,69359.60287453068,1.5542768151155342,315.30313339838585,6305.418443139156,3290.140603117594,0.8181818181818182,2.288956133198067,2.897331541995017,3.016710165638462,37.92560831460675,39.01665824746453,13.089840691304625,12.933512371151828,39.488255480046654,-8.323155999999932,-7.8876973333333655,-4.886210666666667,-4.886210666666667,2.593509264295659,3.0316874021090228,81.37607698542533,77.75306547695179,-27.894975431263447,74505.5262198194,-1.738586845509778,-32859.291380134804,3,3691.936943953076,9,7,7,0.1508289872052691,live_pitwin,subbook,IWM,63,dial40_h35,1.0
live_pitwin|subbook|IWM|63|vix25_h20,2136,586,0.2743445692883895,15,-135722.6824494873,-3.088115641626559,465.0476769566521,-9048.17882996582,-5438.761833513275,0.0,-2.1086053424671065,2.897331541995017,2.803652604104387,37.92560831460675,35.79064477045751,13.089840691304625,12.76572023155153,36.699365941487784,-8.323155999999932,-8.323155999999932,-4.886210666666667,-4.550257147691939,3.383261449173571,3.0863946268880245,105.92270303332134,100.22758561872146,48.82571795023978,-93703.53216852559,0.034368740736921345,649.5691999278133,14,-126703.60908780855,9,2,0,0.11003959551618057,live_pitwin,subbook,IWM,63,vix25_h20,1.0
live_pitwin|subbook|IWM|63|vixpct80_h60,2136,684,0.3202247191011236,16,-72723.93609773237,-1.4176205867004363,684.1157633646055,-4545.246006108273,-4811.449035427482,0.125,-2.9194836656759473,2.897331541995017,2.8667742490687207,37.92560831460675,36.78163628610309,13.089840691304625,12.83032184974164,37.525618218244,-8.323155999999932,-8.017105367928279,-4.886210666666667,-4.886210666666667,3.330210827902775,3.245831948988318,93.72476788948866,89.2280352972035,27.52192751504481,-67248.50803957666,-0.5438241352387121,-10278.27615601166,12,-72114.34893074988,8,3,0,0.12002921964095915,live_pitwin,subbook,IWM,63,vixpct80_h60,1.0
live_pitwin|subbook|IWM|63|spydd5_h3,2136,796,0.37265917602996257,14,-76012.31799398661,-1.2732381573532097,440.4299745894644,-5429.4512852847565,-4250.2928618276,0.14285714285714285,-2.2167488539687237,2.897331541995017,2.8707477233514447,37.92560831460675,36.72990893043167,13.089840691304625,12.794544303444216,37.57763036359585,-8.323155999999932,-8.323155999999932,-4.886210666666667,-4.886210666666667,3.438032629346791,3.392385918588221,86.47331188830843,81.6788081735436,18.723227712325752,-53430.33554874304,-0.5541331407210582,-10473.116359628,11,-76059.12194422084,9,2,2,0.12045737422714235,live_pitwin,subbook,IWM,63,spydd5_h3,1.0
live_pitwin|subbook|IWM|63|always,2136,2136,1.0,1,-131283.23883889747,-0.8194958729019818,20.970177033969286,-131283.23883889747,-131283.23883889747,0.0,,2.897331541995017,2.877347419068957,37.92560831460675,35.86047871489375,13.089840691304625,12.463034000425772,37.66401932914918,-8.323155999999932,-8.254270247040463,-4.886210666666667,-4.550257147691939,2.897331541995017,2.877347419068957,82.45824564439485,78.50973463445013,12.085817672777921,-105042.67072966961,,,1,-131283.23883889747,9,4,2,0.13671864518867333,live_pitwin,subbook,IWM,63,always,1.0
live_pitwin|subbook|IWM|126|dial50_h45,2136,366,0.17134831460674158,8,63685.860113604176,2.3200677637014273,277.96717209219395,7960.732514200522,5857.228996772419,0.75,1.90088359582969,2.897331541995017,3.015816734002189,37.92560831460675,38.9274083613376,13.089840691304625,12.907749971159005,39.47656060225927,-8.323155999999932,-7.8876973333333655,-4.886210666666667,-4.886210666666667,1.6147859576715748,2.2495307303219807,82.14948564330496,75.34183353339799,-38.980179000645876,66371.53501923851,-1.3219879983057434,-24985.57316797855,1,-2285.381959280402,8,8,7,0.15631340549399125,live_pitwin,subbook,IWM,126,dial50_h45,1.0
live_pitwin|subbook|IWM|126|dial65_h60,2136,153,0.07162921348314606,7,45245.37340651628,3.9429519308510916,185.7130912104412,6463.62477235947,5965.8929378969515,0.7142857142857143,1.9491493718771387,2.897331541995017,2.9722017942882286,37.92560831460675,38.637333289540706,13.089840691304625,12.99956596614377,38.90564798964268,-8.323155999999932,-8.323155999999932,-4.886210666666667,-4.886210666666667,2.0446118373400926,3.202235746785472,78.19334523861804,69.4725430326309,-49.182572029531,41268.08416710259,-1.055378490415988,-19946.653468862172,2,-4645.472818415592,6,5,5,0.18426842233672666,live_pitwin,subbook,IWM,126,dial65_h60,1.0
live_pitwin|subbook|IWM|126|dial50_nohyst,2136,328,0.15355805243445692,8,72696.01156068264,2.9551224211659615,294.8154602955359,9087.00144508533,5718.001337956883,1.0,2.2650313766350347,2.897331541995017,3.027835923996626,37.92560831460675,39.06914108072985,13.089840691304625,12.903321732559437,39.63388988452497,-8.323155999999932,-7.8876973333333655,-4.886210666666667,-4.886210666666667,1.8949800710944473,2.716595015068796,82.89927361646811,75.09532499351354,-46.02397293783724,70441.94151579209,-1.3607736468316318,-25718.62192511784,1,330.4608657156305,8,8,7,0.15678793690363785,live_pitwin,subbook,IWM,126,dial50_nohyst,1.0
live_pitwin|subbook|IWM|126|dial40_h35,2136,595,0.2785580524344569,11,63572.132228263894,1.4245855961515714,281.9687442438964,5779.284748023988,4087.4588880962315,0.7272727272727273,2.067549829762856,2.897331541995017,3.016236723564631,37.92560831460675,38.92561938336595,13.089840691304625,12.905359542656553,39.48205819872365,-8.323155999999932,-7.8876973333333655,-4.886210666666667,-4.886210666666667,2.593509264295659,3.0313786620917753,81.37607698542533,77.08182673719489,-27.894975431263447,73842.2630588611,-1.5174923682621575,-28680.605760154773,3,0.10125322745170706,9,6,6,0.14948627726288508,live_pitwin,subbook,IWM,126,dial40_h35,1.0
live_pitwin|subbook|IWM|126|vix25_h20,2136,586,0.2743445692883895,15,-101915.38791077878,-2.3188939228846137,431.355227451102,-6794.35919405192,-6207.867861210528,0.0,-3.2121121356441416,2.897331541995017,2.832858248045844,37.92560831460675,36.322444909268654,13.089840691304625,12.821836367677248,37.08166316796843,-8.323155999999932,-8.323155999999932,-4.886210666666667,-4.596900285340472,3.383261449173571,3.17685656534181,105.92270303332134,101.21731697072995,48.82571795023978,-88507.13550557253,-0.08641760693387857,-1633.292771050305,14,-92657.37530145161,9,2,0,0.10393727072969773,live_pitwin,subbook,IWM,126,vix25_h20,1.0
live_pitwin|subbook|IWM|126|vixpct80_h60,2136,684,0.3202247191011236,16,-77024.73683347649,-1.501456858352368,659.7541788192849,-4814.046052092281,-4534.83337361872,0.0625,-2.626990027916788,2.897331541995017,2.861548524269344,37.92560831460675,36.71398324082172,13.089840691304625,12.830110315950737,37.45721431312356,-8.323155999999932,-8.071646254888076,-4.886210666666667,-4.886210666666667,3.330210827902775,3.2309299708448656,93.72476788948866,89.22766843006129,27.52192751504481,-71040.42879381776,-0.32291181666422275,-6103.0333349538105,12,-78665.7086497969,8,3,1,0.12679727000133384,live_pitwin,subbook,IWM,126,vixpct80_h60,1.0
live_pitwin|subbook|IWM|126|spydd5_h3,2136,796,0.37265917602996257,14,-61484.63392186471,-1.029893365525372,400.05489278626976,-4391.75956584748,-3993.2367755033392,0.14285714285714285,-1.6546561931441226,2.897331541995017,2.8812890751091427,37.92560831460675,36.958434297858304,13.089840691304625,12.827048357325388,37.71561497877512,-8.323155999999932,-8.323155999999932,-4.886210666666667,-4.886210666666667,3.438032629346791,3.4173911963167978,86.47331188830843,82.21154716203255,18.723227712325752,-49327.42491442499,-0.501945278212066,-9486.765758208048,11,-76818.4673435186,9,4,2,0.11120746335492442,live_pitwin,subbook,IWM,126,spydd5_h3,1.0
live_pitwin|subbook|IWM|126|always,2136,2136,1.0,1,-111555.52192965342,-0.6963515725945907,25.442440262347528,-111555.52192965342,-111555.52192965342,0.0,,2.897331541995017,2.90146315677503,37.92560831460675,36.17080235166837,13.089840691304625,12.466400707935284,37.97969049387496,-8.323155999999932,-8.539427613920347,-4.886210666666667,-4.596900285340472,2.897331541995017,2.90146315677503,82.45824564439485,78.53094289827695,12.085817672777921,-100137.99024189502,,,1,-111555.52192965342,9,5,1,0.13033494162597953,live_pitwin,subbook,IWM,126,always,1.0
live_pitwin|subbook|ADAPT|42|dial50_h45,2136,366,0.17134831460674158,8,38959.3163039584,1.4192829254629653,491.88958230137064,4869.914537994799,12336.438620520034,0.625,0.9193086481443126,2.897331541995017,2.976737383519681,37.92560831460675,38.538451492421814,13.089840691304625,12.946540633978978,38.96501813012358,-8.323155999999932,-7.8876973333333655,-4.886210666666667,-4.886210666666667,1.6147859576715748,2.0203459102012933,82.14948564330496,76.81073474996236,-20.335287507623434,50409.664490121046,-2.586507893693218,-48884.99919080183,2,-25814.38176678055,8,5,5,0.22757349636914226,live_pitwin,subbook,ADAPT,42,dial50_h45,1.0
live_pitwin|subbook|ADAPT|42|dial65_h60,2136,153,0.07162921348314606,7,31021.790065197027,2.7034239708232697,340.8159461613136,4431.684295028145,6680.623915709108,0.5714285714285714,1.3237081114239546,2.897331541995017,2.9486085115604324,37.92560831460675,38.413591529115465,13.089840691304625,13.027701500049805,38.59681567735092,-8.323155999999932,-8.323155999999932,-4.886210666666667,-4.886210666666667,2.0446118373400926,2.80415524877005,78.19334523861804,72.31788056530074,-36.04611977934837,33886.74772189341,-2.254297011348955,-42606.21351449524,2,-8397.995830033982,6,4,4,0.20645205707841177,live_pitwin,subbook,ADAPT,42,dial65_h60,1.0
live_pitwin|subbook|ADAPT|42|dial50_nohyst,2136,328,0.15355805243445692,8,44455.47297851527,1.8071330479071248,526.2039204166555,5556.934122314408,6272.223711276708,0.625,1.3335301116575597,2.897331541995017,2.980170525027915,37.92560831460675,38.624907889549675,13.089840691304625,12.960636837782255,39.00995740553707,-8.323155999999932,-7.8876973333333655,-4.886210666666667,-4.886210666666667,1.8949800710944473,2.395185227516727,82.89927361646811,77.56386314583094,-22.249784809537232,47499.69186552372,-2.5729306334841215,-48628.3889728499,2,-15335.430514562124,8,6,5,0.21869074848111564,live_pitwin,subbook,ADAPT,42,dial50_nohyst,1.0
live_pitwin|subbook|ADAPT|42|dial40_h35,2136,595,0.2785580524344569,11,38523.67989148738,0.8632757398652635,513.963141502291,3502.152717407944,5735.663258879679,0.6363636363636364,0.6898599318602269,2.897331541995017,2.9785575425659756,37.92560831460675,38.531598784809916,13.089840691304625,12.93632848590718,38.98884372207242,-8.323155999999932,-7.8876973333333655,-4.886210666666667,-4.886210666666667,2.593509264295659,2.8884192249229006,81.37607698542533,77.812003582371,-17.601245641708374,67844.55601350775,-2.9672970801168472,-56081.914814208416,3,-28586.127284510792,9,5,5,0.21766766197311507,live_pitwin,subbook,ADAPT,42,dial40_h35,1.0
live_pitwin|subbook|ADAPT|42|vix25_h20,2136,586,0.2743445692883895,15,-136511.33814039646,-3.106060025947587,526.924731687246,-9100.755876026433,-5426.188017011151,0.0,-2.0806441617845093,2.897331541995017,2.7908067670410213,37.92560831460675,35.77823895060051,13.089840691304625,12.820034469292448,36.53121598078187,-8.323155999999932,-8.323155999999932,-4.886210666666667,-4.495424370290675,3.383261449173571,3.0530920214268695,105.92270303332134,101.22754940910075,44.36066932976246,-95632.75069204213,-1.4445015362822,-27301.07903573358,13,-121873.49676574838,9,1,0,0.12360903576776339,live_pitwin,subbook,ADAPT,42,vix25_h20,1.0
live_pitwin|subbook|ADAPT|42|vixpct80_h60,2136,684,0.3202247191011236,16,-78764.74442714959,-1.5353751350321558,910.6727619750434,-4922.7965266968495,-3054.840056260543,0.1875,-2.770155154612021,2.897331541995017,2.862171129182954,37.92560831460675,36.68661233485383,13.089840691304625,12.817756409039916,37.46536411225634,-8.323155999999932,-7.8876973333333655,-4.886210666666667,-4.886210666666667,3.330210827902775,3.2328356423905533,93.72476788948866,89.00851884834641,23.42506425920874,-64109.367346052124,-2.075791049920481,-39232.45084349709,13,-72825.95289757007,8,3,2,0.1344385673955595,live_pitwin,subbook,ADAPT,42,vixpct80_h60,1.0
live_pitwin|subbook|ADAPT|42|spydd5_h3,2136,796,0.37265917602996257,14,-111699.35442564808,-1.871010961903653,479.4734932242961,-7978.525316117719,-7942.794782069975,0.07142857142857142,-4.444285788625112,2.897331541995017,2.8185139505222376,37.92560831460675,36.16853981802352,13.089840691304625,12.83248564773714,36.893898598555744,-8.323155999999932,-8.323155999999932,-4.886210666666667,-4.886210666666667,3.438032629346791,3.2502840807608444,86.47331188830843,82.33024651316285,21.319896262139082,-62841.533056930464,-1.9172919011849865,-36236.81693239624,12,-106156.31636823183,9,3,2,0.12441934017424387,live_pitwin,subbook,ADAPT,42,spydd5_h3,1.0
live_pitwin|subbook|ADAPT|42|always,2136,2136,1.0,1,-303939.54398391664,-1.897250586666146,31.826982401673927,-303939.54398391664,-303939.54398391664,0.0,,2.897331541995017,2.648410986554941,37.92560831460675,33.14453683620805,13.089840691304625,12.51487665791726,34.667277899105095,-8.323155999999932,-11.450893550323027,-4.886210666666667,-4.495424370290675,2.897331541995017,2.648410986554941,82.45824564439485,78.83631267975294,16.308280709199607,-200680.708103355,,,1,-303939.54398391664,9,3,3,0.19356885253192405,live_pitwin,subbook,ADAPT,42,always,1.0
live_pitwin|subbook|ADAPT|63|dial50_h45,2136,366,0.17134831460674158,8,31816.639748021204,1.1590761292539598,484.1674453321532,3977.0799685026495,10057.944729751081,0.625,0.8747796322661142,2.897331541995017,2.9696304439057575,37.92560831460675,38.426094782553136,13.089840691304625,12.93968913250157,38.8719894227746,-8.323155999999932,-7.8876973333333655,-4.886210666666667,-4.886210666666667,1.6147859576715748,1.973960659114871,82.14948564330496,76.52310509879577,-20.335287507623434,52192.09137285995,-2.1669719052084884,-40955.76900844043,2,-24323.510265452853,8,6,5,0.2356202295071248,live_pitwin,subbook,ADAPT,63,dial50_h45,1.0
live_pitwin|subbook|ADAPT|63|dial65_h60,2136,153,0.07162921348314606,7,28237.0181221004,2.460742320008748,322.3362955564779,4033.859731728628,5305.084758735429,0.8571428571428571,1.35182447301547,2.897331541995017,2.9482682879161772,37.92560831460675,38.369786127763376,13.089840691304625,13.014346857450674,38.5923622040482,-8.323155999999932,-8.323155999999932,-4.886210666666667,-4.886210666666667,2.0446118373400926,2.803679188088627,78.19334523861804,70.95608992548614,-36.04611977934837,43945.143896800684,-1.9090540772615923,-36081.122060244095,2,-11128.211645613457,6,6,5,0.2677319591292542,live_pitwin,subbook,ADAPT,63,dial65_h60,1.0
live_pitwin|subbook|ADAPT|63|dial50_nohyst,2136,328,0.15355805243445692,8,40847.361712802944,1.6604618582440218,508.5422304834157,5105.920214100368,6638.644875952265,0.625,1.7511341302887595,2.897331541995017,2.98015755646695,37.92560831460675,38.56815108312274,13.089840691304625,12.941648336488033,39.009787649140044,-8.323155999999932,-7.8876973333333655,-4.886210666666667,-4.886210666666667,1.8949800710944473,2.390841304331611,82.89927361646811,76.73093396436451,-22.249784809537232,51343.40190630707,-2.1882051413448367,-41357.07717141742,2,-9727.071150352785,8,7,6,0.2363873648748191,live_pitwin,subbook,ADAPT,63,dial50_nohyst,1.0
live_pitwin|subbook|ADAPT|63|dial40_h35,2136,595,0.2785580524344569,11,40568.11377146362,0.909089384234479,543.2678793336252,3688.0103428603297,5236.35173717458,0.7272727272727273,0.9054969674445784,2.897331541995017,2.980015333898661,37.92560831460675,38.56375841887696,13.089840691304625,12.940791941639173,39.00792597837843,-8.323155999999932,-7.8876973333333655,-4.886210666666667,-4.886210666666667,2.593509264295659,2.8938071421494405,81.37607698542533,77.91844620562239,-17.601245641708374,72143.3723456488,-2.5652268645803225,-48482.7877405681,3,-9032.613464290256,9,6,6,0.2314596794208037,live_pitwin,subbook,ADAPT,63,dial40_h35,1.0
live_pitwin|subbook|ADAPT|63|vix25_h20,2136,586,0.2743445692883895,15,-135633.33846631317,-3.0860827864917675,614.8225985972472,-9042.222564420876,-6239.105949877045,0.0,-2.309761812351328,2.897331541995017,2.806321952749372,37.92560831460675,35.79205018142878,13.089840691304625,12.75407839302368,36.73430729000018,-8.323155999999932,-8.323155999999932,-4.886210666666667,-4.550257147691939,3.383261449173571,3.093351712035807,105.92270303332134,100.01260157087131,44.36066932976246,-99051.99662611888,-1.0352361062826454,-19565.962408742,13,-123091.09315503063,9,4,0,0.12802854362365568,live_pitwin,subbook,ADAPT,63,vix25_h20,1.0
live_pitwin|subbook|ADAPT|63|vixpct80_h60,2136,684,0.3202247191011236,16,-75172.85860206037,-1.4653578674865573,972.2674045406649,-4698.303662628773,-4811.449035427482,0.1875,-2.8482725110695677,2.897331541995017,2.875824676249762,37.92560831460675,36.74311390963051,13.089840691304625,12.776548658573168,37.64408686823209,-8.323155999999932,-7.8876973333333655,-4.886210666666667,-4.886210666666667,3.330210827902775,3.272560998828241,93.72476788948866,88.26769064875786,23.42506425920874,-71222.17826615486,-1.663582387746132,-31441.707128401893,13,-74272.56483803167,8,3,3,0.14935426770332413,live_pitwin,subbook,ADAPT,63,vixpct80_h60,1.0
live_pitwin|subbook|ADAPT|63|spydd5_h3,2136,796,0.37265917602996257,14,-91309.2154710049,-1.5294675958292279,554.1555258187525,-6522.086819357493,-7058.78516612713,0.07142857142857142,-3.5353419892471143,2.897331541995017,2.8582674002907296,37.92560831460675,36.48928357686059,13.089840691304625,12.76622459226491,37.41426492295508,-8.323155999999932,-8.323155999999932,-4.886210666666667,-4.886210666666667,3.438032629346791,3.361715494239774,86.47331188830843,81.21404768670087,21.319896262139082,-69215.0102394478,-1.637906997789924,-30956.442258229567,12,-102572.4082740678,9,2,2,0.13703812566673038,live_pitwin,subbook,ADAPT,63,spydd5_h3,1.0
live_pitwin|subbook|ADAPT|63|always,2136,2136,1.0,1,-255393.16194369865,-1.5942144940305785,28.448720625179817,-255393.16194369865,-255393.16194369865,0.0,,2.897331541995017,2.724931073332917,37.92560831460675,33.90818778964968,13.089840691304625,12.443686418892023,35.6689136447136,-8.323155999999932,-11.229151621828692,-4.886210666666667,-4.550257147691939,2.897331541995017,2.724931073332917,82.45824564439485,78.38785632681002,16.308280709199607,-198484.8841341794,,,1,-255393.16194369865,9,3,3,0.19145084562387335,live_pitwin,subbook,ADAPT,63,always,1.0
live_pitwin|subbook|ADAPT|126|dial50_h45,2136,366,0.17134831460674158,8,38083.0860036986,1.3873619673478539,447.47916780333753,4760.385750462325,6978.068207200479,0.75,0.9711214513625872,2.897331541995017,2.984404204029755,37.92560831460675,38.5246680944402,13.089840691304625,12.908662989558001,39.065375589209275,-8.323155999999932,-7.8876973333333655,-4.886210666666667,-4.886210666666667,1.6147859576715748,2.053765377650092,82.14948564330496,75.31411620538812,-20.335287507623434,56508.080434308,-1.966186814137783,-37160.930787204095,2,-27522.606373749255,8,6,6,0.25510468215999244,live_pitwin,subbook,ADAPT,126,dial50_h45,1.0
live_pitwin|subbook|ADAPT|126|dial65_h60,2136,153,0.07162921348314606,7,38845.01785518254,3.385186741192378,282.7933523201345,5549.288265026077,5965.8929378969515,0.7142857142857143,1.3627985063389036,2.897331541995017,2.9637393073439404,37.92560831460675,38.53665353929501,13.089840691304625,13.002713647520839,38.7948753836897,-8.323155999999932,-8.323155999999932,-4.886210666666667,-4.886210666666667,2.0446118373400926,3.0609130401211044,78.19334523861804,69.78741637818521,-36.04611977934837,49022.8677207996,-1.7590085433705926,-33245.2614697042,2,-13456.20694390692,6,5,4,0.29866754897529146,live_pitwin,subbook,ADAPT,126,dial65_h60,1.0
live_pitwin|subbook|ADAPT|126|dial50_nohyst,2136,328,0.15355805243445692,8,44431.43632300473,1.8061559480896232,464.3274560066795,5553.9295403755905,6187.329730742795,0.75,1.4451389913118922,2.897331541995017,2.99114246149335,37.92560831460675,38.62452978485626,13.089840691304625,12.912968968242545,39.153578305944734,-8.323155999999932,-7.8876973333333655,-4.886210666666667,-4.886210666666667,1.8949800710944473,2.4612424112421114,82.89927361646811,75.4758277237449,-22.249784809537232,55853.487271957725,-1.9718030839550158,-37267.0782867498,2,-14705.471965859815,8,7,6,0.25715200366700786,live_pitwin,subbook,ADAPT,126,dial50_nohyst,1.0
live_pitwin|subbook|ADAPT|126|dial40_h35,2136,595,0.2785580524344569,11,30933.866427936915,0.6931958863403233,475.49856174715694,2812.169675266992,5344.0158442024085,0.7272727272727273,0.8705445964148786,2.897331541995017,2.9759651966005105,37.92560831460675,38.412208460664175,13.089840691304625,12.907479060757506,38.95491032636774,-8.323155999999932,-7.8876973333333655,-4.886210666666667,-4.886210666666667,2.593509264295659,2.8792151839173292,81.37607698542533,77.12301405769821,-17.601245641708374,74839.58751085507,-2.1967562136705414,-41518.69243837323,3,-17059.89963182459,9,5,5,0.24011002494108477,live_pitwin,subbook,ADAPT,126,dial40_h35,1.0
live_pitwin|subbook|ADAPT|126|vix25_h20,2136,586,0.2743445692883895,15,-114398.24231497546,-2.602917913878851,619.9503432530637,-7626.549487665032,-6207.867861210528,0.0,-3.6024650864588557,2.897331541995017,2.824764672588058,37.92560831460675,36.1260854017869,13.089840691304625,12.789060183441075,36.975719554602954,-8.323155999999932,-8.323155999999932,-4.886210666666667,-4.596900285340472,3.383261449173571,3.1505547885441407,105.92270303332134,100.63121518098423,44.36066932976246,-100507.3219023433,-0.9350747736220764,-17672.913221457242,13,-100083.61426456526,9,3,0,0.12990960793290943,live_pitwin,subbook,ADAPT,126,vix25_h20,1.0
live_pitwin|subbook|ADAPT|126|vixpct80_h60,2136,684,0.3202247191011236,16,-80304.3623302594,-1.5653871799270838,970.2480210914051,-5019.022645641212,-3370.0283180331753,0.125,-3.1962501235214056,2.897331541995017,2.869130310767468,37.92560831460675,36.66239362626559,13.089840691304625,12.7782253349304,37.556458690539486,-8.323155999999932,-7.8876973333333655,-4.886210666666667,-4.886210666666667,3.330210827902775,3.253311972390435,93.72476788948866,88.3018561406132,23.42506425920874,-83570.23785098296,-1.314477686833065,-24843.628281144927,13,-67688.14631839663,8,4,3,0.17524838442013063,live_pitwin,subbook,ADAPT,126,vixpct80_h60,1.0
live_pitwin|subbook|ADAPT|126|spydd5_h3,2136,796,0.37265917602996257,14,-75803.81005746595,-1.2697455621016072,568.712037592775,-5414.5578612475665,-6194.033113412761,0.21428571428571427,-2.75698630901657,2.897331541995017,2.8736714710622975,37.92560831460675,36.73318883055671,13.089840691304625,12.782668165257501,37.61590175535248,-8.323155999999932,-8.323155999999932,-4.886210666666667,-4.886210666666667,3.438032629346791,3.4013318908204333,86.47331188830843,81.48028208412923,21.319896262139082,-69952.83448365926,-1.4651307103026427,-27690.970424719948,12,-84846.68369669793,9,3,1,0.13849893671260644,live_pitwin,subbook,ADAPT,126,spydd5_h3,1.0
live_pitwin|subbook|ADAPT|126|always,2136,2136,1.0,1,-222522.51046467567,-1.3890294036496609,41.77605938695829,-222522.51046467567,-222522.51046467567,0.0,,2.897331541995017,2.77116140898648,37.92560831460675,34.425254217409595,13.089840691304625,12.422681012290884,36.27406137352428,-8.323155999999932,-10.12357958914416,-4.886210666666667,-4.596900285340472,2.897331541995017,2.77116140898648,82.45824564439485,78.25553470287095,16.308280709199607,-194721.6640478207,,,1,-222522.51046467567,9,4,1,0.1878209890181932,live_pitwin,subbook,ADAPT,126,always,1.0
live_pitwin|book|SPY|63|dial50_h45|x0.5,2136,366,0.17134831460674158,8,29387.330878361936,1.070576716880216,435.87286161977255,3673.4163597952424,7345.149594340057,0.875,1.4310658321485834,2.897331541995017,2.9688072986353524,37.92560831460675,38.38788093516525,13.089840691304625,12.930405066307504,38.86121458231921,-8.323155999999932,-8.223207866747773,-4.886210666666667,-4.886210666666667,1.6147859576715748,1.9651512480292141,82.14948564330496,76.1512451067141,-14.736718707717955,37921.75710803767,-1.5153049737424686,-28639.264003732656,2,-11840.358060606151,8,6,6,0.47247174967443234,live_pitwin,book,SPY,63,dial50_h45,0.5
live_pitwin|book|SPY|63|dial65_h60|x0.5,2136,153,0.07162921348314606,7,29316.10198076449,2.5547801290426566,293.94330721946136,4188.014568680642,5756.3329412976755,0.7142857142857143,1.3708515889244686,2.897331541995017,2.948744994805615,37.92560831460675,38.3867604805963,13.089840691304625,13.017999368618446,38.59860222128738,-8.323155999999932,-8.323155999999932,-4.886210666666667,-4.886210666666667,2.0446118373400926,2.8098283698171542,78.19334523861804,71.33208514957091,-28.741608001291752,34798.06677218255,-1.351108265673659,-25535.946221232156,2,-11290.015763028601,6,4,4,0.5317676303178118,live_pitwin,book,SPY,63,dial65_h60,0.5
live_pitwin|book|SPY|63|dial50_h45|x1.5,2136,366,0.17134831460674158,8,88161.9926350858,3.211730150640648,1307.6185848593177,11020.249079385723,22035.448783020165,0.875,1.4310658321485825,2.897331541995017,2.975561949758479,37.92560831460675,39.312426176282244,13.089840691304625,13.211765320319804,38.949631889446266,-8.323155999999932,-8.023311600243233,-4.886210666666667,-4.886210666666667,1.6147859576715748,2.116607185922945,82.14948564330496,86.7607710155888,-14.736718707717955,113765.27132411303,-4.545914921227406,-85917.79201119798,2,-35521.07418181847,8,6,6,0.47247174967443234,live_pitwin,book,SPY,63,dial50_h45,1.5
live_pitwin|book|SPY|63|dial65_h60|x1.5,2136,153,0.07162921348314606,7,87948.30594229347,7.664340387127971,881.8299216583839,12564.043706041926,17268.998823893027,0.7142857142857143,1.3708515889244686,2.897331541995017,2.968750098218909,37.92560831460675,39.30906481257541,13.089840691304625,13.24094770932681,38.86046583798048,-8.323155999999932,-8.323155999999932,-4.886210666666667,-4.886210666666667,2.0446118373400926,3.0803610801126076,78.19334523861804,91.39924304976009,-28.741608001291752,104394.20031654765,-4.053324797020977,-76607.83866369646,2,-33870.0472890858,6,4,4,0.5317676303178118,live_pitwin,book,SPY,63,dial65_h60,1.5
live_pitwin|book|SPY|63|dial50_h45|x2.0,2136,366,0.17134831460674158,8,117549.32351344774,4.282306867520864,1743.4914464790902,14693.66543918097,29380.598377360227,0.875,1.4310658321485834,2.897331541995017,2.9159939461631748,37.92560831460675,39.774698796840745,13.089840691304625,13.640185655795259,38.16989621208467,-8.323155999999932,-10.174000692105528,-4.886210666666667,-4.886210666666667,1.6147859576715748,1.9860428237041539,82.14948564330496,101.02166353457427,-14.736718707717955,151687.0284321507,-6.061219894969875,-114557.05601493063,2,-47361.432242424606,8,5,6,0.47247174967443234,live_pitwin,book,SPY,63,dial50_h45,2.0
live_pitwin|book|SPY|63|dial65_h60|x2.0,2136,153,0.07162921348314606,7,117264.40792305797,10.219120516170626,1175.7732288778454,16752.058274722567,23025.331765190702,0.7142857142857143,1.3708515889244686,2.897331541995017,2.93947575851893,37.92560831460675,39.77021697856496,13.089840691304625,13.52969721328928,38.47726939496462,-8.323155999999932,-8.52181356758318,-4.886210666666667,-4.886210666666667,2.0446118373400926,2.8643364614764084,78.19334523861804,112.45136618188626,-28.741608001291752,139192.2670887302,-5.404433062694636,-102143.78488492862,2,-45160.063052114405,6,3,4,0.5317676303178118,live_pitwin,book,SPY,63,dial65_h60,2.0
