strategy,dim,cell,N,n_years,avgR,sdR,win,R_per_risk,sum_pnl,avgR_rest,sdR_rest,R_per_risk_rest,flow_ratio,sig_share,sess_share,t_episode,p_episode,n_episodes,t_year,p_year,n_years_paired,worst_R,pnl_share,q_p_episode_fam_dim,bonf_p_episode_fam_dim,q_p_year_fam_dim,bonf_p_year_fam_dim,q_p_episode_fam_strat,bonf_p_episode_fam_strat,q_p_year_fam_strat,bonf_p_year_fam_strat,survives_fdr10_year,survives_bonf05_year,survives_fdr10_episode,survives_fdr10_strat_year
3x Bear ETF Overbot Fade,month,Jan,1,1,-3.502577777777778,,0.0,-3.502577777777778,-9851.0,0.7326358664837678,1.51960888804073,0.7570713450292398,0.22272727272727275,0.01818181818181818,0.08163265306122448,,,0,,,1,-3.502577777777778,-0.097147027208268,,,,,,,,,False,False,False,False
3x Bear ETF Overbot Fade,month,Feb,3,2,-0.7472592592592594,1.6296544493732836,0.3333333333333333,-0.7472592592592593,-6305.0,0.7365680151946818,1.5869727424510693,0.7621129906025429,0.6972332015810276,0.05454545454545454,0.0782312925170068,-1.548469793069962,0.36504808228292596,2,,,2,-1.8734222222222223,-0.062177647604114275,0.9050531339660743,1.0,,,0.6270706983333965,1.0,,,False,False,False,False
3x Bear ETF Overbot Fade,month,Mar,10,3,0.5205017283950617,1.2718034898367998,0.6,0.5459229024943311,15047.0,0.6856609272976681,1.6869725557105133,0.7066595064569748,2.024793388429752,0.18181818181818182,0.08979591836734693,-0.3419502019743343,0.7549413903766692,4,-0.8924157302177833,0.4663369709454145,3,-1.5427555555555557,0.1483881147500567,0.960040566766348,1.0,0.9970919107269445,1.0,0.7549413903766692,1.0,0.6217826279272193,1.0,False,False,False,False
3x Bear ETF Overbot Fade,month,Apr,14,4,0.5150660619803477,1.8345625443969746,0.6428571428571429,0.6343891233005157,21143.0,0.7036301010883125,1.548184120921371,0.689296833064949,3.0175953079178885,0.2545454545454545,0.08435374149659863,-0.3806474763458785,0.7288192489882472,4,1.6673351835334633,0.1940389068198867,4,-3.069460317460318,0.2085046793487372,0.960040566766348,1.0,0.9970919107269445,1.0,0.7549413903766692,1.0,0.6217826279272193,0.7761556272795468,False,False,False,False
3x Bear ETF Overbot Fade,month,May,2,2,2.5756444444444444,0.3399140864583864,1.0,2.5756444444444444,14488.0,0.5831786815746565,1.594657179709426,0.6029875338753388,0.4242424242424242,0.03636363636363636,0.08571428571428572,6.9601446755032494,0.09084477159485776,2,,,2,2.335288888888889,0.14287545733360946,0.8389424383146786,1.0,,,0.4088014721768599,0.8176029443537198,,,False,False,False,False
3x Bear ETF Overbot Fade,month,Jun,2,2,-0.39082666666666666,0.3958289480178135,0.0,-0.4219259259259259,-2670.0,0.695120987654321,1.6265207066302412,0.7255633986928105,0.4310850439882698,0.03636363636363636,0.08435374149659863,-3.446601575795018,0.1797733796388597,2,,,2,-0.67072,-0.026330581935445695,0.8389424383146786,1.0,,,0.539320138916579,1.0,,,False,False,False,False
3x Bear ETF Overbot Fade,month,Jul,11,3,0.9361641301907969,1.4421185016722171,0.8181818181818182,0.8685800376647834,28826.0,0.5854989450056117,1.6574001755046872,0.6225610507974803,2.3520000000000003,0.2,0.08503401360544217,1.012030068776919,0.4180471322222643,3,0.9879017631188708,0.4273345881073016,3,-2.2402844444444443,0.2842716684910703,0.9050531339660743,1.0,0.9970919107269445,1.0,0.6270706983333965,1.0,0.6217826279272193,1.0,False,False,False,False
3x Bear ETF Overbot Fade,month,Sep,6,3,0.47502560846560854,1.1807978256035323,0.6666666666666666,0.471850540806293,7498.0,0.6777470481949394,1.663380121856197,0.701437908496732,1.4447174447174447,0.10909090909090909,0.07551020408163266,-0.5502088614150962,0.6374181246886522,3,-0.2089598537780692,0.853830054543684,3,-1.0734222222222223,0.07394258552508308,0.9476658844928635,1.0,0.9970919107269445,1.0,0.7549413903766692,1.0,0.853830054543684,1.0,False,False,False,False
3x Bear ETF Overbot Fade,month,Oct,3,2,1.7827555555555554,1.2531432858276081,1.0,1.824735632183908,14883.0,0.5906056220322887,1.6138327402558799,0.6109764978483946,0.6074380165289256,0.05454545454545454,0.08979591836734693,1.8934379700162065,0.3093368718568926,2,,,2,0.5653333333333334,0.14677080559746752,0.9050531339660743,1.0,,,0.6270706983333965,1.0,,,False,False,False,False
3x Bear ETF Overbot Fade,month,Nov,3,1,2.174103703703704,0.3070242981765156,1.0,2.174103703703704,18344.0,0.5680278442545109,1.6118083176392193,0.5877032614704256,0.6572280178837555,0.05454545454545454,0.08299319727891157,7.372689329011811,0.08582462979956974,1,,,1,1.8208,0.1809019457018037,0.8389424383146786,1.0,,,0.4088014721768599,0.7724216681961277,,,False,False,False,False
3x Bear ETF Overbot Fade,quarter,Q1,14,5,-0.03852416225749565,1.6756304790031935,0.5,-0.028573268921095008,-1109.0,0.8926609093646493,1.5366284650620006,0.9239217011688494,1.019568986871439,0.2545454545454545,0.24965986394557824,-1.6544790540840721,0.15893544203541385,6,-2.148961572565969,0.09809583464465842,5,-3.502577777777778,-0.010936560062325571,0.7975772600853813,1.0,0.9946099448218757,1.0,0.3178708840708277,0.6357417681416554,0.15965158696971538,0.29428750393397524,False,False,False,False
3x Bear ETF Overbot Fade,quarter,Q2,18,5,0.6433644679600236,1.7799907431653013,0.6111111111111112,0.7279171842650104,32961.0,0.6615999618666286,1.5467962625834717,0.655045311799013,1.2863393291200778,0.32727272727272727,0.254421768707483,-0.03590894431554176,0.9723575159211177,8,2.0765777014354243,0.10643439131314358,5,-3.069460317460318,0.325049554746901,0.9860913091107555,1.0,0.9946099448218757,1.0,0.9723575159211177,1.0,0.15965158696971538,0.31930317393943075,False,False,False,False
3x Bear ETF Overbot Fade,quarter,Q3,17,5,0.773409357817201,1.3368351782264574,0.7647058823529411,0.7401260744985674,36324.0,0.602942103406665,1.7325479908262098,0.6463463687150838,1.3094052921142258,0.3090909090909091,0.23605442176870747,0.4687234596285416,0.6589920638708059,6,0.12610702335752558,0.905731785797274,5,-2.2402844444444443,0.35821425401615337,0.9860913091107555,1.0,0.9946099448218757,1.0,0.8786560851610745,1.0,0.9057317857972741,1.0,False,False,False,False
3x Bear ETF Overbot Fade,quarter,Q4,6,2,1.9784296296296298,0.8436817040282041,1.0,2.0023804143126176,33227.0,0.4936567598891408,1.6115196012784763,0.5119399272556612,0.41980009519276534,0.10909090909090909,0.2598639455782313,4.081965583211286,0.055101648580586006,3,,,2,0.5653333333333334,0.3276727512992712,0.7975772600853813,1.0,,,0.22040659432234402,0.22040659432234402,,,False,False,False,False
3x Bear ETF Overbot Fade,half,MayOct,24,7,0.9527442210464433,1.3752229873376585,0.75,0.9109304426377597,63025.0,0.4256096034590658,1.758235699505788,0.47628311033546633,0.8799102132435466,0.43636363636363634,0.4959183673469388,1.2988017953247697,0.22057801586766188,12,0.9919620224660917,0.36676323605058075,6,-2.2402844444444443,0.6215299350117847,0.48143622665871727,1.0,0.5134685304708131,1.0,0.2231611565442604,0.44115603173532375,0.36676323605058075,0.7335264721011615,False,False,False,False
3x Bear ETF Overbot Fade,half,NovApr,31,6,0.4256096034590658,1.758235699505788,0.6129032258064516,0.47628311033546633,38378.0,0.9527442210464433,1.3752229873376585,0.9109304426377597,1.1181450128818549,0.5636363636363636,0.5040816326530613,-1.2988017953247686,0.2231611565442604,11,-0.9919620224660917,0.36676323605058075,6,-3.502577777777778,0.37847006498821534,0.48143622665871727,1.0,0.5134685304708131,1.0,0.2231611565442604,0.4463223130885208,0.36676323605058075,0.7335264721011615,False,False,False,False
3x Bear ETF Overbot Fade,wom,W1,9,4,0.8827303155006858,1.8453260268171752,0.5555555555555556,0.9192727272727272,22752.0,0.6111996994095547,1.5790453961765367,0.6291293588301462,0.6872727272727273,0.16363636363636364,0.23809523809523808,0.38152217188227966,0.7222164594481003,5,0.369696502579565,0.7361639626560508,4,-1.5427555555555557,0.2243720599982249,0.9540913465601865,1.0,0.8801960423061476,1.0,0.7396495009054596,1.0,0.7361639626560508,1.0,False,False,False,False
3x Bear ETF Overbot Fade,wom,W2,3,2,0.7562666666666665,0.19842707899632128,1.0,0.7628505747126437,6222.0,0.6498261348528016,1.6561721601067192,0.6721377027474347,0.2290909090909091,0.05454545454545454,0.23809523809523808,0.3813421047699262,0.7396495009054596,3,,,2,0.5653333333333334,0.061359131386645366,0.9540913465601865,1.0,,,0.7396495009054596,1.0,,,False,False,False,False
3x Bear ETF Overbot Fade,wom,W3,25,7,0.2729505298059964,1.7689181562145728,0.56,0.299668903803132,18837.0,0.974533192239859,1.4165197445535254,0.9500582524271844,1.8982438016528926,0.45454545454545453,0.23945578231292516,-1.5616152081996493,0.14944152035032301,11,-1.1301481408522078,0.30155825760791105,7,-3.502577777777778,0.18576373480074554,0.6891788219173139,1.0,0.6428243243978917,1.0,0.36144329980862244,0.5977660814012921,0.4523373864118666,0.9046747728237332,False,False,False,False
3x Bear ETF Overbot Fade,wom,W4+,18,6,1.0568123848716442,1.3400640309408065,0.8333333333333334,0.9924444444444445,53592.0,0.4604631374231374,1.7091631819878332,0.4992501223690651,1.150935189212701,0.32727272727272727,0.28435374149659864,1.4510113171049823,0.18072164990431122,10,2.210190138258068,0.07808579788500096,6,-2.2402844444444443,0.5285050738143842,0.6891788219173139,1.0,0.6428243243978917,1.0,0.36144329980862244,0.7228865996172449,0.23425739365500287,0.23425739365500287,False,False,False,False
3x Bear ETF Overbot Fade,tom,TOM,7,3,0.7750151675485009,1.7095735264224323,0.5714285714285714,0.8191372549019608,15666.0,0.6382219341563786,1.6134338517833187,0.6562813060638679,0.5345454545454545,0.12727272727272726,0.23809523809523808,0.19976650920908587,0.8544374875392224,4,0.6487169083883674,0.5830607834695535,3,-1.0734222222222223,0.1544924706369634,0.915468736649167,1.0,0.7420773607794316,1.0,0.8544374875392224,1.0,0.5830607834695535,1.0,False,False,False,False
3x Bear ETF Overbot Fade,tom,mid,48,7,0.6382219341563786,1.6134338517833187,0.6875,0.6562813060638679,85737.0,0.7750151675485009,1.7095735264224323,0.8191372549019608,1.1454545454545455,0.8727272727272727,0.7619047619047619,-0.19976650920908529,0.843584941492971,22,-0.6487169083883674,0.5830607834695535,3,-3.502577777777778,0.8455075293630366,0.915468736649167,1.0,0.7420773607794316,1.0,0.8544374875392224,1.0,0.5830607834695535,1.0,False,False,False,False
3x Bear ETF Overbot Fade,opex,opex,21,5,0.40175320063827996,1.7613294851885748,0.6190476190476191,0.4361989871909443,22880.0,0.8124394646747588,1.5152148828280683,0.8069158638407193,1.6556717618664523,0.38181818181818183,0.23061224489795917,-0.883745138772833,0.40616109042072185,8,-0.36563275734141226,0.7331542457701772,5,-3.502577777777778,0.2256343500685384,0.9452844676569588,1.0,0.9174368745123129,1.0,0.40616109042072185,1.0,0.7331542457701771,1.0,False,False,False,False
3x Bear ETF Overbot Fade,opex,other,24,7,1.1404365432098766,1.3617741777795596,0.7916666666666666,1.1695762483130905,81249.0,0.2802994185583433,1.706255864649808,0.25099357851722126,0.8088960220107762,0.43636363636363634,0.5394557823129251,1.7001283726464749,0.11717172089707818,12,1.6075489470220183,0.1590581931953192,7,-1.5427555555555557,0.8012484837726694,0.9006924948094847,1.0,0.8400772188344752,1.0,0.35151516269123456,0.35151516269123456,0.2457821618428088,0.47717457958595755,False,False,False,False
3x Bear ETF Overbot Fade,opex,post_opex,10,5,0.025246476190476243,1.6442948398341162,0.5,-0.09790347923681257,-2726.0,0.7957176500097983,1.5869411011130048,0.8540633089837242,0.7907477138246369,0.18181818181818182,0.22993197278911565,-1.1057532976291562,0.3111880029578875,7,-1.7026010473332664,0.16385477456187253,5,-2.2402844444444443,-0.026882833841207855,0.9452844676569588,1.0,0.8400772188344752,1.0,0.40616109042072185,0.9335640088736625,0.2457821618428088,0.4915643236856176,False,False,False,False
3x Bear ETF Overbot Fade,dow,Mon,4,3,1.3653231746031746,1.398909973305846,0.75,1.5085457102672293,16759.0,0.5999699277241761,1.624534355959732,0.6104593193599279,0.38876033057851234,0.07272727272727272,0.1870748299319728,1.1136083563611443,0.3466395627186673,4,0.019991697188812156,0.9858651475917073,3,-0.5851428571428572,0.1652712444404998,0.7819441864761855,1.0,0.9858651475917073,1.0,0.4297009642038535,1.0,0.9858651475917073,1.0,False,False,False,False
3x Bear ETF Overbot Fade,dow,Tue,14,6,-0.06788829428067526,1.886627177141187,0.5714285714285714,0.10616810168101681,4046.0,0.9026876861530521,1.448241622324312,0.8719350685698293,1.2268256333830103,0.2545454545454545,0.20748299319727892,-1.5288415481850268,0.1606559344408591,10,-0.396039731262143,0.7084112080087948,6,-3.502577777777778,0.03990020019131584,0.7357550869573407,1.0,0.9669075785697082,1.0,0.4297009642038535,0.8032796722042955,0.8855140100109935,1.0,False,False,False,False
3x Bear ETF Overbot Fade,dow,Wed,11,5,0.31486111912778586,1.562915300371444,0.45454545454545453,0.3051564185544768,8840.0,0.7408246977713645,1.6280630577374597,0.7662698227913595,0.9702970297029704,0.2,0.20612244897959184,-0.8317031239139572,0.4297009642038535,9,-0.6528644417395494,0.5494653921095589,5,-1.4897777777777779,0.0871769079810262,0.7868152104474403,1.0,0.9285883698949011,1.0,0.4297009642038535,1.0,0.8855140100109935,1.0,False,False,False,False
3x Bear ETF Overbot Fade,dow,Thu,17,6,1.015996281771968,1.1721929918660383,0.8235294117647058,0.9608303393213573,45129.0,0.4944163742690058,1.761596458590811,0.5474290925672595,1.5454545454545454,0.3090909090909091,0.2,1.10350846545786,0.29843638778771336,10,1.479402118274118,0.19909929387374353,6,-1.5427555555555557,0.44504600455607823,0.7819441864761855,1.0,0.807179934753672,1.0,0.4297009642038535,1.0,0.8855140100109935,0.9954964693687176,False,False,False,False
3x Bear ETF Overbot Fade,dow,Fri,9,4,1.2014992592592593,1.8005123218451045,0.7777777777777778,1.0820673015873017,26629.0,0.5488318625872249,1.5695570069805338,0.5974451935081149,0.820974247595408,0.16363636363636364,0.19931972789115646,0.8574683653704769,0.42410701069773393,7,0.970038019973712,0.4035779056423707,4,-2.2402844444444443,0.26260564283107996,0.7868152104474403,1.0,0.8830639184917146,1.0,0.4297009642038535,1.0,0.8855140100109935,1.0,False,False,False,False
3x Bear ETF Overbot Fade,eseason_fixed,off,23,6,0.41945921938501646,1.4415916422434052,0.5652173913043478,0.4152291052114061,26393.0,0.8253811552028218,1.7234065988909935,0.8701540692405293,0.7579867727833203,0.41818181818181815,0.5517006802721088,-0.8735766978195614,0.40101785736893436,12,-2.520179153833039,0.05316303601518262,6,-1.8734222222222223,0.26027829551393944,0.9909864943128218,1.0,0.4771772416878637,1.0,0.40283950764731025,0.8020357147378687,0.05316303601518262,0.10632607203036525,False,False,False,True
3x Bear ETF Overbot Fade,eseason_fixed,season,32,7,0.8253811552028218,1.7234065988909935,0.75,0.8701540692405293,75010.0,0.41945921938501646,1.4415916422434052,0.4152291052114061,1.2978341840253826,0.5818181818181818,0.44829931972789117,0.8735766978195619,0.40283950764731025,11,2.520179153833039,0.05316303601518262,6,-3.502577777777778,0.7397217044860606,0.9909864943128218,1.0,0.4771772416878637,1.0,0.40283950764731025,0.8056790152946205,0.05316303601518262,0.10632607203036525,False,False,False,True
3x Bear ETF Overbot Fade,eseason_data,off,33,7,0.44466256640478863,1.7165058787219545,0.5757575757575758,0.5086039886039886,44630.0,0.972086105499439,1.4149309803520704,0.9154628369866465,0.8909090909090909,0.6,0.673469387755102,-0.9430115131876387,0.3596974720278031,17,-1.1631527711263951,0.2972553353814241,6,-3.502577777777778,0.4401250456100904,0.9627067436733711,1.0,0.8068536728735282,1.0,0.3732774596219065,0.7193949440556062,0.2972553353814241,0.5945106707628482,False,False,False,False
3x Bear ETF Overbot Fade,eseason_data,season,22,6,0.972086105499439,1.4149309803520704,0.8181818181818182,0.9154628369866465,56773.0,0.44466256640478863,1.7165058787219545,0.5086039886039886,1.225,0.4,0.32653061224489793,0.943011513187639,0.3732774596219065,9,1.1631527711263951,0.2972553353814241,6,-2.2402844444444443,0.5598749543899095,0.9627067436733711,1.0,0.8068536728735282,1.0,0.3732774596219065,0.746554919243813,0.2972553353814241,0.5945106707628482,False,False,False,False
3x Bear ETF Overbot Fade,holiday,none,53,7,0.7818067738178429,1.4901504257183065,0.6981132075471698,0.8083980487804878,116523.0,-2.688,1.1519869409410703,-2.688,1.0461930978917684,0.9636363636363636,0.9210884353741496,5.268240349720329,3.1901976875203476e-05,22,,,2,-3.069460317460318,1.1491080145557824,0.0005901865721912643,0.0011803731443825287,,,6.380395375040695e-05,6.380395375040695e-05,,,False,False,True,False
3x Bear ETF Overbot Fade,holiday,post,2,2,-2.688,1.1519869409410703,0.0,-2.688,-15120.0,0.7818067738178429,1.4901504257183065,0.8083980487804878,0.9216300940438872,0.03636363636363636,0.03945578231292517,-5.268240349720283,0.11942033751383027,2,,,2,-3.502577777777778,-0.14910801455578238,0.5818745927048132,1.0,,,0.11942033751383027,0.23884067502766054,,,False,False,False,False
3x ETF Overbot Fade,month,Jan,3,2,-0.6579999999999999,1.2071787945351378,0.3333333333333333,-0.658,-8883.0,0.9152199999999998,1.3961517335616838,0.75261079007525,0.42059891107078035,0.034482758620689655,0.08198489751887811,-2.5352147655763138,0.126686507404016,3,,,2,-1.937111111111111,-0.04249283653915148,0.8389424383146786,1.0,,,0.42228835801338666,1.0,,,False,False,False,False
3x ETF Overbot Fade,month,Feb,17,2,0.7387775163398692,0.7938461471061228,0.7058823529411765,0.671660297239915,29658.0,0.8906466031746031,1.5297623987405093,0.6928648174157304,2.5158045977011496,0.19540229885057472,0.07766990291262135,-0.44817660494642036,0.7317688182191244,2,,,2,-0.6920533333333333,0.14187240190005118,0.960040566766348,1.0,,,0.813076464687916,1.0,,,False,False,False,False
3x ETF Overbot Fade,month,Mar,1,1,0.29288888888888887,,1.0,0.29288888888888887,1318.0,0.867576640826873,1.4206212820865112,0.6957572482040059,0.13073831182568224,0.011494252873563218,0.08791801510248112,,,0,,,0,0.29288888888888887,0.006304802269346128,,,,,,,,,False,False,False,False
3x ETF Overbot Fade,month,Apr,4,2,0.9707888888888888,1.3023977540020673,0.75,1.0347272727272727,17073.0,0.8556786077643909,1.4259408352026073,0.6699135331264685,0.5481760727353365,0.04597701149425287,0.08387270765911542,0.18668418585251553,0.8691296618019391,3,,,2,-0.5258666666666667,0.08167062909297909,0.960040566766348,1.0,,,0.869129661801939,1.0,,,False,False,False,False
3x ETF Overbot Fade,month,May,9,3,1.2004325925925923,0.9908299938342002,0.8888888888888888,1.0605428571428572,37119.0,0.8218023931623929,1.4543251836551985,0.641366017020104,1.206245933636955,0.10344827586206896,0.08576051779935275,0.6607176346876842,0.5449059576135257,5,-0.003855990299775899,0.9972734132459937,3,-0.15844444444444444,0.17756294039139522,0.9176360438619875,1.0,0.9972734132459936,1.0,0.7815998400421377,1.0,0.9972734132459937,0.9972734132459937,False,False,False,False
3x ETF Overbot Fade,month,Jun,16,2,1.8659694444444448,1.9201069061237706,0.8125,1.313746335245379,46847.0,0.6344925195618155,1.1757441690227828,0.6065677223325932,2.1648604269293923,0.1839080459770115,0.08495145631067962,5.101319349691966,0.12323249997948593,2,,,2,-2.3128888888888888,0.2240979301305448,0.8389424383146786,1.0,,,0.42228835801338666,1.0,,,False,False,False,False
3x ETF Overbot Fade,month,Jul,5,3,0.6664,0.8962957845116384,0.8,0.6664,14994.0,0.8728351219512194,1.442118914921106,0.6916499357020627,0.6722506254759055,0.05747126436781609,0.0854908306364617,-0.49127113374450665,0.6569300314436839,4,,,2,-0.4097777777777778,0.07172549713700747,0.9596890894133816,1.0,,,0.813076464687916,1.0,,,False,False,False,False
3x ETF Overbot Fade,month,Aug,12,1,0.06953925925925926,0.6710257087980039,0.6666666666666666,0.028804407713498622,1307.0,0.9876001185185184,1.462127564998456,0.8061613767404942,1.649833147942158,0.13793103448275862,0.08360302049622438,-3.520553757086358,0.17618885729940748,2,,,1,-1.1784444444444444,0.006252182523547336,0.8389424383146786,1.0,,,0.4404721432485187,1.0,,,False,False,False,False
3x ETF Overbot Fade,month,Sep,1,1,6.043333333333333,,1.0,6.043333333333333,27195.0,0.8007110077519378,1.3047483952580445,0.6090861030496217,0.14954627949183302,0.011494252873563218,0.07686084142394822,,,0,,,1,6.043333333333333,0.1300903624543763,,,,,,,,,False,False,False,False
3x ETF Overbot Fade,month,Oct,3,2,1.5822962962962963,1.647910076854674,0.6666666666666666,1.5822962962962963,21361.0,0.8352094179894177,1.4091892354092654,0.6481645883818812,0.4085050126693841,0.034482758620689655,0.08441208198489752,0.8985673756351792,0.46371371015002294,3,,,1,-0.234,0.10218276272799896,0.9050531339660743,1.0,,,0.7815998400421377,1.0,,,False,False,False,False
3x ETF Overbot Fade,month,Nov,2,2,0.4171111111111111,0.9060394889603629,0.5,0.4171111111111111,3754.0,0.8714147973856207,1.4253081463060344,0.6981203543584741,0.27856659905341447,0.022988505747126436,0.0825242718446602,-0.8619352574174052,0.5471198880294963,2,,,2,-0.22355555555555556,0.017957684157151262,0.9176360438619875,1.0,,,0.7815998400421377,1.0,,,False,False,False,False
3x ETF Overbot Fade,month,Dec,14,2,0.2637784126984128,0.875081541260708,0.7142857142857143,0.2939108280254777,17304.0,0.9755011263318112,1.4717950220510703,0.7852194287708686,1.8942528735632183,0.16091954022988506,0.08495145631067962,-2.1637828002264285,0.11915067272595613,4,,,2,-1.1875555555555555,0.08277564375475371,0.8389424383146786,1.0,,,0.42228835801338666,1.0,,,False,False,False,False
3x ETF Overbot Fade,quarter,Q1,21,3,0.5180050793650793,0.9493644631915261,0.6666666666666666,0.3554429361488185,22093.0,0.9700965656565658,1.5220862743180297,0.7760354716981133,0.9749830966869507,0.2413793103448276,0.24757281553398058,-1.3336311735125994,0.25319913018583534,5,,,1,-1.937111111111111,0.10568436763024583,0.7975772600853813,1.0,,,0.3375988402477805,1.0,,,False,False,False,False
3x ETF Overbot Fade,quarter,Q2,29,3,1.5359503448275864,1.6066625940127393,0.8275862068965517,1.1592479791395047,101039.0,0.5234813793103448,1.1830216759556296,0.5002541612389637,1.3093220338983051,0.3333333333333333,0.2545846817691478,2.9514735545237265,0.016182135541192473,10,,,2,-2.3128888888888888,0.4833314996149191,0.7975772600853813,1.0,,,0.06472854216476989,0.06472854216476989,,,False,False,False,False
3x ETF Overbot Fade,quarter,Q3,18,3,0.5672113580246914,1.556308775700822,0.7222222222222222,0.6009810017271158,43496.0,0.9376039935587761,1.3759291806525438,0.7176329938549069,0.8411978221415608,0.20689655172413793,0.2459546925566343,-0.7340640740538454,0.4905888930527995,7,,,2,-1.1784444444444444,0.2080680421149311,0.9860913091107555,1.0,,,0.4905888930527995,1.0,,,False,False,False,False
3x ETF Overbot Fade,quarter,Q4,19,5,0.4881057309941521,1.0675376870900855,0.6842105263157895,0.5212780337941628,42419.0,0.9651539869281043,1.4861419510144744,0.7516249887870828,0.8670161707154989,0.21839080459770116,0.2518878101402373,-1.2599573262188006,0.24319556384240498,9,-1.2846078398571605,0.2891368200124598,4,-1.1875555555555555,0.20291609063990396,0.7975772600853813,1.0,0.9946099448218757,1.0,0.3375988402477805,0.9727822553696199,0.2891368200124598,0.2891368200124598,False,False,False,False
3x ETF Overbot Fade,half,MayOct,46,6,1.2090456038647344,1.6633399819929129,0.782608695652174,0.9507385843920146,148823.0,0.4704483468834689,0.9426423822154586,0.41099765408402644,1.0551946846813407,0.5287356321839081,0.5010787486515642,1.8008525212837492,0.0906036473294128,17,1.5693816671533654,0.25712261870879505,3,-2.3128888888888888,0.7119116753648701,0.48143622665871727,1.0,0.5134685304708131,1.0,0.09495848473248328,0.1812072946588256,0.25712261870879505,0.5142452374175901,False,False,False,False
3x ETF Overbot Fade,half,NovApr,41,6,0.4704483468834689,0.9426423822154586,0.6829268292682927,0.41099765408402644,60224.0,1.2090456038647344,1.6633399819929129,0.9507385843920146,0.9445666356011183,0.47126436781609193,0.4989212513484358,-1.8008525212837496,0.09495848473248328,14,-1.5693816671533654,0.25712261870879505,3,-1.937111111111111,0.2880883246351299,0.48143622665871727,1.0,0.5134685304708131,1.0,0.09495848473248328,0.18991696946496656,0.25712261870879505,0.5142452374175901,False,False,False,False
3x ETF Overbot Fade,wom,W1,38,4,0.6376191812865497,1.3663738405404622,0.6578947368421053,0.5472742962810766,68103.0,1.0341826757369617,1.43923107664376,0.7890496850944717,1.8300409117475163,0.4367816091954023,0.23867313915857605,-0.7674175384657551,0.4624901962873068,10,-0.8832216062892321,0.44215877331556813,4,-2.3128888888888888,0.325778413466828,0.7795808207257046,1.0,0.6488344500797862,1.0,0.6166535950497424,1.0,0.44215877331556813,1.0,False,False,False,False
3x ETF Overbot Fade,wom,W2,28,6,1.3572298412698416,1.605457897618119,0.7857142857142857,0.9206047745358091,86767.0,0.6254583804143126,1.2601995505113621,0.5855891596261377,1.3484511981297487,0.3218390804597701,0.23867313915857605,1.0685804426708496,0.3130805712985049,10,0.9304820982266853,0.42075773960589274,4,-0.96512,0.4150597712476142,0.7224936260734729,1.0,0.6428243243978917,1.0,0.6166535950497424,1.0,0.44215877331556813,1.0,False,False,False,False
3x ETF Overbot Fade,wom,W3,11,4,0.3390771717171717,0.5800868400252329,0.8181818181818182,0.3539047619047619,13935.0,0.9365083040935671,1.4835799975324673,0.7399285060170869,0.5297486849795442,0.12643678160919541,0.23867313915857605,-2.070753464156343,0.09315034937618248,6,-1.043102356966028,0.3735607921775003,4,-0.5258666666666667,0.06665965070056017,0.6876158972579476,1.0,0.6428243243978917,1.0,0.3726013975047299,0.3726013975047299,0.44215877331556813,1.0,False,False,False,False
3x ETF Overbot Fade,wom,W4+,10,6,0.8942666666666665,1.4156443362278894,0.8,0.8942666666666667,40242.0,0.8566469264069263,1.4226620453698513,0.6541172844262927,0.40475488751350824,0.11494252873563218,0.28398058252427183,0.0735060692746798,0.9430111756317394,10,-1.0302962553762138,0.37866360541167743,4,-1.937111111111111,0.19250216458499764,0.992643342770252,1.0,0.6428243243978917,1.0,0.9430111756317394,1.0,0.44215877331556813,1.0,False,False,False,False
3x ETF Overbot Fade,tom,TOM,29,5,0.42942896551724136,1.530040858746254,0.5862068965517241,0.29730149633874564,29182.0,1.0767420689655174,1.3126966826066682,0.8777795031055902,1.3966101694915254,0.3333333333333333,0.23867313915857605,-1.2297931874496792,0.2499521600741714,10,-1.371224488220451,0.24220017079853,5,-2.3128888888888888,0.13959540199093984,0.7924656996982887,1.0,0.5651337318632367,1.0,0.2499521600741714,0.4999043201483428,0.24220017079853,0.48440034159706,False,False,False,False
3x ETF Overbot Fade,tom,mid,58,9,1.0767420689655174,1.3126966826066682,0.8103448275862069,0.8777795031055902,179865.0,0.42942896551724136,1.530040858746254,0.29730149633874564,0.875664187035069,0.6666666666666666,0.761326860841424,1.22979318744968,0.2306943142578274,25,1.371224488220451,0.24220017079853,5,-0.96512,0.8604045980090602,0.7924656996982887,1.0,0.5651337318632367,1.0,0.2499521600741714,0.4613886285156548,0.24220017079853,0.48440034159706,False,False,False,False
3x ETF Overbot Fade,opex,opex,18,7,0.32457234567901233,0.662053075259053,0.7777777777777778,0.36145318352059924,24127.0,1.0009011272141706,1.5237775418599588,0.7825137347775387,0.8869045246163045,0.20689655172413793,0.23327939590075514,-2.1781231514492365,0.06104077760633099,9,-0.41470701098956936,0.6955492201337059,6,-0.96512,0.11541423698976785,0.9006924948094847,1.0,0.9174368745123129,1.0,0.18312233281899298,0.18312233281899298,0.790358904137365,1.0,False,False,False,False
3x ETF Overbot Fade,opex,other,63,7,1.0045989417989418,1.559940261733531,0.7142857142857143,0.7593518913123142,158944.0,0.4839477777777778,0.8415227751687078,0.534432,1.3438956197576888,0.7241379310344828,0.5388349514563107,1.4848034419684482,0.1548981857699162,19,0.2804596474676749,0.7903589041373651,6,-2.3128888888888888,0.7603266251130129,0.9006924948094847,1.0,0.9174368745123129,1.0,0.2323472786548743,0.4646945573097486,0.790358904137365,1.0,False,False,False,False
3x ETF Overbot Fade,opex,post_opex,6,4,0.9620740740740742,1.183850721876387,0.8333333333333334,0.9620740740740741,25976.0,0.8534819204389573,1.4352573528675836,0.6631437303833291,0.30263211589471534,0.06896551724137931,0.2278856526429342,0.2123047587205029,0.840252860139519,6,-0.6560968949884867,0.5791537484251066,3,-0.22355555555555556,0.12425913789721929,0.9452844676569588,1.0,0.9174368745123129,1.0,0.840252860139519,1.0,0.790358904137365,1.0,False,False,False,False
3x ETF Overbot Fade,dow,Mon,18,5,1.4314755555555554,1.7761385160714458,0.8333333333333334,0.7974129353233831,40070.0,0.712143768115942,1.2767965832017705,0.6683811171916261,1.103845199702307,0.20689655172413793,0.18743257820927725,0.8955505240676406,0.39663835545893467,9,0.022703170058914694,0.9833126930738854,4,-1.1784444444444444,0.19167938310523472,0.7819441864761855,1.0,0.9858651475917073,1.0,0.9262343969264755,1.0,0.9833126930738854,1.0,False,False,False,False
3x ETF Overbot Fade,dow,Tue,9,4,0.823851851851852,1.5125915378891377,0.7777777777777778,0.8238518518518518,33366.0,0.8652540170940168,1.4121604685194376,0.6690944029083669,0.5027342161160573,0.10344827586206896,0.2057713052858684,-0.0955417915491781,0.9262343969264755,9,-0.6523702964114018,0.5606905815384013,4,-1.937111111111111,0.15961003984749841,0.9538831848944299,1.0,0.9285883698949011,1.0,0.9262343969264755,1.0,0.7008632269230017,1.0,False,False,False,False
3x ETF Overbot Fade,dow,Wed,21,7,1.06437164021164,1.4907408466684875,0.8571428571428571,0.9916763754045308,76607.0,0.7962526599326598,1.3938274250019185,0.5864969114446388,1.1776769509981853,0.2413793103448276,0.20496224379719524,0.4219380262539792,0.680530835230149,13,2.1554243639441286,0.08366934535908341,6,-2.3128888888888888,0.36645826058254843,0.9206981995179716,1.0,0.6013278477913933,1.0,0.9262343969264755,1.0,0.2114043214891617,0.41834672679541707,False,False,False,False
3x ETF Overbot Fade,dow,Thu,23,4,0.3081503381642512,1.1210532750529276,0.5217391304347826,0.2773333333333333,20982.0,1.0596409722222222,1.462041625991163,0.8269898061163303,1.3140427105482113,0.26436781609195403,0.2011866235167206,-2.8372598267994986,0.02190411649563099,9,-3.2167925651235305,0.08456172859566467,3,-1.1875555555555555,0.10036977330456787,0.32852121025303843,1.0,0.6013278477913933,1.0,0.10952058247815494,0.10952058247815494,0.2114043214891617,0.4228086429783234,False,False,False,False
3x ETF Overbot Fade,dow,Fri,16,4,0.7677494444444445,0.9638432275574242,0.75,0.6400030604437643,38022.0,0.8819787167449137,1.5012623045586573,0.7019109914069513,0.9165739710789766,0.1839080459770115,0.20064724919093851,-0.25293934995027395,0.810385111888712,6,-1.763790303866212,0.17596273786973513,4,-0.5751111111111111,0.1818825431601506,0.9295530446908759,1.0,0.807179934753672,1.0,0.9262343969264755,1.0,0.2932712297828919,0.8798136893486757,False,False,False,False
3x ETF Overbot Fade,eseason_fixed,off,38,6,1.0741218713450293,1.7849457623650244,0.7105263157894737,0.7420130582397493,96858.0,0.6956703854875285,1.0299874975114578,0.6502532149972831,0.7858254278974051,0.4367816091954023,0.5558252427184466,0.7861633185709779,0.44586602314276014,14,-1.0759352561377342,0.3425243544641426,5,-2.3128888888888888,0.4633312125981239,0.9909864943128218,1.0,0.5994176203122495,1.0,0.44586602314276014,0.8917320462855203,0.3425243544641426,0.6850487089282852,False,False,False,False
3x ETF Overbot Fade,eseason_fixed,season,49,8,0.6956703854875285,1.0299874975114578,0.7551020408163265,0.6502532149972831,112189.0,1.0741218713450293,1.7849457623650244,0.7420130582397493,1.2680108033414985,0.5632183908045977,0.4441747572815534,-0.7861633185709781,0.4432600163638586,17,1.0759352561377342,0.3425243544641426,5,-1.937111111111111,0.5366687874018762,0.9909864943128218,1.0,0.5994176203122495,1.0,0.44586602314276014,0.8865200327277172,0.3425243544641426,0.6850487089282852,False,False,False,False
3x ETF Overbot Fade,eseason_data,off,49,6,0.9382637641723355,1.6197965549074875,0.7346938775510204,0.689904226859283,117221.0,0.7613040935672516,1.1060119598453995,0.6896108894625674,0.839394611375984,0.5632183908045977,0.6709816612729234,0.4229426242920305,0.6776388802446728,18,-0.48962264956368934,0.6500387422727308,5,-2.3128888888888888,0.560739929298196,0.9627067436733711,1.0,0.886567769828385,1.0,0.6792496132515682,1.0,0.6500387422727308,1.0,False,False,False,False
3x ETF Overbot Fade,eseason_data,season,38,8,0.7613040935672516,1.1060119598453995,0.7368421052631579,0.6896108894625674,91826.0,0.9382637641723355,1.6197965549074875,0.689904226859283,1.3275296777840588,0.4367816091954023,0.3290183387270766,-0.4229426242920308,0.6792496132515682,14,0.48962264956368934,0.6500387422727308,5,-1.937111111111111,0.4392600707018039,0.9627067436733711,1.0,0.886567769828385,1.0,0.6792496132515682,1.0,0.6500387422727308,1.0,False,False,False,False
3x ETF Overbot Fade,holiday,none,83,9,0.8912213119143239,1.4336855776328086,0.7469879518072289,0.7186001614462395,204848.0,0.2332777777777778,0.7463863533568699,0.23327777777777778,1.0325502747750468,0.9540229885057471,0.9239482200647249,1.602703384100738,0.12063621312256273,28,,,2,-2.3128888888888888,0.9799136079446249,0.5818745927048132,1.0,,,0.2856593377009507,0.3619086393676882,,,False,False,False,False
3x ETF Overbot Fade,holiday,post,2,1,0.41500000000000004,1.1664119192772762,0.5,0.415,3735.0,0.8714644705882351,1.4230367575749219,0.6981849658490402,0.6045487894350697,0.022988505747126436,0.03802588996763754,-0.7067615159386879,0.6083200069430166,2,,,1,-0.4097777777777778,0.017866795505316987,0.878132662207778,1.0,,,0.6083200069430166,1.0,,,False,False,False,False
3x ETF Overbot Fade,holiday,pre,2,1,0.05155555555555556,0.4226927203092917,0.5,0.051555555555555556,464.0,0.8800161045751632,1.4240731047154451,0.7093083440407301,0.6045487894350697,0.022988505747126436,0.03802588996763754,-3.2425828038903624,0.19043955846730046,1,,,1,-0.24733333333333332,0.002219596550058121,0.5818745927048132,1.0,,,0.2856593377009507,0.5713186754019014,,,False,False,False,False
3x Leader Gap Fade,month,Jan,1,1,1.4328888888888889,,1.0,1.4328888888888889,4030.0,1.143312077294686,2.4855283444276,1.143312077294686,0.49955985915492956,0.041666666666666664,0.08340675477239354,,,0,,,1,1.4328888888888889,0.05167461660768324,,,,,,,,,False,False,False,False
3x Leader Gap Fade,month,Feb,2,1,2.5216000000000003,1.8760642848760953,1.0,2.5216,14184.0,1.0311757575757576,2.472717489703899,1.0311757575757576,1.0548327137546467,0.08333333333333333,0.07900146842878121,1.925682282168376,0.30491880675993704,1,,,0,1.1950222222222222,0.18187413448222803,0.9050531339660743,1.0,,,0.4065584090132494,1.0,,,False,False,False,False
3x Leader Gap Fade,month,Mar,1,1,-0.11484444444444444,,0.0,-0.11484444444444444,-323.0,1.2106048309178745,2.470824954063559,1.2106048309178743,0.46669407894736836,0.041666666666666664,0.08928046989720999,,,0,,,0,-0.11484444444444444,-0.004141662819921014,,,,,,,,,False,False,False,False
3x Leader Gap Fade,month,Apr,6,3,3.1914074074074077,3.5871594428018256,0.8333333333333334,3.1914074074074072,53855.0,0.47670123456790137,1.504721755429223,0.47670123456790126,3.118131868131868,0.25,0.0801762114537445,2.634958553927186,0.11888617957316786,3,,,2,-1.266488888888889,0.6905549571728984,0.8389424383146786,1.0,,,0.35918892560570176,0.4755447182926714,,,False,False,False,False
3x Leader Gap Fade,month,May,1,1,1.2117333333333333,,1.0,1.2117333333333333,3408.0,1.1529275362318843,2.486232747737923,1.152927536231884,0.5121841155234657,0.041666666666666664,0.08135095447870778,,,0,,,1,1.2117333333333333,0.0436990306200954,,,,,,,,,False,False,False,False
3x Leader Gap Fade,month,Jun,1,1,-1.7390222222222222,,0.0,-1.7390222222222222,-4891.0,1.2812212560386473,2.405025924829326,1.2812212560386473,0.5177919708029196,0.041666666666666664,0.08046989720998532,,,0,,,1,-1.7390222222222222,-0.0627147766323024,,,,,,,,,False,False,False,False
3x Leader Gap Fade,month,Aug,1,1,-0.016355555555555557,,0.0,-0.016355555555555557,-46.0,1.20632270531401,2.4731322909649767,1.2063227053140098,0.49091695501730104,0.041666666666666664,0.08487518355359765,,,0,,,1,-0.016355555555555557,-0.0005898343334872031,,,,,,,,,False,False,False,False
3x Leader Gap Fade,month,Sep,9,2,0.06727901234567894,1.1934222722449335,0.4444444444444444,0.06727901234567901,1703.0,1.808237037037037,2.7716681909296796,1.808237037037037,4.694393382352941,0.375,0.07988252569750368,-2.029144781861688,0.17959446280285088,3,,,1,-1.8147555555555555,0.021836692824537107,0.8389424383146786,1.0,,,0.35918892560570176,0.7183778512114035,,,False,False,False,False
3x Leader Gap Fade,month,Dec,2,1,1.0787555555555557,2.4543204970464276,0.5,1.0787555555555555,6068.0,1.1623434343434345,2.4876512887559734,1.1623434343434342,0.9684300341296929,0.08333333333333333,0.08604992657856093,-0.05577706706946674,0.9645279712445853,2,,,0,-0.6567111111111111,0.07780684207826845,0.9960462357364827,1.0,,,0.9645279712445853,1.0,,,False,False,False,False
3x Leader Gap Fade,quarter,Q1,4,3,1.5903111111111112,1.6519233653345642,0.75,1.590311111111111,17891.0,1.0683911111111113,2.5843510034085373,1.068391111111111,0.6621936989498249,0.16666666666666666,0.2516886930983847,0.48508954208661853,0.6755462109450949,3,,,1,-0.11484444444444444,0.22940708826999026,0.9860913091107555,1.0,,,0.9007282812601266,1.0,,,False,False,False,False
3x Leader Gap Fade,quarter,Q2,8,3,2.3276444444444446,3.5172659524776564,0.75,2.3276444444444446,52372.0,0.5692444444444444,1.4810909939896895,0.5692444444444444,1.3774271844660193,0.3333333333333333,0.2419970631424376,1.371113922081972,0.24223182057760878,5,,,1,-1.7390222222222222,0.6715392111606914,0.7975772600853813,1.0,,,0.48446364115521756,0.9689272823104351,,,False,False,False,False
3x Leader Gap Fade,quarter,Q3,10,2,0.05891555555555554,1.1254800963724723,0.4,0.058915555555555554,1657.0,1.9385650793650793,2.828197171602393,1.9385650793650793,1.6970693779904307,0.4166666666666667,0.24552129221732746,-2.1922813606168203,0.15967515082969935,3,,,1,-1.8147555555555555,0.021246858491049906,0.7975772600853813,1.0,,,0.48446364115521756,0.6387006033187974,,,False,False,False,False
3x Leader Gap Fade,quarter,Q4,2,1,1.0787555555555557,2.4543204970464276,0.5,1.0787555555555555,6068.0,1.1623434343434345,2.4876512887559734,1.1623434343434342,0.3195382882882883,0.08333333333333333,0.2607929515418502,-0.05577706706946674,0.9645279712445853,2,,,0,-0.6567111111111111,0.07780684207826845,0.9860913091107555,1.0,,,0.9645279712445853,1.0,,,False,False,False,False
3x Leader Gap Fade,half,MayOct,12,3,0.005155555555555566,1.2032998740696463,0.4166666666666667,0.005155555555555556,174.0,2.3055999999999996,2.8334620936161468,2.3056,1.004424778761062,0.5,0.4977973568281938,-2.744356528076254,0.051673372666616896,5,,,2,-1.8147555555555555,0.002231112478842899,0.48143622665871727,1.0,,,0.051673372666616896,0.10334674533323379,,,False,False,False,False
3x Leader Gap Fade,half,NovApr,12,6,2.3055999999999996,2.8334620936161468,0.75,2.3056,77814.0,0.005155555555555566,1.2032998740696463,0.005155555555555556,0.9956140350877193,0.5,0.5022026431718062,2.744356528076254,0.028736959100658422,8,,,2,-1.266488888888889,0.9977688875211571,0.48143622665871727,0.9195826912210695,,,0.051673372666616896,0.057473918201316844,,,False,False,False,False
3x Leader Gap Fade,wom,W1,5,2,3.486222222222223,3.9611778550088284,0.8,3.486222222222222,49025.0,0.5419976608187135,1.4703876812470067,0.5419976608187135,0.871468058968059,0.20833333333333334,0.23906020558002936,2.893963758425014,0.21180475676743368,2,,,1,-1.266488888888889,0.6286223521567421,0.6891788219173139,1.0,,,0.4685494636717095,0.8472190270697347,,,False,False,False,False
3x Leader Gap Fade,wom,W2,3,3,0.14672592592592593,0.9612936359331611,0.3333333333333333,0.14672592592592593,1238.0,1.2994708994708997,2.5559417064743024,1.2994708994708994,0.525462962962963,0.125,0.23788546255506607,-1.2050898624611892,0.3514120977537821,3,,,2,-0.6567111111111111,0.01587423706211212,0.7397016462658751,1.0,,,0.4685494636717095,1.0,,,False,False,False,False
3x Leader Gap Fade,wom,W3,9,3,0.30921481481481483,1.4690255186078245,0.4444444444444444,0.30921481481481483,7827.0,1.6630755555555556,2.7828366433078426,1.6630755555555556,1.572506157635468,0.375,0.2384728340675477,-1.2279614832376682,0.3070189374238951,4,,,2,-1.8147555555555555,0.10036159409139868,0.7224936260734729,1.0,,,0.4685494636717095,1.0,,,False,False,False,False
3x Leader Gap Fade,wom,W4+,7,3,1.0106920634920635,1.69853510796579,0.7142857142857143,1.0106920634920635,19898.0,1.2149542483660132,2.7211679510472755,1.2149542483660132,1.0248968008255934,0.2916666666666667,0.2845814977973568,-0.16285066030689938,0.8770132384242437,6,,,1,-1.7390222222222222,0.2551418166897471,0.9906488261566698,1.0,,,0.8770132384242437,1.0,,,False,False,False,False
3x Leader Gap Fade,tom,TOM,7,4,0.4679619047619048,1.8421313938076553,0.5714285714285714,0.46796190476190475,9213.0,1.4384313725490196,2.633469489764814,1.4384313725490196,1.218558282208589,0.2916666666666667,0.2393538913362702,-0.6395165939865017,0.557275635575099,5,,,2,-1.7390222222222222,0.11813355900907832,0.8703149835788279,1.0,,,0.557275635575099,1.0,,,False,False,False,False
3x Leader Gap Fade,tom,mid,17,5,1.4384313725490196,2.633469489764814,0.5882352941176471,1.4384313725490196,68775.0,0.4679619047619048,1.8421313938076553,0.46796190476190475,0.9312258687258688,0.7083333333333334,0.7606461086637298,0.6395165939865022,0.5403632969391585,9,,,2,-1.8147555555555555,0.8818664409909217,0.8703149835788279,1.0,,,0.557275635575099,1.0,,,False,False,False,False
3x Leader Gap Fade,opex,opex,2,2,2.123555555555556,0.9767501670790177,1.0,2.1235555555555554,11945.0,1.0673616161616162,2.5165535598600046,1.0673616161616162,0.357367758186398,0.08333333333333333,0.23318649045521292,1.1310402866618603,0.46090269595418987,2,,,2,1.4328888888888889,0.15316458942401395,0.9452844676569588,1.0,,,0.5458760177720691,1.0,,,False,False,False,False
3x Leader Gap Fade,opex,other,13,5,1.530994871794872,2.932546992107375,0.6153846153846154,1.5309948717948718,55977.0,0.7114666666666666,1.6968597271226824,0.7114666666666667,1.0040146978769733,0.5416666666666666,0.5395007342143906,0.6306228163294995,0.5458760177720691,9,,,2,-1.7390222222222222,0.7177642714263733,0.9452844676569588,1.0,,,0.5458760177720691,1.0,,,False,False,False,False
3x Leader Gap Fade,opex,post_opex,9,3,0.39766913580246915,1.6942947785430018,0.4444444444444444,0.39766913580246915,10066.0,1.6100029629629633,2.735489579721811,1.6100029629629629,1.6497093023255813,0.375,0.22731277533039648,-1.0088230215761878,0.4192687001556694,3,,,1,-1.8147555555555555,0.12907113914961277,0.9452844676569588,1.0,,,0.5458760177720691,1.0,,,False,False,False,False
3x Leader Gap Fade,dow,Mon,2,1,1.4060444444444444,0.5433094236956904,1.0,1.4060444444444444,7909.0,1.132589898989899,2.5407236417157417,1.132589898989899,0.44614779874213834,0.08333333333333333,0.186784140969163,0.2838675551726574,0.8239163995891956,2,,,1,1.0218666666666667,0.10141303790326717,0.9295530446908759,1.0,,,0.88464656434952,1.0,,,False,False,False,False
3x Leader Gap Fade,dow,Tue,1,1,1.2117333333333333,,1.0,1.2117333333333333,3408.0,1.1529275362318843,2.486232747737923,1.152927536231884,0.20296852646638053,0.041666666666666664,0.2052863436123348,,,0,,,1,1.2117333333333333,0.0436990306200954,,,,,,,,,False,False,False,False
3x Leader Gap Fade,dow,Wed,2,2,0.9783111111111111,1.4066710900404384,0.5,0.9783111111111111,5503.0,1.1714747474747478,2.5255452675348753,1.1714747474747476,0.40710186513629837,0.08333333333333333,0.20469897209985316,-0.18320617991605984,0.88464656434952,2,,,1,-0.016355555555555557,0.07056213776478433,0.9295530446908759,1.0,,,0.88464656434952,1.0,,,False,False,False,False
3x Leader Gap Fade,dow,Thu,10,4,-0.16195555555555552,1.6460058391774648,0.3,-0.16195555555555555,-4555.0,2.096330158730159,2.509365819731175,2.096330158730159,2.0651382823871907,0.4166666666666667,0.20176211453744494,-1.82315496457322,0.1423544554613571,5,-0.7173594925933229,0.5476214615477377,3,-1.8147555555555555,-0.058406421500743703,0.7357550869573407,1.0,0.9285883698949011,1.0,0.3716914876131422,0.5694178218454284,0.5946298279006097,1.0,False,False,False,False
3x Leader Gap Fade,dow,Fri,9,5,2.596464197530864,3.022816773471524,0.7777777777777778,2.596464197530864,65723.0,0.29072592592592594,1.535038462510767,0.29072592592592594,1.8613338192419826,0.375,0.2014684287812041,1.4937922447749608,0.1858457438065711,7,0.6271162811075537,0.5946298279006097,3,-0.6567111111111111,0.8427322152125968,0.7357550869573407,1.0,0.9285883698949011,1.0,0.3716914876131422,0.7433829752262844,0.5946298279006097,1.0,False,False,False,False
3x Leader Gap Fade,eseason_fixed,off,20,7,1.1543822222222224,2.674071334140168,0.5,1.1543822222222222,64934.0,1.1603555555555556,0.20854629115751627,1.1603555555555556,1.492635455023672,0.8333333333333334,0.5582966226138032,-0.0068188345501826765,0.9947263726866351,9,,,2,-1.8147555555555555,0.8326152741447402,0.9949874910976888,1.0,,,0.9949874910976888,1.0,,,False,False,False,False
3x Leader Gap Fade,eseason_fixed,season,4,2,1.1603555555555556,0.20854629115751627,1.0,1.1603555555555556,13054.0,1.1543822222222224,2.674071334140168,1.1543822222222222,0.3773271276595745,0.16666666666666666,0.44170337738619675,0.006818834550183811,0.9949874910976888,4,,,2,0.9749333333333333,0.1673847258552598,0.9949874910976888,1.0,,,0.9949874910976888,1.0,,,False,False,False,False
3x Leader Gap Fade,eseason_data,off,19,7,1.0126035087719298,2.668999345760272,0.47368421052631576,1.0126035087719298,54111.0,1.6979200000000003,1.2155230669637611,1.69792,1.181255477651183,0.7916666666666666,0.6701908957415565,-0.6694247776352317,0.5220716378367805,9,-5.1524885147858335,0.035664533842484775,3,-1.8147555555555555,0.6938375134636098,0.9627067436733711,1.0,0.2674840038186358,1.0,0.5398818154401787,1.0,0.035664533842484775,0.07132906768496955,False,False,False,True
3x Leader Gap Fade,eseason_data,season,5,3,1.6979200000000003,1.2155230669637611,1.0,1.69792,23877.0,1.0126035087719298,2.668999345760272,1.0126035087719298,0.6316785396260018,0.20833333333333334,0.32980910425844345,0.6694247776352321,0.5398818154401787,5,5.1524885147858335,0.035664533842484775,3,0.9749333333333333,0.3061624865363902,0.9627067436733711,1.0,0.2674840038186358,1.0,0.5398818154401787,1.0,0.035664533842484775,0.07132906768496955,False,False,False,True
3x Leader Gap Fade,holiday,none,23,7,1.1934608695652176,2.478934049013569,0.5652173913043478,1.1934608695652174,77202.0,0.27946666666666664,,0.27946666666666664,1.0355839416058394,0.9583333333333334,0.9254038179148312,,,0,,,1,-1.8147555555555555,0.9899215263886751,,,,,,,,,False,False,False,False
3x Leader Gap Fade,holiday,pre,1,1,0.27946666666666664,,1.0,0.27946666666666664,786.0,1.1934608695652176,2.478934049013569,1.1934608695652174,1.1171259842519685,0.041666666666666664,0.037298091042584434,,,0,,,1,0.27946666666666664,0.01007847361132482,,,,,,,,,False,False,False,False
52wh Breakout,month,Jan,24,9,1.0303068783068783,2.3059569414957037,0.4583333333333333,1.0303068783068783,97364.0,0.4744247400109469,1.9674511187467207,0.4744247400109469,1.1566722972972971,0.09375,0.08105147864184009,0.9419784032590871,0.36478150256042796,13,0.4948481948507706,0.634010101377646,9,-1.0105396825396826,0.183445721251585,0.9050531339660743,1.0,0.9970919107269445,1.0,0.9500454322577383,1.0,0.8107951809998145,1.0,False,False,False,False
52wh Breakout,month,Feb,28,13,0.5080090702947846,1.87113249027418,0.4642857142857143,0.5080090702947846,56008.0,0.5288142578668894,2.0226144292815054,0.5288142578668894,1.4198015402843602,0.109375,0.07703541438481197,-0.06352902239149445,0.9500454322577383,19,0.4212180934666021,0.6817086827619977,12,-1.4118095238095238,0.10552594342733221,0.9960462357364827,1.0,0.9970919107269445,1.0,0.9500454322577383,1.0,0.8107951809998145,1.0,False,False,False,False
52wh Breakout,month,Mar,21,12,0.4629599395313681,1.998195025524464,0.38095238095238093,0.4629599395313681,38281.0,0.5322201958797703,2.0077236971838506,0.5322201958797703,0.9322970695020747,0.08203125,0.08798831690397955,-0.15126656312721024,0.8815459615181923,18,0.2560588499138507,0.8026307684761085,12,-1.265015873015873,0.07212610056316428,0.960040566766348,1.0,0.9970919107269445,1.0,0.9500454322577383,1.0,0.8107951809998145,1.0,False,False,False,False
52wh Breakout,month,Apr,17,11,0.798984126984127,2.3037122223766007,0.4117647058823529,0.798984126984127,53482.0,0.5071597263731155,1.9841032459303087,0.5071597263731155,0.7995020604395604,0.06640625,0.08305951077035414,0.3904474769118736,0.7043938607019257,11,0.7296721515097868,0.48414764104889485,10,-1.1845079365079365,0.10076664952115022,0.960040566766348,1.0,0.9970919107269445,1.0,0.9500454322577383,1.0,0.8107951809998145,1.0,False,False,False,False
52wh Breakout,month,May,16,10,0.2923015873015873,2.0563618107716843,0.3125,0.2923015873015873,18415.0,0.5421544973544974,2.002953597978664,0.5421544973544974,0.7362903225806452,0.0625,0.08488499452354874,-0.5664911405737507,0.5807088609518682,14,-0.575625290337689,0.5806948125051137,9,-1.0064761904761905,0.034696119272502546,0.9176360438619875,1.0,0.9970919107269445,1.0,0.9500454322577383,1.0,0.8107951809998145,1.0,False,False,False,False
52wh Breakout,month,Jun,12,5,0.47379894179894183,2.0317287775842643,0.4166666666666667,0.4737989417989418,22387.0,0.5291324486078584,2.005906218301101,0.5291324486078585,0.5498527837259101,0.046875,0.08525009127418766,-0.08958298543774372,0.9315341218404338,7,0.25569721184435984,0.8107951809998146,5,-1.0336507936507937,0.04217985458341105,0.9960462357364827,1.0,0.9970919107269445,1.0,0.9500454322577383,1.0,0.8107951809998145,1.0,False,False,False,False
52wh Breakout,month,Jul,25,12,0.19237587301587297,2.037507975350328,0.32,0.19237587301587303,18937.0,0.5627034975606404,2.000503422720541,0.5627034975606404,1.1529330549568966,0.09765625,0.08470244614822928,-0.9023339916283436,0.3802631137015835,17,-2.6318671717943634,0.02332936909538647,12,-1.90984126984127,0.0356796313148727,0.9050531339660743,1.0,0.9970919107269445,1.0,0.9500454322577383,1.0,0.27995242914463764,0.27995242914463764,False,False,False,False
52wh Breakout,month,Aug,19,11,-0.14556390977443615,1.7707404948645318,0.2631578947368421,-0.1455639097744361,-10890.0,0.5804203335342576,2.0142304161710776,0.5804203335342576,0.8632066082802548,0.07421875,0.0859802847754655,-1.7372127207011077,0.10596679441723512,14,-1.7735495097185225,0.10653707643204892,11,-1.4288253968253968,-0.020518096056342805,0.8389424383146786,1.0,0.9970919107269445,1.0,0.9500454322577383,1.0,0.6392224585922935,1.0,False,False,False,False
52wh Breakout,month,Sep,10,8,0.5768888888888889,2.424834224895503,0.4,0.5768888888888889,22715.0,0.524491934443154,1.9900227761070632,0.524491934443154,0.4987980769230769,0.0390625,0.0783132530120482,0.068365654615314,0.9471724279301407,9,0.2947104326245532,0.7767634748990484,8,-1.9357460317460318,0.04279784682459383,0.9960462357364827,1.0,0.9970919107269445,1.0,0.9500454322577383,1.0,0.8107951809998145,1.0,False,False,False,False
52wh Breakout,month,Oct,40,13,0.8662603174603174,1.8860760794011935,0.575,0.8662603174603175,136436.0,0.4636272780717225,2.0219563610415308,0.4636272780717225,1.840725806451613,0.15625,0.08488499452354874,1.2197043737020001,0.23922909291109398,18,0.7698564431913778,0.45759939269660577,12,-1.7876825396825398,0.2570621628597968,0.9050531339660743,1.0,0.9970919107269445,1.0,0.9500454322577383,1.0,0.8107951809998145,1.0,False,False,False,False
52wh Breakout,month,Nov,32,14,0.5745238095238095,1.8799443371155222,0.5,0.5745238095238095,72390.0,0.5196836734693877,2.0240120879559527,0.5196836734693877,1.5216666666666667,0.125,0.08214676889375684,0.1381138287749494,0.8914662405687517,22,0.6136934507244236,0.5500060923415445,14,-1.3391746031746032,0.13639164127811346,0.960040566766348,1.0,0.9970919107269445,1.0,0.9500454322577383,1.0,0.8107951809998145,1.0,False,False,False,False
52wh Breakout,month,Dec,12,8,0.1106031746031746,2.109365487931315,0.25,0.1106031746031746,5226.0,0.5469945355191257,2.0000717084627295,0.5469945355191257,0.5534078663793104,0.046875,0.08470244614822928,-0.772633867600619,0.4595476747649352,10,-1.1176680735995153,0.30059480183916665,8,-1.3246984126984127,0.009846425159820708,0.9050531339660743,1.0,0.9970919107269445,1.0,0.9500454322577383,1.0,0.8107951809998145,1.0,False,False,False,False
52wh Breakout,quarter,Q1,73,15,0.6667640791476407,2.0461253661988885,0.4383561643835616,0.6667640791476408,191653.0,0.4706017867985081,1.9886300230238574,0.4706017867985081,1.1588174610534125,0.28515625,0.24607520993063162,0.6278437307338008,0.533279697895662,46,0.16206934154620595,0.8737431636174949,14,-1.4118095238095238,0.3610977652420815,0.9860913091107555,1.0,0.9946099448218757,1.0,0.7110395971942159,1.0,0.8737431636174949,1.0,False,False,False,False
52wh Breakout,quarter,Q2,45,17,0.5321142857142855,2.1101574722310192,0.37777777777777777,0.5321142857142858,94284.0,0.5253495824870233,1.9847851538193688,0.5253495824870232,0.6942535598413843,0.17578125,0.25319459656809057,0.017574016816765868,0.9860913091107555,32,0.2959631342966197,0.7716028480785748,15,-1.1845079365079365,0.17764262337706382,0.9860913091107555,1.0,0.9946099448218757,1.0,0.9860913091107555,1.0,0.8737431636174949,1.0,False,False,False,False
52wh Breakout,quarter,Q3,54,16,0.1446772486772486,2.002441057560123,0.3148148148148148,0.14467724867724868,30762.0,0.6286204620462047,1.9958844478379334,0.6286204620462046,0.8471522177419355,0.2109375,0.24899598393574296,-1.6275949517276875,0.11209803562501111,38,-2.124948189392545,0.050617962523114,16,-1.9357460317460318,0.05795938208312373,0.7975772600853813,1.0,0.9946099448218757,1.0,0.44839214250004444,0.44839214250004444,0.202471850092456,0.202471850092456,False,False,False,False
52wh Breakout,quarter,Q4,84,16,0.6471715797430083,1.9099654564341038,0.5,0.6471715797430083,214052.0,0.46762495385751196,2.049947592192108,0.467624953857512,1.303458121827411,0.328125,0.2517342095655349,0.65672445995583,0.5147027627780936,46,0.4218435838029964,0.679545072105471,15,-1.7876825396825398,0.40330022929773096,0.9860913091107555,1.0,0.9946099448218757,1.0,0.7110395971942159,1.0,0.8737431636174949,1.0,False,False,False,False
52wh Breakout,half,MayOct,122,20,0.43299505594587545,1.9759351099142455,0.4098360655737705,0.4329950559458756,208000.0,0.6117052831082681,2.0312026785594712,0.6117052831082682,0.9455303784860557,0.4765625,0.5040160642570282,-0.6519688838787484,0.5164411995475395,75,-1.6458905642404835,0.11928483364239992,17,-1.9357460317460318,0.3918975187988341,0.7474136709335335,1.0,0.5134685304708131,1.0,0.5164411995475395,1.0,0.11928483364239992,0.23856966728479984,False,False,False,False
52wh Breakout,half,NovApr,134,19,0.6117052831082681,2.0312026785594712,0.43283582089552236,0.6117052831082682,322751.0,0.43299505594587545,1.9759351099142455,0.4329950559458756,1.0553517206477732,0.5234375,0.4959839357429719,0.6519688838787471,0.5161205121207693,89,1.6458905642404835,0.11928483364239992,17,-1.4118095238095238,0.608102481201166,0.7474136709335335,1.0,0.5134685304708131,1.0,0.5164411995475395,1.0,0.11928483364239992,0.23856966728479984,False,False,False,False
52wh Breakout,wom,W1,55,18,0.7744046176046175,1.989888141790533,0.509090909090909,0.7744046176046177,167707.0,0.45871468056542686,2.006323051371889,0.45871468056542686,0.899094012605042,0.21484375,0.2389558232931727,1.0479180368522871,0.3001513496747518,47,1.2728125128791743,0.22021696313921213,18,-1.3246984126984127,0.31598056339036573,0.7224936260734729,1.0,0.6428243243978917,1.0,0.6003026993495036,1.0,0.336246738949336,0.8808678525568485,False,False,False,False
52wh Breakout,wom,W2,51,19,0.18030750077808896,1.906339515114763,0.3333333333333333,0.18030750077808902,36208.0,0.6126742547425474,2.021757051383524,0.6126742547425474,0.8362607758620689,0.19921875,0.23822562979189485,-1.607993407431513,0.11515548260417881,44,-2.746133493399541,0.013779211468733083,18,-1.9357460317460318,0.06822031423398166,0.6891788219173139,1.0,0.6428243243978917,0.7578566307803196,0.46062193041671523,0.46062193041671523,0.05511684587493233,0.05511684587493233,False,False,False,True
52wh Breakout,wom,W3,60,17,0.6806433862433862,2.1200650370242595,0.43333333333333335,0.6806433862433863,160802.0,0.4793637836086816,1.9691785641530843,0.4793637836086816,0.9838362068965517,0.234375,0.23822562979189485,0.700940570606273,0.48679607061138597,48,1.1830500600554106,0.25520156984232195,16,-1.265015873015873,0.30297069623985634,0.7893990334238691,1.0,0.6428243243978917,1.0,0.6490614274818479,1.0,0.336246738949336,1.0,False,False,False,False
52wh Breakout,wom,W4+,90,20,0.4685262786596119,1.9866328763391856,0.4111111111111111,0.468526278659612,166034.0,0.5579912029068655,2.017299675616144,0.5579912029068655,1.235317110327133,0.3515625,0.2845929171230376,-0.3665306911579035,0.7153028608772254,59,-0.9895999601054135,0.336246738949336,18,-1.90984126984127,0.31282842613579626,0.9540913465601865,1.0,0.6428243243978917,1.0,0.7153028608772254,1.0,0.336246738949336,1.0,False,False,False,False
52wh Breakout,tom,TOM,69,18,0.6177280883367839,1.9609722453583043,0.463768115942029,0.6177280883367839,167829.0,0.492891265597148,2.0226113914712487,0.49289126559714797,1.1270932729007634,0.26953125,0.23913837166849214,0.39924996135865376,0.6914799070902591,49,2.2210576254489918,0.04112942851998347,17,-1.3391746031746032,0.31621042635812274,0.8703149835788279,1.0,0.23209541562120503,1.0,0.6914799070902591,1.0,0.04112942851998347,0.08225885703996694,False,False,False,True
52wh Breakout,tom,mid,187,21,0.492891265597148,2.0226113914712487,0.40641711229946526,0.49289126559714797,362922.0,0.6177280883367839,1.9609722453583043,0.6177280883367839,0.960054657509597,0.73046875,0.7608616283315078,-0.39924996135865337,0.6903796129392488,128,-2.2210576254489918,0.04112942851998347,17,-1.9357460317460318,0.6837895736418773,0.8703149835788279,1.0,0.23209541562120503,1.0,0.6914799070902591,1.0,0.04112942851998347,0.08225885703996694,False,False,False,True
52wh Breakout,opex,opex,55,16,0.618020202020202,2.1063830022391565,0.43636363636363634,0.618020202020202,133840.0,0.5015064360736002,1.9786553239267084,0.5015064360736002,0.9201830043002346,0.21484375,0.2334793720335889,0.3767211421263049,0.7081915568721313,45,-0.36228277607218895,0.7225510397756121,15,-1.9357460317460318,0.25217098036555746,0.9452844676569588,1.0,0.9174368745123129,1.0,0.9822662028551687,1.0,0.722551039775612,1.0,False,False,False,False
52wh Breakout,opex,other,137,21,0.5238679179701077,1.9848943147875928,0.4306569343065693,0.5238679179701078,282594.0,0.5296134453781512,2.032314865377278,0.5296134453781512,0.991070296653144,0.53515625,0.5399780941949617,-0.0222864483076407,0.9822662028551687,96,0.5731068345531505,0.5745393607542149,17,-1.7876825396825398,0.532441766478066,0.9822662028551687,1.0,0.9174368745123129,1.0,0.9822662028551687,1.0,0.722551039775612,1.0,False,False,False,False
52wh Breakout,opex,post_opex,64,15,0.4536388888888888,1.980005972310621,0.390625,0.45363888888888887,114317.0,0.5508386243386243,2.015322582649148,0.5508386243386243,1.1035455278001611,0.25,0.22654253377144942,-0.3623820617351029,0.7188415918529605,44,-1.3692240022083846,0.19249536356205202,15,-1.90984126984127,0.21538725315637652,0.9452844676569588,1.0,0.8400772188344752,1.0,0.9822662028551687,1.0,0.5774860906861561,0.5774860906861561,False,False,False,False
52wh Breakout,dow,Mon,23,12,-0.0010379572118703207,1.5996484845557146,0.34782608695652173,-0.0010379572118702554,-94.0,0.57861707200763,2.0340448678833383,0.5786170720076299,0.48016006097560976,0.08984375,0.18711208470244614,-1.6038773877262706,0.12300214133457145,23,-1.2326729173634865,0.24339370110086792,12,-1.3246984126984127,-0.0001771075325340885,0.7357550869573407,1.0,0.8198524668660814,1.0,0.6150107066728573,0.6150107066728573,0.6084842527521698,1.0,False,False,False,False
52wh Breakout,dow,Tue,55,18,0.6536727272727274,2.1431906967159424,0.41818181818181815,0.6536727272727273,141561.0,0.4917507699597251,1.9672606310614196,0.49175076995972516,1.045216751776199,0.21484375,0.20554947060971157,0.5048388327379121,0.6158899427111945,51,0.4922462274791394,0.6296717049591973,16,-1.1845079365079365,0.26671829162827765,0.9025637357884506,1.0,0.9285883698949011,1.0,0.8891376949217074,1.0,0.7870896311989967,1.0,False,False,False,False
52wh Breakout,dow,Wed,63,17,0.6086570924666161,1.985049144718107,0.4444444444444444,0.6086570924666163,150985.0,0.49973320174356445,2.0133951429203396,0.49973320174356445,1.1972482793072825,0.24609375,0.20554947060971157,0.36549649073107543,0.7161955177159678,54,-0.5218435763550613,0.6089283263076497,17,-1.90984126984127,0.2844742638261633,0.9295530446908759,1.0,0.9285883698949011,1.0,0.8891376949217074,1.0,0.7870896311989967,1.0,False,False,False,False
52wh Breakout,dow,Thu,54,18,0.4925855379188712,2.05358064220735,0.3888888888888889,0.4925855379188713,104736.0,0.5356152758132957,1.9945215182450768,0.5356152758132956,1.0476116273798732,0.2109375,0.201350857977364,-0.1401223939456141,0.8891376949217074,50,0.1400270137038881,0.8905015877783486,16,-1.3391746031746032,0.19733547369670523,0.9295530446908759,1.0,0.9858651475917073,1.0,0.8891376949217074,1.0,0.8905015877783488,1.0,False,False,False,False
52wh Breakout,dow,Fri,61,16,0.5560780640124903,2.0133367964741375,0.45901639344262296,0.5560780640124903,133563.0,0.5172981684981685,2.005032456377219,0.5172981684981685,1.1888020833333333,0.23828125,0.2004381161007667,0.14021549933505945,0.8890420404461135,52,1.3862829365183853,0.18592258928399225,16,-1.9357460317460318,0.2516490783813879,0.9295530446908759,1.0,0.807179934753672,1.0,0.8891376949217074,1.0,0.6084842527521698,0.9296129464199612,False,False,False,False
52wh Breakout,eseason_fixed,off,87,18,0.3969027549717204,1.9628362702738897,0.3793103448275862,0.3969027549717205,135964.0,0.5932743495820418,2.0260833111285987,0.5932743495820418,0.6133983731466228,0.33984375,0.55403431909456,-0.6796374509405886,0.49914734601987154,66,0.23603047240578393,0.8162292576952247,18,-1.9357460317460318,0.2561728569517533,0.9909864943128218,1.0,0.9521465816839606,1.0,0.49914734601987154,0.9982946920397431,0.8162292576952247,1.0,False,False,False,False
52wh Breakout,eseason_fixed,season,169,22,0.5932743495820418,2.0260833111285987,0.4437869822485207,0.5932743495820418,394787.0,0.3969027549717204,1.9628362702738897,0.3969027549717205,1.48028487003684,0.66015625,0.4459656809054399,0.679637450940589,0.4983695835899463,97,-0.23603047240578393,0.8162292576952247,18,-1.90984126984127,0.7438271430482467,0.9909864943128218,1.0,0.9521465816839606,1.0,0.49914734601987154,0.9967391671798926,0.8162292576952247,1.0,False,False,False,False
52wh Breakout,eseason_data,off,109,19,0.47289354885685164,2.0377101923498384,0.3944954128440367,0.4728935488568516,202960.0,0.5663163805204622,1.983149600920459,0.5663163805204622,0.636232866202946,0.42578125,0.6692223439211391,-0.36257950623050367,0.7178297113091417,85,0.5629056482972271,0.5808477997604264,18,-1.9357460317460318,0.3824015404587085,0.9627067436733711,1.0,0.886567769828385,1.0,0.7178518846550267,1.0,0.5808477997604264,1.0,False,False,False,False
52wh Breakout,eseason_data,season,147,21,0.5663163805204622,1.983149600920459,0.4421768707482993,0.5663163805204622,327791.0,0.47289354885685164,2.0377101923498384,0.4728935488568516,1.7359659561258278,0.57421875,0.3307776560788609,0.3625795062305039,0.7178518846550267,83,-0.5629056482972271,0.5808477997604264,18,-1.90984126984127,0.6175984595412914,0.9627067436733711,1.0,0.886567769828385,1.0,0.7178518846550267,1.0,0.5808477997604264,1.0,False,False,False,False
52wh Breakout,holiday,none,248,22,0.4905488991295443,1.9861590637094122,0.4153225806451613,0.4905488991295443,479021.0,1.6422222222222222,2.346419261334642,1.6422222222222222,1.045883425305479,0.96875,0.9262504563709383,-1.4957755166098756,0.13675865867902198,155,-1.637148528571201,0.1769409584458863,5,-1.9357460317460318,0.9025343334256554,0.5818745927048132,1.0,0.9358221435871555,1.0,0.20513798801853297,0.41027597603706595,0.26541143766882946,0.5308228753376589,False,False,False,False
52wh Breakout,holiday,post,4,3,0.5363809523809524,1.821971156864858,0.5,0.5363809523809524,8448.0,0.5263824640967498,2.0091745246769617,0.5263824640967498,0.4237314356435643,0.015625,0.03687477181453085,0.012441973694880488,0.9908541551333614,4,0.4072065762524661,0.7233033606896021,3,-1.0656507936507937,0.01591706845582957,0.9908541551333614,1.0,0.9358221435871555,1.0,0.9908541551333614,1.0,0.7233033606896021,1.0,False,False,False,False
52wh Breakout,holiday,pre,4,3,2.748063492063492,2.503195787236776,0.75,2.748063492063492,43282.0,0.4912763920382968,1.9803209916651952,0.4912763920382968,0.4237314356435643,0.015625,0.03687477181453085,2.0887967816557653,0.12792370368539832,4,2.905137037969025,0.10087495977295562,3,-1.0067301587301587,0.08154859811851509,0.5818745927048132,1.0,0.9358221435871555,1.0,0.20513798801853297,0.383771111056195,0.26541143766882946,0.30262487931886684,False,False,False,False
ATR Extended Gap Up,month,Jan,12,5,0.4063333333333334,1.826514436135026,0.5833333333333334,0.4063333333333333,21942.0,0.8584256120527309,1.8944936330455941,0.8584256120527307,2.107940747935891,0.16901408450704225,0.08017971315016416,-0.814633516238128,0.44640262781274276,7,-0.9351212266272635,0.4187085605466723,4,-2.488,0.08781928646329457,0.9050531339660743,1.0,0.9970919107269445,1.0,0.9820857811880341,1.0,0.982147960593095,1.0,False,False,False,False
ATR Extended Gap Up,month,Feb,6,5,1.8059629629629628,2.9744083338750773,0.8333333333333334,1.805962962962963,48761.0,0.687497435897436,1.749093308449243,0.687497435897436,1.1089393503880425,0.08450704225352113,0.07620528771384137,1.0160217521741655,0.3670774101749659,5,0.3473846549420148,0.7458106736983185,5,-3.869111111111111,0.1951579722557974,0.9050531339660743,1.0,0.9970919107269445,1.0,0.9820857811880341,1.0,0.982147960593095,1.0,False,False,False,False
ATR Extended Gap Up,month,Mar,3,2,1.4948888888888892,2.4741508482210794,0.6666666666666666,1.494888888888889,20181.0,0.7505653594771243,1.8651129660611077,0.7505653594771242,0.4851609657947686,0.04225352112676056,0.08709175738724728,0.6147639078024352,0.6490922243750141,2,,,2,-0.9473333333333334,0.08077117036349228,0.9565569622368629,1.0,,,0.9943956727036931,1.0,,,False,False,False,False
ATR Extended Gap Up,month,Apr,7,6,-0.02403174603174605,1.2742273987969326,0.5714285714285714,-0.024031746031746033,-757.0,0.8701770833333333,1.919476703452405,0.8701770833333333,1.198632974316487,0.09859154929577464,0.0822533264212891,-1.6982778994342045,0.1502098946807898,6,-0.0242881967332961,0.982147960593095,4,-1.6648888888888889,-0.0030297693853210276,0.8389424383146786,1.0,0.9970919107269445,1.0,0.9820857811880341,1.0,0.982147960593095,1.0,False,False,False,False
ATR Extended Gap Up,month,May,5,2,0.7773333333333333,1.221977965492074,0.8,0.7773333333333333,17490.0,0.7823703703703705,1.9252609753247945,0.7823703703703704,0.8402787861187745,0.07042253521126761,0.0838085363746328,-0.008803484147872657,0.9943956727036932,2,,,2,-0.17244444444444446,0.0700008805142203,0.9971706674888388,1.0,,,0.9943956727036931,1.0,,,False,False,False,False
ATR Extended Gap Up,month,Jun,5,4,0.9441777777777778,1.866871056270556,0.6,0.9441777777777778,21244.0,0.7697306397306399,1.8925835141038772,0.7697306397306397,0.8334053400155536,0.07042253521126761,0.0844997407983411,0.22216433079063885,0.8350681811053949,5,-0.22407077091940733,0.8435101129375036,3,-0.7311111111111112,0.08502565498250979,0.960040566766348,1.0,0.9970919107269445,1.0,0.9943956727036931,1.0,0.982147960593095,1.0,False,False,False,False
ATR Extended Gap Up,month,Jul,2,2,0.5321111111111111,1.886089487684918,0.5,0.5321111111111111,4789.0,0.7892592592592594,1.8912263313926478,0.7892592592592592,0.33541992696922274,0.028169014084507043,0.08398133748055987,-0.2635141781387014,0.8359705269229524,2,,,2,-0.8015555555555556,0.019167193641086395,0.960040566766348,1.0,,,0.9943956727036931,1.0,,,False,False,False,False
ATR Extended Gap Up,month,Aug,7,7,0.9560000000000001,2.0080794214778868,0.7142857142857143,0.956,30114.0,0.7629861111111111,1.879186794186943,0.7629861111111111,1.1209219956279917,0.09859154929577464,0.08795576291688267,0.25976848556065185,0.8037261761232053,7,0.6046196974601784,0.5718176729850808,6,-1.9895555555555555,0.12052638741024758,0.960040566766348,1.0,0.9970919107269445,1.0,0.9943956727036931,1.0,0.982147960593095,1.0,False,False,False,False
ATR Extended Gap Up,month,Sep,5,4,0.30524444444444443,1.3076033830666727,0.6,0.30524444444444443,6868.0,0.8181346801346802,1.9168965868799706,0.8181346801346802,0.8652552256212434,0.07042253521126761,0.08138932089165371,-0.894306641529952,0.4217055740754837,5,-0.47599479468816613,0.6665939872149833,4,-1.2113333333333334,0.027488053022965413,0.9050531339660743,1.0,0.9970919107269445,1.0,0.9820857811880341,1.0,0.982147960593095,1.0,False,False,False,False
ATR Extended Gap Up,month,Oct,1,1,-0.42333333333333334,,0.0,-0.42333333333333334,-1905.0,0.7992349206349207,1.8859909001975983,0.7992349206349206,0.1607633969497458,0.014084507042253521,0.08761016070502851,,,0,,,1,-0.42333333333333334,-0.007624452680365333,,,,,,,,,False,False,False,False
ATR Extended Gap Up,month,Nov,9,7,0.7461481481481482,1.6370529716838016,0.6666666666666666,0.7461481481481481,30219.0,0.7872222222222223,1.9224778177458255,0.7872222222222223,1.5641010240547764,0.1267605633802817,0.08104371867979955,-0.06529897537085842,0.9497617039709234,8,0.06857663837760063,0.9479846125390843,6,-1.1582222222222223,0.1209466328335748,0.9960462357364827,1.0,0.9970919107269445,1.0,0.9943956727036931,1.0,0.982147960593095,1.0,False,False,False,False
ATR Extended Gap Up,month,Dec,9,6,1.2569876543209877,2.471966838522406,0.6666666666666666,1.2569876543209877,50908.0,0.713068100358423,1.791116043527679,0.7130681003584229,1.5093896713615023,0.1267605633802817,0.08398133748055987,0.8790747260112397,0.40852160202415133,8,0.1370294229906968,0.8976279938869072,5,-2.801111111111111,0.20375099057849785,0.9050531339660743,1.0,0.9970919107269445,1.0,0.9820857811880341,1.0,0.982147960593095,1.0,False,False,False,False
ATR Extended Gap Up,quarter,Q1,21,8,0.9617354497354498,2.2583933539861096,0.6666666666666666,0.9617354497354498,90884.0,0.7065333333333335,1.7138928350506029,0.7065333333333333,1.2147962294705064,0.29577464788732394,0.2434767582512528,0.49015481678137834,0.6321927206991484,14,-0.22508854677351905,0.8293807240963358,7,-3.869111111111111,0.3637484290825842,0.9860913091107555,1.0,0.9946099448218757,1.0,0.7693922874402246,1.0,0.8293807240963358,1.0,False,False,False,False
ATR Extended Gap Up,quarter,Q2,17,10,0.49643137254901953,1.4350254857946512,0.6470588235294118,0.4964313725490196,37977.0,0.8719218106995889,2.0006236098158583,0.8719218106995885,0.9555998057309373,0.23943661971830985,0.250561603594263,-0.8802276032699666,0.3960224418958772,13,0.23016542791366204,0.8256097633748067,7,-1.6648888888888889,0.15199676611140905,0.9860913091107555,1.0,0.9946099448218757,1.0,0.7693922874402246,1.0,0.8293807240963358,1.0,False,False,False,False
ATR Extended Gap Up,quarter,Q3,14,9,0.6630317460317461,1.6610027031649628,0.6428571428571429,0.6630317460317461,41771.0,0.8112397660818713,1.9401353327164108,0.8112397660818713,0.7783755740445399,0.19718309859154928,0.25332642128909627,-0.29936734266737536,0.7693922874402246,14,0.4735012717340523,0.6525922427604727,7,-1.9895555555555555,0.1671816340742994,0.9860913091107555,1.0,0.9946099448218757,1.0,0.7693922874402246,1.0,0.8293807240963358,1.0,False,False,False,False
ATR Extended Gap Up,quarter,Q4,19,10,0.9265730994152046,2.0196574202104647,0.631578947368421,0.9265730994152047,79222.0,0.7291965811965813,1.841459218016307,0.7291965811965812,1.059257047070384,0.2676056338028169,0.2526352168653879,0.41576283561164534,0.6834705352699877,16,-0.22666703109549183,0.827159648609297,8,-2.801111111111111,0.3170731707317073,0.9860913091107555,1.0,0.9946099448218757,1.0,0.7693922874402246,1.0,0.8293807240963358,1.0,False,False,False,False
ATR Extended Gap Up,half,MayOct,25,13,0.6986666666666665,1.5463508537725075,0.64,0.6986666666666667,78600.0,0.8273140096618359,2.0507293460247515,0.8273140096618358,0.6914408063583399,0.352112676056338,0.5092448591670987,-0.3084477653140225,0.7607805654259413,22,0.591725631632593,0.5703735118179729,9,-1.9895555555555555,0.31458371689066417,0.8114992697876707,1.0,0.6570494487521399,1.0,0.7607805654259413,1.0,0.5703735118179729,1.0,False,False,False,False
ATR Extended Gap Up,half,NovApr,46,17,0.8273140096618359,2.0507293460247515,0.6521739130434783,0.8273140096618358,171254.0,0.6986666666666665,1.5463508537725075,0.6986666666666667,1.3201844872049198,0.647887323943662,0.49075514083290134,0.30844776531402207,0.7596236290093903,35,-0.591725631632593,0.5703735118179729,9,-3.869111111111111,0.6854162831093359,0.8114992697876707,1.0,0.6570494487521399,1.0,0.7607805654259413,1.0,0.5703735118179729,1.0,False,False,False,False
ATR Extended Gap Up,wom,W1,21,12,1.2378306878306877,1.6541192784028635,0.7619047619047619,1.2378306878306877,116975.0,0.5905733333333333,1.9482390946304071,0.5905733333333333,1.2394264209442025,0.29577464788732394,0.23863832728529463,1.4635744918365454,0.16055498778647292,19,0.9618026154523299,0.3643144858559731,9,-1.2113333333333334,0.46817341327335166,0.6891788219173139,1.0,0.6428243243978917,1.0,0.5030634853385658,0.6422199511458917,0.728742129541869,1.0,False,False,False,False
ATR Extended Gap Up,wom,W2,21,12,0.4686137566137565,1.9426266765562445,0.6666666666666666,0.4686137566137566,44284.0,0.9136444444444445,1.8543884314033425,0.9136444444444445,1.2403245560318432,0.29577464788732394,0.23846552617936756,-0.9065848603959628,0.37729761400392436,18,-0.9502804580656785,0.3643710647709345,11,-3.869111111111111,0.1772395078725976,0.7397016462658751,1.0,0.6428243243978917,1.0,0.5030634853385658,1.0,0.728742129541869,1.0,False,False,False,False
ATR Extended Gap Up,wom,W3,10,9,0.27997777777777777,1.3999142574174726,0.5,0.27997777777777777,12599.0,0.8643169398907106,1.9422175203176482,0.8643169398907103,0.5906307409675444,0.14084507042253522,0.23846552617936756,-1.1751079488398748,0.2701028996384479,10,-0.046020257311346784,0.9645794767535351,8,-1.439111111111111,0.05042544846190175,0.7046162599263859,1.0,0.9673153765071466,1.0,0.5030634853385658,1.0,0.9645794767535351,1.0,False,False,False,False
ATR Extended Gap Up,wom,W4+,19,10,0.8888421052631578,2.234887042104849,0.5789473684210527,0.8888421052631579,75996.0,0.742982905982906,1.7528853780485558,0.742982905982906,0.9408467817842656,0.2676056338028169,0.2844306203559703,0.27797955996381746,0.7848230687728078,16,0.47679974209274983,0.6480298416204867,8,-2.801111111111111,0.304161630392149,0.9810288359660099,1.0,0.8288753788169015,1.0,0.7848230687728078,1.0,0.8640397888273156,1.0,False,False,False,False
ATR Extended Gap Up,tom,TOM,16,9,0.43225,1.4163127456235216,0.5625,0.43225,31122.0,0.8837656565656568,1.992058564180342,0.8837656565656565,0.9443248921479638,0.22535211267605634,0.23863832728529463,-1.070337133475519,0.30552409476865217,13,-2.5920536824968345,0.048715585296853284,6,-1.2113333333333334,0.12456074347418893,0.7924656996982887,1.0,0.23209541562120503,1.0,0.30552409476865217,0.6110481895373043,0.048715585296853284,0.09743117059370657,False,False,False,True
ATR Extended Gap Up,tom,mid,55,18,0.8837656565656568,1.992058564180342,0.6727272727272727,0.8837656565656565,218732.0,0.43225,1.4163127456235216,0.43225,1.017450595538734,0.7746478873239436,0.7613616727147053,1.0703371334755176,0.2901750923033456,46,2.5920536824968345,0.048715585296853284,6,-3.869111111111111,0.8754392565258111,0.7924656996982887,1.0,0.23209541562120503,1.0,0.30552409476865217,0.5803501846066912,0.048715585296853284,0.09743117059370657,False,False,False,True
ATR Extended Gap Up,opex,opex,12,9,0.7161296296296294,1.6716065149476904,0.6666666666666666,0.7161296296296297,38671.0,0.7954161958568738,1.9302686017994748,0.7954161958568738,0.7229005964835576,0.16901408450704225,0.23379989631933645,-0.14843542532206094,0.8849496768586348,11,0.6899839741240703,0.5159903458882117,7,-1.6648888888888889,0.15477438824273376,0.9481603680628231,1.0,0.9174368745123129,1.0,0.8849496768586348,1.0,0.5159903458882117,1.0,False,False,False,False
ATR Extended Gap Up,opex,other,37,17,0.7144084084084084,1.9511810664879077,0.6486486486486487,0.7144084084084084,118949.0,0.8555882352941178,1.8215456994407455,0.8555882352941176,0.9662802189619614,0.5211267605633803,0.5393122515984102,-0.3381003013607036,0.7375667035334774,32,-1.5942576133951818,0.13918515942421833,12,-3.869111111111111,0.47607402723190345,0.9452844676569588,1.0,0.8400772188344752,1.0,0.8849496768586348,1.0,0.24859688422225673,0.417555478272655,False,False,False,False
ATR Extended Gap Up,opex,post_opex,22,12,0.9316565656565655,1.9321504363105597,0.6363636363636364,0.9316565656565656,92234.0,0.7148299319727891,1.8696749413653064,0.7148299319727891,1.365693015672098,0.30985915492957744,0.22688785208225332,0.4992043408767214,0.6236817701628953,19,1.5083808705411628,0.16573125614817116,10,-2.801111111111111,0.3691515845253628,0.9452844676569588,1.0,0.8400772188344752,1.0,0.8849496768586348,1.0,0.24859688422225673,0.49719376844451346,False,False,False,False
ATR Extended Gap Up,dow,Mon,16,10,0.6730833333333334,2.04179429180345,0.5625,0.6730833333333334,48462.0,0.8137050505050506,1.8465434479522027,0.8137050505050505,1.201947166872201,0.22535211267605634,0.18748919993087956,-0.2450827338516987,0.8097136675824781,16,-0.6020941917117187,0.5637823510670947,9,-2.801111111111111,0.19396127338365607,0.9295530446908759,1.0,0.9285883698949011,1.0,0.8097136675824782,1.0,0.6384045043027445,1.0,False,False,False,False
ATR Extended Gap Up,dow,Tue,15,11,-0.03845925925925924,2.0959150030335705,0.4666666666666667,-0.03845925925925926,-2596.0,1.0017857142857143,1.7714991993166165,1.0017857142857143,1.0282637794809224,0.2112676056338028,0.20546051494729567,-1.804273900003516,0.09439669840293252,14,-2.0762961005179927,0.06767018538592683,10,-3.869111111111111,-0.010390067799594964,0.7357550869573407,1.0,0.6013278477913933,1.0,0.37145632670340234,0.4719834920146626,0.33835092692963414,0.33835092692963414,False,False,False,False
ATR Extended Gap Up,dow,Wed,12,8,1.162648148148148,1.7402150761932846,0.8333333333333334,1.162648148148148,62783.0,0.7045988700564974,1.9095944780700391,0.7045988700564971,0.822611023584738,0.16901408450704225,0.20546051494729567,0.8163454248385131,0.43331852169569174,11,0.8200238543500589,0.43922849877410763,8,-1.439111111111111,0.2512787467881243,0.7868152104474403,1.0,0.8830639184917146,1.0,0.7221975361594862,1.0,0.6384045043027445,1.0,False,False,False,False
ATR Extended Gap Up,dow,Thu,8,7,1.5498055555555557,1.4855664348238122,0.875,1.5498055555555557,55793.0,0.6845185185185185,1.9098249977688395,0.6845185185185185,0.5601858574125164,0.11267605633802817,0.2011404872991187,1.6231692862212388,0.14858253068136093,8,1.1234909020335584,0.3240964862309761,5,-0.5744444444444444,0.22330240860662626,0.7357550869573407,1.0,0.8281110567176213,1.0,0.37145632670340234,0.7429126534068047,0.6384045043027445,1.0,False,False,False,False
ATR Extended Gap Up,dow,Fri,20,12,0.9490222222222225,1.7291607528398838,0.65,0.9490222222222222,85412.0,0.7165228758169935,1.9458543489443751,0.7165228758169935,1.405293831957261,0.28169014084507044,0.2004492828754104,0.5036538573463202,0.6206128057208815,19,0.4862587507046276,0.6384045043027445,10,-1.2113333333333334,0.34184763902118837,0.9025637357884506,1.0,0.9285883698949011,1.0,0.7757660071511019,1.0,0.6384045043027445,1.0,False,False,False,False
ATR Extended Gap Up,eseason_fixed,off,39,16,0.8169914529914533,1.9630266978225928,0.6410256410256411,0.816991452991453,143382.0,0.7393888888888889,1.7993378506872937,0.7393888888888889,0.9905810682104469,0.5492957746478874,0.5545187489199931,0.18391479951334588,0.8552780581430717,32,-0.32730074803458725,0.749584633210403,12,-2.801111111111111,0.5738631360714658,0.9909864943128218,1.0,0.9521465816839606,1.0,0.8555639181141727,1.0,0.749584633210403,1.0,False,False,False,False
ATR Extended Gap Up,eseason_fixed,season,32,17,0.7393888888888889,1.7993378506872937,0.65625,0.7393888888888889,106472.0,0.8169914529914533,1.9630266978225928,0.816991452991453,1.0117243413935904,0.4507042253521127,0.4454812510800069,-0.18391479951334647,0.8555639181141727,26,0.32730074803458725,0.749584633210403,12,-3.869111111111111,0.4261368639285343,0.9909864943128218,1.0,0.9521465816839606,1.0,0.8555639181141727,1.0,0.749584633210403,1.0,False,False,False,False
ATR Extended Gap Up,eseason_data,off,48,17,0.7297731481481481,1.8671824169242537,0.6458333333333334,0.7297731481481482,157631.0,0.8910434782608694,1.938136062275113,0.8910434782608696,1.0072960937613322,0.676056338028169,0.6711594954207707,-0.347785896146721,0.7299201535225139,39,-0.5759154616282914,0.578786664005934,10,-2.801111111111111,0.6308924411856525,0.9627067436733711,1.0,0.886567769828385,1.0,0.7320348556249472,1.0,0.578786664005934,1.0,False,False,False,False
ATR Extended Gap Up,eseason_data,season,23,14,0.8910434782608694,1.938136062275113,0.6521739130434783,0.8910434782608696,92223.0,0.7297731481481481,1.8671824169242537,0.7297731481481482,0.9851087608150215,0.323943661971831,0.3288405045792293,0.3477858961467218,0.7320348556249472,19,0.5759154616282914,0.578786664005934,10,-3.869111111111111,0.3691075588143476,0.9627067436733711,1.0,0.886567769828385,1.0,0.7320348556249472,1.0,0.578786664005934,1.0,False,False,False,False
ATR Extended Gap Up,holiday,none,62,21,0.7418673835125449,1.8703376265843032,0.6451612903225806,0.7418673835125448,206981.0,1.0585925925925925,2.0226113667090724,1.0585925925925925,0.9422779451274118,0.8732394366197183,0.926732331086919,-0.4503018581028245,0.6544012463310422,52,-0.45094292561795274,0.6678693645365619,7,-3.869111111111111,0.8284077901494473,0.878132662207778,1.0,0.9358221435871555,1.0,0.8522298768467232,1.0,0.9048080666358634,1.0,False,False,False,False
ATR Extended Gap Up,holiday,post,3,3,1.0316296296296297,2.588647717267691,0.3333333333333333,1.0316296296296297,13927.0,0.7710032679738563,1.866062240251533,0.7710032679738562,1.153401541323412,0.04225352112676056,0.036633834456540525,0.2112982000822559,0.8522298768467234,3,0.13523583761186564,0.9048080666358633,3,-0.76,0.05574055248264987,0.9311756288504863,1.0,0.9771927119667323,1.0,0.8522298768467232,1.0,0.9048080666358634,1.0,False,False,False,False
ATR Extended Gap Up,holiday,pre,6,5,1.072074074074074,1.9658173064414013,0.8333333333333334,1.0720740740740742,28946.0,0.7552410256410257,1.883440950257112,0.7552410256410257,2.306803082646824,0.08450704225352113,0.036633834456540525,0.41259546330253644,0.7010590856591392,5,0.4435736564710784,0.6802876398763683,5,-1.2113333333333334,0.11585165736790286,0.878132662207778,1.0,0.9358221435871555,1.0,0.8522298768467232,1.0,0.9048080666358634,1.0,False,False,False,False
Indices Oversold Bounce,month,Jan,27,10,0.16961552028218693,1.1087555236726252,0.6296296296296297,0.1358868686868687,12612.0,0.3631473233146237,1.2428277920083832,0.35654244413431885,1.143954604975993,0.09310344827586207,0.08138736263736264,-0.8578600499359403,0.4065081501238995,14,0.7536373271474572,0.47032274193991197,10,-2.077968253968254,0.03754051857827043,0.9050531339660743,1.0,0.9970919107269445,1.0,0.870256984000639,1.0,0.9897603525598345,1.0,False,False,False,False
Indices Oversold Bounce,month,Feb,29,11,0.5191474548440066,1.254417677886417,0.7241379310344828,0.5832182648401827,59871.0,0.3257934440187314,1.228718935404954,0.30777209942345546,1.2660869565217392,0.1,0.07898351648351648,0.760300785707985,0.4606423699392682,14,0.27221983130684524,0.7909909873309234,11,-2.1911111111111112,0.178210306676152,0.9050531339660743,1.0,0.9970919107269445,1.0,0.870256984000639,1.0,0.9897603525598345,1.0,False,False,False,False
Indices Oversold Bounce,month,Mar,36,13,0.6900243386243387,1.0024931562836914,0.8333333333333334,0.720629189759831,85327.0,0.29624601924759403,1.2534641747038267,0.2843877098735883,1.4120689655172411,0.12413793103448276,0.08791208791208792,2.0911117853722825,0.05184347843133256,18,1.2912766538650593,0.2209277407000534,13,-2.0,0.25398190839899154,0.8389424383146786,1.0,0.9970919107269445,1.0,0.6221217411759907,0.6221217411759907,0.9897603525598345,1.0,False,False,False,False
Indices Oversold Bounce,month,Apr,16,9,0.44056746031746036,1.0586092819711,0.5625,0.4573737373737374,22640.0,0.339555787278415,1.2412426710128606,0.329736865472843,0.6750507099391481,0.05517241379310345,0.08173076923076923,0.3192705959904073,0.7576987867469318,9,0.8334280674716383,0.42878309217949684,9,-1.4773333333333334,0.06738957664224886,0.960040566766348,1.0,0.9970919107269445,1.0,0.870256984000639,1.0,0.9897603525598345,1.0,False,False,False,False
Indices Oversold Bounce,month,May,22,11,0.25855007215007214,1.2824079985300356,0.5454545454545454,0.36219259259259257,29032.0,0.35223605780620704,1.2283422460488849,0.33377852542862485,0.909096069249326,0.07586206896551724,0.08344780219780219,-0.19230575604736702,0.8507186877746342,13,0.046778507543110526,0.963610779133868,11,-1.8791111111111112,0.08641582107233961,0.960040566766348,1.0,0.9970919107269445,1.0,0.870256984000639,1.0,0.9897603525598345,1.0,False,False,False,False
Indices Oversold Bounce,month,Jun,20,10,0.2634419047619048,1.1666559271406993,0.7,0.09775332896747435,6997.0,0.35117972957084065,1.2369266306109332,0.3544350168350168,0.8230638778971171,0.06896551724137931,0.08379120879120878,-0.2819916299000636,0.783699740170394,11,-0.08876930472140736,0.9312091936146608,10,-2.08,0.02082707013099891,0.960040566766348,1.0,0.9970919107269445,1.0,0.870256984000639,1.0,0.9897603525598345,1.0,False,False,False,False
Indices Oversold Bounce,month,Jul,12,7,0.28812698412698406,0.6897451979036205,0.75,0.23083760683760685,10128.0,0.34758935708575994,1.2492549461219236,0.3408866002975169,0.4958705832269051,0.041379310344827586,0.08344780219780219,-0.2645639962823534,0.7989659868694841,8,0.1301744743870442,0.9006829989039563,7,-0.8063492063492064,0.030146715204624402,0.960040566766348,1.0,0.9970919107269445,1.0,0.870256984000639,1.0,0.9897603525598345,1.0,False,False,False,False
Indices Oversold Bounce,month,Aug,16,10,-0.09525079365079375,2.449757626172264,0.625,-0.2384112517580872,-13243.0,0.37084444444444437,1.1229650416095778,0.369854036341972,0.6312851432829755,0.05517241379310345,0.08739697802197802,-0.6792024297003955,0.5140957628610003,10,0.013194660244775244,0.9897603525598345,10,-7.137777777777778,-0.03941873513574654,0.9176360438619875,1.0,0.9970919107269445,1.0,0.870256984000639,1.0,0.9897603525598345,1.0,False,False,False,False
Indices Oversold Bounce,month,Sep,18,10,0.38148289241622574,1.0393082036910124,0.6666666666666666,0.2892755356253114,18143.0,0.34272306255835666,1.2437037009708554,0.33918815348441644,0.7674939600263562,0.06206896551724138,0.08087225274725275,0.16757638988583934,0.870256984000639,11,-0.2357042646356758,0.8189382919408149,10,-1.4755555555555555,0.05400393502739934,0.960040566766348,1.0,0.9970919107269445,1.0,0.870256984000639,1.0,0.9897603525598345,1.0,False,False,False,False
Indices Oversold Bounce,month,Oct,39,14,0.21733756613756613,1.0284391790443166,0.5641025641025641,0.2374568163072935,31489.0,0.36498486055776896,1.2595914344361017,0.3511361949039536,1.5448275862068965,0.13448275862068965,0.08705357142857142,-0.5563598643377127,0.5861696877020983,16,-0.4066588993372685,0.6908741000220799,14,-1.5755555555555556,0.09372925701801123,0.9176360438619875,1.0,0.9970919107269445,1.0,0.870256984000639,1.0,0.9897603525598345,1.0,False,False,False,False
Indices Oversold Bounce,month,Nov,32,9,0.43455714285714286,1.1409378649914408,0.6875,0.4971961999173895,56424.0,0.3340369632090562,1.2427674584628225,0.31542212348813425,1.3702521873391662,0.1103448275862069,0.08052884615384616,0.570938975394326,0.5764954417448108,16,0.43677249115829414,0.6738254202628011,9,-1.9782222222222223,0.16795006503808524,0.9176360438619875,1.0,0.9970919107269445,1.0,0.870256984000639,1.0,0.9897603525598345,1.0,False,False,False,False
Indices Oversold Bounce,month,Dec,23,10,0.2792772946859904,1.4207962670409144,0.5652173913043478,0.21656803765091057,16537.0,0.3508014505677427,1.2155813550658994,0.3459383355332183,0.9504186178515681,0.07931034482758621,0.08344780219780219,-0.21104137571452228,0.8361272048872179,14,1.2622190545713057,0.23859589543645848,10,-2.115047619047619,0.049223561348624975,0.960040566766348,1.0,0.9970919107269445,1.0,0.870256984000639,1.0,0.9897603525598345,1.0,False,False,False,False
Indices Oversold Bounce,quarter,Q1,92,19,0.48343229813664595,1.1262589977852808,0.7391304347826086,0.5027797690163281,157810.0,0.2808666345999679,1.2736361920624069,0.2597545850135557,1.2777412123813612,0.31724137931034485,0.24828296703296704,1.176333217619822,0.2462467035181496,42,1.0776756813796455,0.2962338207070093,18,-2.1911111111111112,0.469732733653414,0.7975772600853813,1.0,0.9946099448218757,1.0,0.8618231299198851,0.9849868140725984,0.8977657390766505,1.0,False,False,False,False
Indices Oversold Bounce,quarter,Q2,58,19,0.31044860426929394,1.1666473051439046,0.603448275862069,0.2915456168957217,58669.0,0.3537989053092502,1.2482067742659562,0.34727470549097883,0.8033103448275862,0.2,0.24896978021978022,-0.17546083207345298,0.8618231299198851,33,0.13031087655709497,0.8977657390766505,19,-2.08,0.1746324678455874,0.9860913091107555,1.0,0.9946099448218757,1.0,0.8618231299198851,1.0,0.8977657390766505,1.0,False,False,False,False
Indices Oversold Bounce,quarter,Q3,46,20,0.1913087646652864,1.6034199860160625,0.6739130434782609,0.09268497639009347,15028.0,0.374127712724434,1.148597336886062,0.38317021117827027,0.6301547725455144,0.15862068965517243,0.25171703296703296,-0.630436423650406,0.5335211373191273,29,-0.24424220194854718,0.8096613292552608,20,-7.137777777777778,0.044731915096277206,0.9860913091107555,1.0,0.9946099448218757,1.0,0.8618231299198851,1.0,0.8977657390766505,1.0,False,False,False,False
Indices Oversold Bounce,quarter,Q4,94,20,0.30644012158054706,1.1630902481448082,0.6063829787234043,0.3239230508310316,104450.0,0.3636836410754778,1.2640066344145373,0.34183388704318934,1.2912307184301146,0.32413793103448274,0.2510302197802198,-0.31818191382290395,0.7518189343895902,46,0.6202950942234617,0.5424326994598051,20,-2.115047619047619,0.31090288340472144,0.9860913091107555,1.0,0.9946099448218757,1.0,0.8618231299198851,1.0,0.8977657390766505,1.0,False,False,False,False
Indices Oversold Bounce,half,MayOct,127,23,0.2223095113110861,1.3104877033777338,0.6220472440944882,0.18487993000874892,82546.0,0.4408224364592463,1.159428879850844,0.4580665423939445,0.8654599066262593,0.4379310344827586,0.5060096153846154,-1.1835352815815445,0.24071811332935864,69,-1.1559569841389088,0.2606812384322741,22,-7.137777777777778,0.24570406331762695,0.48143622665871727,1.0,0.5134685304708131,1.0,0.24071811332935864,0.48143622665871727,0.2606812384322741,0.5213624768645482,False,False,False,False
Indices Oversold Bounce,half,NovApr,163,23,0.4408224364592463,1.159428879850844,0.6871165644171779,0.4580665423939445,253411.0,0.2223095113110861,1.3104877033777338,0.18487993000874892,1.1378135749643425,0.5620689655172414,0.49399038461538464,1.1835352815815445,0.24014626345923207,80,1.1559569841389088,0.2606812384322741,22,-2.1911111111111112,0.754295936682373,0.48143622665871727,1.0,0.5134685304708131,1.0,0.24071811332935864,0.48029252691846414,0.2606812384322741,0.5213624768645482,False,False,False,False
Indices Oversold Bounce,wom,W1,60,17,0.3287597883597883,1.0627143400184587,0.6333333333333333,0.3075892803372478,63844.0,0.3493990338164251,1.2726858360261915,0.34351602658934455,0.8668816670801289,0.20689655172413793,0.23866758241758243,-0.13711884965759422,0.891795960060147,33,0.9558642456091142,0.35336134124229823,17,-2.1911111111111112,0.1900362248740166,0.9906488261566698,1.0,0.6428243243978917,1.0,0.9988590560819817,1.0,0.6134434800754343,1.0,False,False,False,False
Indices Oversold Bounce,wom,W2,89,21,0.34494496165507404,1.1905245522295063,0.6179775280898876,0.3502272967544138,103525.0,0.34521026612966904,1.2506876500319148,0.33010780462907485,1.2868002283955213,0.30689655172413793,0.23849587912087913,-0.0014369880173955454,0.9988590560819817,52,-0.07158355939549724,0.9436814677890155,20,-2.115047619047619,0.3081495548537462,0.9988590560819817,1.0,0.9673153765071466,1.0,0.9988590560819817,1.0,0.9436814677890155,1.0,False,False,False,False
Indices Oversold Bounce,wom,W3,63,20,0.22371015369110608,1.5801843550951977,0.6190476190476191,0.2332907897714415,48324.0,0.3788265435983498,1.1161944385552527,0.3629152275057172,0.9108810605496387,0.21724137931034482,0.23849587912087913,-0.6271256786504439,0.5346467667859043,36,-0.7540166196562011,0.4600826100565757,20,-7.137777777777778,0.14383983664576122,0.8441791054514278,1.0,0.6488344500797862,1.0,0.9988590560819817,1.0,0.6134434800754343,1.0,False,False,False,False
Indices Oversold Bounce,wom,W4+,78,23,0.455999185999186,1.0780875763433697,0.7564102564102564,0.4155542597991578,120264.0,0.30433692722371963,1.28196392034054,0.3036659847334961,0.9459270364817591,0.2689655172413793,0.28434065934065933,0.8474273411014241,0.40079526153630207,51,0.8305758759955795,0.4151364163764416,23,-2.109714285714286,0.357974383626476,0.7397016462658751,1.0,0.6428243243978917,1.0,0.9988590560819817,1.0,0.6134434800754343,1.0,False,False,False,False
Indices Oversold Bounce,tom,TOM,59,18,0.2693527037933817,1.1884529622316664,0.5932203389830508,0.22692753623188405,46974.0,0.3644829244829246,1.242761506348009,0.3645538801174778,0.8524336392954601,0.20344827586206896,0.23866758241758243,-0.4741159533293716,0.6384479763858673,35,0.25238440521071837,0.8037701579580796,18,-2.1911111111111112,0.13982146524704053,0.8703149835788279,1.0,0.8037701579580796,1.0,0.6384479763858673,1.0,0.8037701579580796,1.0,False,False,False,False
Indices Oversold Bounce,tom,mid,231,24,0.3644829244829246,1.242761506348009,0.6753246753246753,0.3645538801174778,288983.0,0.2693527037933817,1.1884529622316664,0.22692753623188405,1.0462600905230741,0.7965517241379311,0.7613324175824175,0.47411595332937084,0.6362510154979322,125,-0.25238440521071837,0.8037701579580796,18,-7.137777777777778,0.8601785347529595,0.8703149835788279,1.0,0.8037701579580796,1.0,0.6384479763858673,1.0,0.8037701579580796,1.0,False,False,False,False
Indices Oversold Bounce,opex,opex,71,21,0.1660181533646322,1.5115996034599715,0.5633802816901409,0.14517214889307914,32480.0,0.4031966949336812,1.122352356368641,0.3910943578591277,1.0507559779432316,0.24482758620689654,0.23300137362637363,-1.0334055706178433,0.3073281606280458,43,-1.0623143917692393,0.3007526897361802,21,-7.137777777777778,0.09667903928181285,0.9452844676569588,1.0,0.9174368745123129,1.0,0.6027524091043992,0.9219844818841374,0.4511290346042703,0.9022580692085406,False,False,False,False
Indices Oversold Bounce,opex,other,165,24,0.39363193843193844,1.1274944160219635,0.6848484848484848,0.38626961379645375,223632.0,0.28110476190476186,1.3565435627304716,0.2669637551990493,1.0536264459185352,0.5689655172413793,0.5400068681318682,0.6539804548206435,0.5148298003981285,89,1.1384495961796022,0.26717879483872536,23,-2.1911111111111112,0.665656616769408,0.9452844676569588,1.0,0.9174368745123129,1.0,0.6027524091043992,1.0,0.4511290346042703,0.801536384516176,False,False,False,False
Indices Oversold Bounce,opex,post_opex,54,20,0.43242233980011757,1.1164628327928496,0.7037037037037037,0.40527242445871997,79845.0,0.3251549098735539,1.2564743603905633,0.3190681304991046,0.8203244822369451,0.18620689655172415,0.22699175824175824,0.5249457835737804,0.6027524091043992,38,0.48833334189715166,0.6309020521363451,20,-2.08,0.23766434394877917,0.9452844676569588,1.0,0.9174368745123129,1.0,0.6027524091043992,1.0,0.6309020521363451,1.0,False,False,False,False
Indices Oversold Bounce,dow,Mon,47,16,0.6434782843633908,1.141459588197718,0.7446808510638298,0.6415715642382309,73891.0,0.2874233980011757,1.2409058912661175,0.2962767002296414,0.8659538120847833,0.16206896551724137,0.1871565934065934,1.557630236317728,0.12886068214474786,34,2.129060919279078,0.05022622839149804,16,-2.0,0.21994183779471776,0.7357550869573407,1.0,0.6013278477913933,1.0,0.6443034107237393,0.6443034107237393,0.2511311419574902,0.2511311419574902,False,False,False,False
Indices Oversold Bounce,dow,Tue,50,20,0.2709475555555556,1.0592975267910214,0.6,0.2663965931087882,53758.0,0.3605832804232804,1.2646707187442268,0.353674382172091,0.8388788062109297,0.1724137931034483,0.20552884615384615,-0.45192859704272864,0.6540316926003265,37,-0.12334413491139962,0.903130035738174,20,-2.0025396825396826,0.16001452566846353,0.9025637357884506,1.0,0.9858651475917073,1.0,0.6938595126802105,1.0,0.9081887112965068,1.0,False,False,False,False
Indices Oversold Bounce,dow,Wed,72,21,0.42528042328042326,1.0361753616178673,0.6944444444444444,0.43423352902804957,124815.0,0.31865676423474587,1.2893135358777714,0.2964371613469343,1.2079854809437387,0.2482758620689655,0.20552884615384615,0.590007646780014,0.5580116301515101,48,-0.1269588442932439,0.9002407355666522,21,-2.115047619047619,0.37152076009727436,0.8760410100072935,1.0,0.9858651475917073,1.0,0.6938595126802105,1.0,0.9081887112965068,1.0,False,False,False,False
Indices Oversold Bounce,dow,Thu,61,22,0.14525735102784287,1.6041874047700495,0.6229508196721312,0.15413119143239626,37779.0,0.39836972343522564,1.1083407658800333,0.39515037064645714,1.0452630340120042,0.2103448275862069,0.20123626373626374,-0.9281726957393305,0.35849905865782894,44,-0.9828777777638786,0.337409065164067,21,-7.137777777777778,0.11245189116464309,0.7819441864761855,1.0,0.8281110567176213,1.0,0.6938595126802105,1.0,0.8435226629101675,1.0,False,False,False,False
Indices Oversold Bounce,dow,Fri,60,19,0.2802603174603175,1.1960876580912148,0.6333333333333333,0.30437952559300874,45714.0,0.36205106970324363,1.2412934445721033,0.34165704721440526,1.0316485592820028,0.20689655172413793,0.20054945054945056,-0.39627818922630353,0.6938595126802105,44,-0.11695766469146902,0.9081887112965068,19,-2.1911111111111112,0.13607098527490125,0.9206981995179716,1.0,0.9858651475917073,1.0,0.6938595126802105,1.0,0.9081887112965068,1.0,False,False,False,False
Indices Oversold Bounce,eseason_fixed,off,156,24,0.44758453398453396,1.1609773399684633,0.6794871794871795,0.41793208252966274,223450.0,0.22585207296849086,1.3009743067769568,0.24192614991768302,0.9714450681635926,0.5379310344827586,0.5537431318681318,1.249436399142211,0.2150601522616351,83,1.5037645683771346,0.14686305617199252,23,-2.115047619047619,0.6651148807734323,0.9909864943128218,1.0,0.5112273477803061,1.0,0.2156671759522038,0.4301203045232702,0.14686305617199252,0.29372611234398505,False,False,False,False
Indices Oversold Bounce,eseason_fixed,season,134,23,0.22585207296849086,1.3009743067769568,0.6343283582089553,0.24192614991768302,112507.0,0.44758453398453396,1.1609773399684633,0.41793208252966274,1.0354327261148186,0.46206896551724136,0.44625686813186816,-1.2494363991422102,0.2156671759522038,71,-1.5037645683771346,0.14686305617199252,23,-7.137777777777778,0.33488511922656766,0.9909864943128218,1.0,0.5112273477803061,1.0,0.2156671759522038,0.4313343519044076,0.14686305617199252,0.29372611234398505,False,False,False,False
Indices Oversold Bounce,eseason_data,off,194,24,0.30983243331696936,1.3373033130219034,0.634020618556701,0.29634969890187746,196077.0,0.4164570105820105,0.9823876874818726,0.41376964318728043,1.0002709043424372,0.6689655172413793,0.6687843406593407,-0.714802637879681,0.4763480075377696,104,-0.28247579045812793,0.7803441022158286,22,-7.137777777777778,0.5836371916644094,0.9627067436733711,1.0,0.886567769828385,1.0,0.4779903903516838,0.9526960150755392,0.7803441022158286,1.0,False,False,False,False
Indices Oversold Bounce,eseason_data,season,96,22,0.4164570105820105,0.9823876874818726,0.7083333333333334,0.41376964318728043,139880.0,0.30983243331696936,1.3373033130219034,0.29634969890187746,0.9994529951198584,0.3310344827586207,0.33121565934065933,0.7148026378796816,0.4779903903516838,52,0.28247579045812793,0.7803441022158286,22,-2.1911111111111112,0.4163628083355906,0.9627067436733711,1.0,0.886567769828385,1.0,0.4779903903516838,0.9559807807033676,0.7803441022158286,1.0,False,False,False,False
Indices Oversold Bounce,holiday,none,275,24,0.36247706782106787,1.2247218393177999,0.6654545454545454,0.3558136971749162,334943.0,0.027078095238095255,1.335930922283753,0.017375100401606426,1.0234912195496024,0.9482758620689655,0.926510989010989,0.7905903036921303,0.43051082638609695,142,0.2639450729795272,0.797181826018688,11,-7.137777777777778,0.9969817565938498,0.7791831225388587,1.0,0.9358221435871555,1.0,0.6457662395791455,1.0,0.7971818260186879,1.0,False,False,False,False
Indices Oversold Bounce,holiday,post,4,4,-0.3338539682539683,0.9048427442062363,0.5,-0.2732698412698413,-4573.0,0.35462510822510823,1.2329461611537476,0.34643013829279923,0.37537866580728324,0.013793103448275862,0.036744505494505496,-1.7279047325635728,0.18245389095619458,4,-1.1892615890566802,0.31988693709980837,4,-1.4222222222222223,-0.013611861041740461,0.5818745927048132,1.0,0.9358221435871555,1.0,0.5473616728685837,0.5473616728685837,0.7971818260186879,0.9596608112994252,False,False,False,False
Indices Oversold Bounce,holiday,pre,11,8,0.15832611832611831,1.477131156510167,0.5454545454545454,0.13422222222222221,5587.0,0.3524938271604938,1.2223230392224944,0.34482574163771873,1.032291330970029,0.03793103448275862,0.036744505494505496,-0.3394176309833918,0.7442507964872516,8,0.29298054822646163,0.7780317137651662,8,-2.109714285714286,0.01663010444789065,0.878132662207778,1.0,0.9358221435871555,1.0,0.7442507964872517,1.0,0.7971818260186879,1.0,False,False,False,False
LT Trend ST OS,month,Jan,24,9,0.24853086419753087,1.2294334623545475,0.6666666666666666,0.24853086419753087,20131.0,0.3268431097764431,0.8584475480387793,0.3070462484767597,1.1980399713703684,0.0975609756097561,0.08143382352941177,-0.2818003640084456,0.7838422457545903,11,-0.7947255667331047,0.44970484592448634,9,-3.4091851851851853,0.0864997486346781,0.960040566766348,1.0,0.9970919107269445,1.0,0.8687625099902896,1.0,0.7709225930134052,1.0,False,False,False,False
LT Trend ST OS,month,Feb,18,6,0.8472427983539096,0.7316484186909309,0.8333333333333334,0.8472427983539095,51470.0,0.27751552956465236,0.8984669707859599,0.2543460061516103,0.9432435556583053,0.07317073170731707,0.07757352941176471,2.3497504155021645,0.05707791091850796,7,2.2000742707266743,0.07908650040938991,6,-0.3774814814814815,0.22115851483914767,0.8389424383146786,1.0,0.9970919107269445,1.0,0.2518122974667739,0.6849349310220956,0.4414248342757253,0.949038004912679,False,False,False,False
LT Trend ST OS,month,Mar,28,11,0.11020105820105817,0.8915629459866311,0.5714285714285714,0.1102010582010582,10414.0,0.34604716275908937,0.8978146285579643,0.327464835966937,1.2872910433886042,0.11382113821138211,0.08841911764705883,-1.1321488989340966,0.2839888848093358,11,0.1864390237678068,0.8558283941686051,11,-1.776,0.04474732414095364,0.9050531339660743,1.0,0.9970919107269445,1.0,0.4868380882445757,1.0,0.970821918716121,1.0,False,False,False,False
LT Trend ST OS,month,Apr,12,6,0.17387654320987656,1.5013506916515018,0.6666666666666666,0.17387654320987656,7042.0,0.3266555238999684,0.8609269091397899,0.3079380881896095,0.5832216563923882,0.04878048780487805,0.08363970588235294,-0.552071996532066,0.6046666874039783,6,0.1535394043421027,0.8839773461328322,6,-4.027851851851852,0.03025836917616627,0.9176360438619875,1.0,0.9970919107269445,1.0,0.8687625099902896,1.0,0.970821918716121,1.0,False,False,False,False
LT Trend ST OS,month,May,25,10,0.2673303703703704,0.6649959734017282,0.64,0.2775022624434389,22998.0,0.32507082285905825,0.922130302558844,0.30372805265165476,1.1889151149576012,0.1016260162601626,0.08547794117647059,-0.28299182870897494,0.7835842601108539,10,0.1029050542944305,0.9202947713942264,10,-0.88,0.09881879782923486,0.960040566766348,1.0,0.9970919107269445,1.0,0.8687625099902896,1.0,0.970821918716121,1.0,False,False,False,False
LT Trend ST OS,month,Jun,33,11,0.07668686868686868,0.8102402680265047,0.5454545454545454,0.07668686868686869,8541.0,0.35677579551382366,0.9072825844076787,0.33864114961596303,1.5626468898521964,0.13414634146341464,0.08584558823529412,-1.9109792775682637,0.0740929013613921,17,-0.037503181778761364,0.970821918716121,11,-1.9517037037037037,0.03669933699710822,0.8389424383146786,1.0,0.9970919107269445,1.0,0.2518122974667739,0.8891148163367052,0.970821918716121,1.0,False,False,False,False
LT Trend ST OS,month,Jul,14,5,0.270010582010582,0.8739816373243768,0.5714285714285714,0.27001058201058203,12758.0,0.3221713920817369,0.9016425642048131,0.3029288871674751,0.6657924643762566,0.056910569105691054,0.08547794117647059,-0.26582167334606666,0.7963656341577654,10,1.7947094004352047,0.14714161142524176,5,-1.149925925925926,0.05481912438931117,0.960040566766348,1.0,0.9970919107269445,1.0,0.8687625099902896,1.0,0.4414248342757253,1.0,False,False,False,False
LT Trend ST OS,month,Aug,17,8,0.6419520697167757,0.8522231529527876,0.8235294117647058,0.6419520697167757,36832.0,0.2952433446546983,0.8989190555968422,0.2735906327740681,0.784832900521072,0.06910569105691057,0.0880514705882353,1.3963996204962437,0.20527609661776838,8,0.9948780577642691,0.3529343735561118,8,-0.8625185185185186,0.15826132540422552,0.8776999774743925,1.0,0.9970919107269445,1.0,0.41055219323553677,1.0,0.7058687471122237,1.0,False,False,False,False
LT Trend ST OS,month,Sep,15,10,-0.09596049382716047,1.02636071617505,0.5333333333333333,-0.0959604938271605,-4858.0,0.3461615520282187,0.8852864266753954,0.32871624017146284,0.7732105293080903,0.06097560975609756,0.07886029411764706,-1.7227271760535838,0.11903548501796393,10,-2.3068357413979386,0.04647657120726056,10,-2.415703703703704,-0.020874063825307546,0.8389424383146786,1.0,0.9970919107269445,1.0,0.28568516404311345,1.0,0.4414248342757253,0.5577188544871267,False,False,False,False
LT Trend ST OS,month,Oct,21,7,0.3201529453262787,0.8777686484910979,0.6666666666666666,0.3094054054054054,21465.0,0.31911421893004116,0.9022539192345316,0.30008139453776456,1.0030026866143391,0.08536585365853659,0.08511029411764706,0.005256162756385132,0.9959766101265637,7,-1.2320267201772381,0.2727136969156056,6,-2.3546666666666667,0.09223173734257441,0.9971706674888388,1.0,0.9970919107269445,1.0,0.9959766101265637,1.0,0.6545128725974534,1.0,False,False,False,False
LT Trend ST OS,month,Nov,4,4,0.9780740740740741,0.5799328722013578,1.0,0.9780740740740741,13204.0,0.3083124579124579,0.8994820593455946,0.2888877139181163,0.20618947448215744,0.016260162601626018,0.07886029411764706,2.55007455841105,0.08393743248892464,4,2.12538667505693,0.1235498919527013,4,0.5004444444444445,0.0567355164160891,0.8389424383146786,1.0,0.9970919107269445,1.0,0.2518122974667739,1.0,0.4414248342757253,1.0,False,False,False,False
LT Trend ST OS,month,Dec,35,9,0.5438083386243386,0.4467086782465693,0.8571428571428571,0.5092705424741266,32732.0,0.28194606284009127,0.9484731885357855,0.28203349197955224,1.751094434021263,0.14227642276422764,0.08125,2.369513570555895,0.041942384182048736,10,-0.045029771417192714,0.9651872978976508,9,-0.41216,0.14064426865581858,0.8389424383146786,1.0,0.9970919107269445,1.0,0.2518122974667739,0.5033086101845848,0.970821918716121,1.0,False,False,False,False
LT Trend ST OS,quarter,Q1,70,16,0.34715343915343916,1.0189077437969567,0.6714285714285714,0.34715343915343916,82015.0,0.3080861952861953,0.8486935237533934,0.28058224250130903,1.1500501334879618,0.2845528455284553,0.2474264705882353,0.21024634080127716,0.8351143575561614,27,0.6638475475604017,0.5168623916591157,16,-3.4091851851851853,0.3524055876147794,0.9860913091107555,1.0,0.9946099448218757,1.0,0.8351143575561614,1.0,0.9353012819346295,1.0,False,False,False,False
LT Trend ST OS,quarter,Q2,70,16,0.1614349206349206,0.9083728010821585,0.6,0.1643493077742279,38581.0,0.38195151515151515,0.8892675123091233,0.3604362117407196,1.1160544193762054,0.2845528455284553,0.25496323529411763,-1.6061660930760868,0.11837736541509881,32,-0.010429263800619865,0.9918371541014503,14,-4.027851851851852,0.16577650400250935,0.7975772600853813,1.0,0.9946099448218757,1.0,0.23675473083019763,0.47350946166039526,0.9918371541014503,1.0,False,False,False,False
LT Trend ST OS,quarter,Q3,46,17,0.28812882447665056,0.950369027892753,0.6521739130434783,0.28812882447665056,44732.0,0.32634992592592593,0.8883975845933019,0.3041297656447478,0.7408854860580653,0.18699186991869918,0.25238970588235293,-0.22734843961588982,0.8218655411642158,28,-0.39028059921206,0.7014759614509721,17,-2.415703703703704,0.19220638596822914,0.9860913091107555,1.0,0.9946099448218757,1.0,0.8351143575561614,1.0,0.9353012819346295,1.0,False,False,False,False
LT Trend ST OS,quarter,Q4,60,13,0.49448,0.6491452337327399,0.8,0.45805115136069896,67401.0,0.2626618876941458,0.9598974265806611,0.26399680638722556,0.9946246389000621,0.24390243902439024,0.2452205882352941,1.8298009142698848,0.0822271414911932,21,-0.4787412693987292,0.6414973197945382,12,-2.3546666666666667,0.28961152241448207,0.7975772600853813,1.0,0.9946099448218757,1.0,0.23675473083019763,0.3289085659647728,0.9353012819346295,1.0,False,False,False,False
LT Trend ST OS,half,MayOct,125,21,0.23352850962962962,0.8462898081312751,0.624,0.23332975231274247,97736.0,0.40770948270584634,0.9446539955495182,0.38077433165854463,0.9986371540015979,0.508130081300813,0.5088235294117647,-1.2374118217578454,0.2210977738936507,57,-0.8127562352818404,0.42759392411457964,18,-2.415703703703704,0.41995625813714665,0.48143622665871727,1.0,0.5442104488731014,1.0,0.22235237822003043,0.4421955477873014,0.42759392411457964,0.8551878482291593,False,False,False,False
LT Trend ST OS,half,NovApr,121,19,0.40770948270584634,0.9446539955495182,0.7355371900826446,0.38077433165854463,134993.0,0.23352850962962962,0.8462898081312751,0.23332975231274247,1.001411810525291,0.491869918699187,0.49117647058823527,1.2374118217578438,0.22235237822003043,46,0.8127562352818404,0.42759392411457964,18,-4.027851851851852,0.5800437418628533,0.48143622665871727,1.0,0.5442104488731014,1.0,0.22235237822003043,0.44470475644006086,0.42759392411457964,0.8551878482291593,False,False,False,False
LT Trend ST OS,wom,W1,57,20,0.36649169590643277,0.8547711094833186,0.7192982456140351,0.3629495743287492,69278.0,0.3049411875367431,0.9129042488142638,0.280591822814883,0.9703524286974972,0.23170731707317074,0.23878676470588237,0.4491449916679224,0.6561770705342942,35,0.6281983765341911,0.5373526980288476,20,-1.776,0.297676696930765,0.9373958150489917,1.0,0.7142138716197639,1.0,0.6561770705342942,1.0,0.5373526980288476,1.0,False,False,False,False
LT Trend ST OS,wom,W2,47,15,0.13728605200945623,1.071510350313304,0.5531914893617021,0.13728605200945626,21777.0,0.3621681742043551,0.8499035845420332,0.3431384150636487,0.7994996873045653,0.1910569105691057,0.23897058823529413,-1.1720897779993655,0.2513997806837683,28,-1.1444269837973293,0.2716363881129521,15,-4.027851851851852,0.09357235239269708,0.6891788219173139,1.0,0.6428243243978917,1.0,0.5027995613675366,1.0,0.4982482568219965,1.0,False,False,False,False
LT Trend ST OS,wom,W3,96,17,0.2712511111111111,0.8540305463982443,0.6979166666666666,0.21151150771889587,56822.0,0.3498920296296296,0.9272442575482835,0.34850321941555223,1.6355368484347401,0.3902439024390244,0.2386029411764706,-0.49158323254493985,0.6259980229019296,37,-0.9151763832814608,0.3736861926164974,17,-3.4091851851851853,0.2441552191604828,0.9373958150489917,1.0,0.6428243243978917,1.0,0.6561770705342942,1.0,0.4982482568219965,1.0,False,False,False,False
LT Trend ST OS,wom,W4+,46,18,0.5465507246376812,0.8227141510881978,0.717391304347826,0.5465507246376812,84852.0,0.2669128888888889,0.9088520742568482,0.2392261437908497,0.6592584396355953,0.18699186991869918,0.28363970588235293,1.8246857637093659,0.07873625334971499,29,1.7734559292927758,0.095185168297506,17,-1.6755555555555555,0.3645957315160552,0.6876158972579476,1.0,0.6428243243978917,1.0,0.31494501339885994,0.31494501339885994,0.380740673190024,0.380740673190024,False,False,False,False
LT Trend ST OS,tom,TOM,48,15,0.273603950617284,0.8020066943732804,0.6458333333333334,0.2685233644859813,43098.0,0.33025717919940145,0.9218289108047749,0.3094009279694659,0.8183989318690411,0.1951219512195122,0.23841911764705884,-0.37109143218900076,0.7135761138136483,27,-0.6441447796709248,0.5298941719474786,15,-1.6755555555555555,0.18518534432752257,0.8703149835788279,1.0,0.74185184072647,1.0,0.7135761138136483,1.0,0.5298941719474786,1.0,False,False,False,False
LT Trend ST OS,tom,mid,198,22,0.33025717919940145,0.9218289108047749,0.6868686868686869,0.3094009279694659,189631.0,0.273603950617284,0.8020066943732804,0.2685233644859813,1.0568516981332015,0.8048780487804879,0.7615808823529412,0.37109143218899987,0.711492742329622,86,0.6441447796709248,0.5298941719474786,15,-4.027851851851852,0.8148146556724775,0.8703149835788279,1.0,0.74185184072647,1.0,0.7135761138136483,1.0,0.5298941719474786,1.0,False,False,False,False
LT Trend ST OS,opex,opex,90,15,0.22662505349794237,0.8224611175424057,0.6666666666666666,0.15207088298197372,37774.0,0.37261318138651467,0.9378759710902771,0.37134285714285714,1.56588820018806,0.36585365853658536,0.23363970588235294,-1.0211079035370094,0.31486136695264216,33,-0.5121502796645664,0.6165294920680449,15,-4.027851851851852,0.16230895161324974,0.9452844676569588,1.0,0.9174368745123129,1.0,0.5887655295213305,0.9445841008579265,0.975027045933294,1.0,False,False,False,False
LT Trend ST OS,opex,other,117,22,0.38159377018043683,0.8600680516961463,0.6923076923076923,0.37993263425484586,149456.0,0.2626158139534884,0.9315805177124803,0.21912660205580028,0.881238785139895,0.47560975609756095,0.5397058823529411,0.8616137945821024,0.3925103530142203,58,0.0316980568508115,0.9750270459332941,21,-2.3546666666666667,0.6421889837536362,0.9452844676569588,1.0,0.9983317269360632,1.0,0.5887655295213305,1.0,0.975027045933294,1.0,False,False,False,False
LT Trend ST OS,opex,post_opex,39,17,0.3456714150047483,1.1527408344105614,0.6666666666666666,0.34567141500474835,45499.0,0.3142160672750045,0.8454107694636664,0.2917389761889856,0.6994639289458588,0.15853658536585366,0.22665441176470588,0.14717388418868668,0.8841752513249108,26,0.3656622548776321,0.7194064888194145,17,-3.4091851851851853,0.19550206463311406,0.9481603680628231,1.0,0.9174368745123129,1.0,0.8841752513249107,1.0,0.975027045933294,1.0,False,False,False,False
LT Trend ST OS,dow,Mon,38,17,0.6385886939571149,0.788436908677919,0.7368421052631579,0.638588693957115,81899.0,0.2608535612535613,0.9066971429323217,0.23379156200480236,0.8254668008369671,0.15447154471544716,0.18713235294117647,2.520459504570102,0.017477647798557656,30,2.0369182912787345,0.05855442773364868,17,-1.6755555555555555,0.35190715381409277,0.32852121025303843,1.0,0.6013278477913933,1.0,0.039676474668241354,0.08738823899278828,0.07319303466706086,0.2927721386682434,False,False,False,True
LT Trend ST OS,dow,Tue,35,16,-0.044571428571428595,0.905737257803354,0.5714285714285714,-0.044571428571428574,-5265.0,0.37954460242232757,0.8849734119667433,0.3631986156246381,0.6922931483339878,0.14227642276422764,0.20551470588235293,-2.524056949572274,0.01733238681399101,30,-2.3304805905347497,0.035249515012086625,15,-2.415703703703704,-0.02262287897082014,0.32852121025303843,1.0,0.563992240193386,1.0,0.039676474668241354,0.08666193406995507,0.05874919168681104,0.17624757506043312,False,False,False,True
LT Trend ST OS,dow,Wed,71,14,0.15633276995305165,0.9867185954711541,0.676056338028169,0.04711538461538461,8925.0,0.3852816253968254,0.8541952924312065,0.38324653502434847,1.4043661009060897,0.2886178861788618,0.20551470588235293,-1.3522372030946967,0.18640584737760843,31,-2.3888641027351687,0.032760521554591554,14,-4.027851851851852,0.03834932475110536,0.7357550869573407,1.0,0.563992240193386,1.0,0.23300730922201054,0.9320292368880422,0.05874919168681104,0.16380260777295777,False,False,False,True
LT Trend ST OS,dow,Thu,66,17,0.3040447138047138,0.824743728453815,0.6363636363636364,0.2960428054953001,63973.0,0.3247608888888889,0.9261128757345488,0.3028080361434202,1.3316717108776928,0.2682926829268293,0.20147058823529412,-0.1601205394847845,0.8737066773022053,36,-1.0395542390352805,0.3150144819966255,16,-1.776,0.2748819442355701,0.9295530446908759,1.0,0.8281110567176213,1.0,0.8737066773022054,1.0,0.3150144819966255,1.0,False,False,False,False
LT Trend ST OS,dow,Fri,36,10,0.6847489711934156,0.7422714021826688,0.8055555555555556,0.6847489711934156,83197.0,0.25653784832451504,0.9093889409506114,0.2293796815613765,0.7303647348400089,0.14634146341463414,0.20036764705882354,2.446247956900052,0.023805884800944813,21,2.677475683391277,0.025310527359280164,10,-0.8625185185185186,0.35748445617005187,0.32852121025303843,1.0,0.563992240193386,1.0,0.039676474668241354,0.11902942400472406,0.05874919168681104,0.12655263679640083,False,False,False,True
LT Trend ST OS,eseason_fixed,off,183,21,0.36251155636510823,0.8401847457137095,0.6885245901639344,0.3399865024732233,191165.0,0.19340152851263967,1.0468348741374687,0.19686915334517466,1.3453554748313439,0.7439024390243902,0.5529411764705883,0.9891048428285496,0.3258790371388517,74,1.4696843227934848,0.1610363234571715,17,-2.415703703703704,0.8214060130022472,0.9909864943128218,1.0,0.5112273477803061,1.0,0.3310827816980835,0.6517580742777034,0.1610363234571715,0.322072646914343,False,False,False,False
LT Trend ST OS,eseason_fixed,season,63,18,0.19340152851263967,1.0468348741374687,0.6507936507936508,0.19686915334517466,41564.0,0.36251155636510823,0.8401847457137095,0.3399865024732233,0.5728498074454429,0.25609756097560976,0.4470588235294118,-0.9891048428285514,0.3310827816980835,29,-1.4696843227934848,0.1610363234571715,17,-4.027851851851852,0.17859398699775275,0.9909864943128218,1.0,0.5112273477803061,1.0,0.3310827816980835,0.662165563396167,0.1610363234571715,0.322072646914343,False,False,False,False
LT Trend ST OS,eseason_data,off,207,21,0.2822060475934872,0.8704732058188478,0.6714975845410628,0.25689328519654697,164867.0,0.5155707502374168,1.0244542210338166,0.5155707502374169,1.2568811025836784,0.8414634146341463,0.669485294117647,-1.2452855821140405,0.21648943904915482,85,0.1482376735123513,0.8844298526922071,14,-4.027851851851852,0.7084076329120995,0.9627067436733711,1.0,0.886567769828385,1.0,0.22674354586908219,0.43297887809830965,0.8844298526922071,1.0,False,False,False,False
LT Trend ST OS,eseason_data,season,39,15,0.5155707502374168,1.0244542210338166,0.717948717948718,0.5155707502374169,67862.0,0.2822060475934872,0.8704732058188478,0.25689328519654697,0.47966575327599775,0.15853658536585366,0.33051470588235293,1.245285582114038,0.22674354586908219,22,-0.1482376735123513,0.8844298526922071,14,-3.4091851851851853,0.29159236708790054,0.9627067436733711,1.0,0.886567769828385,1.0,0.22674354586908219,0.45348709173816437,0.8844298526922071,1.0,False,False,False,False
LT Trend ST OS,holiday,none,238,22,0.31491839402427635,0.9054728128379224,0.680672268907563,0.2956454875503161,220669.0,0.44666666666666666,0.6879939114432841,0.44666666666666666,1.044263775971093,0.967479674796748,0.9264705882352942,-0.4650584097700616,0.6429007396684032,101,-0.04310853912905555,0.9676811068294224,5,-4.027851851851852,0.9481800721010274,0.878132662207778,1.0,0.9847321252611795,1.0,0.6429007396684032,1.0,0.9676811068294224,1.0,False,False,False,False
LT Trend ST OS,holiday,post,7,4,0.6176507936507936,0.5285447538874798,0.7142857142857143,0.6176507936507937,14592.0,0.3104617387261739,0.9061915366774514,0.29093765369249003,0.7739837398373983,0.028455284552845527,0.03676470588235294,1.479329286358699,0.2356045771504416,4,1.4057560751839409,0.2544644056808557,4,-0.059555555555555556,0.06269953465189125,0.5818745927048132,1.0,0.9358221435871555,1.0,0.4712091543008832,0.4712091543008832,0.5089288113617114,0.5089288113617114,False,False,False,False
LT Trend ST OS,holiday,pre,1,1,-0.7502222222222222,,0.0,-0.7502222222222222,-2532.0,0.3235678911564626,0.8976544042839323,0.3055249094124127,0.11056910569105692,0.0040650406504065045,0.03676470588235294,,,0,,,1,-0.7502222222222222,-0.01087960675291863,,,,,,,,,False,False,False,False
Monday Dip,month,Jan,4,3,0.977037037037037,0.9209005353824443,0.75,0.977037037037037,13190.0,0.4461099715099715,1.0632559807655375,0.47470484490092335,0.46527777777777773,0.037037037037037035,0.07960199004975124,1.1655039693060494,0.3640139665157036,3,,,2,-0.2245925925925926,0.08445383531822256,0.9050531339660743,1.0,,,0.6777360034860269,1.0,,,False,False,False,False
Monday Dip,month,Feb,10,7,1.1413333333333333,0.7232125184884031,0.9,1.1464550264550264,27085.0,0.3968393046107331,1.06652914505944,0.4434825550187869,1.2238599143361046,0.09259259259259259,0.07565620174987134,2.9936146627080116,0.024206926266211702,7,1.7035124364299603,0.139362190145801,7,-0.39111111111111113,0.17342169291842746,0.8389424383146786,1.0,0.9970919107269445,1.0,0.2662761889283287,0.2662761889283287,0.8721645194267431,1.0,False,False,False,False
Monday Dip,month,Mar,9,3,0.3954897119341564,1.0871892179705387,0.6666666666666666,0.33327407407407406,8436.0,0.47216341189674527,1.062190993403324,0.5105072886297376,0.9637896825396824,0.08333333333333333,0.08646423057128153,-0.14566987743117124,0.8912278970069784,5,0.40878675538549825,0.7223122780188465,3,-1.0334814814814814,0.05401459854014599,0.960040566766348,1.0,0.9970919107269445,1.0,0.8912278970069782,1.0,0.8721645194267431,1.0,False,False,False,False
Monday Dip,month,Apr,12,6,0.13944197530864197,1.0439084824776714,0.5,0.16456762380357887,6179.0,0.5065654320987655,1.0595330224210355,0.5411840577259146,1.3606442577030813,0.1111111111111111,0.08166066220621032,-0.8677008080685092,0.4143119986918159,8,-0.7835128950975561,0.46879650579826954,6,-1.0346666666666666,0.039563324369317455,0.9050531339660743,1.0,0.9970919107269445,1.0,0.6777360034860269,1.0,0.8721645194267431,1.0,False,False,False,False
Monday Dip,month,May,7,5,0.5272804232804232,1.0241995955617058,0.7142857142857143,0.48923456790123454,9907.0,0.46151111111111115,1.066539213620062,0.49673522232834555,0.7647885739991003,0.06481481481481481,0.08474867044089895,0.15325713384194264,0.8841886522597732,6,-0.15046635929433264,0.8876793639448946,5,-1.021037037037037,0.0634332180817006,0.960040566766348,1.0,0.9970919107269445,1.0,0.8912278970069782,1.0,0.8876793639448944,1.0,False,False,False,False
Monday Dip,month,Jun,21,10,0.5799506172839506,1.1327901882555915,0.6666666666666666,0.6921975308641976,42051.0,0.4382140485312899,1.045859497000505,0.4493820598006645,2.2267518009168303,0.19444444444444445,0.08732201063647281,0.4334948623254833,0.6717617583448301,14,-0.3948685488263124,0.703258900055614,9,-1.0382222222222222,0.2692470226661544,0.960040566766348,1.0,0.9970919107269445,1.0,0.8377425964955926,1.0,0.8721645194267431,1.0,False,False,False,False
Monday Dip,month,Jul,7,4,0.10362751322751322,0.926314168537525,0.5714285714285714,0.12653037037037038,2669.0,0.4908731939860653,1.0674398805635843,0.5228131119625372,0.7571253618347806,0.06481481481481481,0.08560645050609024,-1.288596674277833,0.26701849280928047,5,-0.6394646947613568,0.5680024122114612,4,-1.0228148148148148,0.017089255986682032,0.9050531339660743,1.0,0.9970919107269445,1.0,0.6777360034860269,1.0,0.8721645194267431,1.0,False,False,False,False
Monday Dip,month,Aug,6,4,-0.14913580246913585,1.1887172800264838,0.3333333333333333,-0.07003367003367003,-1300.0,0.5019450980392157,1.0464718432165003,0.5317463332278147,0.6362148002619515,0.05555555555555555,0.08732201063647281,-1.2833735868770502,0.2686677789171662,5,-0.7180530439463153,0.5245921092711414,4,-1.0192592592592593,-0.008323729030605711,0.9050531339660743,1.0,0.9970919107269445,1.0,0.6777360034860269,1.0,0.8721645194267431,1.0,False,False,False,False
Monday Dip,month,Sep,1,1,-0.22992592592592592,,0.0,-0.22992592592592592,-776.0,0.4722758047767393,1.062145804739024,0.5041244605038643,0.11459070535503657,0.009259259259259259,0.08080288214101904,,,0,,,1,-0.22992592592592592,-0.004968625944423101,,,,,,,,,False,False,False,False
Monday Dip,month,Oct,9,6,-0.021728395061728387,0.9845965047124161,0.5555555555555556,-0.07312592592592593,-1851.0,0.5100923307145528,1.0593798636061822,0.5460524781341108,0.958086785009862,0.08333333333333333,0.08697889861039629,-1.3261676719391595,0.2421323505470647,6,-0.6616260256138952,0.5443802743009961,5,-1.032,-0.011851709565885517,0.9050531339660743,1.0,0.9970919107269445,1.0,0.6777360034860269,1.0,0.8721645194267431,1.0,False,False,False,False
Monday Dip,month,Nov,6,4,0.8074469135802468,1.008167080309531,0.8333333333333334,1.0186924315619967,19769.0,0.4456755265068991,1.0635693948045235,0.4619208465608466,0.6904761904761905,0.05555555555555555,0.08045977011494253,0.9069661301279939,0.4312865476729262,4,-0.9073606243545113,0.45999079770373685,3,-1.0257777777777777,0.12657830708157256,0.9050531339660743,1.0,0.9970919107269445,1.0,0.6777360034860269,1.0,0.8721645194267431,1.0,False,False,False,False
Monday Dip,month,Dec,16,9,0.6018555555555556,1.1642075093035575,0.6875,0.6702494053686714,30821.0,0.4421075684380032,1.0451053254557856,0.46647921390778535,1.7768632830361226,0.14814814814814814,0.08337622233659289,0.4170891576537382,0.6854257607691212,11,0.28356383688942144,0.7849480674840688,8,-1.4755555555555555,0.19734280957869124,0.960040566766348,1.0,0.9970919107269445,1.0,0.8377425964955926,1.0,0.8721645194267431,1.0,False,False,False,False
Monday Dip,quarter,Q1,23,10,0.8209082125603865,0.94051241355899,0.782608695652174,0.7801561561561562,48711.0,0.36967877995642706,1.074192575483763,0.4259888517279822,0.8810227900007885,0.21296296296296297,0.2417224223709041,1.4541887312484298,0.16794431411742913,15,1.640371216591463,0.13955762594463747,9,-1.0334814814814814,0.311890126776796,0.7975772600853813,1.0,0.9946099448218757,1.0,0.33588862823485827,0.6717772564697165,0.5300265631608019,0.5582305037785499,False,False,False,False
Monday Dip,quarter,Q2,40,14,0.4385807407407407,1.0800516479648576,0.625,0.49041360221431396,58137.0,0.48176993464052276,1.0547114335909826,0.4997811230585424,1.4596949891067537,0.37037037037037035,0.2537313432835821,-0.1630540724006582,0.8716901619837489,28,-0.6271631099160938,0.5423013957721522,13,-1.0382222222222222,0.3722435651171725,0.9860913091107555,1.0,0.9946099448218757,1.0,0.9800240266252833,1.0,0.7086649383320844,1.0,False,False,False,False
Monday Dip,quarter,Q3,14,7,-0.028524867724867748,0.9791552727668066,0.42857142857142855,0.01378068264342774,593.0,0.5393929078014186,1.0558543106315326,0.5726689671037497,0.5108932461873638,0.12962962962962962,0.2537313432835821,-1.9620895859407523,0.07816464040574463,11,-1.2291962235181753,0.26501328158040094,7,-1.0228148148148148,0.0037969010116532206,0.7975772600853813,1.0,0.9946099448218757,1.0,0.3126585616229785,0.3126585616229785,0.5300265631608019,1.0,False,False,False,False
Monday Dip,quarter,Q4,31,14,0.46060692951015525,1.1000449433491193,0.6774193548387096,0.5373464254952627,48739.0,0.46785416065416063,1.049866456421851,0.47961386622026925,1.1444178446572428,0.28703703703703703,0.2508148910619317,-0.02535380624498018,0.9800240266252833,21,-0.38449041953925656,0.7086649383320844,11,-1.4755555555555555,0.3120694070943783,0.9860913091107555,1.0,0.9946099448218757,1.0,0.9800240266252833,1.0,0.7086649383320844,1.0,False,False,False,False
Monday Dip,half,MayOct,51,18,0.29951023965141615,1.064211383337968,0.5882352941176471,0.3394852479598242,50700.0,0.6145361923326835,1.041755688226417,0.6378231292517007,0.9209044273447083,0.4722222222222222,0.5127809229713501,-1.278466809736884,0.2092660340266941,37,-1.0761992819715311,0.30299938465736964,13,-1.0382222222222222,0.3246254321936227,0.48143622665871727,1.0,0.5134685304708131,1.0,0.2092660340266941,0.4185320680533882,0.30299938465736964,0.6059987693147393,False,False,False,False
Monday Dip,half,NovApr,57,17,0.6145361923326835,1.041755688226417,0.7017543859649122,0.6378231292517007,105480.0,0.29951023965141615,1.064211383337968,0.3394852479598242,1.0832453051643192,0.5277777777777778,0.48721907702864986,1.278466809736884,0.2092660340266941,37,1.0761992819715311,0.30299938465736964,13,-1.4755555555555555,0.6753745678063773,0.48143622665871727,1.0,0.5134685304708131,1.0,0.2092660340266941,0.4185320680533882,0.30299938465736964,0.6059987693147393,False,False,False,False
Monday Dip,wom,W1,21,12,0.559099823633157,1.2137142038845947,0.6190476190476191,0.6169962714392244,38784.0,0.44324699872286083,1.0251699698507128,0.4661172529313233,0.8154076738609113,0.19444444444444445,0.23846285812317722,0.32809955095415666,0.7473715548054793,16,0.17584308576292307,0.863612542555626,12,-1.4755555555555555,0.24832885132539378,0.9540913465601865,1.0,0.9673153765071466,1.0,0.9885045107257391,1.0,0.9673153765071467,1.0,False,False,False,False
Monday Dip,wom,W2,29,13,0.21853793103448277,1.0759778343504014,0.5862068965517241,0.17704087507196314,14415.0,0.5565314580403189,1.0453380120977027,0.607659232469359,1.1260391686650681,0.26851851851851855,0.23846285812317722,-1.1796520198045766,0.25269890136968176,20,0.0420129729405809,0.9673153765071467,11,-1.0382222222222222,0.09229734921244717,0.6891788219173139,1.0,0.9673153765071466,1.0,0.7507579180472341,1.0,0.9673153765071467,1.0,False,False,False,False
Monday Dip,wom,W3,29,12,0.4630314176245211,0.9861486261342135,0.6551724137931034,0.5445045837917125,46402.0,0.46678068448195026,1.0910053092396126,0.4783355119825708,1.1252296509305857,0.26851851851851855,0.23863441413621547,-0.014598741165046565,0.9885045107257391,20,-0.8592624284866837,0.4085311354038378,12,-1.0346666666666666,0.29710590344474325,0.9988590560819817,1.0,0.6428243243978917,1.0,0.9885045107257391,1.0,0.9673153765071467,1.0,False,False,False,False
Monday Dip,wom,W4+,29,13,0.6481716475095787,1.0007875347036164,0.7241379310344828,0.6639266593326,56579.0,0.3988178152836382,1.0783993966503396,0.4339912854030501,0.9440255997855517,0.26851851851851855,0.28443986961743006,0.9089650970286798,0.37537895902361706,19,0.0486651535154354,0.9623791705637035,9,-1.0352592592592593,0.3622678960174158,0.7397016462658751,1.0,0.9673153765071466,1.0,0.7507579180472341,1.0,0.9673153765071467,1.0,False,False,False,False
Monday Dip,tom,TOM,28,14,0.9103195767195768,0.9573004717842348,0.8214285714285714,0.9596933849272158,81379.0,0.310182962962963,1.054581892832137,0.32533224600747535,1.0872102318145482,0.25925925925925924,0.23846285812317722,2.2911457651211506,0.03499985098675631,18,0.9383479779618493,0.3665689324555763,13,-1.021925925925926,0.5210590344474324,0.2624988824006723,1.0,0.5702183393753409,1.0,0.03499985098675631,0.06999970197351262,0.3665689324555763,0.7331378649111526,False,False,False,False
Monday Dip,tom,mid,80,21,0.310182962962963,1.054581892832137,0.5875,0.32533224600747535,74801.0,0.9103195767195768,0.9573004717842348,0.9596933849272158,0.972691547145253,0.7407407407407407,0.7615371418768228,-2.2911457651211506,0.025739688495466657,57,-0.9383479779618493,0.3665689324555763,13,-1.4755555555555555,0.47894096555256754,0.25739688495466656,0.7721906548639997,0.5702183393753409,1.0,0.03499985098675631,0.051479376990933315,0.3665689324555763,0.7331378649111526,False,False,False,False
Monday Dip,opex,opex,29,15,0.30045466155810985,0.9921261179264934,0.6551724137931034,0.31067573696145123,25689.0,0.5264607594936709,1.0826634101168722,0.5623854545454545,1.1491882852015012,0.26851851851851855,0.23365928975810601,-0.838172218840832,0.41292617378898877,19,0.0050014295446885485,0.9960800225107194,15,-1.0382222222222222,0.16448328851325394,0.9452844676569588,1.0,0.9983317269360632,1.0,0.7774906216760146,1.0,0.9960800225107193,1.0,False,False,False,False
Monday Dip,opex,other,59,20,0.5392763339610798,1.0934176582640898,0.6610169491525424,0.5621960784313725,96768.0,0.3772710506424793,1.020902888449724,0.4166522024983563,1.013159755364655,0.5462962962962963,0.5392005489792417,0.651997809642192,0.518327081117343,39,0.45775829992028905,0.6532811379819645,17,-1.4755555555555555,0.6195927775643488,0.9452844676569588,1.0,0.9174368745123129,1.0,0.7774906216760146,1.0,0.9799217069729468,1.0,False,False,False,False
Monday Dip,opex,post_opex,20,13,0.48865481481481465,1.0772187040023025,0.6,0.5629295774647888,33723.0,0.4605737373737373,1.0614041988510217,0.48057689477557025,0.8152903658945954,0.18518518518518517,0.22714016126265227,0.09547779201358562,0.9251991941156018,16,-1.0266546217039427,0.3266302411462062,12,-1.0352592592592593,0.21592393392239723,0.9682317147721414,1.0,0.9174368745123129,1.0,0.9251991941156018,1.0,0.9798907234386186,0.9798907234386186,False,False,False,False
Monday Dip,dow,Mon,108,22,0.46577393689986274,1.059328013779927,0.6481481481481481,0.49625260649389336,156180.0,,,,5.333028362305581,1.0,0.1875107222508149,,,0,,,0,-1.4755555555555555,1.0,,,,,,,,,False,False,False,False
Monday Dip,eseason_fixed,off,68,20,0.5643982570806101,1.0958561870313188,0.6617647058823529,0.5972320354542576,117916.0,0.2981125925925926,0.9848419113844982,0.3262584598987477,1.1320515456851052,0.6296296296296297,0.5561845942700292,1.0654178668904566,0.2924985795402786,45,2.0221152063933485,0.06816817738398052,12,-1.4755555555555555,0.7550006402868485,0.9909864943128218,1.0,0.4771772416878637,1.0,0.29578834873856297,0.5849971590805572,0.06816817738398052,0.13633635476796105,False,False,False,True
Monday Dip,eseason_fixed,season,40,14,0.2981125925925926,0.9848419113844982,0.625,0.3262584598987477,38264.0,0.5643982570806101,1.0958561870313188,0.5972320354542576,0.8345144526049048,0.37037037037037035,0.44381540572997086,-1.0654178668904555,0.29578834873856297,29,-2.0221152063933485,0.06816817738398052,12,-1.0346666666666666,0.24499935971315148,0.9909864943128218,1.0,0.4771772416878637,1.0,0.29578834873856297,0.5915766974771259,0.06816817738398052,0.13633635476796105,False,False,False,True
Monday Dip,eseason_data,off,82,21,0.4491728997289972,1.0768499053540705,0.6341463414634146,0.517996621182586,124562.0,0.5181310541310541,1.0208012548439063,0.42583164983164984,1.1272853342389768,0.7592592592592593,0.6735289071881969,-0.24501440997578935,0.8073571539280606,56,-0.14962204905168275,0.8835480900350956,13,-1.4755555555555555,0.797554104238699,0.9627067436733711,1.0,0.886567769828385,1.0,0.8093784185907889,1.0,0.8835480900350956,1.0,False,False,False,False
Monday Dip,eseason_data,season,26,14,0.5181310541310541,1.0208012548439063,0.6923076923076923,0.42583164983164984,31618.0,0.4491728997289972,1.0768499053540705,0.517996621182586,0.7374029310445496,0.24074074074074073,0.32647109281180303,0.24501440997579013,0.8093784185907889,18,0.14962204905168275,0.8835480900350956,13,-1.0305185185185186,0.20244589576130106,0.9627067436733711,1.0,0.886567769828385,1.0,0.8093784185907889,1.0,0.8835480900350956,1.0,False,False,False,False
Monday Dip,holiday,none,104,21,0.4917025641025641,1.0595277526598879,0.6634615384615384,0.5191243165170741,157246.0,-0.20837037037037043,0.923275182512175,-0.09024338624338624,1.0396575497520115,0.9629629629629629,0.9262309143935495,1.647415472738411,0.1039548367974769,71,0.7497450022488271,0.5316030567074091,3,-1.4755555555555555,1.0068254578050966,0.5818745927048132,1.0,0.9358221435871555,1.0,0.2079096735949538,0.2079096735949538,0.5316030567074091,1.0,False,False,False,False
Monday Dip,holiday,post,3,3,0.06725925925925928,0.9070972591655946,0.3333333333333333,0.06725925925925925,681.0,0.4771600705467372,1.0648993705580327,0.5105127731609727,0.7531007751937984,0.027777777777777776,0.036884542803225256,-0.8995454014184626,0.46329807286094293,3,-0.7497450022488271,0.5316030567074091,3,-0.5265185185185185,0.004360353438340376,0.7791831225388587,1.0,0.9358221435871555,1.0,0.46329807286094293,0.9265961457218859,0.5316030567074091,1.0,False,False,False,False
Monday Dip,holiday,pre,1,1,-1.0352592592592593,,0.0,-1.0352592592592593,-1747.0,0.4798022845275181,1.054185983429587,0.5045087351502446,0.2510335917312661,0.009259259259259259,0.036884542803225256,,,0,,,0,-1.0352592592592593,-0.011185811243437059,,,,,,,,,False,False,False,False
Monthly Weak Close,month,Jan,1,1,1.9985185185185186,,1.0,1.9985185185185186,6745.0,1.7854404558404557,0.5272927062870096,1.7894730957372467,0.8895089285714286,0.07142857142857142,0.08030112923462986,,,0,,,0,1.9985185185185186,0.07773603171676194,,,,,,,,,False,False,False,False
Monthly Weak Close,month,Feb,2,1,1.9985185185185186,0.002095131203515762,1.0,1.9985185185185186,13490.0,1.7676839506172841,0.5466643481681723,1.7724081632653061,1.871624266144814,0.14285714285714285,0.07632789627770807,1.5384314277175817,0.36693755526643795,1,,,0,1.997037037037037,0.15547206343352388,0.9050531339660743,1.0,,,0.4634676008066643,1.0,,,False,False,False,False
Monthly Weak Close,month,May,1,1,1.9991703703703703,,1.0,1.9991703703703703,8434.0,1.7853903133903133,0.5272707186529805,1.7853903133903133,0.847571783055654,0.07142857142857142,0.08427436219155165,,,0,,,0,1.9991703703703703,0.09720173335791997,,,,,,,,,False,False,False,False
Monthly Weak Close,month,Jul,3,2,1.4719012345679012,0.9136675407076932,1.0,1.4719012345679012,14903.0,1.8903218855218853,0.3600492884467159,1.8927407407407408,2.5553972212326324,0.21428571428571427,0.08385612714345463,-0.7880543770996289,0.5751107559915587,2,,,0,0.41688888888888886,0.17175686889175734,0.9176360438619875,1.0,,,0.5751107559915587,1.0,,,False,False,False,False
Monthly Weak Close,month,Sep,2,1,1.4023703703703703,0.8451759274982319,1.0,1.4023703703703703,9466.0,1.867041975308642,0.4566817086425596,1.8697384731670446,1.7652270210409744,0.14285714285714285,0.0809284818067754,-3.458042885121806,0.17920955535137018,1,,,0,0.8047407407407408,0.1090955190853771,0.8389424383146786,1.0,,,0.4634676008066643,0.8960477767568509,,,False,False,False,False
Monthly Weak Close,month,Oct,2,2,1.9994074074074075,0.00041902624070321525,1.0,1.9994074074074073,13496.0,1.7675358024691354,0.5465962969621028,1.7722630385487528,1.630412546880327,0.14285714285714285,0.0876202425763279,1.5183280565697101,0.37077408064533146,2,,,0,1.999111111111111,0.15554121335054397,0.9050531339660743,1.0,,,0.4634676008066643,1.0,,,False,False,False,False
Monthly Weak Close,month,Dec,3,3,1.9984197530864198,0.002484888024772204,1.0,1.9984197530864198,20234.0,1.7467259259259258,0.568266977963853,1.7523358024691358,2.561785714285714,0.21428571428571427,0.0836470096194061,1.5223652761241413,0.26734778583734664,3,,,0,1.9955555555555555,0.2331965701641158,0.9050531339660743,1.0,,,0.4634676008066643,1.0,,,False,False,False,False
Monthly Weak Close,quarter,Q1,3,2,1.9985185185185186,0.001481481481481528,1.0,1.9985185185185186,20235.0,1.74669898989899,0.5682545515049993,1.7523094650205762,0.8795830778663396,0.21428571428571427,0.2436219155165203,1.5563789374037387,0.36357151333424953,2,,,0,1.997037037037037,0.23320809515028582,0.9860913091107555,1.0,,,0.3635715133342495,1.0,,,False,False,False,False
Monthly Weak Close,quarter,Q2,1,1,1.9991703703703703,,1.0,1.9991703703703703,8434.0,1.7853903133903133,0.5272707186529805,1.7853903133903133,0.2848802573573216,0.07142857142857142,0.2507319113341698,,,0,,,0,1.9991703703703703,0.09720173335791997,,,,,,,,,False,False,False,False
Monthly Weak Close,quarter,Q3,5,3,1.444088888888889,0.7729328152561921,1.0,1.444088888888889,24369.0,1.9987555555555554,0.0015183559081859738,1.9987667667667668,1.411452184179457,0.35714285714285715,0.2530322040987035,-1.7452420738366121,0.22305969793216973,3,,,0,0.41688888888888886,0.2808523879771344,0.7975772600853813,1.0,,,0.3345895468982546,0.6691790937965092,,,False,False,False,False
Monthly Weak Close,quarter,Q4,5,5,1.9988148148148146,0.0018503697773032536,1.0,1.9988148148148148,33730.0,1.6905744855967078,0.6197984235249339,1.698914914914915,1.4137890255439924,0.35714285714285715,0.25261396905060646,1.5517740227123606,0.19566439298954016,5,,,0,1.9955555555555555,0.38873778351465976,0.7975772600853813,1.0,,,0.3345895468982546,0.5869931789686205,,,False,False,False,False
Monthly Weak Close,half,MayOct,8,6,1.6523037037037036,0.6511249842079236,1.0,1.6628148148148147,46299.0,1.998469135802469,0.0018304941227507122,1.998469135802469,1.1217452498240674,0.5714285714285714,0.5094102885821832,-1.6314783781247209,0.16371800640740533,6,,,0,0.41688888888888886,0.5335953346855984,0.48143622665871727,1.0,,,0.17812490592727492,0.32743601281481066,,,False,False,False,False
Monthly Weak Close,half,NovApr,6,5,1.998469135802469,0.0018304941227507122,1.0,1.998469135802469,40469.0,1.6523037037037036,0.6511249842079236,1.6628148148148147,0.8735842162952137,0.42857142857142855,0.4905897114178168,1.6314783781247242,0.17812490592727492,5,,,0,1.9955555555555555,0.4664046653144016,0.48143622665871727,1.0,,,0.17812490592727492,0.35624981185454985,,,False,False,False,False
Monthly Weak Close,wom,W4+,14,11,1.8006603174603175,0.5097971255168525,1.0,1.8041429499675115,86768.0,,,,3.511013215859031,1.0,0.2848180677540778,,,0,,,0,0.41688888888888886,1.0,,,,,,,,,False,False,False,False
Monthly Weak Close,tom,TOM,14,11,1.8006603174603175,0.5097971255168525,1.0,1.8041429499675115,86768.0,,,,4.191060473269062,1.0,0.23860309493935591,,,0,,,0,0.41688888888888886,1.0,,,,,,,,,False,False,False,False
Monthly Weak Close,opex,other,14,11,1.8006603174603175,0.5097971255168525,1.0,1.8041429499675115,86768.0,,,,1.8549262994569433,1.0,0.5391049769970724,,,0,,,0,0.41688888888888886,1.0,,,,,,,,,False,False,False,False
Monthly Weak Close,dow,Tue,5,3,1.9982814814814815,0.001913349249299342,1.0,1.9982814814814815,33721.0,1.690870781893004,0.6199638572490149,1.6992032032032032,1.7409349060725208,0.35714285714285715,0.2051442910915935,1.6594353914130664,0.23889726317099572,3,,,0,1.9955555555555555,0.38863405863912964,0.7663283466676856,1.0,,,0.23889726317099572,0.7166917895129872,,,False,False,False,False
Monthly Weak Close,dow,Thu,3,2,1.0738765432098765,0.8251580198112926,1.0,1.0738765432098765,10873.0,1.998874074074074,0.0013897528177254845,1.998880658436214,1.061880088823094,0.21428571428571427,0.20179841070681723,-2.847691820334438,0.2149924000747203,2,,,0,0.41688888888888886,0.12531117462659044,0.7663283466676856,1.0,,,0.23889726317099572,0.6449772002241609,,,False,False,False,False
Monthly Weak Close,dow,Fri,6,6,1.999367901234568,0.0005387923633377194,1.0,1.99936,42174.0,1.6516296296296298,0.6507160426904931,1.6516296296296296,2.134821428571428,0.42857142857142855,0.20075282308657466,1.5693782889952586,0.17735313193385283,6,,,0,1.9985185185185186,0.48605476673427994,0.7357550869573407,1.0,,,0.23889726317099572,0.5320593958015585,,,False,False,False,False
Monthly Weak Close,eseason_fixed,off,8,6,1.849525925925926,0.42216016415745594,1.0,1.854060606060606,51624.0,1.7355061728395065,0.6459880545497277,1.7355061728395063,1.0276688336109172,0.5714285714285714,0.5560434964450021,0.3915198902126726,0.7115422932163238,6,,,0,0.8047407407407408,0.5949658860409367,0.9909864943128218,1.0,,,0.7153750175567917,1.0,,,False,False,False,False
Monthly Weak Close,eseason_fixed,season,6,5,1.7355061728395065,0.6459880545497277,1.0,1.7355061728395063,35144.0,1.849525925925926,0.42216016415745594,1.854060606060606,0.9653455352937218,0.42857142857142855,0.4439565035549979,-0.3915198902126699,0.7153750175567917,5,,,0,0.41688888888888886,0.40503411395906325,0.9909864943128218,1.0,,,0.7153750175567917,1.0,,,False,False,False,False
Monthly Weak Close,eseason_data,off,6,5,1.7998617283950615,0.4875106684867846,1.0,1.8078340740740741,38134.0,1.8012592592592593,0.5593708792217038,1.8012592592592593,0.6394472921774014,0.42857142857142855,0.6702216645754914,-0.005503983949095534,0.995872038090597,5,,,0,0.8047407407407408,0.4394938226074129,0.995872038090597,1.0,,,0.995872038090597,1.0,,,False,False,False,False
Monthly Weak Close,eseason_data,season,8,6,1.8012592592592593,0.5593708792217038,1.0,1.8012592592592593,48634.0,1.7998617283950615,0.4875106684867846,1.8078340740740741,1.732765649062415,0.5714285714285714,0.3297783354245086,0.005503983949097285,0.9958213270620727,6,,,0,0.41688888888888886,0.5605061773925871,0.995872038090597,1.0,,,0.995872038090597,1.0,,,False,False,False,False
Monthly Weak Close,holiday,none,11,8,1.7467259259259258,0.568266977963853,1.0,1.7523358024691358,66534.0,1.9984197530864198,0.002484888024772204,1.9984197530864198,0.8475717830556541,0.7857142857142857,0.9270179841070681,-1.5223652761241393,0.17173202100708967,8,,,0,0.41688888888888886,0.7668034298358842,0.5818745927048132,1.0,,,0.26734778583734664,0.34346404201417935,,,False,False,False,False
Monthly Weak Close,holiday,pre,3,3,1.9984197530864198,0.002484888024772204,1.0,1.9984197530864198,20234.0,1.7467259259259258,0.568266977963853,1.7523358024691358,5.855510204081632,0.21428571428571427,0.03659556670849017,1.5223652761241413,0.26734778583734664,3,,,0,1.9955555555555555,0.2331965701641158,0.5818745927048132,1.0,,,0.26734778583734664,0.5346955716746933,,,False,False,False,False
Overbot Vol Spike,month,Jan,152,18,0.30192734600389864,1.1751941791561022,0.6578947368421053,0.23327640023617793,65048.0,0.38869810720201414,1.0384338476288681,0.3086677687386381,1.5099918544664677,0.11968503937007874,0.07926204304748889,-0.7756970152284574,0.4461869182729593,23,-0.5127813564603791,0.6147028070890869,18,-5.481111111111111,0.10709199658217032,0.9050531339660743,1.0,0.9970919107269445,1.0,0.8582519080013732,1.0,0.9869139723494941,1.0,False,False,False,False
Overbot Vol Spike,month,Feb,92,18,0.5450142222222223,1.114030444700232,0.717391304347826,0.27558493539457085,42044.0,0.365293830220713,1.0502938283503658,0.3001854487137693,0.9616083703822736,0.07244094488188976,0.07533310556884182,0.6168957217020673,0.5433625156215399,24,-0.6530834590734201,0.5224376700673821,18,-2.3073333333333332,0.06921928274967361,0.9176360438619875,1.0,0.9970919107269445,1.0,0.8582519080013732,1.0,0.9869139723494941,1.0,False,False,False,False
Overbot Vol Spike,month,Mar,108,14,0.3572293689986283,1.0785917252573305,0.6851851851851852,0.6370315222365951,128273.0,0.38027252030343595,1.0539004905091183,0.26116774921284125,0.9877390326209224,0.08503937007874016,0.08609497779296207,-0.18061488752743526,0.8582519080013731,24,-0.07370939493396536,0.9423637152693118,14,-2.591111111111111,0.2111826908987937,0.960040566766348,1.0,0.9970919107269445,1.0,0.8582519080013732,1.0,0.9869139723494941,1.0,False,False,False,False
Overbot Vol Spike,month,Apr,87,18,0.3500236968922946,1.020306297836789,0.6206896551724138,0.3585843286437416,53934.0,0.38039338868538863,1.0585479395237272,0.2935364679240448,0.8302733897393261,0.06850393700787402,0.08250768705158866,-0.21185400078639124,0.8341713422320783,23,2.1280572522348846,0.04825991662148406,18,-2.298888888888889,0.08879442478881401,0.960040566766348,1.0,0.9970919107269445,1.0,0.8582519080013732,1.0,0.5791189994578088,0.5791189994578088,False,False,False,False
Overbot Vol Spike,month,May,111,14,0.2981283750417084,1.0242063107204042,0.6216216216216216,0.1307831224210139,24766.0,0.3859923993225322,1.058679920583573,0.31552535301499507,1.0111636737107468,0.08740157480314961,0.08643662453023573,-0.5658633704220195,0.5769663382682291,24,-1.6073596080809505,0.13198116142568128,14,-2.8962962962962964,0.04077358854006319,0.9176360438619875,1.0,0.9970919107269445,1.0,0.8582519080013732,1.0,0.6149563988605596,1.0,False,False,False,False
Overbot Vol Spike,month,Jun,173,16,0.42395870006422587,1.154395115919904,0.6763005780346821,0.07088347490412443,12065.0,0.3711144807049529,1.0395608213504361,0.3190929627894227,1.5666692449298454,0.13622047244094487,0.08694909463614622,0.33605538352915537,0.7397494826140023,25,0.0420302455458818,0.967028955026477,16,-3.472704,0.019863253885805635,0.960040566766348,1.0,0.9970919107269445,1.0,0.8582519080013732,1.0,0.9869139723494941,1.0,False,False,False,False
Overbot Vol Spike,month,Jul,58,14,0.20598052362707533,1.2649808220730867,0.6379310344827587,-0.1287250556129383,-14338.0,0.38655987629874095,1.0444485584194267,0.32305888947677475,0.5294020425664614,0.04566929133858268,0.0862658011615989,-0.9955717582209218,0.33135174091377095,21,0.016719881720182014,0.986913972349494,14,-5.933111111111111,-0.02360541518563458,0.9050531339660743,1.0,0.9970919107269445,1.0,0.8582519080013732,1.0,0.9869139723494941,1.0,False,False,False,False
Overbot Vol Spike,month,Aug,68,11,0.33998183877995647,1.0514191466296516,0.6617647058823529,0.3336869742655854,49344.0,0.3804814271276268,1.0562407532455904,0.29557373369612233,0.6158006280649103,0.05354330708661417,0.08694909463614622,-0.31581409193893306,0.7559879053458232,18,0.8972910250548186,0.39065457844551643,11,-2.6561920000000003,0.08123766263913744,0.960040566766348,1.0,0.9970919107269445,1.0,0.8582519080013732,1.0,0.9869139723494941,1.0,False,False,False,False
Overbot Vol Spike,month,Sep,95,17,0.47652555009746583,0.8876604691562008,0.6736842105263158,0.5481937779890255,99312.0,0.3703723516469661,1.067965098529286,0.27393801234791393,0.9297189762107763,0.07480314960629922,0.0804578066279467,0.7965785715193339,0.433195851552274,26,1.4974668136703024,0.1537390997151399,17,-1.4522222222222223,0.1635026498058126,0.9050531339660743,1.0,0.9970919107269445,1.0,0.8582519080013732,1.0,0.6149563988605596,1.0,False,False,False,False
Overbot Vol Spike,month,Oct,40,9,0.5772383259259259,0.8496653535958196,0.7,0.4438834737794697,43041.0,0.37184382716049386,1.0612918369350322,0.2910636960094126,0.3636646010964606,0.031496062992125984,0.08660744789887256,1.3143812843477567,0.2154647216635927,12,0.06302235882154189,0.9512948998462061,9,-1.116,0.07086069709896066,0.8828798351093555,1.0,0.9970919107269445,1.0,0.8582519080013732,1.0,0.9869139723494941,1.0,False,False,False,False
Overbot Vol Spike,month,Nov,88,15,0.23195892255892261,0.8594862402918805,0.625,0.27833736666085446,37982.0,0.3892090146017422,1.0682740512073652,0.29977916312756725,0.8648859191108574,0.06929133858267716,0.08011615989067304,-1.2961858502214376,0.2089761851129506,22,-0.5392672131856654,0.5981747016024628,15,-2.4255555555555555,0.06253179520022127,0.8776999774743925,1.0,0.9970919107269445,1.0,0.8582519080013732,1.0,0.9869139723494941,1.0,False,False,False,False
Overbot Vol Spike,month,Dec,198,18,0.4298775570520014,0.9842324195578236,0.7323232323232324,0.3006076046396443,65932.0,0.3687888844665561,1.0684341524313603,0.2980684638741855,1.8779235928842228,0.15590551181102363,0.08302015715749915,0.5214636624287778,0.606295243265956,28,0.045705498935341066,0.964077593018136,18,-3.8355555555555556,0.10854737299618211,0.9176360438619875,1.0,0.9970919107269445,1.0,0.8582519080013732,1.0,0.9869139723494941,1.0,False,False,False,False
Overbot Vol Spike,quarter,Q1,352,22,0.382429082070707,1.1315787954789498,0.6818181818181818,0.37196069578783636,235365.0,0.37673464439602994,1.0256303910422853,0.2651429495922014,1.1515443465237534,0.27716535433070866,0.2406901264092928,0.04775745096495197,0.9620582667528381,65,-0.8095524669097319,0.42727560650782836,22,-5.481111111111111,0.38749397023063764,0.9860913091107555,1.0,0.9946099448218757,1.0,0.9620582667528381,1.0,0.6247847582322031,1.0,False,False,False,False
Overbot Vol Spike,quarter,Q2,371,22,0.3689734942597583,1.0845866255722325,0.6469002695417789,0.17797617141377917,90765.0,0.3821671569233304,1.0440065559875784,0.3385693167759567,1.1415924644933402,0.2921259842519685,0.25589340621797063,-0.10286390677288289,0.9184029736139963,63,0.3221381666142716,0.7505329274284523,22,-3.472704,0.14943126721468283,0.9860913091107555,1.0,0.9946099448218757,1.0,0.9620582667528381,1.0,0.7505329274284523,1.0,False,False,False,False
Overbot Vol Spike,quarter,Q3,221,22,0.36350933333333335,1.0488828807636903,0.6606334841628959,0.304975668984056,134318.0,0.3814317233343925,1.0574928718869159,0.29651085336446537,0.6859853124420053,0.17401574803149605,0.25367270242569184,-0.19198733961158876,0.8483795446534822,63,1.9051418340913173,0.07054716529292136,22,-5.933111111111111,0.22113489725931548,0.9860913091107555,1.0,0.9946099448218757,1.0,0.9620582667528381,1.0,0.28218866117168545,0.28218866117168545,False,False,False,False
Overbot Vol Spike,quarter,Q4,326,22,0.39453274392183596,0.9399978390419721,0.6993865030674846,0.32458019935688065,146955.0,0.37271161644695544,1.0931086012561397,0.2908384407744138,1.0278251128321683,0.2566929133858268,0.24974376494704476,0.2143328680165709,0.8310392558512892,59,-0.7381569642296014,0.46858856867415233,22,-3.8355555555555556,0.24193986529536404,0.9860913091107555,1.0,0.9946099448218757,1.0,0.9620582667528381,1.0,0.6247847582322031,1.0,False,False,False,False
Overbot Vol Spike,half,MayOct,545,23,0.3850682576962283,1.065391309899263,0.6605504587155964,0.23879481528016436,214190.0,0.3732348137931034,1.0489052977504008,0.3452368148918909,0.8354338564347231,0.42913385826771655,0.5136658694909464,0.11911332801112676,0.9054028323830929,111,1.6193406413840983,0.11962170527604166,23,-5.933111111111111,0.35263243678414496,0.9054028323830929,1.0,0.5134685304708131,1.0,0.9054028323830929,1.0,0.11962170527604166,0.2392434105520833,False,False,False,False
Overbot Vol Spike,half,NovApr,725,24,0.3732348137931034,1.0489052977504008,0.6813793103448276,0.3452368148918909,393213.0,0.3850682576962283,1.065391309899263,0.23879481528016436,1.1738146799089524,0.5708661417322834,0.48633413050905366,-0.1191133280111278,0.9053737797801358,128,-1.6193406413840983,0.11962170527604166,23,-5.481111111111111,0.6473675632158551,0.9054028323830929,1.0,0.5134685304708131,1.0,0.9054028323830929,1.0,0.11962170527604166,0.2392434105520833,False,False,False,False
Overbot Vol Spike,wom,W1,450,24,0.466435760329218,1.0556238393092625,0.7111111111111111,0.3222232152029101,220646.0,0.32995286377597116,1.0531134526331989,0.2862391859588623,1.4869189738379476,0.3543307086614173,0.23829859924837718,1.3554984405353794,0.17837456816105032,99,1.0892540304716978,0.2873236314824353,24,-5.481111111111111,0.36326129439597765,0.6891788219173139,1.0,0.6428243243978917,1.0,0.35674913632210065,0.7134982726442013,0.7115581673753429,1.0,False,False,False,False
Overbot Vol Spike,wom,W2,354,22,0.3604432822766269,1.0413753055849382,0.6836158192090396,0.2706824174785959,136756.0,0.3852189066796053,1.0615433406141552,0.30747138681442454,1.1697095927525187,0.27874015748031494,0.23829859924837718,-0.24184142326001298,0.8094787840434997,87,-0.3748128729261447,0.7115581673753429,22,-5.933111111111111,0.22514870687171448,0.9906488261566698,1.0,0.8696822045698636,1.0,0.8815788600809185,1.0,0.7115581673753429,1.0,False,False,False,False
Overbot Vol Spike,wom,W3,214,24,0.36615711249567323,1.0610628122888388,0.6635514018691588,0.3681825986113786,158621.0,0.38077634315375974,1.054989030712927,0.2795963162760194,0.7066060510344517,0.16850393700787403,0.238469422617014,-0.14937796327370056,0.8815788600809185,94,0.39767664965026006,0.6945354479644514,24,-2.7244444444444444,0.26114622417077293,0.9906488261566698,1.0,0.8681693099555642,1.0,0.8815788600809185,1.0,0.7115581673753429,1.0,False,False,False,False
Overbot Vol Spike,wom,W4+,252,22,0.2563762075249854,1.0631723938494004,0.5952380952380952,0.22012970846372149,91380.0,0.40849767794513564,1.0520726058890841,0.3183735978088501,0.6963915481787798,0.1984251968503937,0.28493337888623166,-1.3820024090362388,0.17042986720967443,90,-0.8246883259143378,0.41881790707477706,22,-3.1822222222222223,0.15044377456153493,0.6891788219173139,1.0,0.6428243243978917,1.0,0.35674913632210065,0.6817194688386977,0.7115581673753429,1.0,False,False,False,False
Overbot Vol Spike,tom,TOM,315,24,0.2569538835978836,1.1354285273776408,0.6317460317460317,0.0669098072698977,35127.0,0.4183423739383362,1.025402830953776,0.3787553891984123,1.0408432816865634,0.24803149606299213,0.23829859924837718,-1.0064582267433628,0.3169862798793155,88,-2.0712683816117083,0.04973473191882965,24,-5.481111111111111,0.05783145621605425,0.7924656996982887,1.0,0.23209541562120503,1.0,0.3169862798793155,0.633972559758631,0.04973473191882965,0.0994694638376593,False,False,False,True
Overbot Vol Spike,tom,mid,955,24,0.4183423739383362,1.025402830953776,0.6858638743455497,0.3787553891984123,572276.0,0.2569538835978836,1.1354285273776408,0.0669098072698977,0.9872221623788392,0.7519685039370079,0.7617014007516228,1.0064582267433646,0.3154113083754024,201,2.0712683816117083,0.04973473191882965,24,-5.933111111111111,0.9421685437839458,0.7924656996982887,1.0,0.23209541562120503,1.0,0.3169862798793155,0.6308226167508048,0.04973473191882965,0.0994694638376593,False,False,False,True
Overbot Vol Spike,opex,opex,302,24,0.3954735069904341,1.0954753220077351,0.6920529801324503,0.2771069801215036,133341.0,0.37295913360881544,1.0433843141604484,0.3049142149611988,1.018327390861073,0.2377952755905512,0.23351554492654594,0.20789304559454433,0.8357670669304222,94,-1.0855261499281088,0.2889358374541674,24,-5.933111111111111,0.21952640997821873,0.9452844676569588,1.0,0.9174368745123129,1.0,0.8357670669304222,1.0,0.8668075123625022,0.8668075123625022,False,False,False,False
Overbot Vol Spike,opex,other,769,24,0.40184605211192986,1.0380526167254047,0.6788036410923277,0.2796967315738887,323481.0,0.34219127020034007,1.0820549857259387,0.3228636862793655,1.1235074934175227,0.6055118110236221,0.5389477280491971,0.5943203917770454,0.5531991747018192,150,0.002113715450475011,0.9983317269360632,24,-5.481111111111111,0.5325640472635137,0.9452844676569588,1.0,0.9983317269360632,1.0,0.8297987620527288,1.0,0.9983317269360632,1.0,False,False,False,False
Overbot Vol Spike,opex,post_opex,199,21,0.261330790247534,1.058975714137941,0.6180904522613065,0.37815705148044976,150581.0,0.40004912528962194,1.0540485415438536,0.2789358245162684,0.688648885105578,0.15669291338582678,0.22753672702425692,-1.1746194760727562,0.24342722321292287,86,0.36920024466551055,0.7158583640968255,21,-2.7244444444444444,0.24790954275826757,0.9452844676569588,1.0,0.9174368745123129,1.0,0.7302816696387686,0.7302816696387686,0.9983317269360632,1.0,False,False,False,False
Overbot Vol Spike,dow,Mon,200,22,0.271179402962963,1.1806390795854975,0.655,0.1718166889393177,57200.0,0.3983379064035998,1.029930721410291,0.3230757262272853,0.8403735312484298,0.15748031496062992,0.18739323539460198,-0.9866466876827934,0.32649062261684625,90,-0.8246276521633686,0.4188515985068132,22,-5.933111111111111,0.09417141502429194,0.7819441864761855,1.0,0.8830639184917146,1.0,0.44106366797626795,1.0,0.6980859975113552,1.0,False,False,False,False
Overbot Vol Spike,dow,Tue,226,23,0.28996117862995735,1.1168207758023203,0.6504424778761062,0.22340816345405992,92605.0,0.3974389023698027,1.0414588669925096,0.317498600172342,0.865228765009025,0.17795275590551182,0.20567133583874275,-0.9333354781587109,0.35285093438101434,103,1.0594542922045953,0.3008868867321677,23,-3.8355555555555556,0.15246055748819154,0.7819441864761855,1.0,0.8281110567176213,1.0,0.44106366797626795,1.0,0.6980859975113552,1.0,False,False,False,False
Overbot Vol Spike,dow,Wed,326,23,0.43258182776641674,1.0085412217748304,0.696319018404908,0.3313729094578903,135875.0,0.3595717845260515,1.0712648882422284,0.29001188202256795,1.2491108187536408,0.2566929133858268,0.20550051247010592,0.4778334724380244,0.6339402613866416,90,0.1481453868991986,0.8835774871509832,23,-3.726814814814815,0.22369826951793126,0.9025637357884506,1.0,0.9858651475917073,1.0,0.6339402613866416,1.0,0.8835774871509832,1.0,False,False,False,False
Overbot Vol Spike,dow,Thu,244,21,0.3049495027322405,0.9356168015940584,0.5983606557377049,0.33547914820253644,123948.0,0.39576000173272685,1.0818770196687997,0.29010845920287015,0.9547584989906822,0.1921259842519685,0.20122992825418518,-1.0439833719101683,0.2992285203253846,93,-1.368851121572208,0.18622499808318227,21,-2.252666666666667,0.20406221240263878,0.7819441864761855,1.0,0.807179934753672,1.0,0.44106366797626795,1.0,0.6980859975113552,0.9311249904159113,False,False,False,False
Overbot Vol Spike,dow,Fri,274,22,0.5301495582589889,1.0484450308367368,0.7408759124087592,0.3885536220379189,197775.0,0.33654263200951956,1.0542641724730348,0.26826981235223135,1.07763564537368,0.215748031496063,0.2002049880423642,1.3134904253103634,0.1919361096410454,104,-0.4232915125348397,0.6763861754477386,22,-2.8962962962962964,0.3256075455669465,0.7357550869573407,1.0,0.9619714495256727,1.0,0.44106366797626795,0.9596805482052271,0.8454827193096732,1.0,False,False,False,False
Overbot Vol Spike,eseason_fixed,off,875,24,0.3847540092275132,1.0402501285961583,0.6777142857142857,0.30071142701030645,396399.0,0.3640447654946085,1.0900706287868513,0.2939902182744609,1.2440677719109912,0.6889763779527559,0.5538093611206013,0.1824778349972419,0.8554277575338058,169,0.04966932464326239,0.9608340921136078,23,-5.481111111111111,0.6526128451785718,0.9909864943128218,1.0,0.9608340921136078,1.0,0.8555735162560252,1.0,0.9608340921136078,1.0,False,False,False,False
Overbot Vol Spike,eseason_fixed,season,395,23,0.3640447654946085,1.0900706287868513,0.660759493670886,0.2939902182744609,211004.0,0.3847540092275132,1.0402501285961583,0.30071142701030645,0.6970644270538159,0.3110236220472441,0.4461906388793987,-0.18247783499724202,0.8555735162560252,102,-0.04966932464326239,0.9608340921136078,23,-5.933111111111111,0.3473871548214283,0.9909864943128218,1.0,0.9608340921136078,1.0,0.8555735162560252,1.0,0.9608340921136078,1.0,False,False,False,False
Overbot Vol Spike,eseason_data,off,983,24,0.36775547251422325,1.0532207904194453,0.671414038657172,0.2850640727681047,441205.0,0.4144732089301845,1.0648057269417657,0.34043797664127395,1.1526553520672547,0.7740157480314961,0.6715066621113769,-0.38717913628405304,0.6990615372995114,189,-1.034954907525468,0.31246182481761053,22,-5.933111111111111,0.7263793560453274,0.9627067436733711,1.0,0.8068536728735282,1.0,0.6997201049050483,1.0,0.31246182481761053,0.6249236496352211,False,False,False,False
Overbot Vol Spike,eseason_data,season,287,22,0.4144732089301845,1.0648057269417657,0.6759581881533101,0.34043797664127395,166198.0,0.36775547251422325,1.0532207904194453,0.2850640727681047,0.6879416593986594,0.22598425196850394,0.32849333788862317,0.3871791362840515,0.6997201049050483,76,1.034954907525468,0.31246182481761053,22,-3.1822222222222223,0.2736206439546726,0.9627067436733711,1.0,0.8068536728735282,1.0,0.6997201049050483,1.0,0.31246182481761053,0.6249236496352211,False,False,False,False
Overbot Vol Spike,holiday,none,1189,24,0.3817313510886833,1.0470421076779048,0.6728343145500421,0.3037229403090921,571509.0,0.3281341234567901,1.1802704217062507,0.23270046549630813,1.0104414907207395,0.9362204724409449,0.9265459514861633,0.3196871310729633,0.74950347849872,225,0.5282202592723398,0.6041741934904874,18,-5.933111111111111,0.9409057907188473,0.878132662207778,1.0,0.9358221435871555,1.0,0.8556749021869333,1.0,0.9062612902357311,1.0,False,False,False,False
Overbot Vol Spike,holiday,post,45,13,0.4211236872427984,1.2468446027138735,0.7111111111111111,0.21667100483608262,15852.0,0.37674030572940287,1.048486733429402,0.30138626830910414,0.9647683574436917,0.03543307086614173,0.036727024256918345,0.18393702428063008,0.8556749021869333,24,0.01953915948486201,0.9847321252611796,13,-5.481111111111111,0.026097994247641188,0.9311756288504863,1.0,0.9847321252611795,1.0,0.8556749021869333,1.0,0.9847321252611797,1.0,False,False,False,False
Overbot Vol Spike,holiday,pre,36,16,0.21189716872427988,1.0975843913067713,0.6111111111111112,0.24716300595268345,20042.0,0.3831678625367669,1.054427836595712,0.30046494539340185,0.7718146859549533,0.028346456692913385,0.036727024256918345,-0.8104282463868571,0.42565767468219406,25,-0.6934624298380923,0.49861776314664874,16,-1.9566666666666668,0.03299621503351152,0.7791831225388587,1.0,0.9358221435871555,1.0,0.8556749021869333,1.0,0.9062612902357311,1.0,False,False,False,False
Oversold Low Volume,month,Jan,43,6,1.1649337779887148,1.2833143022162872,0.813953488372093,1.1834491849651712,78053.0,0.6958185151559744,1.4213243320693192,0.7340755234813521,1.7250224618149146,0.1365079365079365,0.07913400522583053,1.592749720990918,0.15524422587271963,8,-0.635644463426347,0.5529585071327936,6,-1.8638222222222223,0.1866756273901574,0.8389424383146786,1.0,0.9970919107269445,1.0,0.5005681877982621,1.0,0.8569438506071326,1.0,False,False,False,False
Oversold Low Volume,month,Feb,18,5,0.8279746031746033,1.596706436806411,0.7777777777777778,1.1918183644765923,37073.0,0.7557281000632893,1.4014656338470504,0.7649910162636642,0.7597305919886564,0.05714285714285714,0.0752146323254946,0.14909238954039508,0.8863657309912645,7,-0.44456217157286537,0.6796302903875113,5,-2.9105777777777777,0.08866572116683927,0.960040566766348,1.0,0.9970919107269445,1.0,0.9723308491713283,1.0,0.8569438506071326,1.0,False,False,False,False
Oversold Low Volume,month,Mar,19,5,0.7421754385964912,1.1431109165476496,0.7368421052631579,0.8563095831257266,32224.0,0.7609914028466435,1.4276660861966644,0.7850091417456834,0.7040979354704845,0.06031746031746032,0.0856662933930571,-0.05480377032348261,0.9580740847905559,7,-0.9084357277188277,0.4150312712509072,5,-1.804698412698413,0.0770685997593998,0.9960462357364827,1.0,0.9970919107269445,1.0,0.9723308491713283,1.0,0.8569438506071326,1.0,False,False,False,False
Oversold Low Volume,month,Apr,29,7,0.9270904683712567,1.4102461279458551,0.8275862068965517,1.0966985784740353,47254.0,0.7428991782978089,1.4120104204139594,0.7629021540838393,1.136581084046522,0.09206349206349207,0.08100037327360955,0.6136343969167755,0.5546472197789953,10,0.4462824845093657,0.6740570285626512,6,-2.919111111111111,0.1130151319833254,0.9176360438619875,1.0,0.9970919107269445,1.0,0.7452954726419501,1.0,0.8569438506071326,1.0,False,False,False,False
Oversold Low Volume,month,May,25,9,0.5048115374149661,1.6222760038889126,0.56,0.4787420264055778,20170.0,0.7818431039329848,1.391864470156714,0.817008918392872,0.9304991143065541,0.07936507936507936,0.0852930197835013,-0.6045074878069008,0.5589716044814625,11,-0.1861722212809615,0.8569438506071326,9,-2.0906666666666665,0.04823962441494209,0.9176360438619875,1.0,0.9970919107269445,1.0,0.7452954726419501,1.0,0.8569438506071326,1.0,False,False,False,False
Oversold Low Volume,month,Jun,27,5,0.74578260807789,1.3754249501854279,0.7777777777777778,0.9208443768679845,57181.0,0.7611758963813776,1.4161985518516587,0.7726958951705759,0.9834200061180789,0.08571428571428572,0.08715938783128033,-0.0359436027774384,0.9723308491713283,8,1.656471544611852,0.1729675044353143,5,-2.1383111111111113,0.13675706314679242,0.9960462357364827,1.0,0.9970919107269445,1.0,0.9723308491713283,1.0,0.8569438506071326,1.0,False,False,False,False
Oversold Low Volume,month,Jul,39,8,1.0265805221233792,1.2227976057334637,0.7435897435897436,1.1635315315315315,60540.0,0.7221672036707536,1.433139566742295,0.7493585105994245,1.426605222734255,0.12380952380952381,0.08678611422172453,0.9398672448176901,0.3694332509886038,11,-0.1938120800665656,0.8527180337361431,7,-1.3333333333333333,0.1447906228101435,0.9050531339660743,1.0,0.9970919107269445,1.0,0.7388665019772076,1.0,0.8569438506071326,1.0,False,False,False,False
Oversold Low Volume,month,Aug,61,12,0.3461738625843768,1.411658158990194,0.6065573770491803,0.26195283944015224,28849.0,0.8592054447176881,1.3949259528955538,0.9288649015944604,2.1349402312365275,0.19365079365079366,0.09070548712206047,-1.8329727377224163,0.08548054865914229,17,-0.5548943538732476,0.5911614460842767,11,-2.9248,0.0689967736612129,0.8389424383146786,1.0,0.9970919107269445,1.0,0.5005681877982621,1.0,0.8569438506071326,1.0,False,False,False,False
Oversold Low Volume,month,Sep,12,5,0.2700867724867725,1.8445392246888916,0.5,0.45483040935672514,9722.0,0.7792532914392689,1.3910628703739905,0.8041898151149195,0.4757908757908758,0.0380952380952381,0.08006718924972005,-0.716425910318049,0.5057875012214825,6,-0.3983191441306048,0.7107406231622029,5,-2.451911111111111,0.02325164246713272,0.9176360438619875,1.0,0.9970919107269445,1.0,0.7452954726419501,1.0,0.8569438506071326,1.0,False,False,False,False
Oversold Low Volume,month,Oct,25,8,1.4204307608366156,1.2256849643403127,0.92,1.5092073249591746,49062.0,0.7029104122587049,1.4128675552144958,0.7430135614642324,0.9184408104494497,0.07936507936507936,0.08641284061216872,1.9879036378009167,0.07805976227923646,10,1.0019080255015538,0.3550669736016141,7,-2.292063492063492,0.11733923911977634,0.8389424383146786,1.0,0.9970919107269445,1.0,0.5005681877982621,0.9367171473508376,0.8569438506071326,1.0,False,False,False,False
Oversold Low Volume,month,Nov,11,4,0.24252187177901466,1.392375431293404,0.6363636363636364,0.11155682903533906,2190.0,0.7785758157446402,1.409968454440213,0.8162186628039656,0.43614163614163615,0.03492063492063492,0.08006718924972005,-1.8167810278611929,0.16685606259942068,4,-0.8004814325846845,0.4819586080187846,4,-2.252190476190476,0.0052377182681568255,0.8389424383146786,1.0,0.9970919107269445,1.0,0.5005681877982621,1.0,0.8569438506071326,1.0,False,False,False,False
Oversold Low Volume,month,Dec,6,2,-0.3261798941798942,0.9873957460957989,0.5,-0.36396747967479676,-4197.0,0.7809445564434276,1.4104387440162363,0.8157852484346766,0.23089851325145444,0.01904761904761905,0.08249346771183277,-1.7073841575166917,0.3373014855015136,2,,,2,-1.3622857142857145,-0.010037764187878629,0.9050531339660743,1.0,,,0.7388665019772076,1.0,,,False,False,False,False
Oversold Low Volume,quarter,Q1,80,9,0.9887128580498865,1.3263945863618778,0.7875,1.093982856046613,147350.0,0.6819479146040376,1.4325311656106892,0.6863254649880206,1.0581352292083241,0.25396825396825395,0.24001493094438223,1.0969095449649946,0.28713938734163313,19,-0.8926032601076732,0.4017114925472795,8,-2.9105777777777777,0.35240994831639644,0.8614181620248994,1.0,0.9946099448218757,1.0,0.6363485845764046,1.0,0.5356153233963726,1.0,False,False,False,False
Oversold Low Volume,quarter,Q2,81,13,0.7363215115585631,1.459594595116526,0.7283950617283951,0.8458404375068369,124605.0,0.7680031886311801,1.3963644468187169,0.7685696169858307,1.0145592257521565,0.2571428571428571,0.2534527808883912,-0.11693462463546711,0.9077465928574491,29,1.2990837607030616,0.22048459806933302,12,-2.919111111111111,0.2980118195450599,0.9860913091107555,1.0,0.9946099448218757,1.0,0.9077465928574491,1.0,0.5356153233963726,0.8819383922773321,False,False,False,False
Oversold Low Volume,quarter,Q3,112,17,0.5749489933062504,1.4271308556845321,0.6428571428571429,0.5400062613882148,99111.0,0.8618743907666981,1.3944530403090352,0.9228549298082953,1.3804830917874396,0.35555555555555557,0.25755879059350506,-1.0140306886093229,0.3181742922882023,33,-1.1118966162110266,0.28632286282373637,14,-2.9248,0.2370390389384891,0.9111354733707612,1.0,0.9946099448218757,1.0,0.6363485845764046,1.0,0.5356153233963726,1.0,False,False,False,False
Oversold Low Volume,quarter,Q4,42,9,0.8624150058429805,1.4038723574814336,0.7857142857142857,0.7390339790091928,47055.0,0.7440782356429839,1.413550570943132,0.7970604582614959,0.5355322338830585,0.13333333333333333,0.24897349757372153,0.3361360296039746,0.7414242973542149,16,-0.31897965761731156,0.7590494885064372,8,-2.292063492063492,0.11253919320005452,0.9860913091107555,1.0,0.9946099448218757,1.0,0.9077465928574491,1.0,0.7590494885064372,1.0,False,False,False,False
Oversold Low Volume,half,MayOct,189,18,0.7019125667973154,1.4406963321111523,0.6878306878306878,0.7041623431837036,225524.0,0.8467723289781522,1.3652973916324043,0.9217755288186581,1.161835923382725,0.6,0.5164240388204554,-0.5427741349830698,0.5892630747753214,62,0.9904786026572965,0.34322776444910574,12,-2.9248,0.53937496562,0.7474136709335335,1.0,0.5134685304708131,1.0,0.5908259282565945,1.0,0.34322776444910574,0.6864555288982115,False,False,False,False
Oversold Low Volume,half,NovApr,126,14,0.8467723289781522,1.3652973916324043,0.7698412698412699,0.9217755288186581,192597.0,0.7019125667973154,1.4406963321111523,0.7041623431837036,0.8271709764569665,0.4,0.4835759611795446,0.5427741349830699,0.5908259282565945,35,-0.9904786026572965,0.34322776444910574,12,-2.919111111111111,0.46062503438,0.7474136709335335,1.0,0.5134685304708131,1.0,0.5908259282565945,1.0,0.34322776444910574,0.6864555288982115,False,False,False,False
Oversold Low Volume,wom,W1,90,15,0.6473286974048877,1.5370776839301488,0.6777777777777778,0.7576234418002268,116996.0,0.804867581375555,1.3577446196785927,0.8034519464622206,1.2006722689075628,0.2857142857142857,0.23796192609182532,-0.5366468864300852,0.5953422644781177,32,-1.3965234084891922,0.1843048190042379,15,-2.9248,0.2798137381284365,0.915911176120181,1.0,0.6428243243978917,1.0,0.8616903902145713,1.0,0.3846398824316254,0.7372192760169516,False,False,False,False
Oversold Low Volume,wom,W2,66,12,0.7786837480321476,1.4318993212795064,0.7575757575757576,0.8613100539951246,94141.0,0.7548661092603133,1.407788727284711,0.7715384204230988,0.8791139948540105,0.20952380952380953,0.23833519970138112,0.10869784766143889,0.9141907802269944,30,-0.6667933414376231,0.5186457865499612,12,-2.919111111111111,0.22515252761760352,0.9906488261566698,1.0,0.7131379565061966,1.0,0.9141907802269944,1.0,0.5186457865499612,1.0,False,False,False,False
Oversold Low Volume,wom,W3,79,13,0.6588235023967393,1.4218371162353547,0.6835443037974683,0.5613357930088454,74170.0,0.7936768300279549,1.4082465087392697,0.8661946351990536,1.0498065476190477,0.2507936507936508,0.23889511011571482,-0.4634663948614216,0.6462677926609285,32,0.9614645899314196,0.3569774218609697,12,-2.878984126984127,0.1773888419859323,0.9373958150489917,1.0,0.6428243243978917,1.0,0.8616903902145713,1.0,0.4759698958146263,1.0,False,False,False,False
Oversold Low Volume,wom,W4+,80,17,0.9706877718754466,1.2224130773434965,0.775,0.9959205335651816,132814.0,0.6880841141527833,1.4646682342883683,0.7207342515641008,0.891718155151969,0.25396825396825395,0.2848077640910788,1.1753867256458914,0.24734841156751974,38,1.3651899683301476,0.1923199412158127,16,-2.0906666666666665,0.31764489226802767,0.6891788219173139,1.0,0.6428243243978917,1.0,0.8616903902145713,0.989393646270079,0.3846398824316254,0.7692797648632508,False,False,False,False
Oversold Low Volume,tom,TOM,66,16,0.8234987670715123,1.4332024670690222,0.7424242424242424,0.9232332372830151,104847.0,0.7429874295149396,1.4069990179937328,0.7536983579255699,0.8798029556650246,0.20952380952380953,0.23814856289660322,0.315408132700522,0.7542729857683175,37,-0.9368288943270835,0.3636861085190578,16,-2.9248,0.25075755582714093,0.8703149835788279,1.0,0.5702183393753409,1.0,0.7542729857683175,1.0,0.3636861085190578,0.7273722170381156,False,False,False,False
Oversold Low Volume,tom,mid,249,20,0.7429874295149396,1.4069990179937328,0.714859437751004,0.7536983579255699,313274.0,0.8234987670715123,1.4332024670690222,0.9232332372830151,1.0375726184643381,0.7904761904761904,0.7618514371033968,-0.31540813270052215,0.753305040636858,78,0.9368288943270835,0.3636861085190578,16,-2.919111111111111,0.749242444172859,0.8703149835788279,1.0,0.5702183393753409,1.0,0.7542729857683175,1.0,0.3636861085190578,0.7273722170381156,False,False,False,False
Oversold Low Volume,opex,opex,93,13,0.6202702445132929,1.4138287328067285,0.6774193548387096,0.5894429401611094,94559.0,0.8183317830459618,1.4083364216910943,0.8773537148244902,1.2614718614718614,0.29523809523809524,0.23404255319148937,-0.6190375993066886,0.5399002648382368,36,-0.311004751411459,0.7616111977255103,12,-2.919111111111111,0.22615223822769007,0.9452844676569588,1.0,0.9174368745123129,1.0,0.7972274129965461,1.0,0.769651699074125,1.0,False,False,False,False
Oversold Low Volume,opex,other,170,19,0.7921615465704072,1.428699296323619,0.7294117647058823,0.8335253246255886,234825.0,0.7219815562687624,1.3930876687345282,0.7406229148992592,1.002641833432402,0.5396825396825397,0.53826054497947,0.2580442249318558,0.797227412996546,63,-0.2981862218883898,0.7696516990741251,16,-2.9248,0.5616197225205144,0.9452844676569588,1.0,0.9174368745123129,1.0,0.7972274129965461,1.0,0.769651699074125,1.0,False,False,False,False
Oversold Low Volume,opex,post_opex,52,14,0.90388832536989,1.3494891319527027,0.7692307692307693,1.0191687996022303,88737.0,0.7313786907099068,1.423139935625991,0.7449665112814075,0.7249960967993755,0.16507936507936508,0.22769690182904068,0.6673184802981489,0.5112091296637823,24,0.7047111925363253,0.4934226690229979,14,-2.0906666666666665,0.21222803925179554,0.9452844676569588,1.0,0.9174368745123129,1.0,0.7972274129965461,1.0,0.769651699074125,1.0,False,False,False,False
Oversold Low Volume,dow,Mon,53,17,0.7207515933669512,1.442130761968832,0.7358490566037735,0.7656828638774859,66276.0,0.7677670004866082,1.4068265010979095,0.7948496702026496,0.8988083368940798,0.16825396825396827,0.1871967151922359,-0.22553889513456624,0.8227378107681138,40,0.03554693839804105,0.9720833280918174,17,-2.9248,0.15850913969879532,0.9295530446908759,1.0,0.9858651475917073,1.0,0.9859911757081393,1.0,0.9720833280918175,1.0,False,False,False,False
Oversold Low Volume,dow,Tue,80,15,0.7623166213151927,1.3677648995732792,0.75,0.6908324423400031,84804.0,0.759018973917976,1.427765897581872,0.8200531311355252,1.237056277056277,0.25396825396825395,0.20530048525569242,0.01765202617325701,0.9859911757081393,48,-0.5215126573517113,0.6107798001232012,14,-2.552018140589569,0.20282167123870842,0.9859911757081394,1.0,0.9285883698949011,1.0,0.9859911757081393,1.0,0.9720833280918175,1.0,False,False,False,False
Oversold Low Volume,dow,Wed,60,13,0.7176501715126109,1.4537929077713538,0.7166666666666667,0.7321429492918035,78286.0,0.7697873658242474,1.4029996053046578,0.8047491807853718,0.9277922077922077,0.19047619047619047,0.20530048525569242,-0.2707941359856412,0.7879774385118166,40,-0.5636842889316039,0.5842774340467538,12,-2.919111111111111,0.18723288234745444,0.9295530446908759,1.0,0.9285883698949011,1.0,0.9859911757081393,1.0,0.9720833280918175,1.0,False,False,False,False
Oversold Low Volume,dow,Thu,60,17,0.7065697959183674,1.4726193440407125,0.7166666666666667,0.8745972986493247,98343.0,0.7723945130228931,1.3983210405521258,0.7672763440853386,0.944973544973545,0.19047619047619047,0.20156774916013437,-0.30799371865047925,0.7599126481600371,36,-0.047788079909250436,0.9624765645064126,17,-2.9105777777777777,0.23520225006636836,0.9295530446908759,1.0,0.9858651475917073,1.0,0.9859911757081393,1.0,0.9720833280918175,1.0,False,False,False,False
Oversold Low Volume,dow,Fri,62,16,0.8825230060712456,1.3726237591341104,0.6774193548387096,0.899363941989609,90412.0,0.7297958980218282,1.420811243693955,0.7644513333790929,0.9810143964562569,0.19682539682539682,0.20063456513624486,0.8895588953854141,0.379953868807828,35,1.258486046847822,0.22745206288139685,16,-2.10249433106576,0.21623405664867348,0.7819441864761855,1.0,0.8087184458005221,1.0,0.9859911757081393,1.0,0.9720833280918175,1.0,False,False,False,False
Oversold Low Volume,eseason_fixed,off,159,17,0.7812003454665033,1.3667009601293365,0.7358490566037735,0.8563597337326005,245202.0,0.7381021387613188,1.458091971197709,0.7119422739170246,0.9093861081756173,0.5047619047619047,0.5550578574094811,0.1682065243452362,0.8670733407006743,53,-0.1482292671250447,0.8841361115636778,16,-2.451911111111111,0.5864378971637397,0.9909864943128218,1.0,0.9521465816839606,1.0,0.867113182523719,1.0,0.8841361115636778,1.0,False,False,False,False
Oversold Low Volume,eseason_fixed,season,156,19,0.7381021387613188,1.458091971197709,0.7051282051282052,0.7119422739170246,172919.0,0.7812003454665033,1.3667009601293365,0.8563597337326005,1.113039309683605,0.49523809523809526,0.44494214259051884,-0.16820652434523625,0.867113182523719,50,0.1482292671250447,0.8841361115636778,16,-2.9248,0.4135621028362603,0.9909864943128218,1.0,0.9521465816839606,1.0,0.867113182523719,1.0,0.8841361115636778,1.0,False,False,False,False
Oversold Low Volume,eseason_data,off,213,17,0.7499367012869752,1.4041049869779996,0.7276995305164319,0.7876082152991467,304018.0,0.7805712862922947,1.4308480150479002,0.7967391114602427,1.005838026493218,0.6761904761904762,0.6722657708100037,-0.12327689405076586,0.9022569021601747,68,0.1450947245761783,0.886567769828385,16,-2.919111111111111,0.7271053116203204,0.9627067436733711,1.0,0.886567769828385,1.0,0.9025375721937854,1.0,0.886567769828385,1.0,False,False,False,False
Oversold Low Volume,eseason_data,season,102,19,0.7805712862922947,1.4308480150479002,0.7058823529411765,0.7967391114602427,114103.0,0.7499367012869752,1.4041049869779996,0.7876082152991467,0.9880247315327042,0.3238095238095238,0.3277342291899963,0.12327689405076514,0.9025375721937854,39,-0.1450947245761783,0.886567769828385,16,-2.9248,0.27289468837967956,0.9627067436733711,1.0,0.886567769828385,1.0,0.9025375721937854,1.0,0.886567769828385,1.0,False,False,False,False
Oversold Low Volume,holiday,none,287,20,0.7480862667993192,1.4091445678220327,0.7212543554006968,0.7816264272095675,377983.0,0.8805010715905411,1.4459491472220818,0.8796632463849892,0.9834273435401558,0.9111111111111111,0.9264650989175065,-0.3251937697067883,0.7457809045500243,92,0.8265595739318166,0.43575139793827233,8,-2.9248,0.9040038649099185,0.878132662207778,1.0,0.9358221435871555,1.0,0.7457809045500244,1.0,0.6536270969074085,1.0,False,False,False,False
Oversold Low Volume,holiday,post,17,6,1.2461464628518075,1.3455175787099507,0.8235294117647058,1.1930611586472952,32426.0,0.7321150963337552,1.4113403245276155,0.7682628082731391,1.4678269277254048,0.05396825396825397,0.036767450541246735,1.2737927949837544,0.23849584303986987,9,0.16170809480252052,0.8778671261290723,6,-1.8638222222222223,0.07755171349920238,0.5818745927048132,1.0,0.9771927119667323,1.0,0.49656328291331353,0.7154875291196097,0.8778671261290723,1.0,False,False,False,False
Oversold Low Volume,holiday,pre,11,5,0.31541273964131106,1.473046705611003,0.5454545454545454,0.41799457994579947,7712.0,0.775938317236465,1.408197160216314,0.8035197303618554,0.9497703649987914,0.03492063492063492,0.036767450541246735,-1.0761010396349755,0.3310421886088757,6,-2.270834290156282,0.08564868289861198,5,-1.712761904761905,0.018444421590879195,0.6804756099182445,1.0,0.9358221435871555,1.0,0.49656328291331353,0.9931265658266271,0.2569460486958359,0.2569460486958359,False,False,False,False
SPY QQQ MonFri Reversion,month,Jan,29,12,0.40721401204159824,1.1178602034465204,0.7241379310344828,0.4271947194719472,36405.0,0.45267838980942426,1.1677791171461591,0.47781117894260833,1.0393811533052038,0.08333333333333333,0.08017591339648174,-0.17296244139102704,0.864510204957028,20,-0.12011020685624678,0.9065615552960034,12,-1.9545396825396826,0.0706642105814827,0.960040566766348,1.0,0.9970919107269445,1.0,0.9431020417713033,1.0,0.973308364344347,1.0,False,False,False,False
SPY QQQ MonFri Reversion,month,Feb,24,11,0.2895714285714286,1.680259401176248,0.6666666666666666,0.30056474519632415,22486.0,0.4606910444836372,1.1171526246295824,0.48664811599570956,0.8863568215892054,0.06896551724137931,0.07780784844384303,-0.5509937943807914,0.5903233149357469,15,0.40957821572097136,0.690750894149857,11,-4.809777777777778,0.04364662653853097,0.9176360438619875,1.0,0.9970919107269445,1.0,0.8936261216958692,1.0,0.973308364344347,1.0,False,False,False,False
SPY QQQ MonFri Reversion,month,Mar,40,15,0.439960634920635,1.080097996125148,0.675,0.47547614157595675,54260.0,0.45004930942073795,1.1740985514819937,0.473652408477842,1.2943623426382047,0.11494252873563218,0.08880243572395129,-0.042558794263059994,0.9664752680234756,21,0.0340622867110491,0.973308364344347,15,-2.2222222222222223,0.10532179827362316,0.9960462357364827,1.0,0.9970919107269445,1.0,0.9664752680234757,1.0,0.973308364344347,1.0,False,False,False,False
SPY QQQ MonFri Reversion,month,Apr,31,12,0.7285067076292882,1.0794472879112589,0.7419354838709677,0.7983851356373095,83924.0,0.42154544088928947,1.1679884532146076,0.43910805651011836,1.0596452276879669,0.08908045977011494,0.08406630581867389,1.192834028398353,0.2484215322153031,19,0.6438846421861222,0.5328454693783204,12,-1.126095238095238,0.16290133797116751,0.9050531339660743,1.0,0.9970919107269445,1.0,0.8936261216958692,1.0,0.973308364344347,1.0,False,False,False,False
SPY QQQ MonFri Reversion,month,May,21,14,0.3020553287981859,1.2372760807334895,0.5714285714285714,0.3759403046100378,28733.0,0.45831942138731124,1.1585959712158216,0.4812465219810796,0.705056562627777,0.0603448275862069,0.08558863328822733,-0.54287917941148,0.5957507477972461,15,-0.9930436186864524,0.3388136141516096,14,-1.4130793650793652,0.055772414850645304,0.9176360438619875,1.0,0.9970919107269445,1.0,0.8936261216958692,1.0,0.973308364344347,1.0,False,False,False,False
SPY QQQ MonFri Reversion,month,Jun,48,16,0.37820899470899466,1.171590882328956,0.6041666666666666,0.36926609266092664,56290.0,0.4601986031746032,1.1622715694444175,0.4908971961054699,1.6020594810649684,0.13793103448275862,0.08609607577807848,-0.37217444025572377,0.7134923110287705,22,-0.1491198785996957,0.8834454276312573,16,-1.3160634920634922,0.10926214568415495,0.960040566766348,1.0,0.9970919107269445,1.0,0.8979813117262545,1.0,0.973308364344347,1.0,False,False,False,False
SPY QQQ MonFri Reversion,month,Jul,23,14,0.702368530020704,1.0021026646264213,0.7391304347826086,0.7958551258440761,60771.0,0.4309511892551892,1.1719829298784066,0.4495199585758117,0.783037339045908,0.06609195402298851,0.08440460081190798,1.019733969868363,0.3251538672343237,15,0.29738295703826023,0.7708730116613602,14,-1.0280634920634921,0.1179600258548904,0.9050531339660743,1.0,0.9970919107269445,1.0,0.8936261216958692,1.0,0.973308364344347,1.0,False,False,False,False
SPY QQQ MonFri Reversion,month,Aug,22,14,0.7861471861471861,1.0839072902410807,0.7272727272727273,0.7571899641577061,52814.0,0.4261299834453208,1.165345866143244,0.4544201967152696,0.7342772621547773,0.06321839080459771,0.08609607577807848,1.3296021328659615,0.20229571281758124,17,1.3188969150249739,0.2099650893827222,14,-1.0234920634920635,0.1025150286403084,0.8776999774743925,1.0,0.9970919107269445,1.0,0.8936261216958692,1.0,0.973308364344347,1.0,False,False,False,False
SPY QQQ MonFri Reversion,month,Sep,18,9,0.15191816578483244,1.013480811203761,0.5,0.15031247102457115,7599.0,0.4650881385281385,1.1689599332530611,0.48962102851630795,0.6492422578519658,0.05172413793103448,0.07966847090663058,-1.0062056578419043,0.3341757142121484,13,-1.334294886620034,0.21883709851431035,9,-1.1403174603174604,0.014750098508685264,0.9050531339660743,1.0,0.9970919107269445,1.0,0.8936261216958692,1.0,0.973308364344347,1.0,False,False,False,False
SPY QQQ MonFri Reversion,month,Oct,35,14,0.23775528344671204,1.1949351194022182,0.5428571428571428,0.29832211754149845,31170.0,0.4724989705360312,1.1580556329954077,0.4925048611607959,1.1727765308667164,0.10057471264367816,0.08575778078484439,-0.7766280185317181,0.4474644381628998,19,-1.1389143619013684,0.2752916219134417,14,-1.564,0.06050277280112115,0.9050531339660743,1.0,0.9970919107269445,1.0,0.8936261216958692,1.0,0.973308364344347,1.0,False,False,False,False
SPY QQQ MonFri Reversion,month,Nov,22,9,0.371320634920635,1.0340134244216204,0.7272727272727273,0.3599360576381853,24979.0,0.4541244132826954,1.1715986029072167,0.48161026680175617,0.7969021885645664,0.06321839080459771,0.07933017591339649,-0.327253902971675,0.7483177597718788,15,-0.10541207148900388,0.9186439757268211,9,-1.1497777777777778,0.04848568372791804,0.960040566766348,1.0,0.9970919107269445,1.0,0.8979813117262545,1.0,0.973308364344347,1.0,False,False,False,False
SPY QQQ MonFri Reversion,month,Dec,35,12,0.5743038548752835,1.1679319852449623,0.7142857142857143,0.5135474956822107,55752.0,0.43486574369897046,1.1626022923773704,0.4694395989494775,1.2234520599782412,0.10057471264367816,0.08220568335588634,0.5693786456289897,0.576136388146034,19,0.7484415713976564,0.4698944884939833,12,-1.829079365079365,0.10821785656747214,0.9176360438619875,1.0,0.9970919107269445,1.0,0.8936261216958692,1.0,0.973308364344347,1.0,False,False,False,False
SPY QQQ MonFri Reversion,quarter,Q1,93,21,0.3909392046424305,1.2587633651301893,0.6881720430107527,0.41273625715995554,113151.0,0.4700245751633987,1.126810654384452,0.49444728851992775,1.0828862470752285,0.2672413793103448,0.24678619756427606,-0.4552108599173771,0.6508169131109515,54,0.2677980719850793,0.79159715825056,21,-4.809777777777778,0.21963263539363684,0.9860913091107555,1.0,0.9946099448218757,1.0,0.8540006419950972,1.0,0.9946099448218757,1.0,False,False,False,False
SPY QQQ MonFri Reversion,quarter,Q2,100,23,0.4708090158730159,1.159740885964182,0.64,0.5058530058479532,168947.0,0.44005125448028676,1.165427969609962,0.45965138927782445,1.123578422428997,0.28735632183908044,0.2557510148849797,0.18488330040348386,0.8540006419950972,56,0.5115654520483052,0.6140517463791516,23,-1.4130793650793652,0.32793589850596777,0.9860913091107555,1.0,0.9946099448218757,1.0,0.8540006419950972,1.0,0.9946099448218757,1.0,False,False,False,False
SPY QQQ MonFri Reversion,quarter,Q3,63,19,0.5743530360292265,1.0534268257078725,0.6666666666666666,0.616197989909824,121184.0,0.4211556892230577,1.184837350629879,0.4424081267435128,0.7236483178289151,0.1810344827586207,0.25016914749661706,0.817798157836383,0.4179811095704855,44,0.006849920181813862,0.9946099448218757,19,-1.1403174603174604,0.23522515300388405,0.9860913091107555,1.0,0.9946099448218757,1.0,0.8540006419950972,1.0,0.9946099448218757,1.0,False,False,False,False
SPY QQQ MonFri Reversion,quarter,Q4,92,18,0.39772960662525886,1.1453726941060867,0.6521739130434783,0.3961864298951678,111901.0,0.4672753472222222,1.1698750512512943,0.501097870192401,1.069044137302074,0.26436781609195403,0.2472936400541272,-0.38751828535020283,0.6999542310786407,53,-0.034966248532043234,0.9725139461542815,18,-1.829079365079365,0.21720631309651134,0.9860913091107555,1.0,0.9946099448218757,1.0,0.8540006419950972,1.0,0.9946099448218757,1.0,False,False,False,False
SPY QQQ MonFri Reversion,half,MayOct,167,23,0.4131908373728732,1.1394131581017177,0.6107784431137725,0.4478679284219215,237377.0,0.4818273086029992,1.1850515539850506,0.49855125131440586,0.9453783604698817,0.47988505747126436,0.5076116373477673,-0.4496208501579697,0.6539869620668418,98,-1.2952987743440085,0.2092763036861233,22,-1.564,0.4607624863398055,0.7474136709335335,1.0,0.5134685304708131,1.0,0.6539869620668418,1.0,0.2092763036861233,0.4185526073722466,False,False,False,False
SPY QQQ MonFri Reversion,half,NovApr,181,22,0.4818273086029992,1.1850515539850506,0.7071823204419889,0.49855125131440586,277806.0,0.4131908373728732,1.1394131581017177,0.4478679284219215,1.0563103882617262,0.5201149425287356,0.49238836265223274,0.44962085015797043,0.6539286140635475,104,1.2952987743440085,0.2092763036861233,22,-4.809777777777778,0.5392375136601946,0.7474136709335335,1.0,0.5134685304708131,1.0,0.6539869620668418,1.0,0.2092763036861233,0.4185526073722466,False,False,False,False
SPY QQQ MonFri Reversion,wom,W1,72,21,0.27094585537918875,1.3793212389226779,0.5972222222222222,0.31386335892892303,74724.0,0.49530982286634456,1.0966880210765586,0.5186971746110605,0.8674981658107116,0.20689655172413793,0.2384979702300406,-1.1693206553775133,0.2485701724709449,45,-0.11998038425830104,0.9056957734985076,21,-4.809777777777778,0.14504360586432394,0.6891788219173139,1.0,0.9673153765071466,1.0,0.4971403449418898,0.9942806898837796,0.9056957734985076,1.0,False,False,False,False
SPY QQQ MonFri Reversion,wom,W2,84,19,0.32983492063492065,1.1706987440796621,0.6309523809523809,0.4343990969198516,105223.0,0.48677075517075513,1.1591581612809765,0.4851507923300235,1.0120811934458303,0.2413793103448276,0.2384979702300406,-0.866193878646091,0.39052143622073643,51,-1.1530815290399334,0.2639598967943252,19,-2.2222222222222223,0.20424392885634812,0.7397016462658751,1.0,0.6428243243978917,1.0,0.5206952482943152,1.0,0.4262529252365061,1.0,False,False,False,False
SPY QQQ MonFri Reversion,wom,W3,92,22,0.41050752242926153,0.9803357885483698,0.6739130434782609,0.4213280159521436,118854.0,0.46268328373015877,1.222441611508905,0.49224339456039745,1.1068998078864252,0.26436781609195403,0.2388362652232747,-0.33032520313638053,0.7423049165815654,61,-1.0192372697692855,0.31968969392737956,22,-1.1497777777777778,0.23070248824204215,0.9540913465601865,1.0,0.6428243243978917,1.0,0.7423049165815654,1.0,0.4262529252365061,1.0,False,False,False,False
SPY QQQ MonFri Reversion,wom,W4+,100,20,0.7123268571428574,1.109496123013631,0.72,0.6661110149110149,216382.0,0.34266502816180233,1.168233005652022,0.39192236670868047,1.0112205801860974,0.28735632183908044,0.28416779431664413,2.2649937078594187,0.027018178427012346,63,2.378700328389316,0.028017369971357755,20,-1.3864126984126983,0.42000997703728576,0.6386897770886495,1.0,0.6428243243978917,1.0,0.10807271370804938,0.10807271370804938,0.11206947988543102,0.11206947988543102,False,False,False,False
SPY QQQ MonFri Reversion,tom,TOM,78,22,0.5528284900284901,1.42066930389,0.6794871794871795,0.5783303303303303,144438.0,0.4188629276895943,1.0773227630131272,0.44268472653662816,0.939789679628271,0.22413793103448276,0.2384979702300406,0.6756339341434804,0.5026556625206786,47,0.9996350002868087,0.32886722982068783,22,-4.809777777777778,0.2803625119617689,0.8703149835788279,1.0,0.5702183393753409,1.0,0.5026556625206786,1.0,0.32886722982068783,0.6577344596413757,False,False,False,False
SPY QQQ MonFri Reversion,tom,mid,270,23,0.4188629276895943,1.0773227630131272,0.6555555555555556,0.44268472653662816,370745.0,0.5528284900284901,1.42066930389,0.5783303303303303,1.018857519263469,0.7758620689655172,0.7615020297699594,-0.6756339341434805,0.5002304859998932,164,-0.9996350002868087,0.32886722982068783,22,-2.2222222222222223,0.719637488038231,0.8703149835788279,1.0,0.5702183393753409,1.0,0.5026556625206786,1.0,0.32886722982068783,0.6577344596413757,False,False,False,False
SPY QQQ MonFri Reversion,opex,opex,99,20,0.3990617283950617,1.0236980837596314,0.6464646464646465,0.4539947026246087,132570.0,0.4687008095875565,1.214263092571663,0.4811323705668533,1.217858123798347,0.28448275862068967,0.23359269282814615,-0.4285285556878522,0.6697757984954429,62,-0.526859877250556,0.6043883297899908,20,-1.1497777777777778,0.2573260375439407,0.9452844676569588,1.0,0.9174368745123129,1.0,0.669775798495443,1.0,0.6043883297899908,1.0,False,False,False,False
SPY QQQ MonFri Reversion,opex,other,180,22,0.37709460317460325,1.253486933008905,0.6388888888888888,0.4019217149966504,229670.0,0.5258130007558579,1.0540235123277384,0.5535209014903671,0.9592004499632243,0.5172413793103449,0.5392422192151556,-0.9572522204145903,0.34063885262857063,106,-0.8481560521582531,0.4059151257191086,22,-4.809777777777778,0.44580275358464855,0.9452844676569588,1.0,0.9174368745123129,1.0,0.510958278942856,1.0,0.6043883297899908,1.0,False,False,False,False
SPY QQQ MonFri Reversion,opex,post_opex,69,20,0.707673521969174,1.0775708747646857,0.7391304347826086,0.6833771075505288,152943.0,0.384889389543153,1.175255614770396,0.4195323923271806,0.8728271753921997,0.19827586206896552,0.22716508795669824,1.7792639057123403,0.08166355240951195,48,0.9176936257108198,0.37028224669750875,20,-1.1573333333333333,0.2968712088714107,0.9006924948094847,1.0,0.9174368745123129,1.0,0.24499065722853586,0.24499065722853586,0.6043883297899908,1.0,False,False,False,False
SPY QQQ MonFri Reversion,dow,Mon,171,23,0.5016631950245986,1.1139865519145185,0.6842105263157895,0.5063464691880455,269226.0,0.397905120616985,1.2079346245943525,0.4427357437173916,2.6218722768579608,0.49137931034482757,0.18741542625169147,0.6631280082287617,0.5085419255182058,119,0.06431055229558066,0.9493037344115205,23,-2.2222222222222223,0.5225832374127252,0.8559552627818707,1.0,0.9858651475917073,1.0,0.5086110981747347,1.0,0.9493037344115205,1.0,False,False,False,False
SPY QQQ MonFri Reversion,dow,Fri,177,23,0.397905120616985,1.2079346245943525,0.6384180790960452,0.4427357437173916,245957.0,0.5016631950245986,1.1139865519145185,0.5063464691880455,2.539666821994408,0.5086206896551724,0.20027063599458728,-0.6631280082287617,0.5086110981747347,113,-0.06431055229558066,0.9493037344115205,23,-4.809777777777778,0.47741676258727483,0.8559552627818707,1.0,0.9858651475917073,1.0,0.5086110981747347,1.0,0.9493037344115205,1.0,False,False,False,False
SPY QQQ MonFri Reversion,eseason_fixed,off,208,23,0.48083412698412703,1.146604144710865,0.6490384615384616,0.4948755984900563,320575.0,0.40142938775510206,1.1875629863968158,0.44284131555555556,1.0779771798054605,0.5977011494252874,0.5544654939106901,0.5310570881191407,0.5964402445667287,112,0.9793777587797857,0.33804130331342075,23,-2.2222222222222223,0.6222546163208025,0.9909864943128218,1.0,0.5994176203122495,1.0,0.5966873716262213,1.0,0.33804130331342075,0.6760826066268415,False,False,False,False
SPY QQQ MonFri Reversion,eseason_fixed,season,140,23,0.40142938775510206,1.1875629863968158,0.6785714285714286,0.44284131555555556,194608.0,0.48083412698412703,1.146604144710865,0.4948755984900563,0.902957784585308,0.40229885057471265,0.4455345060893099,-0.5310570881191399,0.5966873716262213,91,-0.9793777587797857,0.33804130331342075,23,-4.809777777777778,0.37774538367919747,0.9909864943128218,1.0,0.5994176203122495,1.0,0.5966873716262213,1.0,0.33804130331342075,0.6760826066268415,False,False,False,False
SPY QQQ MonFri Reversion,eseason_data,off,244,23,0.41210189955763726,1.1408060647708704,0.6311475409836066,0.44629110779930453,336894.0,0.5351995115995116,1.2121902342104764,0.5364217850175117,1.0449194359210614,0.7011494252873564,0.6710081190798376,-0.7607576624573062,0.4481188065113181,137,-1.011568127475508,0.32274146914941126,23,-2.2222222222222223,0.6539307391742352,0.9627067436733711,1.0,0.8068536728735282,1.0,0.4495112791503476,0.8962376130226362,0.32274146914941126,0.6454829382988225,False,False,False,False
SPY QQQ MonFri Reversion,eseason_data,season,104,23,0.5351995115995116,1.2121902342104764,0.7307692307692307,0.5364217850175117,178289.0,0.41210189955763726,1.1408060647708704,0.44629110779930453,0.9083828265815679,0.2988505747126437,0.3289918809201624,0.760757662457306,0.4495112791503476,67,1.011568127475508,0.32274146914941126,23,-4.809777777777778,0.34606926082576484,0.9627067436733711,1.0,0.8068536728735282,1.0,0.4495112791503476,0.8990225583006952,0.32274146914941126,0.6454829382988225,False,False,False,False
SPY QQQ MonFri Reversion,holiday,none,335,23,0.4585613646055437,1.165997241021148,0.6626865671641791,0.49057295397715756,510399.0,0.19965811965811964,1.0714020804997737,0.10216082749416083,1.0392895225141263,0.9626436781609196,0.9262516914749662,0.7605038956233837,0.44786269688421176,198,0.32900008004419584,0.7496822919269491,10,-4.809777777777778,0.9907139793044414,0.7791831225388587,1.0,0.9358221435871555,1.0,0.4478626968842117,1.0,0.7496822919269491,1.0,False,False,False,False
SPY QQQ MonFri Reversion,holiday,post,3,2,1.2164232804232804,0.5457808110492549,1.0,1.2164232804232804,14369.0,0.4422154865424431,1.1643003544060504,0.46568734880679963,0.23378677633660233,0.008620689655172414,0.03687415426251692,2.52172748389219,0.2403441945842271,2,,,2,0.8533333333333334,0.027891060069916904,0.5818745927048132,1.0,,,0.36051629187634066,0.7210325837526813,,,False,False,False,False
SPY QQQ MonFri Reversion,holiday,pre,10,8,-0.10537142857142853,1.0081452276556149,0.5,-0.2737349397590361,-9585.0,0.46528794965718034,1.163736281827027,0.49872149088614176,0.779289254455341,0.028735632183908046,0.03687415426251692,-1.6381237163125306,0.14540624996415089,8,-1.008803852441923,0.34666052395115804,8,-1.3864126984126983,-0.01860503937435824,0.5818745927048132,1.0,0.9358221435871555,1.0,0.36051629187634066,0.4362187498924527,0.6933210479023161,0.6933210479023161,False,False,False,False
Sector BO,month,Jan,6,4,2.1202370370370374,3.7666867892393783,0.5,2.120237037037037,35779.0,0.7219157545605307,3.3100095908766316,0.7219157545605307,1.0494959937968467,0.0821917808219178,0.07831547838936091,0.9367974421343824,0.39186926776720055,6,0.5035284818143624,0.6492402610613008,4,-1.0325333333333333,0.2082414224602043,0.9050531339660743,1.0,0.9970919107269445,1.0,0.5878039016508008,1.0,0.811550326326626,1.0,False,False,False,False
Sector BO,month,Feb,4,3,0.8819555555555556,3.787970774566667,0.25,0.8819555555555556,9922.0,0.8342312399355878,3.346989898794667,0.8342312399355878,0.7361229137632141,0.0547945205479452,0.07443664573328408,0.025843372703595664,0.9817290263619802,3,0.5527557634561506,0.6359617237759506,3,-1.0140444444444445,0.05774815935744842,0.9971706674888388,1.0,0.9970919107269445,1.0,0.9817290263619802,1.0,0.811550326326626,1.0,False,False,False,False
Sector BO,month,Mar,2,2,-1.100088888888889,0.1025776237241285,0.0,-1.100088888888889,-6188.0,0.8914078247261346,3.3744601067547078,0.8914078247261346,0.3231563553884263,0.0273972602739726,0.08478019948282231,-4.260451628197801,0.14676865219201504,2,,,2,-1.1726222222222222,-0.03601548176818089,0.8389424383146786,1.0,,,0.3522447652608361,1.0,,,False,False,False,False
Sector BO,month,Apr,10,8,0.569031111111111,3.3842754219477245,0.2,0.5690311111111112,16004.0,0.8793566137566139,3.362274127441038,0.8793566137566138,1.7088567640931758,0.136986301369863,0.08016254155892132,-0.26370002949308363,0.7996053538253862,8,1.0530601513582067,0.33286254823652883,7,-1.0289777777777778,0.09314669848383436,0.960040566766348,1.0,0.9970919107269445,1.0,0.872296749627694,1.0,0.554770913727548,1.0,False,False,False,False
Sector BO,month,May,5,5,-1.0230755555555555,0.008476104392880773,0.0,-1.0230755555555555,-14387.0,0.9736052287581697,3.4256393994977716,0.9736052287581699,0.8333076804679082,0.0684931506849315,0.08219431104543776,-4.146375561493627,0.014302282161965277,5,-1.906594993381336,0.12925217066692005,5,-1.0332444444444444,-0.08373541308966038,0.8389424383146786,1.0,0.9970919107269445,1.0,0.17162738594358334,0.17162738594358334,0.40442731099262985,1.0,False,False,False,False
Sector BO,month,Jun,6,4,0.19395555555555566,3.049017137050018,0.16666666666666666,0.19395555555555555,3273.0,0.8944185737976783,3.383627107314832,0.8944185737976783,0.9610935234770258,0.0821917808219178,0.08551902475064647,-0.6618278825807492,0.5442635085515918,5,-0.08624265216269705,0.9367071312038371,4,-1.139911111111111,0.01904955911881966,0.9176360438619875,1.0,0.9970919107269445,1.0,0.725684678068789,1.0,0.9367071312038371,1.0,False,False,False,False
Sector BO,month,Jul,7,5,3.9047111111111112,4.664736609980657,0.5714285714285714,3.9047111111111112,76874.0,0.5114666666666666,3.04172339789642,0.5114666666666666,1.1188592347661785,0.0958904109589041,0.08570373106760251,1.7932775790805007,0.13290291712200228,6,1.823232180998459,0.1423416897525032,5,-1.1132444444444445,0.4474231004277857,0.8389424383146786,1.0,0.9970919107269445,1.0,0.3522447652608361,1.0,0.40442731099262985,1.0,False,False,False,False
Sector BO,month,Aug,8,7,-0.5966666666666667,1.2076942360383034,0.125,-0.5966666666666667,-13425.0,1.0132786324786325,3.482414069582018,1.0132786324786325,1.2158095665843252,0.1095890410958904,0.09013668267454747,-2.4853228837370516,0.04746187468275281,7,-1.4875265729585787,0.18743791688160433,7,-1.0314666666666668,-0.07813636760469109,0.8389424383146786,1.0,0.9970919107269445,1.0,0.2847712480965168,0.5695424961930337,0.40442731099262985,1.0,False,False,False,False
Sector BO,month,Sep,6,5,4.104414814814815,4.470229569704456,0.6666666666666666,4.104414814814815,69262.0,0.544228192371476,3.10205285911354,0.5442281923714759,0.9888584474885843,0.0821917808219178,0.08311784263021796,1.8126857825899887,0.14409666738830668,5,1.6270078770169387,0.20221365549631495,4,-1.0136888888888889,0.4031196344905858,0.8389424383146786,1.0,0.9970919107269445,1.0,0.3522447652608361,1.0,0.40442731099262985,1.0,False,False,False,False
Sector BO,month,Oct,5,2,0.22435555555555559,2.933498683555142,0.2,0.22435555555555556,3155.0,0.8818823529411765,3.3864935628382855,0.8818823529411765,0.7661609872070644,0.0684931506849315,0.0893978574067233,-0.41953878590498894,0.7471117899283097,2,,,2,-1.2352,0.018362773913802637,0.960040566766348,1.0,,,0.872296749627694,1.0,,,False,False,False,False
Sector BO,month,Nov,7,6,-0.13922539682539684,2.639188744645746,0.14285714285714285,-0.13922539682539684,-2741.0,0.9403690235690235,3.409592258412835,0.9403690235690235,1.1536681887366818,0.0958904109589041,0.08311784263021796,-1.0058768398591889,0.3606430038128644,6,-0.3038059439665324,0.7764233094435552,5,-1.4016,-0.015953205482641213,0.9050531339660743,1.0,0.9970919107269445,1.0,0.5878039016508008,1.0,0.8626925660483946,1.0,False,False,False,False
Sector BO,month,Dec,7,6,-0.29018412698412693,1.942944488709884,0.14285714285714285,-0.290184126984127,-5713.0,0.9563797979797979,3.4470263332842164,0.956379797979798,1.1536681887366818,0.0958904109589041,0.08311784263021796,-1.474812923223909,0.1907076943071169,7,-2.013370152528709,0.11435860561388106,5,-1.0467555555555557,-0.03325088030730728,0.8659160173944767,1.0,0.9970919107269445,1.0,0.3814153886142338,1.0,0.40442731099262985,1.0,False,False,False,False
Sector BO,quarter,Q1,12,7,1.1707555555555558,3.4384525856413526,0.3333333333333333,1.1707555555555555,39513.0,0.771159198542805,3.3495281453753165,0.7711591985428051,0.6920471249920108,0.1643835616438356,0.2375323236054673,0.35864796175541297,0.7273146031670497,11,0.6162704133329716,0.560354348585556,7,-1.1726222222222222,0.2299741000494718,0.9860913091107555,1.0,0.9946099448218757,1.0,0.7273146031670497,1.0,0.747139131447408,1.0,False,False,False,False
Sector BO,quarter,Q2,21,11,0.08279365079365082,2.8117240269293844,0.14285714285714285,0.0827936507936508,4890.0,1.1413675213675216,3.514495262725558,1.1413675213675214,1.1605454953759466,0.2876712328767123,0.24787587735500555,-1.2744805394429628,0.22069278482628474,17,-0.11701158888529058,0.9097351342868087,9,-1.139911111111111,0.028460844512993626,0.7975772600853813,1.0,0.9946099448218757,1.0,0.2942570464350463,0.882771139305139,0.9097351342868087,1.0,False,False,False,False
Sector BO,quarter,Q3,21,13,2.24695873015873,4.155180790054604,0.42857142857142855,2.24695873015873,132711.0,0.2673777777777777,2.8036509041136877,0.26737777777777777,1.1108787837336096,0.2876712328767123,0.2589582563723679,1.7294086231941819,0.10185006098649793,18,1.3161389969145696,0.21749710029278713,11,-1.1132444444444445,0.7724063673136804,0.7975772600853813,1.0,0.9946099448218757,1.0,0.26759888660483694,0.4074002439459917,0.43499420058557425,0.8699884011711485,False,False,False,False
Sector BO,quarter,Q4,19,10,-0.09916257309941523,2.352938363304871,0.15789473684210525,-0.0991625730994152,-5299.0,1.1661827160493825,3.5889167410480582,1.1661827160493827,1.0181526645023358,0.2602739726027397,0.2556335426671592,-1.591582666723778,0.13379944330241847,15,-1.6579040618335423,0.1413025411616301,8,-1.4016,-0.030841311876145854,0.7975772600853813,1.0,0.9946099448218757,1.0,0.26759888660483694,0.5351977732096739,0.43499420058557425,0.5652101646465204,False,False,False,False
Sector BO,half,MayOct,37,14,1.1988180180180183,3.669605001000794,0.2972972972972973,1.1988180180180181,124752.0,0.4648197530864196,2.977091372818465,0.46481975308641976,0.9821339269079535,0.5068493150684932,0.5160694495751754,0.8273416690061104,0.414799790042213,30,0.38341926148151956,0.7094340649040232,11,-1.2352,0.7260832872566423,0.6902117608838836,1.0,0.7094340649040232,1.0,0.414799790042213,0.829599580084426,0.7094340649040232,1.0,False,False,False,False
Sector BO,half,NovApr,36,16,0.4648197530864196,2.977091372818465,0.2222222222222222,0.46481975308641976,47063.0,1.1988180180180183,3.669605001000794,1.1988180180180181,1.019052598556938,0.4931506849315068,0.4839305504248245,-0.8273416690061102,0.4143670276958331,32,-0.38341926148151956,0.7094340649040232,11,-1.4016,0.27391671274335766,0.6902117608838836,1.0,0.7094340649040232,1.0,0.414799790042213,0.8287340553916662,0.7094340649040232,1.0,False,False,False,False
Sector BO,wom,W1,11,8,-0.5768080808080808,1.5574039159319812,0.09090909090909091,-0.5768080808080808,-17845.0,1.0876559139784945,3.5173485239767617,1.0876559139784947,0.6319196120666787,0.1506849315068493,0.2384558551902475,-2.4194844888128904,0.03864328736953539,10,-0.14537895682366103,0.8891725788002784,7,-1.1726222222222222,-0.1038617117248203,0.6386897770886495,1.0,0.9673153765071466,1.0,0.15457314947814155,0.15457314947814155,0.8891725788002784,1.0,False,False,False,False
Sector BO,wom,W2,17,8,2.138562091503268,4.173852913370883,0.4117647058823529,2.138562091503268,102250.0,0.44168253968253973,2.98031934974643,0.4416825396825397,0.9750924366186737,0.2328767123287671,0.23882526782415958,1.2291642100429083,0.24256819316734515,13,0.9622850387402667,0.3730677608356785,7,-1.2352,0.5951168407880569,0.6891788219173139,1.0,0.6428243243978917,1.0,0.3234242575564602,0.9702727726693806,0.497423681114238,1.0,False,False,False,False
Sector BO,wom,W3,20,14,1.4539555555555554,3.5747081106229284,0.35,1.4539555555555554,81785.0,0.6039748427672954,3.2567419709135583,0.6039748427672956,1.1498354040564935,0.273972602739726,0.23827114887329146,0.8786789175464765,0.39055254197718037,20,0.9605414612343804,0.35943206182677734,11,-1.3358222222222222,0.47600616942641794,0.7397016462658751,1.0,0.6428243243978917,1.0,0.39055254197718037,1.0,0.497423681114238,1.0,False,False,False,False
Sector BO,wom,W4+,25,12,0.08000000000000003,2.7861603745875456,0.16,0.08,5625.0,1.231037037037037,3.5631998815470283,1.231037037037037,1.2039672656111011,0.3424657534246575,0.28444772811230146,-1.2511458671070963,0.2260682739750391,20,-1.3571316675715581,0.2045790030195742,11,-1.4016,0.03273870151034543,0.6891788219173139,1.0,0.6428243243978917,1.0,0.3234242575564602,0.9042730959001564,0.497423681114238,0.8183160120782969,False,False,False,False
Sector BO,tom,TOM,20,11,-0.616711111111111,1.355866794448665,0.1,-0.6167111111111111,-34690.0,1.3853584905660377,3.6994864808042127,1.3853584905660377,1.1498354040564935,0.273972602739726,0.23827114887329146,-3.018659213859791,0.00863811268863531,16,-1.6395430076471234,0.13552176999724713,10,-1.4016,-0.2019032098478014,0.12957169032952964,0.2591433806590593,0.474326194990365,1.0,0.00863811268863531,0.01727622537727062,0.13552176999724713,0.27104353999449426,False,False,False,False
Sector BO,tom,mid,53,18,1.3853584905660377,3.6994864808042127,0.32075471698113206,1.3853584905660377,206505.0,-0.616711111111111,1.355866794448665,-0.6167111111111111,0.9531310205545886,0.726027397260274,0.7617288511267085,3.0186592138597907,0.004213258493651766,45,1.6395430076471234,0.13552176999724713,10,-1.3358222222222222,1.2019032098478015,0.12639775480955298,0.12639775480955298,0.474326194990365,1.0,0.008426516987303533,0.008426516987303533,0.13552176999724713,0.27104353999449426,False,False,False,False
Sector BO,opex,opex,23,12,1.8715362318840578,3.886238862048763,0.391304347826087,1.871536231884058,121065.0,0.36088888888888887,2.9850000870110174,0.36088888888888887,1.3484433374844333,0.3150684931506849,0.23365349094939047,1.470803545698039,0.15690325736618288,21,1.5752793833237035,0.1496450939618254,10,-1.3358222222222222,0.7046241597066613,0.9006924948094847,1.0,0.8400772188344752,1.0,0.23535488604927432,0.47070977209854864,0.30002757815516967,0.4489352818854762,False,False,False,False
Sector BO,opex,other,36,16,-0.01926913580246909,2.509492504675036,0.16666666666666666,-0.019269135802469136,-1951.0,1.6698234234234233,3.845421364929091,1.6698234234234235,0.9140423855594584,0.4931506849315068,0.5395271518285926,-2.084258322010594,0.04546837480543965,32,-1.363370166100145,0.20001838543677977,12,-1.4016,-0.011355236737188254,0.9006924948094847,1.0,0.8400772188344752,1.0,0.13640512441631897,0.13640512441631897,0.30002757815516967,0.6000551563103393,False,False,False,False
Sector BO,opex,post_opex,14,9,1.3384380952380952,3.898772485336407,0.2857142857142857,1.3384380952380952,52701.0,0.7178244821092279,3.2239682054935215,0.7178244821092279,0.8455222881620632,0.1917808219178082,0.226819357222017,0.4758950105533291,0.6426957942137956,13,0.18475980676515918,0.8580153210451681,9,-1.0332444444444444,0.30673107703052704,0.9452844676569588,1.0,0.9483327232604489,1.0,0.6426957942137956,1.0,0.8580153210451681,1.0,False,False,False,False
Sector BO,dow,Mon,12,8,-1.0612740740740743,0.07638493651238279,0.0,-1.061274074074074,-35818.0,1.2102469945355188,3.5426223044707026,1.2102469945355192,0.8776850125638324,0.1643835616438356,0.18729220539342445,-4.452571533502529,0.0015942633209748219,10,-1.8084982503808973,0.12052544269789252,7,-1.2352,-0.20846841079067602,0.11000416914726271,0.11000416914726271,0.7265088762610407,1.0,0.00797131660487411,0.00797131660487411,0.3013136067447313,0.6026272134894626,False,False,False,False
Sector BO,dow,Tue,12,7,2.658044444444444,3.9641338252186222,0.5,2.6580444444444447,89709.0,0.47857777777777766,3.120697511901806,0.47857777777777777,0.8003350744062284,0.1643835616438356,0.20539342445511635,1.8056414914453294,0.098384966671136,12,2.83139960219145,0.0299027379745858,7,-1.0264888888888888,0.5221255420073917,0.7357550869573407,1.0,0.563992240193386,1.0,0.24596241667784,0.49192483335568,0.149513689872929,0.149513689872929,False,False,False,False
Sector BO,dow,Wed,16,12,0.2642888888888889,2.967462559040744,0.1875,0.2642888888888889,11893.0,0.9975641325536061,3.4486255232392393,0.9975641325536062,1.0671134325416378,0.2191780821917808,0.20539342445511635,-0.8878309437096107,0.38963029751553524,15,-1.366248998313024,0.201794983688418,11,-1.4016,0.06921980036667345,0.7819441864761855,1.0,0.807179934753672,1.0,0.48703787189441905,1.0,0.33632497281403,1.0,False,False,False,False
Sector BO,dow,Thu,21,14,1.6205714285714283,3.794502784058707,0.38095238095238093,1.6205714285714286,95715.0,0.5203418803418803,3.1271773163469905,0.5203418803418803,1.4275454214431902,0.2876712328767123,0.20151459179903952,1.0522208031983604,0.3058971397386856,20,0.22171429730330308,0.8289984144329903,11,-1.3358222222222222,0.5570817449000378,0.7819441864761855,1.0,0.9858651475917073,1.0,0.48703787189441905,1.0,0.8775494301989214,1.0,False,False,False,False
Sector BO,dow,Fri,12,7,0.30565925925925913,3.122849349539247,0.16666666666666666,0.30565925925925924,10316.0,0.9413420765027324,3.3997252999154575,0.9413420765027323,0.8202512467647244,0.1643835616438356,0.2004063538973033,-0.7026846385585959,0.4982832432027764,11,-0.1607721119845648,0.8775494301989214,7,-1.0314666666666668,0.060041323516573056,0.8559552627818707,1.0,0.9858651475917073,1.0,0.4982832432027764,1.0,0.8775494301989214,1.0,False,False,False,False
Sector BO,eseason_fixed,off,39,16,0.8144866096866096,3.402684302354414,0.2564102564102564,0.8144866096866097,89339.0,0.8624941176470589,3.3248295998959776,0.8624941176470589,0.9615727921888663,0.5342465753424658,0.555596601403768,-0.054241254986616104,0.9570700064022426,34,-0.48634059441381156,0.6383487132649189,10,-1.4016,0.5199720629747112,0.9949874910976888,1.0,0.8936881985708865,1.0,0.9571423187043986,1.0,0.6383487132649189,1.0,False,False,False,False
Sector BO,eseason_fixed,season,34,13,0.8624941176470589,3.3248295998959776,0.2647058823529412,0.8624941176470589,82476.0,0.8144866096866096,3.402684302354414,0.8144866096866097,1.048041995467951,0.4657534246575342,0.444403398596232,0.05424125498661658,0.9571423187043986,28,0.48634059441381156,0.6383487132649189,10,-1.3358222222222222,0.48002793702528884,0.9949874910976888,1.0,0.8936881985708865,1.0,0.9571423187043986,1.0,0.6383487132649189,1.0,False,False,False,False
Sector BO,eseason_data,off,50,18,0.7177813333333333,3.2122734794934398,0.26,0.7177813333333334,100938.0,1.0956830917874394,3.6739123691408975,1.0956830917874396,1.0215479829427525,0.684931506849315,0.6704839305504249,-0.36289921490497756,0.7185001921073757,43,-1.712906513103608,0.12088158370022159,10,-1.4016,0.5874807205424439,0.9627067436733711,1.0,0.604407918501108,1.0,0.7211529552815181,1.0,0.12088158370022159,0.24176316740044318,False,False,False,False
Sector BO,eseason_data,season,23,11,1.0956830917874394,3.6739123691408975,0.2608695652173913,1.0956830917874396,70877.0,0.7177813333333333,3.2122734794934398,0.7177813333333334,0.9561551692364395,0.3150684931506849,0.3295160694495752,0.3628992149049778,0.7211529552815181,18,1.712906513103608,0.12088158370022159,10,-1.0325333333333333,0.41251927945755607,0.9627067436733711,1.0,0.604407918501108,1.0,0.7211529552815181,1.0,0.12088158370022159,0.24176316740044318,False,False,False,False
Sector BO,holiday,none,71,19,0.8946328638497651,3.3723460836076886,0.2676056338028169,0.8946328638497653,178647.0,-1.2145777777777778,0.2644893631318215,-1.2145777777777778,1.0489384926049228,0.9726027397260274,0.9272257111193203,4.560929953192058,2.6244085474357604e-05,60,,,1,-1.3358222222222222,1.0397636993277652,0.0005901865721912643,0.0009710311625512314,,,5.248817094871521e-05,5.248817094871521e-05,,,False,False,True,False
Sector BO,holiday,pre,2,1,-1.2145777777777778,0.2644893631318215,0.0,-1.2145777777777778,-6832.0,0.8946328638497651,3.3723460836076886,0.8946328638497653,0.7529379041791252,0.0273972602739726,0.03638714444033986,-4.560929953192071,0.1374068570814028,1,,,1,-1.4016,-0.03976369932776533,0.5818745927048132,1.0,,,0.1374068570814028,0.2748137141628056,,,False,False,False,False
St OS Sznl,month,Jan,9,6,0.3454238683127573,1.5227644423942501,0.6666666666666666,0.2250852079072938,8255.0,0.34261224489795916,1.7528498434817874,0.5176882569773565,1.9706896551724138,0.15517241379310345,0.07874015748031496,0.003696234333796164,0.9971706674888388,7,1.1157442564324862,0.3270354537476025,5,-2.0455555555555556,0.07746518524079427,0.9971706674888388,1.0,0.9970919107269445,1.0,0.9971706674888388,1.0,0.7097179243452507,1.0,False,False,False,False
St OS Sznl,month,Feb,3,1,1.499851851851852,0.00012830005981985998,1.0,1.4998518518518518,20248.0,0.27995016835016834,1.7309607535489027,0.4050967969024991,0.7009069906733978,0.05172413793103448,0.07379600805713239,4.649694975516849,0.13486218929098703,1,,,1,1.4997777777777779,0.19000788258698997,0.8389424383146786,1.0,,,0.6203513713084614,1.0,,,False,False,False,False
St OS Sznl,month,Mar,1,1,1.4997777777777779,,1.0,1.4997777777777779,6749.0,0.32275503573749187,1.7147897590612742,0.4494652707418665,0.20513109458342724,0.017241379310344827,0.08405054019410364,,,0,,,1,1.4997777777777779,0.06333283285161968,,,,,,,,,False,False,False,False
St OS Sznl,month,Apr,4,3,-1.1774259259259259,3.784348505232241,0.75,-1.8977072310405643,-26900.0,0.455676268861454,1.4610249342809787,0.628361581920904,0.8618322417738499,0.06896551724137931,0.08002197399743637,-0.9761708836559421,0.40097333424651055,4,,,2,-6.7828888888888885,-0.25243046432190985,0.9050531339660743,1.0,,,0.6203513713084614,1.0,,,False,False,False,False
St OS Sznl,month,May,4,4,-1.6070555555555555,3.5460598052209917,0.5,0.5279227053140096,5464.0,0.48750068587105627,1.4534778386359708,0.46756850502948316,0.8099369670003708,0.06896551724137931,0.08514924006592199,-1.3345034467867345,0.27428608702719287,4,-0.3857003575140151,0.7368789434373155,3,-5.954074074074074,0.051274351563379755,0.9050531339660743,1.0,0.9970919107269445,1.0,0.6203513713084614,1.0,0.7368789434373155,1.0,False,False,False,False
St OS Sznl,month,Jul,6,3,1.2879876543209876,0.3278162703212491,1.0,1.2979066022544283,20150.0,0.23401709401709408,1.7685530276277621,0.40944799810471455,1.2175237812128419,0.10344827586206896,0.08496612342061893,3.5847814544791627,0.037160211269456435,4,2.964219667602664,0.09745652055723325,3,0.8266666666666667,0.18908824743815922,0.8389424383146786,1.0,0.9970919107269445,1.0,0.37160211269456433,0.37160211269456433,0.46004206946273246,0.779652164457866,False,False,False,False
St OS Sznl,month,Aug,5,5,0.006548148148148175,1.0102336507367655,0.6,0.250334672021419,4675.0,0.37479385045422775,1.7613797793499721,0.49008658008658007,0.9647046353872245,0.08620689655172414,0.08936092290789233,-0.747553863858432,0.49628109704676915,5,-0.5378630833124647,0.6280118808540306,4,-1.1837037037037037,0.04387035021207913,0.9176360438619875,1.0,0.9970919107269445,1.0,0.6203513713084614,1.0,0.7368789434373155,1.0,False,False,False,False
St OS Sznl,month,Sep,4,4,-0.16877777777777775,1.1785528476970453,0.25,-0.16877777777777778,-3038.0,0.38096159122085055,1.741487497406783,0.525480043149946,0.8369348659003831,0.06896551724137931,0.08240249038637612,-0.944402430330532,0.41463637044805507,4,-1.1940986555284672,0.35485896217262536,3,-1.2382222222222221,-0.028508689613753236,0.9050531339660743,1.0,0.9970919107269445,1.0,0.6203513713084614,1.0,0.7097179243452507,1.0,False,False,False,False
St OS Sznl,month,Oct,9,7,0.6241893004115228,0.9598113591459299,0.6666666666666666,0.8031629175187457,29456.0,0.29141043083900225,1.8132486608872025,0.4060452869931543,1.7508193217440866,0.15517241379310345,0.0886284563266801,0.8244074002386897,0.4368942337134124,8,-1.8423028690012329,0.11501051736568312,7,-1.0918518518518519,0.2764160504485567,0.9050531339660743,1.0,0.9970919107269445,1.0,0.6203513713084614,1.0,0.46004206946273246,0.9200841389254649,False,False,False,False
St OS Sznl,month,Nov,3,3,0.7691111111111112,1.2655517900636597,0.6666666666666666,0.7691111111111111,10383.0,0.3198087542087543,1.7333983993914188,0.4513950486917752,0.6277011494252873,0.05172413793103448,0.08240249038637612,0.6811641375329595,0.5660569053615391,3,0.4788223061393227,0.6793044304209213,3,-0.6922222222222222,0.09743440561540483,0.9176360438619875,1.0,0.9970919107269445,1.0,0.6289521170683767,1.0,0.7368789434373155,1.0,False,False,False,False
St OS Sznl,month,Dec,10,5,0.6916,0.9532426720250974,0.8,0.6916,31122.0,0.27043364197530867,1.82409225557988,0.4154867134792785,2.0292063020214033,0.1724137931034483,0.08496612342061893,0.8999282805298723,0.40940590574154007,6,0.8423271053566792,0.4470222831198468,5,-1.294,0.2920498479786795,0.9050531339660743,1.0,0.9970919107269445,1.0,0.6203513713084614,1.0,0.715235652991755,1.0,False,False,False,False
St OS Sznl,quarter,Q1,13,7,0.7006267806267806,1.3614005915784808,0.7692307692307693,0.6447553726566072,35252.0,0.23974814814814818,1.7942228939963996,0.4148458406050029,0.94738176577346,0.22413793103448276,0.236586705731551,0.7068995657576876,0.4996978996413707,9,1.639766015934283,0.1619784957927259,6,-2.0455555555555556,0.3308059006794039,0.9860913091107555,1.0,0.9946099448218757,1.0,0.6662638661884942,1.0,0.6479139831709037,0.6479139831709037,False,False,False,False
St OS Sznl,quarter,Q2,8,7,-1.392240740740741,3.4028698915365894,0.625,-0.8740468909276249,-21436.0,0.6206948148148148,1.0788206687938,0.633506557782727,0.5502128409863731,0.13793103448275862,0.2506866874198865,-1.7428681983492977,0.12488545009665772,8,-1.0194146352197215,0.3656464756926712,5,-6.7828888888888885,-0.2011561127585301,0.7975772600853813,1.0,0.9946099448218757,1.0,0.4742705035108432,0.4995418003866309,0.7312929513853424,1.0,False,False,False,False
St OS Sznl,quarter,Q3,15,8,0.4723703703703705,1.0524526091995843,0.6666666666666666,0.41737547892720306,21787.0,0.2979362618432386,1.8909820641100528,0.4861763440860215,1.0073663239706823,0.25862068965517243,0.2567295367148874,0.3944623609718461,0.7001604154742416,13,-0.36090119280423605,0.7364263309204214,5,-1.2382222222222221,0.2044499080364851,0.9860913091107555,1.0,0.9946099448218757,1.0,0.7001604154742416,1.0,0.8525753913547491,1.0,False,False,False,False
St OS Sznl,quarter,Q4,22,12,0.6745925925925926,0.9462645344072731,0.7272727272727273,0.7455844496979249,70961.0,0.14043827160493827,2.0236449634254665,0.27095129375951293,1.4816979922056137,0.3793103448275862,0.2559970701336752,1.2281945527211264,0.2371352517554216,17,0.1912490630472676,0.8525753913547491,10,-1.294,0.665900304042641,0.7975772600853813,1.0,0.9946099448218757,1.0,0.4742705035108432,0.9485410070216864,0.8525753913547491,1.0,False,False,False,False
St OS Sznl,half,MayOct,28,16,0.22410846560846562,1.6819130694020155,0.6428571428571429,0.5714991181657848,56707.0,0.45405925925925933,1.7507186052035155,0.3914958775029446,0.9355375541469861,0.4827586206896552,0.5160227064640176,-0.4552218052248346,0.6530411825182978,25,-1.4415974218257983,0.17998954045347745,11,-5.954074074074074,0.5321403100484217,0.7474136709335335,1.0,0.5134685304708131,1.0,0.6536211954754794,1.0,0.17998954045347745,0.3599790809069549,False,False,False,False
St OS Sznl,half,NovApr,30,13,0.45405925925925933,1.7507186052035155,0.7666666666666667,0.3914958775029446,49857.0,0.22410846560846562,1.6819130694020155,0.5714991181657848,1.0687306743903873,0.5172413793103449,0.4839772935359824,0.455221805224835,0.6536211954754794,22,1.4415974218257983,0.17998954045347745,11,-6.7828888888888885,0.4678596899515784,0.7474136709335335,1.0,0.5134685304708131,1.0,0.6536211954754794,1.0,0.17998954045347745,0.3599790809069549,False,False,False,False
St OS Sznl,wom,W1,16,11,-0.6117129629629628,2.1959767888472594,0.4375,-0.43355089355089355,-27899.0,0.7067671957671958,1.3393997543862572,0.8288673139158576,1.154392918483287,0.27586206896551724,0.23896722212049076,-2.247808908347055,0.042579318472576635,14,-1.920074323112507,0.08379865632202177,11,-6.7828888888888885,-0.2618051124207049,0.6386897770886495,1.0,0.6428243243978917,1.0,0.11832770785981411,0.17031727389030654,0.3351946252880871,0.3351946252880871,False,False,False,False
St OS Sznl,wom,W2,13,10,0.2707293447293448,2.006316881327597,0.7692307692307693,0.706209419295839,38612.0,0.36394074074074073,1.6351146348836294,0.3952995927865038,0.9408280102838665,0.22413793103448276,0.23823475553927853,-0.15121534183492963,0.8825433511771119,12,0.925208594858269,0.3973157754518006,6,-5.954074074074074,0.36233624863931535,0.9906488261566698,1.0,0.6428243243978917,1.0,0.8825433511771119,1.0,0.3973157754518006,1.0,False,False,False,False
St OS Sznl,wom,W3,18,9,0.8446337448559671,0.9475777424410319,0.8333333333333334,0.8030222222222222,49687.0,0.11733518518518529,1.922864553405283,0.34533697632058286,1.30368700265252,0.3103448275862069,0.23805163889397546,1.7773043931086563,0.10314238458869214,12,1.4170676105385378,0.19420832946777716,9,-1.294,0.466264404489321,0.6876158972579476,1.0,0.6428243243978917,1.0,0.1375231794515895,0.41256953835476856,0.3884166589355543,0.7768333178711087,False,False,False,False
St OS Sznl,wom,W4+,11,9,0.9964848484848484,0.7904747866489618,0.8181818181818182,1.0107060755336617,46164.0,0.19011662726556347,1.8296186289084089,0.33388612493090103,0.6660494511586651,0.1896551724137931,0.28474638344625525,2.1589983795762726,0.059163853929907056,10,1.079982579268411,0.3159492155624836,8,-0.6411111111111111,0.43320445929206863,0.6876158972579476,1.0,0.6428243243978917,1.0,0.11832770785981411,0.23665541571962823,0.3973157754518006,1.0,False,False,False,False
St OS Sznl,tom,TOM,14,9,0.3223862433862434,1.4720566079841135,0.6428571428571429,0.5395352767215885,31927.0,0.34962289562289567,1.7904882969239653,0.44586021505376344,1.0100938036728762,0.2413793103448276,0.23896722212049076,-0.0578146118448582,0.9548478698816207,13,-0.3509861660440902,0.7359248566865702,8,-3.037037037037037,0.29960399384407493,0.9548478698816207,1.0,0.7983527790649602,1.0,0.9548478698816207,1.0,0.7359248566865702,1.0,False,False,False,False
St OS Sznl,tom,mid,44,17,0.34962289562289567,1.7904882969239653,0.7272727272727273,0.44586021505376344,74637.0,0.3223862433862434,1.4720566079841135,0.5395352767215885,0.9968305067870299,0.7586206896551724,0.7610327778795093,0.057814611844858886,0.954225120981885,36,0.3509861660440902,0.7359248566865702,8,-6.7828888888888885,0.7003960061559251,0.9548478698816207,1.0,0.7983527790649602,1.0,0.9548478698816207,1.0,0.7359248566865702,1.0,False,False,False,False
St OS Sznl,opex,opex,21,12,0.4541164021164021,1.7270331138820785,0.7619047619047619,0.656324248777079,46960.0,0.28001001001001014,1.7157016571193506,0.38447992259313013,1.55079107505071,0.3620689655172414,0.23347372276139902,0.33295064935341984,0.7441050288824846,15,1.7213373486085555,0.11929516535203005,10,-5.954074074074074,0.4406741488682857,0.9452844676569588,1.0,0.8400772188344752,1.0,0.7441050288824846,1.0,0.11929516535203005,0.35788549605609016,False,False,False,False
St OS Sznl,opex,other,31,16,0.06562485065710874,1.7963563350980019,0.6129032258064516,0.19187713310580204,25299.0,0.6615720164609054,1.5701250318128512,0.8579044602797572,0.9897627483308192,0.5344827586206896,0.5400109869987182,-1.2361399717461854,0.22789533905832635,26,-2.296971643742798,0.042256435916483134,12,-6.7828888888888885,0.2374066288802973,0.9452844676569588,1.0,0.8400772188344752,1.0,0.3418430085874895,0.683686017174979,0.0788662283179541,0.1267693077494494,False,False,False,True
St OS Sznl,opex,post_opex,6,5,1.3876666666666668,0.2748328066387604,1.0,1.4802588996763755,34305.0,0.22251566951566956,1.7620688792415868,0.35525565388397246,0.4566944498648008,0.10344827586206896,0.22651529023988282,3.8666510253346105,0.01180020658062771,6,2.727515690005753,0.052577485545302734,5,0.8266666666666667,0.321919222251417,0.531009296128247,0.531009296128247,0.8400772188344752,1.0,0.03540061974188313,0.03540061974188313,0.0788662283179541,0.1577324566359082,False,False,False,True
St OS Sznl,dow,Mon,6,5,-0.2810864197530864,2.8697293642840447,0.6666666666666666,0.6552319309600863,15185.0,0.4150641025641026,1.5482186580579609,0.4492576204523107,0.5527700924488832,0.10344827586206896,0.18714521149972532,-0.6434007312564437,0.5483071696140158,6,1.3032052310036162,0.3223441844789352,3,-5.954074074074074,0.14249652790811157,0.8760410100072935,1.0,0.8281110567176213,1.0,0.9138452826900263,1.0,0.7358865987430955,1.0,False,False,False,False
St OS Sznl,dow,Tue,10,9,-0.16825925925925933,1.4321887231218529,0.5,0.09823922282938677,4045.0,0.449570987654321,1.7528713282672412,0.5529611650485436,0.8399212525762096,0.1724137931034483,0.20527375938472808,-1.2696806622293386,0.23604390707821798,10,-1.0379667153793415,0.33380459460793843,8,-3.037037037037037,0.037958409969595736,0.7663283466676856,1.0,0.8281110567176213,1.0,0.5901097676955449,1.0,0.7358865987430955,1.0,False,False,False,False
St OS Sznl,dow,Wed,14,9,0.9045449735449734,0.8113388492978674,0.8571428571428571,0.8693405600722673,48118.0,0.1643905723905724,1.877986797355407,0.34134034165571614,1.174841723523265,0.2413793103448276,0.20545687603003113,1.9639074104808787,0.07792908180042477,11,0.8238558082724734,0.4415319592458573,7,-0.6922222222222222,0.45154085807589806,0.7357550869573407,1.0,0.8830639184917146,1.0,0.38964540900212385,0.38964540900212385,0.7358865987430955,1.0,False,False,False,False
St OS Sznl,dow,Thu,13,8,0.3365584045584046,1.331523072416711,0.6153846153846154,0.4818288144603934,22658.0,0.34492345679012354,1.8137954050671823,0.4673127262600947,1.112742946708464,0.22413793103448276,0.20142830983336385,-0.01899842829464651,0.9851825875268094,12,0.3899034907505245,0.7100727530121295,7,-1.8235555555555556,0.21262340002252167,0.9859911757081394,1.0,0.9669075785697082,1.0,0.9851825875268094,1.0,0.7674685379663251,1.0,False,False,False,False
St OS Sznl,dow,Fri,15,9,0.4151358024691359,2.1895127201118925,0.8,0.27665831244778616,16558.0,0.3179018087855297,1.5338176205045995,0.539847053531264,1.2886200604077525,0.25862068965517243,0.20069584325215162,0.15780832664818106,0.8772321949963835,13,-0.30741962238960446,0.7674685379663251,8,-6.7828888888888885,0.15538080402387297,0.9295530446908759,1.0,0.9858651475917073,1.0,0.9851825875268094,1.0,0.7674685379663251,1.0,False,False,False,False
St OS Sznl,eseason_fixed,off,25,15,0.06693333333333334,1.837338588974547,0.6,0.06693333333333333,7530.0,0.5522267115600449,1.5974616576239529,0.8681481481481481,0.7750672737388302,0.43103448275862066,0.5561252517853873,-0.9106750011148624,0.37450118671486465,19,-1.0837337630504216,0.2997774692265467,13,-6.7828888888888885,0.0706617619458729,0.9909864943128218,1.0,0.5994176203122495,1.0,0.37450118671486465,0.7490023734297293,0.2997774692265467,0.5995549384530934,False,False,False,False
St OS Sznl,eseason_fixed,season,33,16,0.5522267115600449,1.5974616576239529,0.7878787878787878,0.8681481481481481,99034.0,0.06693333333333334,1.837338588974547,0.06693333333333333,1.2818154660293617,0.5689655172413793,0.4438747482146127,0.9106750011148622,0.37052560181602145,28,1.0837337630504216,0.2997774692265467,13,-5.954074074074074,0.9293382380541271,0.9909864943128218,1.0,0.5994176203122495,1.0,0.37450118671486465,0.7410512036320429,0.2997774692265467,0.5995549384530934,False,False,False,False
St OS Sznl,eseason_data,off,34,16,0.17533551198257086,1.9843475247048108,0.6764705882352942,0.19940989729225023,26696.0,0.5806419753086419,1.2118365860683407,0.8615749730312837,0.8727578686120406,0.5862068965517241,0.671671854971617,-0.8597917340706076,0.3980740123247829,26,-0.4168275675773667,0.6841640196962449,13,-6.7828888888888885,0.25051612176720095,0.9627067436733711,1.0,0.886567769828385,1.0,0.40009295597697603,0.7961480246495658,0.6841640196962449,1.0,False,False,False,False
St OS Sznl,eseason_data,season,24,15,0.5806419753086419,1.2118365860683407,0.75,0.8615749730312837,79868.0,0.17533551198257086,1.9843475247048108,0.19940989729225023,1.2603034790468681,0.41379310344827586,0.3283281450283831,0.8597917340706076,0.40009295597697603,21,0.4168275675773667,0.6841640196962449,13,-3.037037037037037,0.749483878232799,0.9627067436733711,1.0,0.886567769828385,1.0,0.40009295597697603,0.8001859119539521,0.6841640196962449,1.0,False,False,False,False
St OS Sznl,holiday,none,58,18,0.34304853128991064,1.7066933044723822,0.7068965517241379,0.4703254992827982,106564.0,,,,1.0790357636830665,1.0,0.9267533418787768,,,0,,,0,-6.7828888888888885,1.0,,,,,,,,,False,False,False,False
Weak Close Decent Sznls,month,Jan,14,9,0.5249160997732426,1.011926746966524,0.7142857142857143,0.5996058236378664,35367.0,0.3285944124317794,1.1546086235760316,0.2648773422768064,0.6729864192550759,0.05223880597014925,0.07762237762237763,0.5900313181754283,0.5714547329103361,9,-0.17769100153813938,0.8633824420702313,9,-1.0486349206349206,0.10483211211496052,0.9176360438619875,1.0,0.9970919107269445,1.0,0.837922909751662,1.0,0.9865715029627168,1.0,False,False,False,False
Weak Close Decent Sznls,month,Feb,7,5,0.38815445887445893,0.798199640786036,0.5714285714285714,0.40777413732072426,10432.0,0.33752768177155607,1.1556928835450833,0.27858598051512945,0.35403550965551384,0.026119402985074626,0.07377622377622378,0.19676802289697673,0.8536023832135088,5,-0.8345731060016407,0.45090199912902396,5,-0.2499047619047619,0.030921723459249248,0.960040566766348,1.0,0.9970919107269445,1.0,0.8753009020213711,1.0,0.9865715029627168,1.0,False,False,False,False
Weak Close Decent Sznls,month,Mar,21,11,0.4847507369751941,1.5509284400914902,0.6190476190476191,0.3281960747335989,35098.0,0.3264455088178878,1.1089260263733274,0.2767544245319053,0.9298940979748561,0.07835820895522388,0.08426573426573426,0.360928730084669,0.724988657743453,12,-0.0683724561674772,0.9468369687858884,11,-2.540867724867725,0.10403476322591354,0.960040566766348,1.0,0.9970919107269445,1.0,0.8699863892921436,1.0,0.9865715029627168,1.0,False,False,False,False
Weak Close Decent Sznls,month,Apr,28,16,0.5229692846835705,1.0760436087984748,0.75,0.52239738519602,72322.0,0.31736944243065573,1.1549068623399028,0.24987946679047066,1.2715147665925692,0.1044776119402985,0.08216783216783216,0.9484149825837432,0.35423828432690363,21,0.35680103087075765,0.7265612945386666,15,-1.6677248677248677,0.2143712503853359,0.9050531339660743,1.0,0.9970919107269445,1.0,0.837922909751662,1.0,0.9865715029627168,1.0,False,False,False,False
Weak Close Decent Sznls,month,May,13,6,0.27172471972471973,1.2955749612793077,0.6153846153846154,0.03621018357860463,2113.0,0.34227209724735685,1.1413820261190997,0.2938811879105414,0.5709108777102144,0.048507462686567165,0.08496503496503496,-0.1651426610238796,0.8753009020213711,6,0.3251354467062089,0.7582426534909653,6,-2.243047619047619,0.006263190344075313,0.960040566766348,1.0,0.9970919107269445,1.0,0.8753009020213711,1.0,0.9865715029627168,1.0,False,False,False,False
Weak Close Decent Sznls,month,Jun,16,8,0.009884559884559871,0.9322928422152648,0.625,0.011566686864606476,859.0,0.3597367190331127,1.1573840574334517,0.29915290978400627,0.6997797895767066,0.05970149253731343,0.08531468531468532,-1.782914094610227,0.11779204292099857,8,-0.5935385857390484,0.5714929502073938,8,-1.1897566137566138,0.002546181024874914,0.8389424383146786,1.0,0.9970919107269445,1.0,0.615746990367251,1.0,0.9865715029627168,1.0,False,False,False,False
Weak Close Decent Sznls,month,Jul,24,9,0.4517038095238095,0.9638501364893692,0.7083333333333334,0.3918673335088181,39876.0,0.32774965051608995,1.164283435069619,0.27109322194770236,1.0539893126957802,0.08955223880597014,0.08496503496503496,0.49919272052079916,0.6284421823137465,11,-1.3147914570583397,0.22501754368682375,9,-1.3216507936507937,0.11819733940385573,0.9426632734706197,1.0,0.9970919107269445,1.0,0.837922909751662,1.0,0.9865715029627168,1.0,False,False,False,False
Weak Close Decent Sznls,month,Aug,9,7,0.6310546737213403,1.2497600771735775,0.7777777777777778,0.7555100415315469,33199.0,0.32869619340156486,1.1442688714789067,0.26330523912379783,0.37738615371081724,0.033582089552238806,0.08898601398601398,1.0214651117341949,0.34103217460322466,8,1.4192101031069762,0.20563819968000896,7,-1.6262433862433863,0.09840589504635887,0.9050531339660743,1.0,0.9970919107269445,1.0,0.837922909751662,1.0,0.9865715029627168,1.0,False,False,False,False
Weak Close Decent Sznls,month,Sep,27,10,-0.1556905663335293,1.213142225527626,0.4444444444444444,-0.22976339346876193,-24632.0,0.3942549852510483,1.128227247509286,0.331522488333615,1.2235003327312481,0.10074626865671642,0.08234265734265735,-1.6889845013172307,0.12210821547975075,11,-0.4726892508941264,0.6476875560620372,10,-3.2985396825396824,-0.07301225960968438,0.8389424383146786,1.0,0.9970919107269445,1.0,0.615746990367251,1.0,0.9865715029627168,1.0,False,False,False,False
Weak Close Decent Sznls,month,Oct,16,8,-0.1041269841269841,0.9344145258575804,0.5,-0.15028873771730913,-12427.0,0.3669755472243218,1.1547011488467083,0.31330993408004965,0.673555300420972,0.05970149253731343,0.08863636363636364,-1.598623062124001,0.15393674759181275,8,-0.4057016564584548,0.6970760774234732,8,-1.3292698412698414,-0.03683514737615897,0.8389424383146786,1.0,0.9970919107269445,1.0,0.615746990367251,1.0,0.9865715029627168,1.0,False,False,False,False
Weak Close Decent Sznls,month,Nov,37,17,0.4448831397631398,1.0924222052786603,0.7567567567567568,0.37978583538030347,66262.0,0.32186636356390125,1.1565662279869993,0.26457990358439076,1.683798491550775,0.13805970149253732,0.08199300699300699,0.5831536757969571,0.5670251317916895,19,0.01709587275912771,0.9865715029627167,17,-3.4512592592592592,0.1964086694647981,0.9176360438619875,1.0,0.9970919107269445,1.0,0.837922909751662,1.0,0.9865715029627168,1.0,False,False,False,False
Weak Close Decent Sznls,month,Dec,56,18,0.4485899492338349,1.1881012558330768,0.6607142857142857,0.3483383310452461,78899.0,0.3098621179122764,1.1366644556609244,0.2657404999282672,2.459308396290154,0.208955223880597,0.08496503496503496,0.5313294335413581,0.599880090263534,26,-0.6340483436588272,0.534488659188462,18,-2.088888888888889,0.23386628251642125,0.9176360438619875,1.0,0.9970919107269445,1.0,0.837922909751662,1.0,0.9865715029627168,1.0,False,False,False,False
Weak Close Decent Sznls,quarter,Q1,42,16,0.4820398115577544,1.262303874877914,0.6428571428571429,0.42241943285117667,80897.0,0.31223953127907816,1.1249729904833699,0.25452914935609716,0.6649984498870632,0.15671641791044777,0.23566433566433567,0.6525889711700734,0.520491135607498,24,-0.46141572646511647,0.6511206479681171,16,-2.540867724867725,0.23978859880012332,0.9860913091107555,1.0,0.9946099448218757,1.0,0.9083823908954195,1.0,0.8681608639574895,1.0,False,False,False,False
Weak Close Decent Sznls,quarter,Q2,57,21,0.3216441102756893,1.0951565405664554,0.6842105263157895,0.277774857158668,75294.0,0.3434980657288297,1.1627490968380243,0.28238400471175285,0.8424980361351139,0.2126865671641791,0.25244755244755246,-0.11593973813168103,0.9083823908954195,35,-0.010850161678529587,0.9914561123292449,20,-2.243047619047619,0.22318062175428613,0.9860913091107555,1.0,0.9946099448218757,1.0,0.9083823908954195,1.0,0.9914561123292449,1.0,False,False,False,False
Weak Close Decent Sznls,quarter,Q3,60,17,0.20527897001763665,1.1551944077961847,0.6,0.19154444076697336,48443.0,0.37738013439153434,1.1441718361438469,0.3053431387347716,0.8735313880800636,0.22388059701492538,0.2562937062937063,-0.7570806930654908,0.455109076814196,30,-1.2371989162221313,0.23386418656719535,17,-3.2985396825396824,0.1435909748405302,0.9860913091107555,1.0,0.9946099448218757,1.0,0.9083823908954195,1.0,0.8681608639574895,0.9354567462687814,False,False,False,False
Weak Close Decent Sznls,quarter,Q4,109,21,0.3661989135990751,1.1297514388380596,0.6697247706422018,0.2744362633605397,132734.0,0.3201014124037621,1.1614074386643434,0.28601046181766226,1.5912571206893031,0.40671641791044777,0.2555944055944056,0.24345315456579433,0.8086504640173828,51,0.5751438167099634,0.5716084081886994,21,-3.4512592592592592,0.39343980460506034,0.9860913091107555,1.0,0.9946099448218757,1.0,0.9083823908954195,1.0,0.8681608639574895,1.0,False,False,False,False
Weak Close Decent Sznls,half,MayOct,105,20,0.1365836263771502,1.1038182207887182,0.5904761904761905,0.08326968431018925,38988.0,0.46914432751470303,1.1582365792244511,0.4082228599600094,0.7604495338036659,0.3917910447761194,0.5152097902097902,-1.838668385613221,0.07179016650252608,52,-1.653032177361217,0.11475294359328121,20,-3.2985396825396824,0.11556519883332148,0.48143622665871727,1.0,0.5134685304708131,1.0,0.07179016650252608,0.14358033300505216,0.11475294359328121,0.22950588718656242,False,False,False,False
Weak Close Decent Sznls,half,NovApr,163,23,0.46914432751470303,1.1582365792244511,0.6932515337423313,0.4082228599600094,298380.0,0.1365836263771502,1.1038182207887182,0.08326968431018925,1.2545817612263241,0.6082089552238806,0.4847902097902098,1.8386683856132213,0.06937592483509937,88,1.653032177361217,0.11475294359328121,20,-3.4512592592592592,0.8844348011666785,0.48143622665871727,1.0,0.5134685304708131,1.0,0.07179016650252608,0.13875184967019874,0.11475294359328121,0.22950588718656242,False,False,False,False
Weak Close Decent Sznls,wom,W1,35,14,0.07432782244210819,0.8790404094848459,0.5714285714285714,0.08870399260414862,13433.0,0.37858511746362045,1.1781302248922438,0.30918630433720085,0.5492756804214223,0.13059701492537312,0.23776223776223776,-1.725306992805992,0.09732809510234408,25,-2.084725354245762,0.0573800265621394,14,-1.4283174603174602,0.03981705437385881,0.6876158972579476,1.0,0.6428243243978917,1.0,0.19465619020468816,0.3893123804093763,0.2295201062485576,0.2295201062485576,False,False,False,False
Weak Close Decent Sznls,wom,W2,60,19,0.3374318512105179,1.0140708448430604,0.6666666666666666,0.3169387426892583,83214.0,0.339259110970511,1.1845029595130405,0.27136319500900496,0.9388541165142031,0.22388059701492538,0.23846153846153847,-0.00962748009829984,0.992373169255676,36,-1.0443177765252556,0.3101613887848775,19,-2.088888888888889,0.2466564700860781,0.9988590560819817,1.0,0.6428243243978917,1.0,0.992373169255676,1.0,0.41354851837983664,1.0,False,False,False,False
Weak Close Decent Sznls,wom,W3,64,17,0.630938744059644,0.9933312657958118,0.765625,0.5830320700634752,170954.0,0.2472143457582359,1.1781408455042168,0.18369563235879283,1.0007107320540156,0.23880597014925373,0.23863636363636365,2.203635510564106,0.034031834565134034,37,1.4747370812392206,0.159688236073426,17,-1.088,0.5067285575395414,0.6386897770886495,1.0,0.6428243243978917,1.0,0.13612733826053613,0.13612733826053613,0.319376472146852,0.638752944293704,False,False,False,False
Weak Close Decent Sznls,wom,W4+,109,22,0.2530673548309658,1.337786799481645,0.6055045871559633,0.14182280843948372,69767.0,0.39765700929510744,0.9951346231898548,0.3783912536630179,1.4263751750139553,0.40671641791044777,0.28513986013986015,-0.7308744506147333,0.4677484924354227,60,0.7597904526480537,0.45624321324015016,21,-3.4512592592592592,0.2067979180005217,0.7795808207257046,1.0,0.6488344500797862,1.0,0.6236646565805636,1.0,0.45624321324015016,1.0,False,False,False,False
Weak Close Decent Sznls,tom,TOM,63,20,0.25030837475281925,1.2783967921254904,0.6507936507936508,0.17136653895274584,46963.0,0.3660603831466817,1.1050924952672643,0.3139215216522036,0.9872443947662569,0.23507462686567165,0.2381118881118881,-0.4760942028186512,0.6368840232528757,37,-0.33522905430720584,0.7413275805603201,19,-3.4512592592592592,0.1392040738896398,0.8703149835788279,1.0,0.7983527790649602,1.0,0.6368840232528757,1.0,0.7413275805603201,1.0,False,False,False,False
Weak Close Decent Sznls,tom,mid,205,22,0.3660603831466817,1.1050924952672643,0.6536585365853659,0.3139215216522036,290405.0,0.25030837475281925,1.2783967921254904,0.17136653895274584,1.0039864925030653,0.7649253731343284,0.7618881118881119,0.4760942028186522,0.634996407837872,106,0.33522905430720584,0.7413275805603201,19,-2.540867724867725,0.8607959261103602,0.8703149835788279,1.0,0.7983527790649602,1.0,0.6368840232528757,1.0,0.7413275805603201,1.0,False,False,False,False
Weak Close Decent Sznls,opex,opex,61,16,0.5340562685402029,0.9153278152534634,0.7704918032786885,0.5057190110793436,137873.0,0.28132547716688394,1.2023925715996306,0.2153187263666526,0.9730495504540079,0.22761194029850745,0.23391608391608393,1.4403530377668163,0.16012311018835282,31,0.011515087024681292,0.9909642513691759,16,-1.6677248677248677,0.4086724289203481,0.9006924948094847,1.0,0.9983317269360632,1.0,0.4803693305650585,0.4803693305650585,0.9909642513691758,1.0,False,False,False,False
Weak Close Decent Sznls,opex,other,122,23,0.26720633469748223,1.1957166823521936,0.6147540983606558,0.1945711766302076,105058.0,0.3987166665849625,1.1047083092489516,0.35241654337448797,0.8445931226126907,0.4552238805970149,0.538986013986014,-0.7079058667350907,0.4813881890929741,70,-0.8453990594254335,0.40741762557075645,22,-3.4512592592592592,0.31140475682340946,0.9452844676569588,1.0,0.9174368745123129,1.0,0.7220822836394611,1.0,0.9909642513691758,1.0,False,False,False,False
Weak Close Decent Sznls,opex,post_opex,85,22,0.30159059929943693,1.2187351659345875,0.6235294117647059,0.2442985808040734,94437.0,0.3561563126450559,1.1147455067591607,0.2989647543366039,1.3965966932083234,0.31716417910447764,0.2270979020979021,-0.2534813513718481,0.8010769617778833,45,0.24580688059967748,0.8082181989751328,22,-2.540867724867725,0.27992281425624244,0.9452844676569588,1.0,0.9174368745123129,1.0,0.8010769617778833,1.0,0.9909642513691758,1.0,False,False,False,False
Weak Close Decent Sznls,dow,Mon,52,18,0.2949742672142672,1.1816675172978004,0.6153846153846154,0.20690020121939345,49918.0,0.3494127049044234,1.1407168939767014,0.30009234476852414,1.0353085319670305,0.19402985074626866,0.1874125874125874,-0.2276848851634942,0.821254897746162,35,0.12393331300128779,0.902821644280753,18,-3.2985396825396824,0.14796305518010006,0.9295530446908759,1.0,0.9858651475917073,1.0,0.8212548977461619,1.0,0.902821644280753,1.0,False,False,False,False
Weak Close Decent Sznls,dow,Tue,56,20,0.15569128427128426,1.0771122913015423,0.6607142857142857,0.0974352646564186,24641.0,0.38723157658162943,1.1620351030782716,0.33049375604257125,1.0172118132740553,0.208955223880597,0.20541958041958042,-1.1853714395762716,0.2443365742998418,34,-1.605535264247045,0.12486871310736637,20,-2.540867724867725,0.07303893671006141,0.7663283466676856,1.0,0.7265088762610407,1.0,0.6614166311031147,1.0,0.6243435655368319,0.6243435655368319,False,False,False,False
Weak Close Decent Sznls,dow,Wed,69,18,0.5291936878460242,1.229258736518318,0.7101449275362319,0.43671302078001795,133065.0,0.2728514657945814,1.1123344630005563,0.2284141119402185,1.2522844958879076,0.2574626865671642,0.2055944055944056,1.1300770642919178,0.2645666524412459,45,1.007621809720515,0.3286324177687565,17,-3.4512592592592592,0.39442092907448245,0.7819441864761855,1.0,0.8281110567176213,1.0,0.6614166311031147,1.0,0.8215810444218913,1.0,False,False,False,False
Weak Close Decent Sznls,dow,Thu,48,19,0.2463647170113837,1.0491980041168076,0.6041666666666666,0.2960494096537683,64856.0,0.35902863517250433,1.1681942862084678,0.27805464214277115,0.8900761181062541,0.1791044776119403,0.2012237762237762,-0.5900725203984047,0.5586348469611727,39,-0.6736892384712885,0.5090680483650438,19,-1.5012910052910053,0.19224111356145218,0.8760410100072935,1.0,0.9285883698949011,1.0,0.806926855188968,1.0,0.848446747275073,1.0,False,False,False,False
Weak Close Decent Sznls,dow,Fri,43,17,0.42824561540096423,1.1583635329281132,0.6511627906976745,0.35808672378350787,64888.0,0.3217655319655818,1.1463019225474247,0.267680384679399,0.800838738245943,0.16044776119402984,0.20034965034965035,0.4643490742438651,0.6455414841511744,33,0.24600923745785036,0.8088031511485221,17,-2.088888888888889,0.19233596547390386,0.9025637357884506,1.0,0.9858651475917073,1.0,0.806926855188968,1.0,0.902821644280753,1.0,False,False,False,False
Weak Close Decent Sznls,eseason_fixed,off,158,21,0.2628318221248044,1.2459390363253398,0.6012658227848101,0.169904167027511,116930.0,0.44803980235252966,0.9822148189205699,0.4314476556899699,1.0631269880107659,0.5895522388059702,0.5545454545454546,-1.0719990397339454,0.28694373800322936,81,-1.3834047407541241,0.18258119563582362,20,-3.4512592592592592,0.3465948163429845,0.9909864943128218,1.0,0.5112273477803061,1.0,0.28808590502231224,0.5738874760064587,0.18258119563582362,0.36516239127164724,False,False,False,False
Weak Close Decent Sznls,eseason_fixed,season,110,22,0.44803980235252966,0.9822148189205699,0.7272727272727273,0.4314476556899699,220438.0,0.2628318221248044,1.2459390363253398,0.169904167027511,0.9214133414559854,0.41044776119402987,0.44545454545454544,1.0719990397339463,0.28808590502231224,60,1.3834047407541241,0.18258119563582362,20,-1.6677248677248677,0.6534051836570155,0.9909864943128218,1.0,0.5112273477803061,1.0,0.28808590502231224,0.5761718100446245,0.18258119563582362,0.36516239127164724,False,False,False,False
Weak Close Decent Sznls,eseason_data,off,191,22,0.3318896598878337,1.1884584648802907,0.6544502617801047,0.24893555886982796,207883.0,0.3561153391678067,1.043201069970143,0.35567888191177194,1.0629901340753858,0.7126865671641791,0.6704545454545454,-0.14394684564309493,0.8858473582552591,96,-0.3845246364172419,0.704647858905653,21,-3.4512592592592592,0.6161906286310498,0.9627067436733711,1.0,0.886567769828385,1.0,0.8861851588530045,1.0,0.704647858905653,1.0,False,False,False,False
Weak Close Decent Sznls,eseason_data,season,77,22,0.3561153391678067,1.043201069970143,0.6493506493506493,0.35567888191177194,129485.0,0.3318896598878337,1.1884584648802907,0.24893555886982796,0.8718476582604221,0.2873134328358209,0.32954545454545453,0.14394684564309532,0.8861851588530045,46,0.3845246364172419,0.704647858905653,21,-1.6262433862433863,0.3838093713689502,0.9627067436733711,1.0,0.886567769828385,1.0,0.8861851588530045,1.0,0.704647858905653,1.0,False,False,False,False
Weak Close Decent Sznls,holiday,none,248,23,0.3408653062793837,1.1338907137833079,0.6612903225806451,0.2939016667034112,327386.0,0.31386050986050984,1.3282273420100208,0.11714931197371123,0.9985161909749498,0.9253731343283582,0.9267482517482517,0.06778315053698533,0.9460616052508282,132,0.7619133658028177,0.4709981924650194,8,-3.4512592592592592,0.9704121315596026,0.9908541551333614,1.0,0.9358221435871555,1.0,0.946061605250828,1.0,0.7026301780092715,1.0,False,False,False,False
Weak Close Decent Sznls,holiday,post,10,4,-0.01843039923039924,0.9996272319724578,0.5,-0.05351629502572899,-2457.0,0.3526981013441912,1.1515236373443378,0.2946732120304545,1.0212097407698348,0.03731343283582089,0.03653846153846154,-1.2674239909666858,0.2519703604663599,7,-1.0029285514564579,0.3897930449678991,4,-1.0440634920634921,-0.0072828484029309245,0.5818745927048132,1.0,0.9358221435871555,1.0,0.7559110813990797,0.7559110813990797,0.7026301780092715,1.0,False,False,False,False
Weak Close Decent Sznls,holiday,pre,10,5,0.6461514189514188,1.574728660147151,0.6,0.31654419951013135,12439.0,0.3269391161433456,1.1293813989981554,0.28014945065795155,1.0163468372423596,0.03731343283582089,0.03671328671328671,0.5008301909897986,0.6377545308118515,6,-0.4102719636421348,0.7026301780092715,5,-1.5012910052910053,0.036870716843328356,0.878132662207778,1.0,0.9358221435871555,1.0,0.946061605250828,1.0,0.7026301780092715,1.0,False,False,False,False
BOOK,month,Jan,350,24,0.4942402299276536,1.4395819609885545,0.6628571428571428,0.46198649018422017,416187.0,0.4653605449611688,1.3495762891277971,0.44475436060492146,1.259493065171278,0.10048808498420901,0.07978454805588285,0.23173016671116659,0.8171235195119736,127,0.16782636000063875,0.8681868526676332,24,-5.481111111111111,0.10059797478010728,0.960040566766348,1.0,0.9970919107269445,1.0,0.8469553987800124,1.0,0.8878730089337727,1.0,False,False,False,False
BOOK,month,Feb,263,24,0.6421129781537995,1.4088109164560958,0.6996197718631179,0.6251959833259706,436427.0,0.45406302937378007,1.3537671008749872,0.43186663816300946,0.9752231334806326,0.07550961814527705,0.0774280424171015,1.4851967907994814,0.14030095659537556,113,0.8845016628620904,0.3855787625013294,24,-4.809777777777778,0.10549025399485779,0.8389424383146786,1.0,0.9970919107269445,1.0,0.6898968597915767,1.0,0.8278911961569629,1.0,False,False,False,False
BOOK,month,Mar,300,24,0.43611898803741117,1.2017283710033813,0.66,0.5111599600016202,429097.0,0.4712921682145138,1.3727018969146656,0.43998189827542916,0.974693408801936,0.08613264427217916,0.08836896145430062,-0.3879334767235126,0.6987198703610717,127,-0.221281790262961,0.8268257979224644,24,-2.591111111111111,0.1037184947733103,0.960040566766348,1.0,0.9970919107269445,1.0,0.8469553987800124,1.0,0.8878730089337727,1.0,False,False,False,False
BOOK,month,Apr,277,24,0.5415562271443529,1.5803309749103172,0.6425992779783394,0.553330706176088,427195.0,0.46193000402964285,1.33792685029734,0.43671423249134506,0.9506692754863953,0.07952914154464542,0.08365595017673792,0.6583988939669682,0.5114114784152923,135,0.7135126785618163,0.4827064938447003,24,-6.7828888888888885,0.10325875588662771,0.9176360438619875,1.0,0.9970919107269445,1.0,0.8469553987800124,1.0,0.8278911961569629,1.0,False,False,False,False
BOOK,month,May,267,24,0.32897536750984585,1.2903996453549522,0.5955056179775281,0.3226414862221647,228150.0,0.47982656862963063,1.3637704268088913,0.4566554603459746,0.900050385894673,0.07665805340223945,0.08517084665881165,-1.3726185096223098,0.17247421494789417,119,-1.1767770943663618,0.25132008940442735,24,-5.954074074074074,0.05514691219591548,0.8389424383146786,1.0,0.9970919107269445,1.0,0.6898968597915767,1.0,0.8278911961569629,1.0,False,False,False,False
BOOK,month,Jun,380,24,0.4491491658885043,1.3006528862588995,0.6447368421052632,0.3238970035814682,270174.0,0.4706032822431161,1.3658243478752308,0.4585495657780132,1.2734206617942778,0.10910134941142693,0.08567581215283622,-0.1934022207772949,0.8469553987800124,127,-1.2626576298802796,0.21936446500551965,24,-3.472704,0.06530467611492119,0.960040566766348,1.0,0.9970919107269445,1.0,0.8469553987800124,1.0,0.8278911961569629,1.0,False,False,False,False
BOOK,month,Jul,236,24,0.6183134524983879,1.5709764676190667,0.6610169491525424,0.5313632875214506,351877.0,0.4573565423616881,1.3415884646056482,0.4398932024203657,0.7924180666047235,0.06775768016078093,0.0855074903214947,1.2004658801109336,0.23236287187999327,119,0.7131336993778589,0.48293653109156176,24,-5.933111111111111,0.08505338603007737,0.9050531339660743,1.0,0.9970919107269445,1.0,0.6970886156399798,1.0,0.8278911961569629,1.0,False,False,False,False
BOOK,month,Aug,251,24,0.3016265624008786,1.3651248706885277,0.6095617529880478,0.2836486687582229,198230.0,0.48120371308025994,1.3575577897115338,0.4597064254836911,0.8093271830174865,0.0720643123743899,0.08904224877966672,-1.7145899635745072,0.08904565467625548,119,-0.2510291776575918,0.8040206572953984,24,-7.137777777777778,0.04791484726976255,0.8389424383146786,1.0,0.9970919107269445,1.0,0.6898968597915767,1.0,0.8878730089337727,1.0,False,False,False,False
BOOK,month,Sep,229,23,0.41829448330676283,1.5048789507114295,0.5851528384279476,0.39311920949801626,246179.0,0.4717791122190449,1.3480025545869119,0.4502929693791755,0.8293171625846621,0.06574791846109676,0.07927958256185827,-0.41504752255016364,0.6789304714392701,109,0.1426397633457907,0.8878730089337727,23,-3.2985396825396824,0.05950476308340248,0.960040566766348,1.0,0.9970919107269445,1.0,0.8469553987800124,1.0,0.8878730089337727,1.0,False,False,False,False
BOOK,month,Oct,248,23,0.5456453944562427,1.324614672150024,0.6290322580645161,0.48253464749411584,378831.0,0.4623303276701306,1.3612980664987755,0.4430876735619737,0.8343529377121108,0.0712029859316681,0.08533916849015317,0.7270674743312779,0.46868823008957416,114,0.9788878952688465,0.33827792165343507,23,-2.3546666666666667,0.0915685290120134,0.9050531339660743,1.0,0.9970919107269445,1.0,0.8469553987800124,1.0,0.8278911961569629,1.0,False,False,False,False
BOOK,month,Nov,256,23,0.40688299371263653,1.23933624028961,0.6484375,0.46256627327788946,353159.0,0.4731318938480279,1.3677839474871536,0.44498071075908,0.9310504203481179,0.07349985644559288,0.07894293889917522,-0.7331256303329458,0.46485445985726004,126,-0.4615382669136022,0.6489435076344723,23,-3.4512592592592592,0.08536326260879823,0.9050531339660743,1.0,0.9970919107269445,1.0,0.8469553987800124,1.0,0.8878730089337727,1.0,False,False,False,False
BOOK,month,Dec,426,23,0.45266951589401727,1.1495260932483506,0.6948356807511737,0.40998772741769574,401625.0,0.4704355427108831,1.385496464993417,0.45073698227700604,1.4951315560943277,0.1223083548664944,0.08180441003198115,-0.22837091512259086,0.8196710157140205,150,-0.7926325483654302,0.43645669740608084,23,-3.8355555555555556,0.09707814425020624,0.960040566766348,1.0,0.9970919107269445,1.0,0.8469553987800124,1.0,0.8278911961569629,1.0,False,False,False,False
BOOK,quarter,Q1,913,24,0.5177387624757408,1.357779572077915,0.6725082146768894,0.5256391576989841,1281711.0,0.45068606136096084,1.3588594371465614,0.41814567868184743,1.067386150728782,0.26213034740166524,0.24558155192728498,0.8844840086898975,0.3770581970937792,342,0.7091690566923667,0.4853468393984489,24,-5.481111111111111,0.3098067235482754,0.9860913091107555,1.0,0.9946099448218757,1.0,0.9175741896600166,1.0,0.9906287847741888,1.0,False,False,False,False
BOOK,quarter,Q2,924,24,0.442125737101457,1.388526427877089,0.6298701298701299,0.4000842972411917,925519.0,0.4777000729801777,1.3479211125057713,0.4618469941233695,1.0423804510798482,0.2652885443583118,0.2545026089883858,-0.46854866951047247,0.6396689398929625,370,-0.527059629645591,0.6031993075511248,24,-6.7828888888888885,0.22371034419746438,0.9860913091107555,1.0,0.9946099448218757,1.0,0.9175741896600166,1.0,0.9906287847741888,1.0,False,False,False,False
BOOK,quarter,Q3,716,24,0.44332357350487256,1.484001431771184,0.6187150837988827,0.4006888348695444,796286.0,0.4747159339387539,1.3245607633421657,0.45891601805767857,0.8098745631490887,0.2055699109962676,0.2538293216630197,-0.401669133694398,0.6881806422450124,340,-0.07803908212039297,0.9384719210986232,24,-7.137777777777778,0.1924729963832424,0.9860913091107555,1.0,0.9946099448218757,1.0,0.9175741896600166,1.0,0.9906287847741888,1.0,False,False,False,False
BOOK,quarter,Q4,930,23,0.4648594817058436,1.2228525578326674,0.6645161290322581,0.4483942625080885,1133615.0,0.46950229136372357,1.405152358008591,0.4456924138745349,1.085029769374248,0.2670111972437554,0.24608651742130955,-0.07376312035963391,0.9412377871959399,380,-0.011879550257418683,0.9906287847741888,23,-3.8355555555555556,0.27400993587101785,0.9860913091107555,1.0,0.9946099448218757,1.0,0.9412377871959399,1.0,0.9906287847741888,1.0,False,False,False,False
BOOK,half,MayOct,1611,24,0.4414977297438842,1.3872034711205121,0.6225946617008069,0.38794124675247954,1673441.0,0.4912958468058886,1.3336279370683364,0.4973626137981822,0.9068991395263558,0.4625322997416021,0.5100151489648207,-0.7872990636201995,0.43138235055242724,678,-0.5169637333947297,0.6101173452698441,24,-7.137777777777778,0.4044931137060925,0.6902117608838836,1.0,0.6570494487521399,1.0,0.43138235055242724,0.8627647011048545,0.6101173452698441,1.0,False,False,False,False
BOOK,half,NovApr,1872,24,0.4912958468058886,1.3336279370683364,0.6698717948717948,0.4973626137981822,2463690.0,0.4414977297438842,1.3872034711205121,0.38794124675247954,1.0969067699193207,0.537467700258398,0.48998485103517925,0.7872990636201974,0.4313613062674311,734,0.5169637333947297,0.6101173452698441,24,-6.7828888888888885,0.5955068862939076,0.6902117608838836,1.0,0.6570494487521399,1.0,0.43138235055242724,0.8627226125348622,0.6101173452698441,1.0,False,False,False,False
BOOK,wom,W1,940,24,0.473065505859385,1.32264025755373,0.6617021276595745,0.4321662305758259,976523.0,0.46648725612670033,1.372043193288928,0.45102872557963547,1.1331241395612612,0.2698822853861614,0.23817539134825788,0.09469503429080431,0.9246055710795585,392,-0.28168052172951885,0.780707362657782,24,-6.7828888888888885,0.23603869444791573,0.9906488261566698,1.0,0.9135937222591065,1.0,0.9246055710795585,1.0,0.7976819404161302,1.0,False,False,False,False
BOOK,wom,W2,865,24,0.42780955090485534,1.3823752545273653,0.6439306358381502,0.40424979319087845,874632.0,0.48162849744282704,1.350789481119348,0.4592765417050779,1.0427152986388202,0.24834912431811657,0.23817539134825788,-0.7800753884358347,0.43580102701635337,407,-0.6137559376906465,0.5453996837823651,24,-5.954074074074074,0.2114102744148058,0.7690606359112119,1.0,0.7142138716197639,1.0,0.8716020540327067,1.0,0.7976819404161302,1.0,False,False,False,False
BOOK,wom,W3,790,24,0.45996285170293016,1.3677436054084635,0.6481012658227848,0.45801065678963626,1019619.0,0.4706973691023788,1.356283306122054,0.4427678091815838,0.9496220138609418,0.22681596325007178,0.23884867867362397,-0.16133491236409195,0.8719059332417943,428,0.2593375483782478,0.7976819404161302,24,-7.137777777777778,0.24645557513165525,0.9906488261566698,1.0,0.9140105567268159,1.0,0.9246055710795585,1.0,0.7976819404161302,1.0,False,False,False,False
BOOK,wom,W4+,888,24,0.5099675427389462,1.3660583087650127,0.6373873873873874,0.4837540808584264,1266357.0,0.45399132558221067,1.3561446809465685,0.43173533512296997,0.8951971378712816,0.2549526270456503,0.28480053862986027,0.8301881048680032,0.40683590544623127,492,1.3333558946837423,0.1954713970442314,24,-3.4512592592592592,0.3060954560056232,0.7397016462658751,1.0,0.6428243243978917,1.0,0.8716020540327067,1.0,0.7818855881769256,0.7818855881769256,False,False,False,False
BOOK,tom,TOM,833,24,0.40429428130171774,1.3321894365588716,0.6266506602641057,0.37180489110736514,839843.0,0.48837038925044907,1.3665587569075772,0.47048147829942405,1.0034317208199308,0.23916164226241746,0.2383437131795994,-1.0646473729998498,0.28766365462395527,410,-1.338637772488436,0.19377119579959645,24,-5.481111111111111,0.20300130694435348,0.7924656996982887,1.0,0.5425593482388701,1.0,0.28766365462395527,0.5753273092479105,0.19377119579959645,0.3875423915991929,False,False,False,False
BOOK,tom,mid,2650,24,0.48837038925044907,1.3665587569075772,0.6547169811320754,0.47048147829942405,3297288.0,0.40429428130171774,1.3321894365588716,0.37180489110736514,0.9989261178605475,0.7608383577375826,0.7616562868204007,1.0646473729998434,0.28726357750778747,1128,1.338637772488436,0.19377119579959645,24,-7.137777777777778,0.7969986930556465,0.7924656996982887,1.0,0.5425593482388701,1.0,0.28766365462395527,0.5745271550155749,0.19377119579959645,0.3875423915991929,False,False,False,False
BOOK,opex,opex,897,24,0.45015839378258793,1.3969247750294123,0.6555183946488294,0.43345264081777,993774.0,0.4745423776546943,1.345407982372112,0.45069534802934064,1.1039141258779503,0.2575366063738157,0.23329405823935365,-0.3506630963260764,0.7260136389371143,429,-0.48640206093184424,0.631284682757088,24,-7.137777777777778,0.24020849231025074,0.9452844676569588,1.0,0.9174368745123129,1.0,0.9531623291896402,1.0,0.7152697712961618,1.0,False,False,False,False
BOOK,opex,other,1937,24,0.4754219971885879,1.3242404297717885,0.6520392359318534,0.43444147476079975,2170719.0,0.4592925351123713,1.4010625780930803,0.4604554837299197,1.031522629561774,0.5561297731840368,0.5391348257869045,0.2598942817900351,0.7950112858377598,812,-0.3693170730306389,0.7152697712961618,24,-6.7828888888888885,0.5246918698005937,0.9452844676569588,1.0,0.9174368745123129,1.0,0.9531623291896402,1.0,0.7152697712961618,1.0,False,False,False,False
BOOK,opex,post_opex,649,24,0.4719170725127036,1.4077424972845252,0.6255778120184899,0.49175618477147953,972638.0,0.4674257190463219,1.3474739894896732,0.4341304568079048,0.8187929282890523,0.18633362044214757,0.2275711159737418,0.05877485839851271,0.9531623291896402,381,0.5326218054642958,0.5994040617615135,24,-3.4091851851851853,0.23509963788915555,0.9748251093984955,1.0,0.9174368745123129,1.0,0.9531623291896402,1.0,0.7152697712961618,1.0,False,False,False,False
BOOK,dow,Mon,750,24,0.4383144169378382,1.2467396831744375,0.6573333333333333,0.41582773449033306,847063.0,0.4764811032325803,1.3879506006489588,0.45505143144079935,1.149402604719264,0.2153316106804479,0.18734219828311732,-0.5612374266671188,0.5748917408481456,492,-0.14996838493081086,0.8820969276240465,24,-5.954074074074074,0.20474647769190776,0.8815006693004901,1.0,0.9858651475917073,1.0,0.718614676060182,1.0,0.8820969276240465,1.0,False,False,False,False
BOOK,dow,Tue,568,24,0.40577300864768545,1.4870453965719943,0.6267605633802817,0.3558849292951942,557803.0,0.48043897047208767,1.3321890968158978,0.46486076529831777,0.7934850518829846,0.1630778064886592,0.20552095606800203,-0.9598481593378467,0.3377740621652634,362,-0.9213093262200729,0.36645244632896645,24,-3.869111111111111,0.1348284596257648,0.7819441864761855,1.0,0.8376055916090662,1.0,0.6254877184257398,1.0,0.6038399144142116,1.0,False,False,False,False
BOOK,dow,Wed,737,24,0.4874846583160652,1.2881648032136512,0.6702849389416553,0.4665175741466126,845695.0,0.46310359601568857,1.377198615904777,0.44154440887076457,1.0295747944326756,0.21159919609532013,0.20552095606800203,0.3107257255243769,0.7561850576179142,369,-0.7129106802602729,0.4830719315313693,24,-4.027851851851852,0.2044158137607922,0.9295530446908759,1.0,0.9285883698949011,1.0,0.7561850576179142,1.0,0.6038399144142116,1.0,False,False,False,False
BOOK,dow,Thu,628,24,0.41548059515194696,1.42965581708578,0.5955414012738853,0.4411983394630572,740230.0,0.479872803531558,1.3425736928204204,0.44758594748702824,0.8956421875195046,0.18030433534309503,0.2013129102844639,-0.8876949822124219,0.37529263105544386,364,-0.9553007459467034,0.3493593520527465,24,-7.137777777777778,0.17892351003630294,0.7819441864761855,1.0,0.8281110567176213,1.0,0.6254877184257398,1.0,0.6038399144142116,1.0,False,False,False,False
BOOK,dow,Fri,800,24,0.5644322241104927,1.3678086862743808,0.675,0.5277375474363712,1146340.0,0.4395873606222984,1.3549095617809437,0.42153645720858113,1.1466981280022777,0.22968705139247775,0.20030297929641475,1.6535858333524711,0.09887940294982137,471,1.265341374317256,0.21841830771714313,24,-6.7828888888888885,0.2770857388852323,0.7357550869573407,1.0,0.8087184458005221,1.0,0.4943970147491068,0.4943970147491068,0.6038399144142116,1.0,False,False,False,False
BOOK,eseason_fixed,off,2086,24,0.46267161331672335,1.3062677029941983,0.6510067114093959,0.4240464814523187,2227661.0,0.4766110826480572,1.4338680367742889,0.4757247574005214,1.0834708553079986,0.5989089865058858,0.5527688941255681,-0.21775939726402938,0.8276715609938866,809,-0.7013687035379509,0.4901092857350371,24,-6.7828888888888885,0.5384555142198785,0.9909864943128218,1.0,0.7623922222545022,1.0,0.8276852393523485,1.0,0.4901092857350371,0.9802185714700742,False,False,False,False
BOOK,eseason_fixed,season,1397,24,0.4766110826480572,1.4338680367742889,0.6435218324982105,0.4757247574005214,1909470.0,0.46267161331672335,1.3062677029941983,0.4240464814523187,0.8968316564428049,0.40109101349411425,0.44723110587443193,0.2177593972640269,0.8276852393523485,648,0.7013687035379509,0.4901092857350371,24,-7.137777777777778,0.4615444857801215,0.9909864943128218,1.0,0.7623922222545022,1.0,0.8276852393523485,1.0,0.4901092857350371,0.9802185714700742,False,False,False,False
BOOK,eseason_data,off,2462,24,0.4304031946640089,1.331130768315958,0.6450040617384241,0.3984241722008138,2517827.0,0.5595553404262789,1.419510323008068,0.5493466590724714,1.0551423497043069,0.7068619006603503,0.6699208887392695,-1.9740152145319552,0.04866166035628176,977,-2.4442755401997465,0.02259690900322131,24,-7.137777777777778,0.6085925246263655,0.7829871043131896,1.0,0.2674840038186358,0.6779072700966393,0.04893669401957435,0.09732332071256353,0.02259690900322131,0.04519381800644262,False,False,False,True
BOOK,eseason_data,season,1021,24,0.5595553404262789,1.419510323008068,0.6552399608227228,0.5493466590724714,1619304.0,0.4304031946640089,1.331130768315958,0.3984241722008138,0.8880843692895762,0.29313809933964974,0.33007911126073053,1.9740152145319603,0.04893669401957435,495,2.4442755401997465,0.02259690900322131,24,-4.809777777777778,0.3914074753736345,0.7829871043131896,1.0,0.2674840038186358,0.6779072700966393,0.04893669401957435,0.0978733880391487,0.02259690900322131,0.04519381800644262,False,False,False,True
BOOK,holiday,none,3285,24,0.4705142137618582,1.357084357887157,0.6493150684931507,0.45122752567214525,3936455.0,0.43090644257735744,1.388226404140569,0.3693829247735938,1.017850814505019,0.9431524547803618,0.9266116815350951,0.3062442418114621,0.7594660862337539,1346,0.695273149276157,0.49416321198887025,23,-7.137777777777778,0.9514939217539885,0.878132662207778,1.0,0.9358221435871555,1.0,0.9687295812540997,1.0,0.687704534362469,1.0,False,False,False,False
BOOK,holiday,post,100,18,0.47484351802102653,1.3383562022918727,0.66,0.32437542459793633,81880.0,0.4680680804126273,1.3594929134592986,0.4498471678582561,0.7824373694510953,0.02871088142405972,0.03669415923245245,0.03935780266447392,0.9687295812540997,64,-0.40891891793134433,0.687704534362469,18,-5.481111111111111,0.01979149318694525,0.9908541551333614,1.0,0.9358221435871555,1.0,0.9687295812540997,1.0,0.687704534362469,1.0,False,False,False,False
BOOK,holiday,pre,98,22,0.38607269212463385,1.4428437843248534,0.5918367346938775,0.40844412842622235,118796.0,0.4706421104903417,1.3563397192095583,0.4476603047940049,0.7667886220620734,0.028136663795578526,0.03669415923245245,-0.49150450079973856,0.6246295648700566,70,-0.9264299170460086,0.364747968419324,22,-2.109714285714286,0.028714585059066294,0.878132662207778,1.0,0.9358221435871555,1.0,0.9687295812540997,1.0,0.687704534362469,1.0,False,False,False,False
