strategy,dim,cell,days,n_years,mean_bps,sd_bps,sharpe,mean_bps_rest,sd_bps_rest,sharpe_rest,sd_ratio,kelly_ratio,worst_day_pct,cvar5_bps,pnl_share,day_share,active_share,t_year_mean,p_year_mean,t_year_sd,p_year_sd,levene_p,q_p_year_mean,q_p_year_sd,q_levene_p
3x Bear ETF Overbot Fade,month,Jan,120,6,-1.0945555555555555,7.430746890973297,-2.3383289771277576,1.0939430678466076,18.210180110733166,0.9536318548368231,0.4080545522223352,-6.055088917767021,-0.684904,-21.891111111111112,-0.0971470176279777,0.08130081300813008,0.025,-2.259513880930944,0.07339639423998245,-2.73989743894685,0.040797035762528515,0.21411820943047877,0.6286373723627048,0.09791288583006844,0.40703659614506854
3x Bear ETF Overbot Fade,month,Feb,115,6,-1.0395942028985508,12.675321559670891,-1.3019824604901329,1.0812589762429585,17.938590581030958,0.9568451906205734,0.7065951754913413,-1.9411833596179693,-1.2693586666666667,-32.50818666666667,-0.08842439686948149,0.07791327913279132,0.043478260869565216,-2.0082602147993667,0.1008700597324139,-1.3874308604880927,0.22396876522447554,0.44228260945909115,0.6286373723627048,0.348454274070745,0.6337183657921306
3x Bear ETF Overbot Fade,month,Mar,132,6,1.7236373737373738,19.238594014131962,1.4222398491331782,0.8366964285714286,17.426591746716568,0.7621768060090156,1.1039791540280275,1.7019062019261013,-1.1398679999999999,-45.199044444444446,0.16827912701999673,0.08943089430894309,0.1590909090909091,0.67904763940121,0.5272617988325399,-0.6339107304510578,0.5540017009170488,0.03930621846775749,0.8452523781853382,0.673217256810591,0.12172248299692642
3x Bear ETF Overbot Fade,month,Apr,124,6,2.3427430107526885,33.160515254476685,1.121511293407823,0.7851627218934911,15.411992551365103,0.8087255274457349,2.151604676939681,0.6492848222266804,-1.8827453333333335,-60.90646666666668,0.2148605845132211,0.08401084010840108,0.12903225806451613,1.1240258209832747,0.3120509904804438,0.5930174615829614,0.5789735725315426,0.000346105478574986,0.7908741219580474,0.6904529560624607,0.004153265742899832
3x Bear ETF Overbot Fade,month,May,126,6,1.533121693121693,8.150168548688022,2.986140989870382,0.858419851851852,18.225088530728762,0.7477051575310266,0.4471950045645196,8.995425318919386,0.0,0.0,0.1428754432437459,0.08536585365853659,0.047619047619047616,0.7589018286790666,0.4821335002858022,-6.286396586103943,0.00149696934194983,0.3274344609274581,0.8269211927946283,0.009361178112514282,0.5282976176308568
3x Bear ETF Overbot Fade,month,Jun,124,6,-0.2870956989247313,13.026128347339219,-0.3498739463838935,1.026360946745562,17.951422488416114,0.9076146992462073,0.7256320971636012,-0.5351663880838027,-0.730284,-27.40624444444445,-0.026330480722416436,0.08401084010840108,0.04838709677419355,-2.814872872237504,0.037333300342297406,-1.5275301207863776,0.18716381565370735,0.6793840876217366,0.47786624438140685,0.3019785933236287,0.7895652027409047
3x Bear ETF Overbot Fade,month,Jul,127,6,2.626584776902887,35.1361143168545,1.186691855754737,0.7549769211761799,14.929898232754965,0.8027440567450396,2.3534061498000547,0.6326668763584278,-1.5216813333333334,-45.31011111111111,0.2467206841295934,0.08604336043360433,0.14173228346456693,1.75017648553939,0.14049040508640115,0.4486279838158489,0.6724741598341258,0.006689377967840882,0.6294536869468085,0.7639943117642141,0.03293232230321665
3x Bear ETF Overbot Fade,month,Aug,116,6,0.4376735632183909,4.713888539313674,1.4739110533215527,0.9568161764705881,18.274478519982722,0.8311583777047535,0.2579492779593762,6.92937188638455,0.0,0.0,0.037550759094823714,0.07859078590785908,0.008620689655172414,0.5320786674136629,0.6174558054399532,-7.345370906926534,0.0007339077011806457,0.10009124420386756,0.9151764434107522,0.006710013267937333,0.22608845749579495
3x Bear ETF Overbot Fade,month,Sep,110,6,0.7812230303030302,5.905297166419797,2.100068936491344,0.9268708638360177,18.209764679136413,0.8080070818239736,0.32429288738616757,8.08219081395649,-0.31724266666666673,-8.647866666666667,0.06355915864824918,0.07452574525745258,0.09090909090909091,0.44766359011193285,0.6731247523762005,-2.370456915333752,0.06391645869481986,0.3744910758809229,0.9365213946103659,0.12783291738963973,0.5752182925530976
3x Bear ETF Overbot Fade,month,Oct,132,6,0.5517939393939393,11.378489620322783,0.7698260071256781,0.9517881944444442,18.08911834082013,0.8352628854081622,0.6290240024935845,1.4753041242702996,-0.9290546666666667,-16.32648888888889,0.05387177362881041,0.08943089430894309,0.06060606060606061,-1.6153372158579231,0.16715921335672004,-1.712779621907079,0.14742785952992885,0.5119153984820506,0.6294536869468085,0.25049689406855163,0.7020554036325265
3x Bear ETF Overbot Fade,month,Nov,122,6,3.149415300546448,17.519098059566325,2.8537666604215293,0.7147795174790743,17.590030537263846,0.6450684124121632,0.9959674613669797,4.475289418037324,0.0,0.0,0.2841843649414351,0.08265582655826559,0.040983606557377046,1.261163907066917,0.26289136034045435,-0.5167742579595412,0.6273507765634811,0.9115487292502338,0.7739715348785574,0.7319489199127771,0.9578899956986804
3x Bear ETF Overbot Fade,month,Dec,128,6,0.0,0.0,,1.002997131552918,18.405511470906262,0.8650716324818849,0.0,,0.0,0.0,0.0,0.08672086720867209,0.0,-1.7500605389778594,0.1405113971690306,-8.98448634130466,0.0002850059800795377,0.04195264135558444,0.6294536869468085,0.0034200717609544525,0.12785566889320973
3x Bear ETF Overbot Fade,quarter,Q1,367,6,-0.06370535876475912,14.222209875690526,-0.07110647555347713,1.240234445446348,18.566181824263282,1.0604286679274768,0.7660277169700115,-0.08769531697815337,-1.2693586666666667,-31.835311111111114,-0.0172922874774624,0.2486449864498645,0.07901907356948229,-2.067089767256709,0.09358534871180729,-0.8126962301873849,0.4533343574563695,0.9219514114221249,0.8054652136172683,0.6873602364400815,0.9608996566873135
3x Bear ETF Overbot Fade,quarter,Q2,374,6,1.1980577540106954,21.024507479176865,0.9045908570874155,0.8202963097398668,16.27182131702783,0.8002669134589979,1.2920807738452447,0.8763874765026638,-1.8827453333333335,-29.696488888888894,0.33140554703455055,0.25338753387533874,0.0748663101604278,0.37834781767342734,0.720703770186119,0.0686310215906118,0.9479434404511196,0.166072669016207,0.913248595684755,0.9945636096536337,0.27252950812916016
3x Bear ETF Overbot Fade,quarter,Q3,353,7,1.3322406043437207,21.46934577567586,0.9850632699546955,0.7851818343722174,16.190224973117363,0.7698704142149053,1.3260684030842114,0.9667756673723765,-1.5216813333333334,-18.77892549019608,0.34783060187266635,0.23915989159891599,0.0821529745042493,1.508424344381137,0.18217659825243251,0.19820854314459402,0.8494270445795371,0.8438132968753105,0.8054652136172683,0.9537426465454452,0.941641894620567
3x Bear ETF Overbot Fade,quarter,Q4,382,6,1.196506457242583,11.993124954324086,1.583736619106321,0.8180755636806825,19.168188599437,0.6775051749715074,0.6256785763614796,3.742486860380834,-0.9290546666666667,-5.155733333333333,0.3380561385702456,0.2588075880758808,0.034031413612565446,-0.19176292310736312,0.8554724044018124,-1.9694164187416225,0.10600311074779586,0.0960595502703672,0.9439695496847584,0.2730059079303614,0.1808179769795147
3x Bear ETF Overbot Fade,half,MayOct,735,7,0.9533213605442177,16.86166804493044,0.8975095107333961,0.8790134053081424,18.29714543581806,0.7626274418690674,0.9215463747652373,1.2770685998787952,-1.5216813333333334,-16.156614814814816,0.5182473380228062,0.49796747967479676,0.06666666666666667,0.34749380943678965,0.7400855703743666,-0.3293013851590444,0.7531194396407983,0.32567426951317,0.7894246083993244,0.9847577120883265,0.4342323593508934
3x Bear ETF Overbot Fade,half,NovApr,741,7,0.8790134053081424,18.29714543581806,0.7626274418690674,0.9533213605442177,16.86166804493044,0.8975095107333961,1.0851325851666973,0.7830432915623394,-1.8827453333333335,-25.490133333333336,0.48175266197719385,0.5020325203252033,0.06747638326585695,-0.34749380943678965,0.7400855703743666,0.3293013851590444,0.7531194396407983,0.32567426951317,0.7894246083993244,0.9847577120883265,0.4342323593508934
3x Bear ETF Overbot Fade,wom,W1,355,7,1.2449288262910798,11.643552905062378,1.6973025851463233,0.8118558429973238,19.09534333995729,0.6749191013007748,0.6097587614828623,4.132253963869081,-0.9290546666666667,-10.060509803921569,0.32687619430626363,0.2405149051490515,0.04788732394366197,0.9326517197460604,0.3869920756463962,-1.2790858792371904,0.24810536870283292,0.33549191132950695,0.9323262304038236,0.5670979856064753,0.5699045500112575
3x Bear ETF Overbot Fade,wom,W2,350,7,0.40535923809523816,14.74895466087524,0.43629386365432477,1.0747463587921846,18.38823231638687,0.9278254284297763,0.8020865957698149,0.5874194532205613,-1.1398679999999999,-15.624799999999997,0.10493455766253881,0.23712737127371275,0.04285714285714286,-1.571725282331881,0.16707274964838026,-1.6598823903642392,0.1480070051785116,0.19148459496762263,0.9323262304038236,0.43056583324657915,0.41686689220812134
3x Bear ETF Overbot Fade,wom,W3,351,7,0.06940664767331423,16.638345815490617,0.0662203073964133,1.1801585777777777,17.876827477085612,1.0479732296198379,0.9307213954387336,0.06802587973747448,-1.8827453333333335,-34.938462745098036,0.01801849866192332,0.23780487804878048,0.08262108262108261,-1.1547978802360226,0.29208384927117825,-0.8427907746330008,0.4316527538618067,0.5600569050240752,0.9323262304038236,0.717995799325773,0.6986190473125505
3x Bear ETF Overbot Fade,wom,W4+,420,7,1.7710784126984125,23.679421645471965,1.1873177738589882,0.5759348484848484,14.475420175284407,0.6316004766763057,1.635836567003605,1.1508226922513638,-1.5216813333333334,-23.53185396825397,0.550170749369274,0.2845528455284553,0.09047619047619047,1.3095842709368253,0.23824456403993624,1.057010508189451,0.33119574106576105,0.11095306829878904,0.9323262304038236,0.6302206729508678,0.3227725623237499
3x Bear ETF Overbot Fade,tom,TOM,355,7,2.532229107981221,21.239886603241562,1.8925661725523777,0.4041916146297949,16.24338286704447,0.39501272724331427,1.3076024112153566,3.6711469835699457,-0.9290546666666667,-10.545192156862745,0.6648776993897914,0.2405149051490515,0.07605633802816901,1.8854531522812013,0.10833288532343534,0.39539352529058125,0.7062274045221468,0.4856715252516479,0.6561629364478747,0.7533092314902899,0.5977495695404897
3x Bear ETF Overbot Fade,tom,mid,1121,7,0.4041916146297949,16.24338286704447,0.39501272724331427,2.532229107981221,21.239886603241562,1.8925661725523777,0.7647584551871128,0.27239443271420494,-1.8827453333333335,-24.026871428571432,0.3351223006102087,0.7594850948509485,0.06422836752899197,-1.8854531522812013,0.10833288532343534,-0.39539352529058125,0.7062274045221468,0.4856715252516479,0.6561629364478747,0.7533092314902899,0.5977495695404897
3x Bear ETF Overbot Fade,opex,opex,339,7,-1.1133195673549658,13.09035435529585,-1.3501086181543749,1.5210690120199357,18.687102396524164,1.29213301689405,0.7005020937719418,-1.494696138675726,-1.8827453333333335,-32.26315,-0.279145066798313,0.22967479674796748,0.0471976401179941,-2.6442249366524475,0.038323308216369104,-2.109247075597053,0.07945545703785507,0.20464952314449777,0.45987969859642924,0.30546547818164876,0.39292708443743574
3x Bear ETF Overbot Fade,opex,other,800,7,1.2301703333333334,18.49892361925486,1.0556478331079888,0.5442364891518737,16.457930335247454,0.5249436747045667,1.1240127550932861,1.7886913160092865,-1.5216813333333334,-17.440966666666665,0.7278898328560464,0.5420054200542005,0.0625,1.4910336028289233,0.18654518392063027,0.38254622974895175,0.7152406357892069,0.984953845407489,0.8140153480172958,0.780262511770044,0.984953845407489
3x Bear ETF Overbot Fade,opex,post_opex,337,7,2.211629673590504,19.136548969344002,1.8346323941266036,0.5326786069651741,17.097168164235935,0.494585457386645,1.119281788979187,3.321065483549054,-1.2693586666666667,-19.43275,0.5512552339422665,0.22831978319783197,0.09792284866468842,0.8699779227984821,0.4177532508745873,0.15602825981482038,0.8811280303300828,0.19585146750326546,0.9954186568276681,0.9194379446922604,0.39292708443743574
3x Bear ETF Overbot Fade,dow,Mon,275,7,1.8748572121212124,19.409495759531666,1.5333956085673062,0.6964649458784347,17.148781003237758,0.6447127792886831,1.1318294726527254,2.10730456216245,-1.1398679999999999,-23.288461538461537,0.38133907464877026,0.18631436314363142,0.07636363636363637,1.2234786022577602,0.2670139057878385,0.2132415620344405,0.8381995447315285,0.24654834345108864,0.7186447796207888,0.9594831940465003,0.8218278115036287
3x Bear ETF Overbot Fade,dow,Tue,306,7,1.311890631808279,12.980528144173862,1.6043737144723154,0.8124800000000002,18.612705784667607,0.6929524541191198,0.6974014576035847,3.327894015054342,-0.4022346666666667,-12.109831111111113,0.2969131784155125,0.2073170731707317,0.06209150326797386,0.4954447946600513,0.6379064633140841,-1.6100356614672606,0.15851566622994032,0.5848210350124786,0.8231051139536568,0.4237206130160454,0.8792016984531017
3x Bear ETF Overbot Fade,dow,Wed,304,7,0.4695271929824562,16.853659427161176,0.4422489460342875,1.0318292377701934,17.782463672928213,0.921119910774116,0.9477685284305664,0.5078185856773453,-1.5216813333333334,-22.001360000000002,0.1055710279211633,0.20596205962059622,0.06578947368421052,-1.0125785571907067,0.3503393300651345,-0.9025999003271569,0.40151916472348725,0.7005422839969513,0.7186447796207888,0.6555414934261017,0.8792016984531017
3x Bear ETF Overbot Fade,dow,Thu,296,7,1.1459207207207205,20.559307919991443,0.8848025218615985,0.8583454237288135,16.77368887878259,0.812332414147516,1.225687925212287,0.8909106569130831,-0.4922213333333333,-14.290123809523811,0.2508746042153975,0.2005420054200542,0.057432432432432436,0.5148173572547222,0.6250889600466387,-0.24037066041892485,0.818045122995729,0.5914975619272741,0.8231051139536568,0.9594831940465003,0.8792016984531017
3x Bear ETF Overbot Fade,dow,Fri,295,7,-0.15902689265536737,17.529457206977696,-0.1440132246319593,1.1845495907423087,17.603548256262222,1.068201792196957,0.9957911298218999,-0.13573367707641681,-1.8827453333333335,-36.449533333333335,-0.03469788520084367,0.19986449864498645,0.07457627118644068,-1.3499810266942611,0.22572226220465821,-0.43265672071878253,0.6803829918439748,0.7247756541784713,0.6725817563697705,0.907177322458633,0.8792016984531017
3x Bear ETF Overbot Fade,eseason_data,off,989,7,0.723205392652511,12.855429917242981,0.8930490670932251,1.307577002053388,24.555337546002423,0.8453209558254753,0.523528943275953,2.015856642839161,-1.1398679999999999,-13.559248979591837,0.5290154601919608,0.6700542005420054,0.054600606673407485,-1.090533205719647,0.31732508073633786,-1.3395915362742543,0.22888508036071617,0.0038620947333875026,0.8031903308735941,0.5231658979673512,0.06179351573420004
3x Bear ETF Overbot Fade,eseason_data,season,487,7,1.307577002053388,24.555337546002423,0.8453209558254753,0.723205392652511,12.855429917242981,0.8930490670932251,1.9101140688469984,0.49606702121019175,-1.8827453333333335,-35.84874444444444,0.47098453980803906,0.32994579945799457,0.09240246406570841,1.090533205719647,0.31732508073633786,1.3395915362742543,0.22888508036071617,0.0038620947333875026,0.8031903308735941,0.5231658979673512,0.06179351573420004
3x Bear ETF Overbot Fade,holiday,none,1360,7,0.9623496078431371,18.009814274589278,0.8482500811502257,0.3727988505747126,11.646133848366436,0.5081513198355185,1.5464199973208665,1.070933977484681,-1.8827453333333335,-21.078882352941175,0.9680152492514766,0.9214092140921409,0.06911764705882353,1.2255567874080422,0.26628522441118774,2.139516364998086,0.07620124484901347,0.5044300056567453,0.7100939317631673,0.12753690290521333,0.8132959336415706
3x Bear ETF Overbot Fade,holiday,post,58,7,2.1734505747126436,13.68195306893271,2.521749495240143,0.8645839210155147,17.734526762724865,0.7739053000365591,0.7714867868755305,4.294695593130243,0.0,0.0,0.09323697590436417,0.03929539295392954,0.034482758620689655,0.4638309562868759,0.6591192494846883,-1.773592758006347,0.12649348299755783,0.7175383977532555,0.986374560226817,0.18974022449633676,0.9049913289230958
3x Bear ETF Overbot Fade,holiday,pre,58,7,-1.4278528735632185,8.935887421800313,-2.5365652680589346,1.0118868829337093,17.85118519930434,0.899839764345256,0.5005767024448632,-5.726074377368912,-0.6016213333333333,-45.70453333333334,-0.061252225155841035,0.03929539295392954,0.05172413793103448,-2.3231520578036324,0.05919296489894011,-3.2793681985069525,0.016835866133585748,0.5736069017972625,0.4735437191915209,0.038481979733910286,0.8473534362870294
3x ETF Overbot Fade,month,Jan,304,15,-0.18348070175438594,2.1936783416346715,-1.3277542965391473,0.8337452590420333,17.27575574754224,0.7661196341647175,0.1269801665230627,-13.689538512684283,-0.28269466666666665,-3.718542222222222,-0.0200115773013522,0.08185245018847603,0.01644736842105263,-1.7609910404431515,0.10005575537087188,-2.0718303144825128,0.057233918798483135,0.07776306488022555,0.6286373723627048,0.12111421950092417,0.19141677508978597
3x ETF Overbot Fade,month,Feb,288,15,1.0658180555555556,29.45185419822799,0.5744744284409949,0.7239747810858143,14.99577247155933,0.7663988887007892,1.9640104738909425,0.38287397230640235,-1.6963839999999997,-28.927152380952382,0.11012677101928135,0.07754442649434572,0.034722222222222224,0.3931441626091427,0.7001345844157272,0.23504781874914835,0.8175747792089503,0.024648689379436168,0.9593017240444625,0.8868607774469969,0.09101054540099508
3x ETF Overbot Fade,month,Mar,326,15,0.053905930470347654,1.2831178125251872,0.6669146893163219,0.8175088154269973,17.340614265979006,0.7483904504350816,0.07399494578704566,12.076637313717466,-0.10119866666666666,-0.6324916666666667,0.0063048025709435,0.08777598276790523,0.009202453987730062,-1.3386651162012009,0.20201337960481325,-2.0986821088328695,0.05446576854897025,0.05614735920497945,0.6627959990476336,0.11883440410684418,0.15414607018109147
3x ETF Overbot Fade,month,Apr,311,15,0.4868694533762057,9.113473523527416,0.8480644561671921,0.7745744343226564,17.088129013014566,0.719563150617185,0.5333219053172212,2.216366515419464,-0.5734746666666667,-6.976133333333333,0.054323814947060456,0.08373721055465805,0.02572347266881029,-1.0716903737240908,0.3019866300229144,-2.1577487322745683,0.04880712603247901,0.4871692680679228,0.7908741219580474,0.11056706733186855,0.6778007207901535
3x ETF Overbot Fade,month,May,318,15,1.7960482180293502,17.017381667907447,1.6754270499372403,0.6525765213977228,16.524077688568486,0.62692340943874,1.0298536468198909,2.6024085655314737,-0.9612986666666666,-10.612595555555554,0.2049096712657762,0.08562197092084006,0.050314465408805034,0.9898156662936619,0.3390639112279067,-0.49392424973434496,0.6290186030500429,0.25081153133729783,0.7908741219580474,0.7319489199127771,0.44179645886936864
3x ETF Overbot Fade,month,Jun,315,15,1.982941798941799,34.737198160331836,0.9061820426794479,0.6362655290771796,13.721251452562353,0.736113770771305,2.5316348352354474,0.48766609484236795,-1.445572,-12.533991111111114,0.22409794085052362,0.08481421647819062,0.031746031746031744,0.8126747068795134,0.43000809290162434,0.2271445465010006,0.8235947671249246,0.11654829189724955,0.8009507650186664,0.8883718836403682,0.2503865224567873
3x ETF Overbot Fade,month,Jul,319,15,0.5963632183908046,7.706259657173,1.2284782790516469,0.7649641629847814,17.16737695123972,0.707354982493674,0.44888975637110956,3.8799487812102105,-0.443092,-7.596133333333334,0.06825254934309267,0.08589122240172321,0.04075235109717868,-0.2338124499120321,0.818514993216465,-2.2683590978356274,0.03965558252988386,0.5936475948079989,0.9693359954277893,0.09791288583006844,0.7564404675997898
3x ETF Overbot Fade,month,Aug,315,15,0.08605291005290994,14.162118173645387,0.0964578589735657,0.8120584093360791,16.773596653287075,0.768530916381939,0.8443101659339158,0.14908274209025302,-1.0070800000000002,-19.35923555555556,0.009725086211478086,0.08481421647819062,0.0380952380952381,-1.0373743783337228,0.3171477275423375,-0.8603016091200922,0.4041152537027146,0.8677470047577657,0.7908741219580474,0.5464093571191634,0.9307677369468771
3x ETF Overbot Fade,month,Sep,285,14,1.2722802339181285,14.220572270769278,1.4202538545581433,0.707113832993098,16.748996687281483,0.6701944190367094,0.8490402461878693,2.5040139302105153,0.0,0.0,0.13009032084126157,0.07673667205169628,0.010526315789473684,0.6479707791389502,0.5282827363658363,-1.8520641485038765,0.08685540915182581,0.5872794805895648,0.8452523781853382,0.1651112728430748,0.7564404675997898
3x ETF Overbot Fade,month,Oct,312,15,0.6731679487179488,10.557052394845266,1.012234239032558,0.7575734273956497,17.013973558660854,0.7068369591086264,0.6204930528689617,2.314682230848183,-0.9488466666666667,-7.448488888888889,0.07535210145814585,0.0840064620355412,0.02564102564102564,0.8592129928270879,0.4046953177574161,-0.11941255449308148,0.9066451341720618,0.6605714282564872,0.8009507650186664,0.9456596904102381,0.7780964062898499
3x ETF Overbot Fade,month,Nov,306,15,0.4079686274509804,5.188468883508544,1.2482104703942094,0.7812367370892019,17.225511829301343,0.7199640191438352,0.30120840152237055,5.773033555268316,-0.11741466666666668,-1.6069066666666665,0.04478839901019383,0.08239095315024232,0.02287581699346405,-2.085325850182887,0.05582682743991122,-2.5080990032521906,0.02507116923200255,0.17801029897780882,0.5713285372057997,0.07078918371388955,0.3523502825127762
3x ETF Overbot Fade,month,Dec,315,15,0.8144215873015873,16.74616633469115,0.7720299461848933,0.7445573403942335,16.55347141953508,0.7140182900316876,1.0116407556017928,1.0718934280326342,-1.0501373333333333,-30.14714666666667,0.09204011978359507,0.08481421647819062,0.06666666666666667,-0.2995008144420718,0.7689583032472143,-0.8880304153810032,0.38952663557529343,0.03216639549669979,0.9693359954277893,0.5419501016699735,0.10897446834657029
3x ETF Overbot Fade,quarter,Q1,918,15,0.2927568627450981,16.55103489569431,0.2807903644620431,0.9007662374821173,16.5732871668334,0.8627872418274332,0.9986573411227908,0.32612191052823086,-1.6963839999999997,-10.463958518518517,0.09641999628887268,0.24717285945072698,0.0196078431372549,-0.8194273180008196,0.42627302020829316,-0.42555960186242775,0.6768979921211067,0.3267465420751764,0.8226918127592371,0.7970299702103179,0.4863204347165416
3x ETF Overbot Fade,quarter,Q2,944,15,1.4271042372881355,22.954111978560395,0.9869507242164428,0.5198941516245488,13.726563757944724,0.6012476206855507,1.672240218552506,0.9823062860779065,-1.445572,-9.613634042553192,0.48333142706336024,0.25417339795368876,0.036016949152542374,0.8419822384764987,0.41395014791972806,0.08750512280793216,0.9315093280817817,0.19354701263343488,0.8226918127592371,0.9945636096536337,0.3096752202134958
3x ETF Overbot Fade,quarter,Q3,919,15,0.6310624591947768,12.32747704490254,0.8126404077800943,0.7897484078711986,17.743560771123718,0.7065587045877043,0.6947577886939449,1.65666294282919,-1.0070800000000002,-8.985122962962961,0.2080679563958323,0.24744211093161012,0.030467899891186073,-0.39476297313337216,0.6989664907629323,-1.2872281555905127,0.21888975004508415,0.5661414327899938,0.9129358246699524,0.4669648000961795,0.7051406588665055
3x ETF Overbot Fade,quarter,Q4,933,14,0.6338795284030012,11.853663561684886,0.8488958293452001,0.7896021574973032,17.87443458052665,0.7012555056797887,0.6631629945150204,1.8267005956634437,-1.0501373333333333,-12.783437681159418,0.21218062025193477,0.25121163166397414,0.03858520900321544,-0.5736656326776016,0.5759847253302637,-1.153019045631622,0.2696630362201126,0.8094697314026374,0.8714561992950888,0.5076010093555061,0.941641894620567
3x ETF Overbot Fade,half,MayOct,1864,16,1.0653137339055792,18.614356993653722,0.9085100954505418,0.43326940540540543,14.2085053406962,0.48407192871112725,1.3100855119741708,1.432578572246846,-1.445572,-9.282329749103942,0.7124276699702778,0.501884760366182,0.033261802575107295,1.1569373641645668,0.26539081916988483,0.8713684986048849,0.3972854530715155,0.4364503603680625,0.5804291901245839,0.6412569136334133,0.5371696742991539
3x ETF Overbot Fade,half,NovApr,1850,16,0.43326940540540543,14.2085053406962,0.48407192871112725,1.0653137339055792,18.614356993653722,0.9085100954505418,0.7633089526294339,0.6980419918131312,-1.6963839999999997,-11.43294492753623,0.28757233002972205,0.498115239633818,0.02918918918918919,-1.1569373641645668,0.26539081916988483,-0.8713684986048849,0.3972854530715155,0.4364503603680625,0.5804291901245839,0.6412569136334133,0.5371696742991539
3x ETF Overbot Fade,wom,W1,890,16,0.7917205992509365,20.528611982564147,0.6122272120231389,0.7374864966949954,15.109952941458005,0.7748028890955388,1.358615216215444,0.5820487417485525,-1.6963839999999997,-19.59468787878788,0.2528012960148338,0.23963381798599892,0.038202247191011236,0.5556988632214624,0.5866102695029898,0.7977111462141213,0.4374849071986805,0.04930958391006145,0.9471496995398632,0.717995799325773,0.25076253408967536
3x ETF Overbot Fade,wom,W2,885,16,1.2573399623352164,23.239408276556894,0.8588709697461797,0.5919219983504183,13.83690153045177,0.6790877566355535,1.67952400509698,0.7536214843475161,-1.445572,-10.084818181818182,0.39922095984256933,0.2382875605815832,0.030508474576271188,0.40297112207794644,0.6926545546483951,-0.0020735723870062292,0.9983728558749357,0.3227832492397741,0.9565022071891692,0.9983728558749357,0.5699045500112575
3x ETF Overbot Fade,wom,W3,885,16,0.47970335216572507,11.812638539048898,0.6446531494478801,0.8351911393896548,17.797101475681902,0.744966720018674,0.6637394608998425,1.3047552768213224,-1.0501373333333333,-11.378463636363636,0.15231173622734295,0.2382875605815832,0.03389830508474576,-0.8562276465056704,0.40534280784910925,-0.9965152063979537,0.33480473250514853,0.7243205673709825,0.9323262304038236,0.6302206729508678,0.8132722159954892
3x ETF Overbot Fade,wom,W4+,1054,16,0.5174369386464264,6.419794483703102,1.2794890512077741,0.8428250626566416,19.15565262740944,0.6984587446520651,0.3351383849233696,5.46915942093808,-0.39745600000000003,-2.087248717948718,0.19566600791525388,0.28379106085083466,0.023719165085388995,-0.15210515054429616,0.8811310156318501,-1.7736015661409963,0.09642668005701503,0.013782227500262334,0.9771053877244017,0.36882173041890753,0.12600893714525563
3x ETF Overbot Fade,tom,TOM,890,16,1.004765543071161,16.204249622755807,0.984319477216601,0.6703441454202077,16.682546025485966,0.63787526156997,0.9713295319551667,1.5898939536648662,-1.191248,-10.317809090909092,0.320827867456977,0.23963381798599892,0.03258426966292135,1.1128106414128736,0.283306135229829,0.46851573151893117,0.6461518987777268,0.6139067449557953,0.7426959216132663,0.7533092314902899,0.6548338612861817
3x ETF Overbot Fade,tom,mid,2824,16,0.6703441454202077,16.682546025485966,0.63787526156997,1.004765543071161,16.204249622755807,0.984319477216601,1.029516726406046,0.6289727674571621,-1.6963839999999997,-10.362439716312057,0.6791721325430229,0.7603661820140011,0.030807365439093484,-1.1128106414128736,0.283306135229829,-0.46851573151893117,0.6461518987777268,0.6139067449557953,0.7426959216132663,0.7533092314902899,0.6548338612861817
3x ETF Overbot Fade,opex,opex,865,16,0.8129811175337185,12.314687335319775,1.0479904843786625,0.7315073827073827,17.659163525313065,0.6575803935709376,0.6973539441813089,2.2872051627947934,-1.0070800000000002,-5.7043379844961235,0.25229805987639425,0.2329025309639203,0.027745664739884393,-0.45702677549157744,0.6542007280593576,-1.276689632940077,0.22112335242254277,0.41344317545425946,0.9954186568276681,0.44224670484508555,0.6048449642002691
3x ETF Overbot Fade,opex,other,2005,16,0.9759719368246051,20.300203060326883,0.7631979908010932,0.4859388336259021,10.632856973586533,0.7254907929393105,1.9091955351939143,0.5509565702144912,-1.6963839999999997,-12.590270666666667,0.7020516296359971,0.5398492191707054,0.03391521197007481,1.3064995041732037,0.2110610670883093,1.6995914497826592,0.10984454221045399,0.07155806801874513,0.8442442683532372,0.33064781333299137,0.3331654933790774
3x ETF Overbot Fade,opex,post_opex,844,16,0.15075924170616112,8.568211264677027,0.2793148644993509,0.9268475261324043,18.2627109926689,0.8056442633537236,0.4691642586972174,0.7395871096156775,-1.0501373333333333,-9.780333333333333,0.04565031048760854,0.22724824986537426,0.02843601895734597,-1.7810553806726541,0.09515873022810552,-2.291240664580447,0.036842462143877555,0.18752364970514007,0.6525170072784379,0.22105477286326533,0.39292708443743574
3x ETF Overbot Fade,dow,Mon,696,16,0.6609239463601532,14.966899189560708,0.7010030770365665,0.7711365584272146,16.917554478403243,0.7235923713701696,0.8846963790580535,1.0962565587807906,-1.445572,-9.561729411764707,0.16503576540374962,0.18739903069466882,0.03017241379310345,0.49790037141439825,0.6257744215542508,0.049708220212674646,0.9610107719575,0.7404770013819546,0.8231051139536568,0.9817308631050834,0.8841516434411397
3x ETF Overbot Fade,dow,Tue,764,16,0.53133630017452,14.732375143566204,0.5725283394308082,0.8072380564971753,17.01254181012418,0.7532388176284085,0.8659714290782199,0.8785820157559824,-1.6963839999999997,-14.11857192982456,0.14563983915769368,0.20570813139472266,0.028795811518324606,0.016244741501460734,0.9872532465864567,-1.2752136885968108,0.2216312499634418,0.7720622764531337,0.9872532465864567,0.5214852940316278,0.8951446683514594
3x ETF Overbot Fade,dow,Wed,761,16,0.17498326763031094,11.64565464234829,0.2385244405567778,0.8987913760018059,17.61316226697689,0.8100686607159091,0.6611904475656172,0.4457675548148314,-0.9612986666666666,-11.63841403508772,0.04777476107166143,0.20490037695207325,0.026281208935611037,-1.8372991087049184,0.08605706838007156,-1.4553551029532508,0.16617946447051252,0.404384610639972,0.573713789200477,0.42885023089164526,0.8792016984531017
3x ETF Overbot Fade,dow,Thu,747,16,1.5143218206157965,23.764072024149243,1.0115738426132954,0.5581714863498485,14.191327111603554,0.6243741393015272,1.6745489577728445,0.9684790026760811,-1.191248,-6.433084684684684,0.40584119388659934,0.20113085621970922,0.03614457831325301,0.5267251724004377,0.6060867047087599,-0.023283739480767174,0.9817308631050833,0.492859891698875,0.8231051139536568,0.9817308631050834,0.8792016984531017
3x ETF Overbot Fade,dow,Fri,746,16,0.8806816800714925,15.228689964501617,0.9180296066613,0.7177576370170711,16.88975616071669,0.6746130107839131,0.9016524465830662,1.5107723006612797,-0.9563253333333332,-10.086464864864865,0.23570844048029585,0.20086160473882606,0.03485254691689008,-0.2423376607241698,0.8118007081461872,-0.6372992398507974,0.5335372113603298,0.8538186927566613,0.9147050232633096,0.7760541256150253,0.9440199825164556
3x ETF Overbot Fade,eseason_data,off,2488,16,0.5443032690246516,15.72879145387964,0.5493458636773408,1.1688961392060901,18.150783908220358,1.022305761042827,0.8665626527984935,0.6198481253245008,-1.445572,-9.341206451612903,0.4858572228186591,0.6698976844372644,0.026929260450160773,-1.4154422629885584,0.17736544729555853,-0.9904735611899435,0.33765214221173545,0.10676191382749134,0.8031903308735941,0.5402434275387767,0.17081906212398615
3x ETF Overbot Fade,eseason_data,season,1226,16,1.1688961392060901,18.150783908220358,1.022305761042827,0.5443032690246516,15.72879145387964,0.5493458636773408,1.1539846504699707,1.6132984180221297,-1.6963839999999997,-12.406196721311474,0.5141427771813409,0.3301023155627356,0.0399673735725938,1.4154422629885584,0.17736544729555853,0.9904735611899435,0.33765214221173545,0.10676191382749134,0.8031903308735941,0.5402434275387767,0.17081906212398615
3x ETF Overbot Fade,holiday,none,3432,16,0.7489777777777779,17.027887161948104,0.6982459721516349,0.7687995271867613,9.309615137667217,1.3109364846482146,1.8290645649842532,0.29025621339245433,-1.6963839999999997,-10.801549317738793,0.9222179185646251,0.9240710823909531,0.030885780885780884,0.338350611576081,0.739788404232508,2.616020333340426,0.01946775470512361,0.5741287688855707,0.986374560226817,0.04247510117481515,0.8473534362870294
3x ETF Overbot Fade,holiday,post,141,16,0.9625806146572103,11.408947230517482,1.3393429937632342,0.7421128836645208,16.739718527853977,0.703755967573623,0.6815495261484604,2.8115240993309816,-0.258228,-3.770780952380952,0.04869378889406635,0.03796445880452343,0.03546099290780142,0.0741500886311359,0.9418707749321118,-2.110821263337564,0.05198510333297924,0.7440426669828962,0.986374560226817,0.09597249846088475,0.9049913289230958
3x ETF Overbot Fade,holiday,pre,141,16,0.575018439716312,6.6118995957630196,1.3805616090183674,0.7574071088720963,16.840633413676915,0.7139556341202242,0.3926158496148515,4.958910274596313,-0.2988573333333333,-5.946742857142857,0.02908829254130853,0.03796445880452343,0.03546099290780142,-1.1932454724808534,0.2513056007094726,-2.853250923686797,0.01208673206606398,0.6509739959507439,0.7095687549443932,0.029008156958553556,0.8679653279343252
3x Leader Gap Fade,month,Jan,304,15,0.1767543859649123,4.832298588743917,0.5806530451066041,0.28699274350019394,13.160542958598638,0.3461763377561354,0.36718079215619764,4.581882161745671,-0.21204799999999996,-1.8320977777777774,0.05167459672978021,0.08128342245989305,0.009868421052631578,-0.3174140410736755,0.7556139312971586,-1.6772279001820027,0.11567380171210716,0.5398304643281138,0.9693359954277893,0.21151780884499594,0.719773952437485
3x Leader Gap Fade,month,Feb,288,15,0.2740648148148148,4.651034136964582,0.9354143466934853,0.27836319042101193,13.139599774885543,0.33630237844056254,0.35397076141195455,7.882998808921069,0.0,0.0,0.07590652052629103,0.07700534759358289,0.003472222222222222,0.06725510419900421,0.9473296789942367,-1.681125290200417,0.11490236219653929,0.4766269166747332,0.99834198663406,0.21151780884499594,0.6679734890623998
3x Leader Gap Fade,month,Mar,326,15,0.3247934560327198,14.309562006837462,0.3603140522595292,0.27356699863307943,12.525642801695568,0.34670807243497176,1.1424213697759613,0.9122165322463837,-1.3000600000000002,-12.62775,0.10182588276688102,0.08716577540106951,0.018404907975460124,0.18873167512671277,0.8530116661460592,-0.08958982491848323,0.9298822379850107,0.24477902528010645,0.9693359954277893,0.9456596904102381,0.44179645886936864
3x Leader Gap Fade,month,Apr,311,15,2.1136951768488745,37.667091094505935,0.8908006893297633,0.11154307378244387,6.854173063743365,0.258337714226521,5.495497523071627,0.6293000100525695,-1.863432,-17.58726222222222,0.6321731681131068,0.08315508021390375,0.02572347266881029,0.9774152204541395,0.3449519389119855,0.769219172032495,0.4545458650382962,1.0637709097488416e-05,0.7908741219580474,0.5857235307876032,0.0002042440146717776
3x Leader Gap Fade,month,May,318,15,0.33379706498951783,3.5509394412474444,1.4922428899805975,0.27285006818624585,13.221542413922943,0.3275987338062614,0.2685722535298248,17.008933660896222,-0.023951999999999998,-0.15968000000000002,0.10208053723116227,0.08502673796791443,0.015723270440251572,0.2628469972414433,0.7964971179540623,-1.6324878712439554,0.12485757268894881,0.521457745430544,0.9693359954277893,0.2261571127950771,0.7100701214373365
3x Leader Gap Fade,month,Jun,315,15,0.0,0.0,,0.30360303649635034,13.25956073863961,0.36347725887146765,0.0,,0.0,0.0,0.0,0.08422459893048129,0.0,-1.4708253329202408,0.16345518409680612,-2.070228406219526,0.05740309361762552,0.2507515259331385,0.6294536869468085,0.12111421950092417,0.44179645886936864
3x Leader Gap Fade,month,Jul,319,15,-0.20443009404388718,2.8887148352703114,-1.123415539811274,0.3230206372405729,13.237436083091492,0.38737060671672296,0.21822313755759237,-13.32752673809716,-0.42634933333333336,-4.744151111111112,-0.06271462428272648,0.08529411764705883,0.009404388714733543,-1.8427354889733343,0.08664219711283597,-1.708641303215911,0.10958263393019044,0.42364104073030895,0.6286373723627048,0.20567214027787897,0.6162051501531767
3x Leader Gap Fade,month,Aug,315,15,0.0,0.0,,0.30360303649635034,13.25956073863961,0.36347725887146765,0.0,,0.0,0.0,0.0,0.08422459893048129,0.0,-1.4701070407558157,0.16364691182243352,-2.070416989967641,0.05738315369477656,0.2507515259331385,0.6294536869468085,0.12111421950092417,0.44179645886936864
3x Leader Gap Fade,month,Sep,292,15,0.07566301369863031,14.908233366555994,0.08056709850329964,0.2951701856148492,12.485339320762519,0.3752946806719087,1.1940591267523115,0.18035300002800517,-1.7769133333333333,-24.61133333333333,0.021247106767538607,0.07807486631016043,0.04452054794520548,0.3123288948219094,0.7593940812599254,-0.15155254518666555,0.8817020707238269,0.020342467659634364,0.9693359954277893,0.9352861744694738,0.07658340765979996
3x Leader Gap Fade,month,Oct,331,15,0.0,0.0,,0.30502798474625986,13.290633664538197,0.3643294417362974,0.0,,0.0,0.0,0.0,0.08850267379679144,0.0,-1.8445647736063975,0.08636133555755551,-2.254368477418531,0.04071703718196031,0.23796084755844163,0.6286373723627048,0.09791288583006844,0.4393123339540461
3x Leader Gap Fade,month,Nov,306,15,0.0,0.0,,0.3028073383808969,13.242177709150226,0.36300052609971284,0.0,,0.0,0.0,0.0,0.08181818181818182,0.0,-1.8507171860049503,0.08542269121870799,-2.2604903713278586,0.040249330712221115,0.2582605403182427,0.6286373723627048,0.09791288583006844,0.4442539074876243
3x Leader Gap Fade,month,Dec,315,15,0.2568465608465608,5.584696934262713,0.7300866633601131,0.2799806520681265,13.15155808416546,0.33794893618293437,0.424641468221679,5.102171054453828,-0.315076,-2.384488888888889,0.07780681214796681,0.08422459893048129,0.01904761904761905,-0.2006842452057431,0.8438316888016704,-1.3522765563516779,0.19772779988148212,0.6598995063198263,0.9693359954277893,0.31636447981037136,0.7780964062898499
3x Leader Gap Fade,quarter,Q1,918,15,0.2598547567175018,9.330681033953853,0.4420970307118319,0.2839453342782896,13.60537287671719,0.3313023820419063,0.6858085492034843,1.9471955446576787,-1.3000600000000002,-5.100565925925926,0.22940700002295228,0.24545454545454545,0.010893246187363835,0.0037368911327023634,0.997071125786406,-0.39693392965176016,0.6974012239340281,0.9458855995515743,0.997071125786406,0.7970299702103179,0.9608996566873135
3x Leader Gap Fade,quarter,Q2,944,15,0.8087994350282485,21.71431923123938,0.591282317302144,0.09883180734382452,7.495477120831364,0.20931373384738242,2.8969895953509264,0.9757873365309772,-1.863432,-5.663917730496453,0.7342537053442688,0.25240641711229944,0.013771186440677966,1.0686542244773574,0.303306093602444,0.5070068758854182,0.6200417043663674,0.09893947025566092,0.8154684209046265,0.7936533815889503,0.18091788846749426
3x Leader Gap Fade,quarter,Q3,926,16,-0.04656544276457881,8.532477179117553,-0.08663410073656655,0.3848471926083867,13.785051997447102,0.4431800320775278,0.6189659045680573,-0.316050770486359,-1.7769133333333333,-9.037411594202899,-0.04146751751518789,0.24759358288770053,0.017278617710583154,0.251780966638169,0.8046273850728154,-0.5908793054515964,0.5633994459830108,0.8533629669998889,0.9217798976686077,0.7671822243172913,0.941641894620567
3x Leader Gap Fade,quarter,Q4,952,15,0.08498599439775911,3.211310253030272,0.42011226891794096,0.343950406504065,14.576494993006555,0.37457862375801376,0.22030743704649022,5.094409454932683,-0.315076,-0.7610070921985815,0.07780681214796681,0.2545454545454545,0.0063025210084033615,-1.272106141934092,0.2240598558070136,-1.87617988940165,0.08163453112528349,0.07814197201310942,0.8154684209046265,0.2520246763620926,0.15191470046057026
3x Leader Gap Fade,half,MayOct,1890,16,0.03334807760141095,6.14692933018005,0.08612175149197529,0.5280067747747748,16.93713562232067,0.49487988326798465,0.36292614449395416,0.47950134244710235,-1.7769133333333333,-4.448043971631205,0.060613019715974395,0.5053475935828877,0.011111111111111112,-0.8680447040495612,0.39904506821065144,-1.0938367301501897,0.2912817281931265,0.13192059274050866,0.5804291901245839,0.6412569136334133,0.23452549820534874
3x Leader Gap Fade,half,NovApr,1850,16,0.5280067747747748,16.93713562232067,0.49487988326798465,0.03334807760141095,6.14692933018005,0.08612175149197529,2.755381542970263,2.0854998964060627,-1.863432,-5.75110579710145,0.9393869802840257,0.4946524064171123,0.012972972972972972,0.8680447040495612,0.39904506821065144,1.0938367301501897,0.2912817281931265,0.13192059274050866,0.5804291901245839,0.6412569136334133,0.23452549820534874
3x Leader Gap Fade,wom,W1,895,16,0.4340552700186219,13.442733389753117,0.5125753519451544,0.22894936145284123,12.444527181137683,0.292052754314067,1.0802124656152807,1.6259982180843386,-1.3000600000000002,-7.193127272727272,0.3735952812245674,0.2393048128342246,0.01675977653631285,0.6254787420141312,0.5410570746192482,0.011644830641295312,0.9908624480135348,0.33412388964917883,0.9471496995398632,0.9983728558749357,0.5699045500112575
3x Leader Gap Fade,wom,W2,890,16,0.5432647191011235,19.827535431506494,0.4349537080235267,0.19520519298245612,9.41319062676831,0.3291961774095675,2.10635651796139,0.6277579306273803,-1.863432,-4.289509090909091,0.4649805874055288,0.23796791443850268,0.008988764044943821,0.7831141593239063,0.44574898198504387,0.07367949487815739,0.9422389785786036,0.6219094047956901,0.9323262304038236,0.988578600475912,0.7509849416400787
3x Leader Gap Fade,wom,W3,891,16,-0.024310213243546576,3.799094395423404,-0.10158017443134086,0.3725871533871533,14.381782858876935,0.41125900421369443,0.2641601832472718,-0.9357533930897634,-0.72038,-2.4927151515151516,-0.020830504373555794,0.23823529411764705,0.006734006734006734,-1.6495146865401762,0.11982114391273672,-1.6719580814351769,0.1152567907559086,0.1287510834189405,0.9323262304038236,0.36882173041890753,0.3296027735524877
3x Leader Gap Fade,wom,W4+,1064,16,0.1781162907268171,8.563455320753675,0.33018312729700533,0.317759591429995,13.996699595656658,0.3603904691460869,0.6118196123471149,1.4983187889964509,-1.7769133333333333,-6.269856603773584,0.18225463574345968,0.28449197860962566,0.015037593984962405,0.0076663212806564384,0.9939842520515532,-0.49190567384650785,0.6299068064905319,0.9558769328616523,0.9939842520515532,0.8398757419873758,0.9558769328616523
3x Leader Gap Fade,tom,TOM,895,16,0.22332826815642454,9.335250510952891,0.37976767152379187,0.29524133567662564,13.575174278276714,0.34524867302670986,0.6876707672100653,1.6008043238346776,-1.3000600000000002,-6.772212121212121,0.19222065232318344,0.2393048128342246,0.01675977653631285,-0.41663743871199677,0.6828444613634699,-0.5454857511184141,0.5934391096220608,0.7769741837088125,0.7426959216132663,0.7533092314902899,0.7769741837088125
3x Leader Gap Fade,tom,mid,2845,16,0.29524133567662564,13.575174278276714,0.34524867302670986,0.22332826815642454,9.335250510952891,0.37976767152379187,1.4541842516544352,0.6246859688662826,-1.863432,-4.572116431924882,0.8077793476768167,0.7606951871657754,0.01054481546572935,0.41663743871199677,0.6828444613634699,0.5454857511184141,0.5934391096220608,0.7769741837088125,0.7426959216132663,0.7533092314902899,0.7769741837088125
3x Leader Gap Fade,opex,opex,870,16,-0.03325670498084292,3.278721927401865,-0.16101817614245428,0.3723950290360046,14.371566529490057,0.4113391400794937,0.22813949479160942,-1.717206483157479,-0.72038,-2.408037209302326,-0.02782478285449704,0.232620320855615,0.006896551724137931,-1.9552968999861995,0.06944199848893298,-1.6432879137120615,0.12111482687471174,0.12331562658318608,0.6486152361323685,0.33064781333299137,0.34869321288733063
3x Leader Gap Fade,opex,other,2020,16,0.34304871287128713,16.643320442142524,0.3272021054909359,0.20167558139534886,4.986229196870749,0.6420684803915433,3.3378570829811673,0.15266148468913093,-1.863432,-8.020365676567657,0.6664084219078236,0.5401069518716578,0.014356435643564357,0.3403227486872597,0.7383326947261699,1.0873345681556759,0.2940528406475092,0.05926572759453209,0.9954186568276681,0.48670815003725665,0.33311219672790604
3x Leader Gap Fade,opex,post_opex,850,16,0.4421356862745098,6.2627655000368225,1.1207008197471378,0.22976645905420992,14.030218932611687,0.2599695328495567,0.4463768904902631,9.665547687176609,-0.21204799999999996,-0.8003650793650794,0.3614163609466735,0.22727272727272727,0.011764705882352941,0.8332443557306644,0.41777783602133656,-1.0151310060038088,0.3261386156740411,0.49061140334197706,0.9954186568276681,0.5218217850784658,0.637379560840468
3x Leader Gap Fade,dow,Mon,701,16,0.6741027104136946,15.601183463518069,0.6859126299129024,0.1866714050674564,11.917911361089729,0.24864396104234807,1.3090534902326674,2.1096506241181845,-1.7769133333333333,-5.198601904761904,0.45444089304474033,0.1874331550802139,0.012838801711840228,1.1708916292252762,0.25990797533336485,1.1131132553577716,0.283180266034843,0.34344410468628406,0.7186447796207888,0.5481065335065607,0.8792016984531017
3x Leader Gap Fade,dow,Tue,769,16,-0.4722472475075857,8.958354344765652,-0.8368381464860604,0.47223107820038146,13.482022603934253,0.5560319980072616,0.6644666462843248,-2.267187380751439,-1.863432,-12.121094736842105,-0.34924410835868025,0.2056149732620321,0.013003901170351105,-1.6473322270501343,0.12027321138946317,-1.4856252520184188,0.1580911301214898,0.8850187336091772,0.5953488407386848,0.4237206130160454,0.9440199825164556
3x Leader Gap Fade,dow,Wed,766,16,0.8671636205395996,21.058272249205146,0.653700149413757,0.12629222147500557,9.395560140752924,0.2133802384567436,2.2413003518401853,1.3681874684397555,-0.72038,-4.489477192982456,0.6387973898045637,0.20481283422459892,0.014360313315926894,0.913080410978507,0.3756431645767927,0.8968305799067653,0.3839773995297885,0.19580530905025292,0.7329622723449614,0.6399623325496475,0.7664172469101421
3x Leader Gap Fade,dow,Thu,753,16,0.10675714918105357,3.2280156606050907,0.5250027827157658,0.32120932931592455,14.106057515109848,0.3614787490778924,0.22883896915544039,6.35302505761752,-0.2979506666666667,-1.3415819819819819,0.07730814587828416,0.2013368983957219,0.009296148738379814,-1.1235643054837852,0.2788588582434304,-1.9665755023299163,0.06801613260777818,0.1857491860176703,0.7186447796207888,0.25910907660105975,0.7664172469101421
3x Leader Gap Fade,dow,Fri,751,16,0.24742618730581448,5.428522382179695,0.7235429238774413,0.28572209211553473,13.931342021597754,0.32557506605301006,0.38966255898131413,5.708970996432111,-0.31832266666666664,-2.2817981981981985,0.17869767963109212,0.20080213903743316,0.010652463382157125,0.17489313118273075,0.8635024465114218,-1.361535339422857,0.19344629852233755,0.44988436122098696,0.9467632999634219,0.4689607236905153,0.8792016984531017
3x Leader Gap Fade,eseason_data,off,2506,16,0.36379042298483644,15.319733371234303,0.3769643890952359,0.10387487844408429,3.3763044949401473,0.48839273159510976,4.537426465590712,0.17003674663873977,-1.863432,-6.946578133333333,0.8767295442646778,0.6700534759358289,0.013567438148443736,1.0894296328002913,0.29315783834046916,1.876831349664115,0.08013160730986335,0.061089835682183215,0.8031903308735941,0.2936568703537754,0.1396339101307045
3x Leader Gap Fade,eseason_data,season,1234,16,0.10387487844408429,3.3763044949401473,0.48839273159510976,0.36379042298483644,15.319733371234303,0.3769643890952359,0.22038924654392467,5.8810817059714795,-0.24147466666666664,-1.2933704918032787,0.12327045573532248,0.32994652406417113,0.008914100486223663,-1.0894296328002913,0.29315783834046916,-1.876831349664115,0.08013160730986335,0.061089835682183215,0.8031903308735941,0.2936568703537754,0.1396339101307045
3x Leader Gap Fade,holiday,none,3458,16,0.29841696549064967,13.075607566875924,0.3622946346405726,0.02806572104018909,6.243238982373742,0.07136191817839485,2.0943628145249127,2.416163336205083,-1.863432,-4.984554263565891,0.9923887037536403,0.9245989304812834,0.011278195488721804,0.7723195113099097,0.45192302602943557,1.1921883825093675,0.25170740950576825,0.869612215890271,0.8343194326697272,0.34519873303648213,0.9275863636162891
3x Leader Gap Fade,holiday,post,141,16,0.26991111111111105,8.398957138086095,0.5101473892668429,0.27835035658053164,12.8287177928804,0.344436209174519,0.654699656948358,2.277797666135711,-0.2852733333333334,-7.683219047619049,0.036599334538902954,0.037700534759358285,0.02127659574468085,-0.15732987349516742,0.8770831150890186,-0.8839497537371181,0.39067175462359005,0.8125494405607661,0.986374560226817,0.45737181029103224,0.9236898832298904
3x Leader Gap Fade,holiday,pre,141,16,-0.21377966903073287,2.75212382547126,-1.2331011440304593,0.29730017597480785,12.923477895215797,0.3651876082008559,0.21295535519042294,-15.96483711570141,-0.31832266666666664,-5.156,-0.0289880382925431,0.037700534759358285,0.02127659574468085,-1.7937709933880523,0.09302964511626868,-1.9835592373153792,0.0659190082497648,0.642149460480879,0.55613912860363,0.11718934799958186,0.8679653279343252
52wh Breakout,month,Jan,464,23,-0.23737614942528754,39.36011026675939,-0.09573727120695791,1.3650190819879708,28.421985220730765,0.7624029773607071,1.3848473272039579,-0.090855047228102,-3.2075813333333336,-105.47496811594203,-0.015564146983967379,0.08099144702391342,0.6379310344827587,-0.7497004560076866,0.46137753837316064,0.6514814161961406,0.5214837614305344,2.3893262955857867e-07,0.8269211927946283,0.6459669819010491,7.645844145874518e-06
52wh Breakout,month,Feb,441,23,1.9562515495086918,33.00603714953215,0.9408742549315329,1.1751089258698941,29.145536332964127,0.6400388613362222,1.132455988198842,1.3007914855661584,-2.3463173333333334,-91.16224242424244,0.12190837733731444,0.07697678477919358,0.5487528344671202,0.656861411142887,0.5180830402908485,-0.701879337652391,0.49011389772381897,0.5697459060483536,0.8452523781853382,0.6190912392300871,0.739129824062729
52wh Breakout,month,Mar,504,23,3.137441005291006,29.55341867451327,1.6852646547375854,1.051753620414673,29.44538631219358,0.5670182399291641,1.00366890626512,2.966607140981278,-1.0432453333333334,-67.27522133333333,0.22344794610175372,0.08797346831907837,0.5476190476190477,1.4027198308587359,0.174655482306284,-1.2393826068415048,0.22826305585964268,0.06167447983070336,0.6294536869468085,0.348454274070745,0.15788666836660062
52wh Breakout,month,Apr,476,23,1.597819887955182,27.64488495337381,0.9175152807904695,1.2023835268735326,29.619344162302923,0.6444182778382169,0.9333388613161111,1.5283990773415308,-1.1077466666666667,-70.13529275362318,0.1074744020371729,0.0830860534124629,0.542016806722689,0.4277630247286783,0.672981839705322,-1.5669326512434636,0.13140240950785245,0.655979405996896,0.9365213946103659,0.23153347155547147,0.7780964062898499
52wh Breakout,month,May,485,23,-0.1428164948453611,29.820561614700452,-0.07602611916453521,1.3626904907195525,29.42412477747249,0.7351804370725352,1.0134731904593974,-0.1022280712199803,-2.3965733333333334,-82.86080555555556,-0.00978791909324299,0.08465700820387502,0.668041237113402,-1.1412109755448316,0.2660527151145041,-1.0152176333288807,0.3210378228831085,0.39084783802531964,0.7739715348785574,0.4532298675996826,0.5884132452332284
52wh Breakout,month,Jun,488,23,1.1181579234972674,18.693912662215666,0.949518010121971,1.2461404057749792,30.26755796888579,0.6535666238562584,0.6176220982687962,2.356668530808112,-1.0024813333333333,-45.31275555555556,0.07710689765348065,0.08518065980101239,0.5348360655737705,-0.007815937542315353,0.993834290630838,-3.531564560069594,0.0018763765861642176,4.7257129166817245e-06,0.99834198663406,0.010007341792875827,0.0001144778609367705
52wh Breakout,month,Jul,486,23,0.30067379972565156,20.85110495299802,0.22891106297343766,1.321868294233581,30.131861563960143,0.6964059817743766,0.6919952459205982,0.4758968914187059,-1.3547840000000002,-55.95497777777778,0.02064914707120221,0.08483155873625414,0.46296296296296297,-1.0363700509893996,0.31128737121181904,-3.1553342247806486,0.00458978843221992,1.1518052530997489e-07,0.7908741219580474,0.02049393904619127,4.422932171903036e-06
52wh Breakout,month,Aug,493,23,0.1994939824205545,21.17564356312107,0.1495524225175099,1.3327601986249047,30.120723292139655,0.7024038583628704,0.7030257327401928,0.30341301546875943,-1.393744,-55.74246111111111,0.01389782957069793,0.08605341246290801,0.59026369168357,-0.9299610524906693,0.36248397256410503,-3.2709033575354733,0.0034949490127899156,0.0003455813115690656,0.7908741219580474,0.017334011336377724,0.004153265742899832
52wh Breakout,month,Sep,450,22,1.2367742222222224,23.061298590166874,0.8513476395463443,1.2351078865946832,29.942163777652162,0.6548200726968972,0.7701947915794602,1.6914854711080376,-1.495101333333333,-59.580193939393936,0.07864537739545849,0.07854773957060569,0.5666666666666667,-0.0021028898500978885,0.9983419866340599,-3.09203815327874,0.005523380418647076,0.0043684372865879974,0.99834198663406,0.022877486827455478,0.026210623719527985
52wh Breakout,month,Oct,487,23,0.09164873374401067,32.829443747849744,0.044316271574325605,1.341482258679893,29.126432204832213,0.7311355719187703,1.127135775400709,0.05387644128909253,-1.915962666666667,-88.8316888888889,0.006307041555175304,0.08500610926863326,0.5523613963039015,-1.0901514112106532,0.28744343463024125,-0.7987734672981507,0.43296099429162715,0.9549169387082912,0.7908741219580474,0.5772813257221695,0.9657046439266375
52wh Breakout,month,Nov,469,23,3.2212369580668088,35.23785931437271,1.4511537427437549,1.0581602281368823,28.88416492888211,0.5815564655172286,1.2199715450017168,2.0493505516883634,-2.4757706666666666,-87.93140289855072,0.21348421959350375,0.08186419968580905,0.6567164179104478,1.5501175914947376,0.13538034238716465,-0.09021004481883402,0.9289365813381738,8.626931903831036e-05,0.6294536869468085,0.9456596904102381,0.0013803091046129658
52wh Breakout,month,Dec,486,23,2.3651676268861452,34.81449825742023,1.0784550683658607,1.1304999936423168,28.91319255304956,0.62069005382573,1.204104257720521,1.4456889687438037,-1.405812,-72.9460611111111,0.16243082776145104,0.08483155873625414,0.6584362139917695,0.8725358985942355,0.39233984918251896,-0.15811277407012686,0.875810265426871,0.00043698036325358916,0.8009507650186664,0.9341976164553291,0.004661123874704951
52wh Breakout,quarter,Q1,1409,23,1.656376626449018,34.11581149092403,0.7707324738050141,1.0978815432098763,27.773787232483997,0.6275099988403039,1.2283456773594943,1.0003919794519056,-3.2075813333333336,-88.0998857142857,0.3297921764551008,0.24594170012218539,0.5777146912704045,0.5320580000580428,0.6000183606480898,0.9601004865576379,0.34743860439497365,1.2051071462382308e-06,0.8714561992950888,0.585159754770482,1.5425371471849353e-05
52wh Breakout,quarter,Q2,1449,23,0.8536627559236253,25.80721708347642,0.5251041245678619,1.3644218691588788,30.597471802533136,0.7078861232332485,0.8434427932486849,0.8798826213566048,-2.3965733333333334,-66.74063518518518,0.17479338059741056,0.2529237214173503,0.5817805383022774,-0.5493809398266732,0.5882778558585773,-1.5297027273240364,0.14034300026628468,0.03534277521345209,0.8714561992950888,0.34160938199661217,0.09078040008779897
52wh Breakout,quarter,Q3,1429,23,0.5605503149055284,21.66996934031619,0.41063557791558863,1.459455007751938,31.623707532767117,0.7326190320091666,0.6852444267599777,0.8183439512393819,-1.495101333333333,-56.649286384976534,0.11319235403735861,0.24943271076976783,0.5395381385584325,-1.0089727823471353,0.3239568465120497,-3.06787613125788,0.00563204792105584,5.578631830786932e-14,0.8154684209046265,0.09011276673689345,3.5703243717036366e-12
52wh Breakout,quarter,Q4,1442,22,1.8757729079981504,34.29952987725919,0.8681451871244336,1.0197850244926525,27.64105882823679,0.585671681172913,1.2408905928820795,1.1951009930310126,-2.4757706666666666,-82.65945925925925,0.3822220889101301,0.25170186769069647,0.6220527045769764,0.9677302164080368,0.34419310779734746,0.5269816608120966,0.6037292784663684,1.7858675939923618e-06,0.8154684209046265,0.7929028044262567,1.6327932287930166e-05
52wh Breakout,half,MayOct,2889,24,0.4576166147455866,24.933633753618345,0.291350976851268,2.0262776525821597,33.42457623251113,0.9623505863363401,0.7459670866183223,0.4058456567804967,-2.3965733333333334,-65.0409712962963,0.1868183741527716,0.5042764880432885,0.562478366216684,-1.5914306255139887,0.12516486245747377,-2.1071756427761885,0.04621195567413136,1.1221979588174223e-17,0.5006594498298951,0.18848508983320275,1.7955167341078757e-16
52wh Breakout,half,NovApr,2840,24,2.0262776525821597,33.42457623251113,0.9623505863363401,0.4576166147455866,24.933633753618345,0.291350976851268,1.3405417181785861,2.4639908874048984,-3.2075813333333336,-82.18734553990609,0.8131816258472285,0.4957235119567115,0.5985915492957746,1.5914306255139887,0.12516486245747377,2.1071756427761885,0.04621195567413136,1.1221979588174223e-17,0.5006594498298951,0.18848508983320275,1.7955167341078757e-16
52wh Breakout,wom,W1,1370,24,1.6919166909975674,30.312664969989388,0.8860436668007903,1.0917084346562667,29.186614429427866,0.5937767868094682,1.0385810606188761,1.4375037549000822,-2.3463173333333334,-75.47338039215686,0.3275441175622734,0.23913422935939954,0.5854014598540146,0.6519712211175667,0.5208824340912406,0.644424169075541,0.5256759416646377,0.07597439056815887,0.9471496995398632,0.7824014015473678,0.2559137366506404
52wh Breakout,wom,W2,1365,24,1.5023944322344323,29.461736171283196,0.809516862627026,1.1516761075465933,29.460031921422875,0.6205794846910668,1.000057849559188,1.3050348652271546,-2.3965733333333334,-72.60457450980394,0.28979232492390694,0.23826147669750392,0.580952380952381,0.7274428045051682,0.4742952013140602,-0.16887307151834324,0.8673728421711081,0.9430545790284638,0.9471496995398632,0.9571010672232917,0.9558769328616523
52wh Breakout,wom,W3,1365,24,1.404085177045177,27.873345727568758,0.799658620315401,1.1824259089520317,29.939645232810484,0.6269422782775391,0.9309845026828409,1.3707345703335025,-1.445432,-67.54259019607845,0.27082974957645883,0.23826147669750392,0.5706959706959707,-0.021523460950596023,0.9830137281019038,-1.571353824471272,0.12975699270260257,0.2831478168056612,0.9939842520515532,0.39544988252221736,0.5662956336113224
52wh Breakout,wom,W4+,1629,24,0.4858271332105587,30.026304657701452,0.2568503429168199,1.53299281300813,29.22785240486176,0.8326135677750024,1.027318197785441,0.3003948137506321,-3.2075813333333336,-80.84168888888888,0.11183380793736097,0.28434281724559257,0.583793738489871,-0.9320100968083322,0.36101232009819817,0.6007423437571923,0.5538860985117282,0.5506765491300705,0.9323262304038236,0.7877491178833468,0.6986190473125505
52wh Breakout,tom,TOM,1370,24,1.3281186374695866,30.69344656409572,0.68689678475761,1.2060473503097042,29.062754683422725,0.6587609591133394,1.0561093364492091,0.9878072839773476,-2.3463173333333334,-76.11290784313728,0.25711516970229487,0.23913422935939954,0.5883211678832116,0.4237695735538718,0.6756707932213843,0.7642499584197506,0.45248821874084366,0.12304785375535883,0.7426959216132663,0.7533092314902899,0.24609570751071766
52wh Breakout,tom,mid,4359,24,1.2060473503097042,29.062754683422725,0.6587609591133394,1.3281186374695866,30.69344656409572,0.68689678475761,0.9468716594838023,1.0123432133174388,-3.2075813333333336,-73.93326574500769,0.7428848302977054,0.7608657706406005,0.5778848359715532,-0.4237695735538718,0.6756707932213843,-0.7642499584197506,0.45248821874084366,0.12304785375535883,0.7426959216132663,0.7533092314902899,0.24609570751071766
52wh Breakout,opex,opex,1337,24,1.6686267763649965,28.150023866371587,0.9409806902194039,1.103308044930176,29.846967942860363,0.5868090947067991,0.9431451771001516,1.7011060210102706,-2.3965733333333334,-67.74608080808082,0.3152541976257728,0.23337406179088846,0.575168287210172,0.3832402900856941,0.705060983859639,-1.5018717750587163,0.14673597908682373,0.167570009595941,0.9954186568276681,0.33539652362702566,0.3830171647907223
52wh Breakout,opex,other,3094,24,1.1937088558500324,29.963207332417344,0.6324269765962675,1.28400293485136,28.859641376308776,0.7062774767012587,1.0382390737888552,0.8624088430581976,-2.4757706666666666,-76.38921645021645,0.5219020316147366,0.5400593471810089,0.5866192630898514,-0.24885908353293226,0.8056785758191916,1.1863544473818977,0.2475931106529543,0.14528883870305442,0.9954186568276681,0.45709497351314643,0.34869321288733063
52wh Breakout,opex,post_opex,1298,24,0.8878225988700565,29.5784211240195,0.4764874626209969,1.3370095238095236,29.425519185015084,0.7212912054227352,1.005196235894532,0.6575468171566108,-3.2075813333333336,-77.35602499999999,0.1628437707594907,0.22656659102810264,0.5708782742681048,-0.07780936470057379,0.9386526548140639,-0.43913487538807117,0.6646617732726486,0.7342726198894526,0.9954186568276681,0.7596134551687412,0.8596362379193592
52wh Breakout,dow,Mon,1073,24,0.3394598322460392,30.46787581218459,0.17686686825595158,1.4416758018327607,29.220091414742782,0.7832245810643776,1.0427029600876694,0.21672610237835324,-2.4757706666666666,-85.65596226415094,0.05147049873950363,0.1872927212427998,0.5796831314072693,-0.9351760969347698,0.35941317298742237,0.17381081748058563,0.8635348746418503,0.4367325459484729,0.7188263459748447,0.9594831940465003,0.8792016984531017
52wh Breakout,dow,Tue,1177,24,0.7978758425375247,28.096613029179608,0.45079762196277634,1.3483266842413593,29.80213790768074,0.7182042651354,0.942771727190029,0.6661941423410548,-1.7613986666666666,-69.06268275862068,0.13270339727151265,0.20544597661022865,0.5828377230246389,-0.6322588105532008,0.5334531278254733,-0.946007197043758,0.35397832717022726,0.6258383723886136,0.7903009301118123,0.6156144820351779,0.8792016984531017
52wh Breakout,dow,Wed,1178,24,2.3201397849462366,30.620969905095745,1.2028057041105855,0.9544184281842818,29.146611848334956,0.5198176352323481,1.0505842004701145,2.2038751769448566,-1.9294133333333334,-70.61750574712644,0.3862155041301648,0.20562052714260778,0.5789473684210527,1.579248659938156,0.127934840356128,1.6218478274278236,0.11846554537725486,0.5653125110548571,0.5953488407386848,0.38401991775821054,0.8792016984531017
52wh Breakout,dow,Thu,1153,24,1.8620751662330155,28.222843786336014,1.0473617434853264,1.077296824009324,29.76234585565657,0.5746037960216782,0.9482734970964004,1.9234305682970962,-1.8336146666666668,-69.48336608187135,0.3033868673914683,0.20125676383312968,0.5793581960104076,0.8751201411172593,0.3905559750990031,-1.4560480578272494,0.15889522988101704,0.4875734688820753,0.7331189767582132,0.4237206130160454,0.8792016984531017
52wh Breakout,dow,Fri,1148,24,0.7780882694541229,29.862094997492612,0.4136269861585555,1.3498008295132071,29.35834763944652,0.7298579657587229,1.017158573235547,0.5575264882691999,-3.2075813333333336,-78.37143625730994,0.1262237324673507,0.20038401117123408,0.5810104529616724,-0.6927711412784281,0.4953893809912453,-0.7461092321208822,0.4631597544077998,0.8799114137812842,0.7654253773943587,0.7363772694262374,0.9440199825164556
52wh Breakout,eseason_data,off,3842,24,1.3256836716987683,27.781292292407855,0.7575088895513598,1.0510897014661718,32.61419156898386,0.5116034134683762,0.8518160639869393,1.7377660803069188,-2.4757706666666666,-68.60069583333333,0.7197265604024428,0.6706231454005934,0.5819885476314419,0.35362199099094976,0.7268430998017349,-2.8976525969257674,0.008115881632060703,0.03275330351450113,0.9162748920840589,0.12985410611297124,0.08734214270533634
52wh Breakout,eseason_data,season,1887,24,1.0510897014661718,32.61419156898386,0.5116034134683762,1.3256836716987683,27.781292292407855,0.7575088895513598,1.1739623637989207,0.5754514438579577,-3.2075813333333336,-86.48077730496453,0.28027343959755757,0.3293768545994065,0.5771065182829889,-0.35362199099094976,0.7268430998017349,2.8976525969257674,0.008115881632060703,0.03275330351450113,0.9162748920840589,0.12985410611297124,0.08734214270533634
52wh Breakout,holiday,none,5305,24,1.146675237197612,29.499005058066913,0.6170684413679051,2.343327358490566,28.954760298347818,1.2847341232523428,1.0187963828438307,0.47042356176677247,-3.2075813333333336,-74.9657217610063,0.8595993618253012,0.9259905742712515,0.5805843543826579,-1.3032668817539095,0.20538000500678644,0.33930786066028584,0.737456489557532,0.6002086840366458,0.7095687549443932,0.7374564895575318,0.8473534362870294
52wh Breakout,holiday,post,212,24,1.4430075471698114,36.229212930207474,0.6322807702980531,1.2272549090689384,29.170711187581755,0.6678639949090887,1.2419722199173049,0.7657460058462683,-1.317752,-85.60957333333333,0.043228953859022694,0.037004712864374234,0.5754716981132075,0.042780636692738586,0.9662456316708813,1.2061857064802086,0.24000732164095168,0.10107117619431286,0.986374560226817,0.3388338658460494,0.4042847047772515
52wh Breakout,holiday,pre,212,24,3.2436471698113203,19.145363400879607,2.6894920422659516,1.1580623043924838,29.781844710992164,0.6172777186652966,0.6428535098033485,6.808513807210017,-0.6367453333333334,-42.32825333333333,0.09717168431567619,0.037004712864374234,0.5801886792452831,2.488260323501953,0.020518127587651806,-4.097576669700268,0.0004413862056906676,0.017939236682306365,0.19697402484145735,0.0021186537873152046,0.14351389345845092
ATR Extended Gap Up,month,Jan,464,23,0.6305175287356322,20.75350824729263,0.4822873969327455,0.5659947848761407,15.787760317648093,0.5691047041553456,1.314531499701934,0.6459498965261777,-1.4497626666666665,-29.544515942028987,0.08781934054597335,0.07954740270872622,0.0603448275862069,0.04521022357146072,0.9643476138864684,-1.101399971989656,0.2826273147801756,0.033513083053552314,0.99834198663406,0.4142324002885016,0.11093986114279387
ATR Extended Gap Up,month,Feb,441,23,1.4742554799697656,30.655744661093088,0.7634158123566035,0.49726251236399605,14.436306074697102,0.546801766555612,2.1235172281934522,0.6588412987171568,-1.7647279999999999,-24.04011515151515,0.1951580034993242,0.07560432024687125,0.034013605442176874,0.8395192874991663,0.41020846928144783,0.09091743773473986,0.9283809257512569,0.012671332579857244,0.8009507650186664,0.9456596904102381,0.05792609179363312
ATR Extended Gap Up,month,Mar,504,23,0.533888888888889,14.39862270382191,0.5886134764954946,0.5746493025583286,16.400629303193202,0.5562149296368888,0.8779311109128295,1.2075584672200421,-0.813316,-7.401834666666666,0.08077118329443331,0.08640493742499572,0.011904761904761904,-0.2860121378366387,0.7775446783262254,-4.22292053072117,0.0003500401229894502,0.264860807581536,0.9693359954277893,0.003953394330233791,0.45002898279340636
ATR Extended Gap Up,month,Apr,476,23,-0.02120448179271707,15.058974667435654,-0.022352830817164725,0.6237594673635741,16.337054192561414,0.6060991446000884,0.9217680549956371,-0.04008662302740346,-1.3062706666666668,-21.12586086956522,-0.003029769870367472,0.08160466312360706,0.04411764705882353,-1.7768861414498016,0.08941802581264179,-2.1799439897924047,0.0402447182032831,0.9853005859936973,0.6286373723627048,0.09791288583006844,0.9853005859936973
ATR Extended Gap Up,month,May,485,23,0.4509220618556701,8.633894368891093,0.8290772984028173,0.58202859636001,16.756458291115838,0.551394415864011,0.5152577125124781,2.9236361375391686,-0.6756906666666668,-5.392283333333333,0.06564750864865221,0.0831476084347677,0.020618556701030927,-0.4941212318757753,0.6261182020212086,-4.14896258055765,0.0004193463012778357,0.13451656938263995,0.9176694258631455,0.004473027213630247,0.2838151793567788
ATR Extended Gap Up,month,Jun,508,24,0.5861338582677165,8.8782736256288,1.0480175466734338,0.5696957996870109,16.770918563726056,0.5392453859468349,0.5293850537699041,3.677770528167359,-0.5814626666666667,-5.226997333333333,0.08937901164344164,0.08709069089662266,0.031496062992125984,-0.1411177061646632,0.8890056624822498,-3.588603106208602,0.001552791017106132,0.17221975675588314,0.980971765497655,0.009361178112514282,0.34806519260136376
ATR Extended Gap Up,month,Jul,508,24,0.12569580052493434,7.140225710290244,0.27945320710650756,0.6136211580594678,16.849162069621375,0.5781257168960063,0.4237733414152325,1.1426872045916683,-0.5623173333333333,-4.172997333333334,0.019167236733009952,0.08709069089662266,0.011811023622047244,-1.483187913779296,0.15159902987137863,-3.8092121709215783,0.000902435261385583,0.028450655210379608,0.6294536869468085,0.007092988863929241,0.10115788519246083
ATR Extended Gap Up,month,Aug,514,24,0.6519351491569387,12.416338906941899,0.8335105646866819,0.5633185686532557,16.559698515993382,0.5400101360982925,0.7497925698919083,2.062206546858261,-1.0635413333333334,-15.258928000000003,0.10058715899479838,0.08811932110406309,0.038910505836575876,-0.015307477781264156,0.9879188884798311,-1.905568256342002,0.06928167824267746,0.8796020524108435,0.99834198663406,0.13573553288361298,0.9330585307341546
ATR Extended Gap Up,month,Sep,471,23,0.3354530785562633,14.390359478235945,0.37005000065489035,0.5918291184881264,16.38953255809721,0.5732314795247406,0.8780213485177418,0.7366604405572731,-1.3877706666666667,-20.646811594202894,0.0474272250878073,0.08074747128407338,0.03397027600849257,-0.278130836858076,0.7835091711979102,-1.8202535515866707,0.08235338264552296,0.6547154886323131,0.9693359954277893,0.1581184946794041,0.7780964062898499
ATR Extended Gap Up,month,Oct,507,23,-0.050098619329388555,1.5595171082353134,-0.5099597320477315,0.6302640130178997,16.98365314338387,0.5891035896744757,0.09182459716229173,-9.444110848840758,-0.3182466666666666,-1.5429546666666665,-0.0076244539009908035,0.08691925252871592,0.005917159763313609,-2.935676766334877,0.007651286410165832,-6.340567028197836,2.217583021942088e-06,0.0047416270738262645,0.1632274434168711,0.00010357554286470734,0.02758764842953463
ATR Extended Gap Up,month,Nov,469,23,0.6555565031982942,21.635178390088296,0.4810053644693041,0.5637453641561024,15.678728621613708,0.5707848151411195,1.379906426868273,0.6118907516140274,-1.4921546666666667,-27.896788405797103,0.0922907125426389,0.0804045945482599,0.042643923240938165,0.2878733956381297,0.7761381250020127,-0.03198875858050011,0.974769459698446,0.057025516963388374,0.9693359954277893,0.9747694596984461,0.15414607018109147
ATR Extended Gap Up,month,Dec,486,23,1.5930801097393692,20.93295009982999,1.208112693778816,0.47823998503833914,15.739275064636574,0.48234905186768684,1.3299818456609038,1.8867467321554101,-1.4405426666666667,-20.185583333333334,0.23240684278127915,0.08331904680267443,0.05761316872427984,1.4956495929534326,0.1489530838943647,-0.30196143698184563,0.7655175599857328,0.02648057518554597,0.6294536869468085,0.8398821229557754,0.09592963086084577
ATR Extended Gap Up,quarter,Q1,1409,23,0.860033215046132,22.573196427776114,0.6048148334369247,0.47911377335744426,13.614400204852675,0.5586507851698392,1.6580382600865657,0.653277396713046,-1.7647279999999999,-19.90646095238095,0.36374852733973084,0.24155666038059317,0.0347764371894961,0.5822807510207139,0.5662978464103943,-0.01689837160457099,0.9866700094885614,0.0314332210878684,0.8714561992950888,0.9985592590918726,0.08746635433145988
ATR Extended Gap Up,quarter,Q2,1469,24,0.34469698207397326,11.191266665975771,0.48894330881143727,0.6473479071188513,17.612818493511714,0.5834574090247597,0.6354046440720693,1.3194567970090016,-1.3062706666666668,-10.218966210045663,0.1519967504217264,0.25184296245499743,0.031994554118447927,-0.7392428312682767,0.46723774245824967,-2.381896170716923,0.025880719386551742,0.06425589194787468,0.8226918127592371,0.16045311150468858,0.13707923615546597
ATR Extended Gap Up,quarter,Q3,1493,24,0.3730385353873632,11.645329887949092,0.5085131311394132,0.639271797235023,17.540637712816302,0.5785493857245688,0.6639057301457334,1.324482496679466,-1.3877706666666667,-12.982091891891892,0.16718162081561563,0.25595748328475915,0.02813127930341594,-0.8779331642376411,0.3890592189739419,-1.7665655899352608,0.09057136806762701,0.29934705393227296,0.8226918127592371,0.2520246763620926,0.4672734500406212
ATR Extended Gap Up,quarter,Q4,1462,23,0.7224985864113087,17.225146241062887,0.6658468574332684,0.5204971859986273,15.89352497207037,0.5198743946410685,1.0837838850307009,1.1823090794899158,-1.4921546666666667,-15.954164383561647,0.3170731014229273,0.2506428938796503,0.03488372093023256,0.9413113991986701,0.35676743414577405,-0.076148413661875,0.9399892753111527,0.4391903214867996,0.8154684209046265,0.9945636096536337,0.5980463952160675
ATR Extended Gap Up,half,MayOct,2993,24,0.35015026172179525,9.669064652412645,0.5748708157343158,0.8040092957746479,21.04513900634551,0.6064703058779983,0.4594440858526636,2.063099788124881,-1.3877706666666667,-8.451935570469798,0.3145836872067187,0.5131150351448655,0.02372201804209823,-1.0763904624318439,0.29291421985299493,-2.223015221206844,0.036324229863178195,4.18795427524262e-05,0.5804291901245839,0.18848508983320275,0.0001999216333372795
ATR Extended Gap Up,half,NovApr,2840,24,0.8040092957746479,21.04513900634551,0.6064703058779983,0.35015026172179525,9.669064652412645,0.5748708157343158,2.176543415819883,0.484707528814631,-1.7647279999999999,-21.16498028169014,0.6854163127932814,0.4868849648551346,0.04154929577464789,1.0763904624318439,0.29291421985299493,2.223015221206844,0.036324229863178195,4.18795427524262e-05,0.5804291901245839,0.18848508983320275,0.0001999216333372795
ATR Extended Gap Up,wom,W1,1394,24,0.6660199904351984,11.538551060304686,0.9162969875574423,0.5413278365998347,17.453561639031463,0.4923529751762168,0.661100083693003,2.8164775265584194,-1.3877706666666667,-8.886788405797102,0.2786923609295606,0.2389850848619921,0.029411764705882353,0.1269285927032527,0.9001000684592924,-1.8368830068665813,0.07918461671673352,0.19540635572255688,0.9771053877244017,0.34399205493942886,0.41686689220812134
ATR Extended Gap Up,wom,W2,1390,24,0.6807741007194245,18.59522776433171,0.5811681337849856,0.5368242478805613,15.426533028921924,0.5524132175305166,1.2054055003459991,0.8732113230500086,-1.7647279999999999,-21.549999999999997,0.284048729906062,0.23829933139036516,0.04244604316546763,0.5235734218305502,0.6055839180127387,0.19491268016037186,0.8471728219974655,0.0370244820822802,0.9471496995398632,0.9571010672232917,0.23695668532659328
ATR Extended Gap Up,wom,W3,1390,24,0.2682567865707434,15.774255228165911,0.26996168167897994,0.6658809813189286,16.378730918749323,0.6453816799642714,0.9630938627918085,0.43454191280776,-1.7426306666666664,-10.997105314009662,0.11192846413160715,0.23829933139036516,0.022302158273381296,-0.9846647958779687,0.3350344096615745,-1.8275352429096297,0.08062313787642864,0.0743263570752607,0.9323262304038236,0.34399205493942886,0.2559137366506404
ATR Extended Gap Up,wom,W4+,1659,24,0.6532859152099657,17.809296032973446,0.5823134379258958,0.5384726401533302,15.569133742623928,0.549034281756249,1.143884838256388,0.9275404234270925,-1.4405426666666667,-17.144230894308944,0.3253304450327703,0.2844162523572776,0.03496081977094635,0.48029241478529966,0.6355560501075675,-0.2120108577845382,0.8339661331812726,0.34728558516311003,0.9565022071891692,0.9571010672232917,0.5699045500112575
ATR Extended Gap Up,tom,TOM,1392,24,0.41232126436781597,14.515847404351076,0.4509138855182366,0.6209040606470014,16.740388363124914,0.588788394940969,0.8671153314654294,0.8836327525781662,-1.3877706666666667,-14.117431884057968,0.17228600259127372,0.23864220812617865,0.027298850574712645,-0.48511295639500585,0.632184834189935,-1.1273499226820722,0.27121869774732077,0.5568141654151059,0.7426959216132663,0.5424373954946415,0.6363590461886924
ATR Extended Gap Up,tom,mid,4441,24,0.6209040606470014,16.740388363124914,0.588788394940969,0.41232126436781597,14.515847404351076,0.4509138855182366,1.153249128129236,1.1316918675573198,-1.7647279999999999,-14.822805405405408,0.8277139974087265,0.7613577918738214,0.03400135104706147,0.48511295639500585,0.632184834189935,1.1273499226820722,0.27121869774732077,0.5568141654151059,0.7426959216132663,0.5424373954946415,0.6363590461886924
ATR Extended Gap Up,opex,opex,1362,24,0.4023656387665198,16.613538806506718,0.3844669442287365,0.622537269812868,16.121129725744883,0.6130136631170354,1.0305443284148676,0.6088972458252769,-1.7426306666666664,-12.494619607843138,0.16450269589483393,0.2334990570889765,0.028634361233480177,-0.9522047011881939,0.3508935621633197,-1.5376868839626168,0.13776992222207973,0.31603120109897553,0.9954186568276681,0.33064781333299137,0.523086125956925
ATR Extended Gap Up,opex,other,3148,24,0.8139832698009318,17.59939206513948,0.7342062596103851,0.28639359404096837,14.473638954016563,0.3141129453298059,1.215961799313468,1.9221555001438742,-1.7647279999999999,-15.865804670912953,0.7691751213388814,0.5396879821704097,0.035260482846251585,1.4731153931843533,0.1542745356349831,1.4737185895434592,0.15411324214418287,0.06245853688648238,0.8140153480172958,0.33624707376912627,0.33311219672790604
ATR Extended Gap Up,opex,post_opex,1323,24,0.1670028722600151,11.879841146365678,0.22315857398581074,0.6896765705838875,17.30678665913357,0.632600167820247,0.6864267400035321,0.5141882687455951,-1.4405426666666667,-14.003032323232322,0.06632218276628477,0.22681296074061374,0.02947845804988662,-1.3812440112706523,0.1804771021800553,-3.309753356975259,0.0030575507196764704,0.22848912584066894,0.8140153480172958,0.036690608636117644,0.42182607847508113
ATR Extended Gap Up,dow,Mon,1093,24,1.0562498322659346,19.004592379917398,0.8822839204325509,0.45926267229254575,15.528208597748794,0.46950482782045666,1.2238753916966696,1.536515656690596,-1.4921546666666667,-11.920893827160493,0.3465467587545941,0.1873821361220641,0.026532479414455627,0.9583947169211222,0.34783071250504916,-0.19247740360815663,0.8490576640690115,0.6478855099041871,0.7186447796207888,0.9594831940465003,0.8792016984531017
ATR Extended Gap Up,dow,Tue,1199,24,0.33531809841534616,12.939054550839874,0.41139093819579026,0.6321406416342972,16.98617223621182,0.5907700362824568,0.7617404539944476,0.9147404343096254,-1.3877706666666667,-17.157301694915255,0.12068441901020903,0.2055546031201783,0.03919933277731443,-0.6738957634771813,0.5070943125237626,-1.1324784720097774,0.26910193312429387,0.9816264437425016,0.7654253773943587,0.5481065335065607,0.9918865151420885
ATR Extended Gap Up,dow,Wed,1199,24,1.257576869613567,16.65527558878277,1.1986240517516762,0.39351563803769246,16.123160336689466,0.3874468132256084,1.0330031607316115,2.9966628256851604,-0.8751493333333334,-10.515613559322036,0.4526147994612534,0.2055546031201783,0.03836530442035029,0.8271582458753388,0.4166470191217454,-0.5829292320995324,0.5656131379231297,0.5324235279223875,0.7331189767582132,0.7938430005938663,0.8792016984531017
ATR Extended Gap Up,dow,Thu,1174,24,0.22255195911413964,10.3778169037866,0.3404283249927355,0.658963325463261,17.40398511839816,0.6010530589726351,0.5962896907338749,0.9504569130702828,-1.7426306666666664,-12.09156091954023,0.07842861485965641,0.20126864392250987,0.03151618398637138,-1.4007614659899903,0.17463329704987007,-4.265011884300243,0.0002908738437597201,0.14280580415754685,0.607420163651722,0.004653981500155522,0.7140290207877342
ATR Extended Gap Up,dow,Fri,1168,24,0.004921232876712391,20.331043170454162,0.003842505736608041,0.7128913469096106,15.036851279036615,0.7526043241628226,1.3520811500475742,0.0037785392471083607,-1.7647279999999999,-22.19008275862069,0.001725407914287232,0.20024001371506944,0.025684931506849314,-1.0313485451248154,0.3131013234088435,0.0356871180478716,0.9718397666890087,0.6776988090975267,0.7186447796207888,0.9817308631050834,0.8792016984531017
ATR Extended Gap Up,eseason_data,off,3916,24,0.570832482124617,14.510180765103259,0.6245052955970032,0.5717298556772734,19.292370906014927,0.47044140585996214,0.7521201430239615,1.7645244272150447,-1.4497626666666665,-13.319763418803417,0.6710059748502687,0.6713526487227841,0.03140960163432074,-0.22430525430754614,0.8245004359889805,-0.10686750318924434,0.9158207925452257,0.3569082328525083,0.9162748920840589,0.9571696779136933,0.4078951232600095
ATR Extended Gap Up,eseason_data,season,1917,24,0.5717298556772734,19.292370906014927,0.47044140585996214,0.570832482124617,14.510180765103259,0.6245052955970032,1.329574814974928,0.5667249399195361,-1.7647279999999999,-17.55170245614035,0.3289940251497315,0.32864735127721584,0.03442879499217527,0.22430525430754614,0.8245004359889805,0.10686750318924434,0.9158207925452257,0.3569082328525083,0.9162748920840589,0.9571696779136933,0.4078951232600095
ATR Extended Gap Up,holiday,none,5405,24,0.5584661856305889,14.58193979761818,0.6079695829187489,0.7310196261682241,30.156942452263326,0.3848061461953751,0.483535087176047,3.260440822111828,-1.7647279999999999,-12.22527802469136,0.9060822169878757,0.9266243785359164,0.029232192414431084,-0.07448775379021477,0.9412663550308868,-1.0117773930087184,0.32217075999433165,1.9357263687914732e-05,0.986374560226817,0.4069525389402084,0.0009291486570199071
ATR Extended Gap Up,holiday,post,214,24,-1.130391277258567,20.28755100050284,-0.8845032711189349,0.6359298570326867,16.060478014016294,0.6285661926828032,1.2631972088749475,-1.1190104436905761,-1.4405426666666667,-57.13157333333334,-0.07261353792431387,0.03668781073204183,0.07009345794392523,-1.2230239028258574,0.23370465102016044,-0.4038651080454416,0.6900424594605653,0.04423623827297821,0.7095687549443932,0.7047242139171731,0.23592660412255043
ATR Extended Gap Up,holiday,pre,214,24,2.592430529595015,37.47806121615413,1.098070644523653,0.49414593344011387,14.840574643264455,0.5285727605634684,2.525378034007863,0.826334674668053,-1.4497626666666665,-39.262480000000004,0.16653132093643824,0.03668781073204183,0.07476635514018691,0.8852698611761621,0.38517304503526284,0.7663309715909166,0.45127356837871524,9.151965301349003e-05,0.814049237839121,0.5037472391204263,0.0021964716723237607
Indices Oversold Bounce,month,Jan,473,24,0.030059478505990077,20.16973206078914,0.023658193701566563,0.7848682318415261,16.920121281349818,0.7363656981690399,1.1920559980276975,0.027004171233622972,-1.5072759999999998,-51.18381449275362,0.0033116875090722273,0.07983122362869198,0.12684989429175475,-1.2362603465803652,0.22883857373039262,-0.7646013449317796,0.45228298257514776,0.03758501954328867,0.6974127961307204,0.5857235307876032,0.11830038938215451
Indices Oversold Bounce,month,Feb,460,24,2.1642652173913044,19.161755882390906,1.7929800081630285,0.6034323391277828,17.022451187710075,0.5627386625277939,1.1256754782898348,2.8360975071765524,-1.135268,-15.976463768115941,0.23188629355285534,0.07763713080168777,0.09782608695652174,1.6718252822864028,0.10811035737225447,-1.5059720758484874,0.145685944840425,0.7234812530931565,0.6294536869468085,0.24974733401215715,0.8268357178207502
Indices Oversold Bounce,month,Mar,525,24,1.9621772698412694,20.179997128841062,1.5435383021350773,0.6042919753086419,16.8811129175578,0.5682586072660253,1.19541864493141,2.2761398743254606,-1.4415893333333334,-34.95435897435898,0.23994091534078768,0.08860759493670886,0.13523809523809524,1.4865047919579615,0.15072627525681082,-0.23841939046683594,0.8136672330752224,0.005266212820732547,0.6294536869468085,0.8868607774469969,0.02849733648192262
Indices Oversold Bounce,month,Apr,497,24,0.3429918175720994,12.73591510658313,0.4275174779816529,0.7595528371407515,17.554063425729563,0.6868795671807091,0.7255251845516113,0.8594398352870523,-1.1641839999999999,-18.47943888888889,0.039705156829999914,0.08388185654008438,0.05030181086519115,-0.9583108081386487,0.34787210944038827,-3.5608960609125715,0.0016617111409912544,0.05891453657341827,0.7908741219580474,0.009361178112514282,0.15414607018109147
Indices Oversold Bounce,month,May,506,24,0.8138611330698282,15.722070272803888,0.8217521442715169,0.716277172910131,17.334374585730174,0.6559537270664529,0.9069880309236222,1.3837099836766185,-1.2809266666666668,-24.963418666666662,0.09591965167094624,0.08540084388185654,0.08498023715415019,0.09937325983542694,0.9217029785732638,-2.1388912857181337,0.04328840794248619,0.7650836549134299,0.9886423010394784,0.10260955956737468,0.854046870601038
Indices Oversold Bounce,month,Jun,509,24,-0.15239633267845448,13.34646066979876,-0.18126279631476383,0.807032767109798,17.51885059405945,0.7312835931291761,0.7618342652185454,-0.3259389175230077,-1.3681226666666668,-23.714432000000002,-0.018067541704635214,0.08590717299578059,0.060903732809430254,-1.812724530041199,0.08294865736092613,-3.7998413982502943,0.0009235662583241199,0.06511526173813142,0.6286373723627048,0.007092988863929241,0.16450171386475307
Indices Oversold Bounce,month,Jul,508,24,0.4205438320209974,8.634658217824283,0.7731546751667782,0.7531259860931633,17.79470006676762,0.6718575950006723,0.4852376373541627,2.3758020291967106,-1.1849693333333335,-10.997909333333334,0.04976015762534403,0.08573839662447258,0.05905511811023622,-1.4839648715114957,0.1513942254517416,-5.434084824363324,1.5995865312463334e-05,0.005343250590360491,0.6294536869468085,0.000307120613999296,0.02849733648192262
Indices Oversold Bounce,month,Aug,514,24,-0.3076005188067445,19.776162629694106,-0.24691376921479558,0.82266242838662,16.93525466005405,0.7711346214124895,1.16775112194451,-0.27468206207380613,-3.1010733333333333,-32.90834133333333,-0.03682620361095554,0.08675105485232068,0.06809338521400778,-0.9930049409829779,0.3310403193096493,-1.9144798189459855,0.06807969279607864,0.3975755126662551,0.7908741219580474,0.13475568058605258,0.5910077105149727
Indices Oversold Bounce,month,Sep,471,23,0.5544435951875442,17.55256206437674,0.5014378630875609,0.7393063439677301,17.172266568573033,0.683434788653015,1.022145911507086,0.7192014588812518,-1.395292,-26.159107246376813,0.06082541006806915,0.07949367088607595,0.07218683651804671,-0.31259866641574613,0.7575294534267563,-2.3111862529328233,0.03057618663456156,0.6049838080956518,0.9693359954277893,0.08153649769216416,0.757880993023057
Indices Oversold Bounce,month,Oct,507,23,0.6399168967784351,21.460423451371284,0.47335346549718116,0.7325363356712192,16.74992518695059,0.694251090272752,1.2812250330580888,0.5331149388942598,-1.736438666666667,-40.433935999999996,0.0755680654640583,0.08556962025316456,0.11439842209072978,-0.10065710318726741,0.9207343612034853,-0.6271996618490511,0.5369839632887905,0.10276361961853714,0.9886423010394784,0.6609033394323576,0.22678867777884057
Indices Oversold Bounce,month,Nov,469,23,1.948896090973703,20.721083440855658,1.4930573690917215,0.6193708699902247,16.862685991719353,0.5830748288083735,1.228812743772316,2.0879201141298256,-1.2248160000000001,-39.48110724637681,0.2128963886780014,0.07915611814345992,0.14498933901918976,2.2296424350488167,0.03629633755886587,-0.8578955070827432,0.4002001841589473,0.0008972211466055146,0.47786624438140685,0.5464093571191634,0.008203164768964705
Indices Oversold Bounce,month,Dec,486,23,0.39823648834019204,11.314513096989684,0.5587344512881334,0.7537740025740025,17.63244122448145,0.6786236336194751,0.6416872713734187,1.2854870940567509,-0.6788053333333334,-17.24318888888889,0.045080018576456354,0.0820253164556962,0.06790123456790123,-0.937384304789104,0.3587383870790338,-4.699028498795478,0.00010945611623297065,0.05716601648721416,0.7908741219580474,0.0017512978597275305,0.15414607018109147
Indices Oversold Bounce,quarter,Q1,1458,24,1.399124279835391,19.870246856499996,1.1177721920971107,0.504454115364525,16.232009075549193,0.4933437866695365,1.2241397084006806,1.8517117861961347,-1.5072759999999998,-34.29417407407407,0.4751388964027152,0.2460759493670886,0.12071330589849108,1.634767774085955,0.1157120117559622,0.813809201436081,0.4240998647850792,0.0007518303438195552,0.8054652136172683,0.6873602364400815,0.0040097618337042945
Indices Oversold Bounce,quarter,Q2,1512,24,0.33380352733686064,13.996468834217925,0.378593113970449,0.858510944935418,18.1693889467605,0.7500768896901716,0.7703323912119465,0.6555075063953113,-1.3681226666666668,-22.139370666666665,0.11755726679631096,0.25518987341772154,0.06547619047619048,-1.3764174797823998,0.18194586816645877,-2.2142911645792656,0.036996030897282046,0.009922849782671562,0.8054652136172683,0.18213430595585006,0.03342433611005158
Indices Oversold Bounce,quarter,Q3,1493,24,0.21210484483143563,16.031400685188604,0.21002906070998262,0.897257942238267,17.576339758255227,0.8103807993100609,0.912101205693808,0.28427600309634393,-3.1010733333333333,-22.963726126126126,0.07375936408245766,0.2519831223628692,0.06630944407233758,-1.6847624115517792,0.10555768343092098,-2.3524686630263627,0.027577878539868348,0.007646294787607706,0.8054652136172683,0.16045311150468858,0.027186825911494066
Indices Oversold Bounce,quarter,Q4,1462,23,0.9794891016871865,18.438948636455056,0.8432643181744574,0.6411173351258496,16.777454932099786,0.6066129946956718,1.0990313316936042,1.2654406367488076,-1.736438666666667,-32.57143744292237,0.33354447271851606,0.24675105485232068,0.10875512995896033,0.8537014508743687,0.4024704815384469,-0.3996750037046253,0.6932497538328835,0.05396849434350287,0.8226918127592371,0.7970299702103179,0.12335655849943514
Indices Oversold Bounce,half,MayOct,3015,24,0.3235006301824212,16.615741729222965,0.309069157567625,1.1401942726231384,17.781127988662217,1.0179344618354447,0.934459373995714,0.3249153480587857,-3.1010733333333333,-26.240671111111116,0.22717953951282702,0.5088607594936709,0.07661691542288557,-1.8252835273969585,0.0809730155279949,-0.9470424051863533,0.35346179193493266,0.009203727617387024,0.43185608281597276,0.6412569136334133,0.021037091696884624
Indices Oversold Bounce,half,NovApr,2910,24,1.1401942726231384,17.781127988662217,1.0179344618354447,0.3235006301824212,16.615741729222965,0.309069157567625,1.0701374803743866,3.0777247242228576,-1.5072759999999998,-29.452160919540233,0.7728204604871729,0.4911392405063291,0.10378006872852234,1.8252835273969585,0.0809730155279949,0.9470424051863533,0.35346179193493266,0.009203727617387024,0.43185608281597276,0.6412569136334133,0.021037091696884624
Indices Oversold Bounce,wom,W1,1415,24,0.6428680329799765,14.677099118395418,0.6953154410328337,0.7502575314116776,17.921635512681334,0.6645581579752413,0.8189598046456148,1.2781947147512778,-1.4650186666666665,-25.336681904761907,0.21187759663089614,0.23881856540084387,0.07915194346289753,-0.23151034528104317,0.8189656182670192,-1.6629930417352414,0.10988284038029118,0.37746976190259585,0.9771053877244017,0.36882173041890753,0.5892210917503935
Indices Oversold Bounce,wom,W2,1410,24,0.9023160283687942,20.083636015165606,0.7132086480501713,0.6691149796973054,16.198628869646342,0.6557265490924553,1.2398355550202862,0.8776910421985318,-1.736438666666667,-32.20701523809524,0.29633609398390015,0.2379746835443038,0.10354609929078014,0.3538497164205377,0.7266746941999513,0.17682907935120648,0.8611905503548309,0.12242740692407783,0.9688995922666018,0.9571010672232917,0.3264730851308742
Indices Oversold Bounce,wom,W3,1413,24,0.4962286388299126,16.34118694031418,0.48205711490873976,0.7961322399527186,17.463178538269464,0.7237060239702828,0.9357510091592716,0.7121757911332579,-2.2923453333333335,-28.720872380952375,0.16331675957482844,0.23848101265822785,0.08492569002123142,-0.5926485749943182,0.5591987741049884,-1.2718352157802597,0.21614183412061777,0.6960615975821731,0.9471496995398632,0.5320414378353668,0.7954989686653408
Indices Oversold Bounce,wom,W4+,1687,24,0.8359364552459989,17.267536580391035,0.7684987243445132,0.6802961145194273,17.176803983106733,0.6287180101742228,1.0052822747103325,1.2163379261467913,-3.1010733333333333,-25.811239682539682,0.3284695498103752,0.28472573839662446,0.09187907528156491,0.2697319712610341,0.7897717455098795,-0.8119490131014964,0.4251449816587535,0.7989140402512034,0.9771053877244017,0.717995799325773,0.8796597790033686
Indices Oversold Bounce,tom,TOM,1415,24,0.5498910718492344,14.210711587031643,0.6142725571668807,0.7794287952697709,18.038853284010592,0.6859110358620333,0.7877835338695189,1.137357898298232,-1.4650186666666665,-26.371198095238093,0.18123408341231387,0.23881856540084387,0.0862190812720848,-0.4605461173710373,0.6494491163223031,-1.810900359242163,0.08323905156603166,0.3905701013131734,0.7426959216132663,0.2878055348082009,0.568101965546434
Indices Oversold Bounce,tom,mid,4510,24,0.7794287952697709,18.038853284010592,0.6859110358620333,0.5498910718492344,14.210711587031643,0.6142725571668807,1.269384236921142,0.8792307166427091,-3.1010733333333333,-28.269689481481482,0.8187659165876862,0.7611814345991561,0.09113082039911308,0.4605461173710373,0.6494491163223031,1.810900359242163,0.08323905156603166,0.3905701013131734,0.7426959216132663,0.2878055348082009,0.568101965546434
Indices Oversold Bounce,opex,opex,1380,24,0.8725638647342994,21.35505706725809,0.6486295911560697,0.6796879207920793,15.72709062998689,0.6860589475290287,1.3578517203010416,0.6966300968092284,-2.2923453333333335,-39.68967149758454,0.2804678449602542,0.23291139240506328,0.10942028985507246,0.48723598991423717,0.6307026800957569,1.6459036678964452,0.11338192459736884,0.0006999948572677265,0.9954186568276681,0.33064781333299137,0.016799876574425436
Indices Oversold Bounce,opex,other,3198,24,0.7098290181363353,15.474430106450955,0.7281810221558944,0.7419459234812369,19.03087565677241,0.618890407943246,0.8131223379069348,1.4469257617548268,-1.736438666666667,-25.013341719077566,0.5287361158721683,0.5397468354430379,0.08505315822388994,-0.06368023513020026,0.9497750597172403,-1.130145187347608,0.2700634728313547,0.14102137329482445,0.9954186568276681,0.47733358761563355,0.34869321288733063
Indices Oversold Bounce,opex,post_opex,1347,24,0.6081279881217522,16.31693532610256,0.591638830348607,0.7588840832969272,17.45464332843133,0.6901837593181023,0.9348191778587882,0.9174702288099903,-3.1010733333333333,-22.25306467661692,0.19079603916757754,0.22734177215189874,0.08166295471417966,-0.4634301402095732,0.6474116938744032,-1.8141002413642071,0.08273023367419655,0.09558608263063309,0.9954186568276681,0.30546547818164876,0.33990247642481963
Indices Oversold Bounce,dow,Mon,1110,24,0.816398078078078,21.923094745065494,0.5911536607061908,0.7034512703357564,15.918194560711031,0.701520683264376,1.3772350037218188,0.6122842360367217,-3.1010733333333333,-38.42384242424242,0.21107253196889006,0.18734177215189873,0.10270270270270271,0.24545304725768938,0.8082826116711624,1.0901672201833021,0.2869296907960501,0.013277378717180235,0.9147050232633096,0.5481065335065607,0.1180211441527132
Indices Oversold Bounce,dow,Tue,1218,24,1.1330851669403392,15.57165640023254,1.1551224181656647,0.618912683237731,17.598523326452728,0.5582817419627649,0.8848274432677223,2.339809167604806,-1.395292,-20.25734888888889,0.32145235366894637,0.20556962025316455,0.08866995073891626,1.2413272043772343,0.22699634277479755,-1.0679722253024593,0.2966147419752689,0.3954343809239246,0.6725817563697705,0.5518413804191049,0.8792016984531017
Indices Oversold Bounce,dow,Wed,1218,24,0.4087446086480569,13.208443358451708,0.49124785784656405,0.8063456129169323,18.091947950237486,0.7075158413281253,0.7300730355173459,0.951617954607911,-1.2809266666666668,-21.999024444444444,0.11595943564790173,0.20556962025316455,0.08456486042692939,-0.8230938621008895,0.418907422331667,-4.010665222500728,0.0005478370698314292,0.03285343241250943,0.7331189767582132,0.007304494264419055,0.21902288275006287
Indices Oversold Bounce,dow,Thu,1193,24,1.2020540933221568,17.741844435798278,1.0755373957492007,0.6042411665257819,17.062220134202697,0.5621795449691013,1.039832114241289,1.8410248463301835,-1.736438666666667,-24.269455367231636,0.3340190394391932,0.20135021097046413,0.08130762782900251,1.033782446363328,0.3119860803348477,-0.2694803239634184,0.7899629812466629,0.8048898965234594,0.7186447796207888,0.9594831940465003,0.9198741674553822
Indices Oversold Bounce,dow,Fri,1186,24,0.06333783024170882,16.840685805737127,0.05970403438495337,0.8901036224238585,17.288253015100146,0.817315488368085,0.9741114843141122,0.07503777925332135,-2.2923453333333335,-36.035125423728815,0.017496639275068507,0.200168776371308,0.09359190556492411,-1.6314648156184233,0.11641079600794418,-0.6534276895265615,0.5199601288467799,0.7253414012238089,0.5953488407386848,0.7760541256150253,0.8792016984531017
Indices Oversold Bounce,eseason_data,off,3967,24,0.6680412738425341,18.258825660257955,0.5808055049108257,0.8392236976506638,14.83331774834673,0.8981310463398626,1.2309333602924417,0.5252234421924871,-3.1010733333333333,-30.917259932659935,0.6172658683577195,0.6695358649789029,0.09452987143937484,-0.3604332994703273,0.7218121781104583,1.813515142756697,0.0828230698369052,0.09167025189117034,0.9162748920840589,0.2936568703537754,0.16296933669541394
Indices Oversold Bounce,eseason_data,season,1958,24,0.8392236976506638,14.83331774834673,0.8981310463398626,0.6680412738425341,18.258825660257955,0.5808055049108257,0.812391663316707,1.9039515750203586,-1.3068586666666668,-21.495325085910654,0.3827341316422803,0.33046413502109706,0.08069458631256383,0.3604332994703273,0.7218121781104583,-1.813515142756697,0.0828230698369052,0.09167025189117034,0.9162748920840589,0.2936568703537754,0.16296933669541394
Indices Oversold Bounce,holiday,none,5490,24,0.7397936369156041,17.499545576530316,0.6710951354342937,0.5329946360153256,12.871167937743623,0.6573628425246785,1.3595926695365668,0.7492896103617731,-3.1010733333333333,-28.308195133819954,0.9459968786236527,0.9265822784810127,0.09089253187613844,0.37989299128607446,0.7075102135963278,3.787669178118773,0.000951744586261934,0.25173107738783934,0.986374560226817,0.004153067285506621,0.6041545857308144
Indices Oversold Bounce,holiday,post,218,24,1.4920562691131498,11.425846919141522,2.0729893502642134,0.6952955084399275,17.384000421696847,0.6349214076420386,0.6572622320510878,4.989523560774949,-0.5087653333333333,-8.829786666666665,0.07576148222581326,0.036793248945147676,0.0779816513761468,1.3382647704978619,0.19389088159642648,-4.679575363043734,0.0001034497057019885,0.28721617084388884,0.7095687549443932,0.0005517317637439386,0.6064380492450437
Indices Oversold Bounce,holiday,pre,217,24,-0.4304866359447004,14.136923143488028,-0.4833982203423616,0.7685240597991122,17.306678061140254,0.7049268028035013,0.8168478718761476,-0.8432371512779796,-1.5072759999999998,-36.19206666666667,-0.021758360849466037,0.03662447257383966,0.07834101382488479,-1.1798651963127507,0.25011383675064963,-3.0355403995396406,0.005877942450916056,0.5996885744402662,0.7095687549443932,0.014849538823366879,0.8473534362870294
LT Trend ST OS,month,Jan,442,22,0.5882096530920063,14.510688273249267,0.6434938570286893,0.564914465156678,11.603490718473045,0.7728483900701479,1.250545083829635,0.6671866784804003,-1.2004839999999999,-26.776927272727274,0.08445723380020155,0.08138464371202357,0.07692307692307693,0.07610054147602414,0.9400594602292052,-0.6535660955623582,0.5204841595148306,0.015458657493564284,0.99834198663406,0.6459669819010491,0.06471605071017146
LT Trend ST OS,month,Feb,422,22,1.510198420221169,12.560855595123241,1.908600614031004,0.4873314434018767,11.802555445489855,0.6554637144091812,1.0642488106186494,2.741996364410091,-0.49733466666666665,-5.5780634920634915,0.20702791047766672,0.0777020806481311,0.04028436018957346,1.3216895431715492,0.20049004854301816,-2.3290996792822063,0.029917583111220843,0.8484060039235006,0.6627959990476336,0.08090388672330144,0.925699189676747
LT Trend ST OS,month,Mar,481,22,0.39047040887040907,13.757063203104703,0.45057040777467544,0.5839455892255891,11.666432398496921,0.7945744279886482,1.1792005244788573,0.4817885908474621,-0.9777279999999999,-27.868588888888894,0.06101205313570463,0.08856564168661388,0.07692307692307693,-0.38448193870428377,0.7044872035951522,-0.46157832805993265,0.6491293341593203,0.017566628223586855,0.9593017240444625,0.745421433131797,0.06883250242711583
LT Trend ST OS,month,Apr,455,22,0.20635897435897435,12.557255369437689,0.26087286316833863,0.5997696141479101,11.80063150645427,0.8068252493609137,1.0641172349606534,0.30445857038681473,-1.8032106666666665,-16.191648484848482,0.030501218792666294,0.08377830970355367,0.035164835164835165,-1.0673937633498773,0.2979117674173443,-2.2808931202545235,0.03309848200442805,0.7199599213730548,0.7908741219580474,0.08587714249797547,0.8268357178207502
LT Trend ST OS,month,May,465,22,0.12247598566308243,11.68361562080143,0.16640790496313898,0.6084163511880791,11.882327658312173,0.812829811692458,0.9832766741311215,0.20861527400415214,-1.5990879999999998,-17.57855072463768,0.01850062210878375,0.0856195912354999,0.05161290322580645,-1.4172721261878027,0.1710699127557581,-1.579391654787396,0.12919183900007722,0.8485575905370181,0.6294536869468085,0.23153347155547147,0.925699189676747
LT Trend ST OS,month,Jun,467,22,1.0235700214132764,12.529247688630305,1.2968592177699876,0.5238395917271018,11.801179476928564,0.7046495425185588,1.061694529188809,1.7368549299270246,-1.138296,-16.863878260869566,0.1552804834386871,0.08598784754188915,0.09421841541755889,0.911178068116995,0.37254283186901926,-1.553268829337282,0.1353006931801582,0.16246056152776145,0.8009507650186664,0.2353346542477563,0.33904812840576304
LT Trend ST OS,month,Jul,465,22,0.0812361290322581,7.695313192180138,0.16758038784800988,0.6122779164988589,12.182313630915683,0.7978460328923528,0.6316791231389206,0.3331617137786322,-0.6165626666666667,-15.027715942028985,0.012271131492997847,0.0856195912354999,0.060215053763440864,-1.7126831128953077,0.10149874241272838,-4.610387060264625,0.00015110278254727846,0.44965247848710355,0.6286373723627048,0.0020722667320769617,0.6395057471816583
LT Trend ST OS,month,Aug,471,22,0.9699547062986554,9.64581382126573,1.5962938846312036,0.5285278763440859,12.054800899118163,0.6959982168799697,0.8001636776905492,2.8718474748473968,-0.46259866666666666,-4.173733333333334,0.148407140767586,0.08672436015466765,0.036093418259023353,0.7325293324960337,0.47194320178488935,-2.729643316417282,0.012555447078051937,0.2584235040919512,0.8269211927946283,0.0431037190221472,0.4442539074876243
LT Trend ST OS,month,Sep,429,21,-0.16213395493395494,7.974686240954004,-0.32274583165289406,0.6293287485005997,12.139462173023647,0.8229593721884189,0.6569225330818508,-0.5982666277758043,-0.7550146666666666,-15.123384126984126,-0.02259507072237299,0.07899097772049346,0.053613053613053616,-2.1611508991985393,0.04298954360667845,-3.500127628222455,0.0022544568833000153,0.23684910941991733,0.4855289630871919,0.011698803286313593,0.4393123339540461
LT Trend ST OS,month,Oct,463,21,0.6876892728581713,17.355200396902376,0.6290177308218136,0.5555448470209341,11.21996096953545,0.7860099574419486,1.5468146853652514,0.5183798854675393,-1.7705373333333334,-17.832608695652173,0.1034321797473813,0.08525133492911066,0.047516198704103674,0.24863538981593516,0.8061781272567958,-0.5883794146433121,0.5628639389225303,0.33823970657763414,0.9693359954277893,0.6754367267070364,0.5387744041544712
LT Trend ST OS,month,Nov,429,21,0.4103807303807304,3.7690766805801426,1.728431837486531,0.5802266293482606,12.31424642203373,0.7479801748481906,0.30607448896232736,7.565919698494311,-0.095936,-0.4568380952380952,0.05719086806849841,0.07899097772049346,0.018648018648018648,-0.8315408239944003,0.41548629489580147,-7.5934048632566284,2.5845134738787317e-07,0.00553627558969065,0.8009507650186664,2.4811329349235825e-05,0.02872878143839472
LT Trend ST OS,month,Dec,442,21,1.0064817496229261,11.80182283132372,1.3538080244145283,0.5278576869112047,11.871147957433347,0.7058694772613022,0.9941602003143919,1.9331828293099005,-0.21558266666666664,-3.751654545454545,0.14451422889219936,0.08138464371202357,0.049773755656108594,0.8988697521789544,0.37941696078791554,-2.088923536855124,0.04970555423073361,0.27696866077609034,0.8009507650186664,0.1109705396779169,0.4664735339386784
LT Trend ST OS,quarter,Q1,1345,22,0.8067722428748452,13.650528979851225,0.9382136278237794,0.48782140642845484,11.216209583661536,0.6904226152319038,1.2170358335435993,1.1171206429574647,-1.2004839999999999,-20.523550248756216,0.3524971974135729,0.24765236604676855,0.0654275092936803,0.685461118063541,0.5005504820073916,0.4187978100129709,0.67961627898604,0.0012993723381750095,0.8300191952892805,0.7970299702103179,0.0059399878316571866
LT Trend ST OS,quarter,Q2,1387,22,0.4533899543378996,12.259583231647955,0.5870788803079562,0.6057109462578305,11.728126113303137,0.8198550295447734,1.0453147513260443,0.6853590281691789,-1.8032106666666665,-16.64336425120773,0.2042823243401372,0.25538574848094275,0.06056236481614996,-0.3507632020349528,0.7292602485552215,-0.7079965602948823,0.48673197670486457,0.5839446081238249,0.913248595684755,0.7079737842979849,0.7051406588665055
LT Trend ST OS,quarter,Q3,1365,22,0.31140512820512833,8.508694721699312,0.5809825500871256,0.652552615182817,12.795840877791292,0.8095561457731619,0.6649578408299188,1.0797754765336953,-0.7550146666666666,-11.165064705882353,0.13808320153821088,0.251334929110661,0.04981684981684982,-1.2547044860537966,0.2233712264706554,-2.6797419907790205,0.014025167896325005,0.05039263885991979,0.8154684209046265,0.15363863995074548,0.11944921803832839
LT Trend ST OS,quarter,Q4,1334,21,0.704136731634183,12.453583163553828,0.897558874304693,0.522096298104304,11.668390500594583,0.7102969163438831,1.0672922853344027,1.184566127528625,-1.7705373333333334,-7.61030303030303,0.30513727670807905,0.24562695636162768,0.038980509745127435,0.49887597275777373,0.6233094653058435,-1.2381943012222465,0.22998191202897594,0.07073850138366167,0.8714561992950888,0.47480136676949874,0.1460407770501402
LT Trend ST OS,half,MayOct,2760,22,0.4631980676328503,11.653054022384005,0.6309969347270642,0.673875053038812,12.081674734712154,0.8854264880755218,0.9645230713671948,0.7388510145572981,-1.7705373333333334,-14.21413236714976,0.4152964868330631,0.5081937028171607,0.0572463768115942,-0.5305446499866224,0.6013004183850792,0.019333330062471753,0.9847577120883265,0.6268585805659428,0.7400620533970206,0.9847577120883265,0.6268585805659428
LT Trend ST OS,half,NovApr,2671,22,0.673875053038812,12.081674734712154,0.8854264880755218,0.4631980676328503,11.653054022384005,0.6309969347270642,1.0367818351742661,1.3534528346004588,-1.8032106666666665,-13.70995588972431,0.584703513166937,0.49180629718283925,0.05016847622613253,0.5305446499866224,0.6013004183850792,-0.019333330062471753,0.9847577120883265,0.6268585805659428,0.7400620533970206,0.9847577120883265,0.6268585805659428
LT Trend ST OS,wom,W1,1298,22,0.34592110939907555,10.620143086607802,0.5170671739093419,0.6361822727639326,12.230422991328554,0.8257343593600701,0.8683381673828903,0.7215182896646984,-0.8409,-14.627193750000002,0.14585932311203217,0.23899834284662125,0.05238828967642527,-0.9361779707891627,0.3598236150432811,-2.3630678459635432,0.02784801402253075,0.5436600645057272,0.9323262304038236,0.1782272897441968,0.6986190473125505
LT Trend ST OS,wom,W2,1295,22,0.8233603088803089,12.699173807535788,1.029235436752243,0.4864833978078659,11.592146760706813,0.6661996854236714,1.095498018588015,1.411007060252061,-1.7705373333333334,-13.91615625,0.34637148544054075,0.2384459583870374,0.05791505791505792,0.7941652426942206,0.43598235496099047,-0.5710453547398497,0.5740298670042925,0.4018385993108601,0.9323262304038236,0.7986502497451026,0.5942875375403948
LT Trend ST OS,wom,W3,1295,22,0.5276794851994852,13.960394661496263,0.6000297514391871,0.5790623791102515,11.130237608463965,0.8258880551951997,1.2542764272058409,0.5795472045378215,-1.8032106666666665,-16.944104166666666,0.2219843793218542,0.2384459583870374,0.054826254826254826,-0.10670438744894357,0.9160363009916266,-0.09021127617083362,0.9289742247136368,0.3947491665085683,0.9771053877244017,0.988578600475912,0.5942875375403948
LT Trend ST OS,wom,W4+,1543,22,0.570152171095269,10.094799526622324,0.896588892252937,0.5654840877914952,12.499642454374012,0.7181630700822024,0.8076070626396071,1.546464709682319,-1.5990879999999998,-11.347757575757575,0.28578481212557283,0.284109740379304,0.050550874918988985,0.2627145243330669,0.7953307849844977,-0.9939055845282785,0.33158395409628083,0.30677985415227566,0.9771053877244017,0.6302206729508678,0.5699045500112575
LT Trend ST OS,tom,TOM,1296,22,0.3554661522633745,8.272094016379278,0.6821549923352233,0.6330502539298671,12.785272230419332,0.7860107360028193,0.6470017898170298,1.3420827466545435,-0.6165626666666667,-9.164972916666665,0.14965309086669112,0.238630086540232,0.043209876543209874,-0.8303029199698931,0.4157075954425774,-3.2162516786096402,0.004144175732424589,0.013684155085862404,0.7426959216132663,0.03315340585939671,0.07298216045793282
LT Trend ST OS,tom,mid,4135,22,0.6330502539298671,12.785272230419332,0.7860107360028193,0.3554661522633745,8.272094016379278,0.6821549923352233,1.5455907784780578,0.7451105399370753,-1.8032106666666665,-15.526291909385113,0.8503469091333089,0.761369913459768,0.05707376058041112,0.8303029199698931,0.4157075954425774,3.2162516786096402,0.004144175732424589,0.013684155085862404,0.7426959216132663,0.03315340585939671,0.07298216045793282
LT Trend ST OS,opex,opex,1268,22,0.5603643533123029,13.528125589553925,0.6575566050013764,0.568773704860277,11.311972624922308,0.7981810910774607,1.195912157685834,0.6892404099499374,-1.8032106666666665,-16.42497566137566,0.2308193375821361,0.23347449825078254,0.055993690851735015,-0.018778126717881725,0.985195376567616,0.05665712526064604,0.9553539517296548,0.4209401684041758,0.9954186568276681,0.9553539517296548,0.6048449642002691
LT Trend ST OS,opex,other,2930,22,0.5673996359499431,11.165490421816937,0.8066990023719065,0.5661199520191924,12.637933606134842,0.7111032477085575,0.8834901946625883,1.283960577555004,-1.7705373333333334,-12.61525114155251,0.54005639043847,0.5394954888602468,0.052218430034129695,-0.2428821733407226,0.8104532702936846,-0.7939303971496225,0.4361160858169394,0.3544084062256345,0.9954186568276681,0.609128806611083,0.5670534499610153
LT Trend ST OS,opex,post_opex,1233,22,0.5720389294403893,11.657289287381944,0.7789835408057194,0.5652746387168494,11.926898227843045,0.7523713649230017,0.9773948821134647,1.0599243430025067,-1.5990879999999998,-14.891381420765027,0.22912427197939392,0.22703001288897073,0.055150040551500405,0.21165074268416306,0.8344201248156509,-0.7707268271426106,0.44945384130804,0.772479138508223,0.9954186568276681,0.609128806611083,0.8828333011522548
LT Trend ST OS,dow,Mon,1016,22,0.8495851706036746,12.267010706801319,1.099432192264791,0.5017368969422423,11.771208759209124,0.6766362299993427,1.042119884009729,1.5603599885024826,-1.5990879999999998,-13.617202666666667,0.28040326578741265,0.18707420364573743,0.05610236220472441,0.9658210782964349,0.34512546538135325,-0.5539387708441287,0.5854716045376663,0.48920867830417725,0.7186447796207888,0.8075470407416087,0.8792016984531017
LT Trend ST OS,dow,Tue,1115,22,1.0158530343796712,9.662496760406437,1.6689441026705634,0.4508041705282669,12.368954083484844,0.5785690773002742,0.7811894761019368,3.695040727062223,-0.49733466666666665,-5.508218181818182,0.3679494734879785,0.20530289081200515,0.04932735426008968,2.1964265841816624,0.039428820723892796,-3.138599093346165,0.004960963859557365,0.1994135947939807,0.35047840643460265,0.04960963859557365,0.7664172469101421
LT Trend ST OS,dow,Wed,1116,22,0.5723032258064517,8.407531009636571,1.080582640683736,0.5653896948628815,12.606807744115049,0.7119394013813684,0.666904039490986,2.277405039263667,-0.7734106666666667,-10.152482424242423,0.20747836869329261,0.20548701896519977,0.05555555555555555,0.1446729222922145,0.8863486082960119,-3.787001967081922,0.0010798929175947142,0.21496851625481608,0.9582147116713642,0.012341633343939592,0.7664172469101421
LT Trend ST OS,dow,Thu,1095,22,-0.1676260578386606,11.923585838130386,-0.2231695405975785,0.7522826260762608,11.84453942286695,1.0082381457854708,1.006673658843233,-0.22002889390310715,-1.7705373333333334,-21.944350617283952,-0.059626331049885566,0.2016203277481127,0.052968036529680365,-2.018081278795619,0.05653858888366557,-0.6772985771671408,0.505610238483403,0.9091666295832094,0.4523087110693246,0.7760541256150253,0.9445887060604772
LT Trend ST OS,dow,Fri,1089,22,0.5760811753902663,15.824578653681684,0.5778988085905796,0.5644851527713802,10.645946861239985,0.841721653782943,1.4864416345432068,0.4622047339141135,-1.8032106666666665,-19.58853333333333,0.20379522308120174,0.20051555882894495,0.05509641873278237,-0.24344071937419226,0.810026298746652,1.2090763868834298,0.24007081717618373,0.0787268040917685,0.9147050232633096,0.5453332259542554,0.4498674519529629
LT Trend ST OS,eseason_data,off,3635,22,0.6874774873911049,12.54448003498733,0.8699736259387701,0.3225870081662955,10.353790480447238,0.49459277821015757,1.2115833383606835,1.451385020712127,-1.7705373333333334,-15.658346961325966,0.8117930567236907,0.6693058368624563,0.06437414030261349,0.8723619502307208,0.39287630332357093,2.486400705885066,0.021397187247487747,0.010419419437228844,0.8031903308735941,0.17117749797990198,0.06398825643384282
LT Trend ST OS,eseason_data,season,1796,22,0.3225870081662955,10.353790480447238,0.49459277821015757,0.6874774873911049,12.54448003498733,0.8699736259387701,0.8253662528514435,0.6889970515951354,-1.8032106666666665,-10.683298876404493,0.18820694327630907,0.33069416313754374,0.03229398663697105,-0.8723619502307208,0.39287630332357093,-2.486400705885066,0.021397187247487747,0.010419419437228844,0.8031903308735941,0.17117749797990198,0.06398825643384282
LT Trend ST OS,holiday,none,5031,22,0.5675203604319884,12.219001892476747,0.7373029732943744,0.55788,5.8053890904041054,1.5254912824256235,2.1047688108750346,0.22910316670099803,-1.8032106666666665,-14.711915537848604,0.9275091453846095,0.9263487387221506,0.05426356589147287,-0.06320035976577544,0.9502046709505734,6.7311222541679,1.1663648772203954e-06,0.0949917300233199,0.986374560226817,9.330919017763163e-06,0.4042847047772515
LT Trend ST OS,holiday,post,200,22,0.48980933333333343,5.453971416999227,1.4256550906730103,0.5697543618173708,12.042990703092258,0.7510235888711689,0.45287516626570345,4.211882749974288,-0.22709466666666667,-4.4745333333333335,0.031822880522628556,0.03682563063892469,0.04,0.10282076688572099,0.9190807750548183,-6.0695809566115235,5.0503585831956385e-06,0.2081567031822418,0.986374560226817,3.4631030284770095e-05,0.5550845418193115
LT Trend ST OS,holiday,pre,200,22,0.6259506666666668,6.149741984360313,1.615784663363259,0.564549187535844,12.030233846825269,0.7449514807948205,0.5111905606043731,4.263502835640414,-0.364388,-4.753826666666666,0.040667974092761995,0.03682563063892469,0.055,-0.1428007900284683,0.8878088026106106,-7.201905294883908,4.25423230386111e-07,0.2905848985965835,0.986374560226817,4.084063011706665e-06,0.6064380492450437
Monday Dip,month,Jan,464,23,0.3604755747126437,8.615763216232386,0.664174746078826,0.3561037064584108,8.060496227362654,0.7013179995338106,1.068887444793385,0.8877519303741965,-0.7706866666666666,-4.352023188405798,0.08032162842912664,0.07942485450188291,0.01293103448275862,0.32064562499803134,0.751504820985662,-2.457474447041631,0.02234263806448742,0.37099024237188605,0.9693359954277893,0.06599671551356284,0.5744365043177591
Monday Dip,month,Feb,441,23,0.838411186696901,9.222913271221877,1.4430760202436566,0.3170981423193236,8.006748152114215,0.6286918058407757,1.1518925156633695,1.9968477309114605,-1.03882,-5.847163636363637,0.1775555839844773,0.07548784662786717,0.05215419501133787,1.5291976673126793,0.14046764797352743,-1.1711591197323044,0.25406388015865683,0.40016147066117946,0.6294536869468085,0.3781415890733497,0.5910077105149727
Monday Dip,month,Mar,504,23,0.22317513227513225,6.881462882778541,0.5148317230264834,0.36903449481703515,8.211786984071669,0.7133941738021891,0.8379982208655015,0.8627278730721697,-0.9325986666666666,-5.974816,0.05401507936599406,0.08627182471756248,0.02976190476190476,-0.011256163872449647,0.9911205224897806,-2.688476536856559,0.013420967561055739,0.3866159021883243,0.99834198663406,0.045080620614744125,0.5884132452332284
Monday Dip,month,Apr,476,23,-0.19109243697478992,7.647378865041705,-0.39667165018205564,0.40502169213566896,8.143481696000164,0.7895296235544143,0.9390797634871422,-0.5360343889125554,-0.8363146666666667,-13.804655072463767,-0.043680654080337826,0.08147894556658679,0.03571428571428571,-2.1494191535652907,0.04285891782300982,-2.9210799691435576,0.007912720825962751,0.9305376847447424,0.4855289630871919,0.02866495091669525,0.9578899956986804
Monday Dip,month,May,493,24,0.6195802569303582,8.843232880968072,1.1122099570245274,0.3321991649529507,8.034243089432561,0.6563777319843883,1.100692720214002,1.5422950435620713,-0.5475173333333334,-8.76351111111111,0.14668414405062702,0.0843889079082506,0.04665314401622718,0.961228338853242,0.3464346880381274,-1.384250039829737,0.17956708973294533,0.2977890370258464,0.7908741219580474,0.29217695956547035,0.49717821833880443
Monday Dip,month,Jun,509,24,0.8378496398166339,10.849583904310913,1.2258950034788336,0.3105045815363459,7.792721777254368,0.6325270634626433,1.3922714315271727,1.394513998469629,-1.0014546666666668,-11.525872,0.2047965097479827,0.08712769599452243,0.068762278978389,0.9368259320461718,0.3585817245651711,-0.4581485640240692,0.6511450035455633,0.011702663290662194,0.7908741219580474,0.745421433131797,0.05480271589773516
Monday Dip,month,Jul,508,24,0.33420183727034125,7.311687748267011,0.7255902983502874,0.35856990376202974,8.177394437161228,0.6960800046593054,0.8941341651614464,1.1678953902658133,-0.508352,-7.650613333333334,0.08152883313746832,0.08695652173913043,0.03740157480314961,-0.4677180738825609,0.6443876811857043,-3.0169601570499465,0.006140688950306211,0.9415613717455941,0.9302438705838739,0.024562755801224846,0.9615945924210323
Monday Dip,month,Aug,514,24,-0.20876783398184173,3.80046321479411,-0.8720217603719067,0.41097842842842847,8.402890536284275,0.7764090543404366,0.45228046210806166,-2.487672116299881,-0.49937466666666663,-6.673248,-0.05153062211060669,0.08798356727148236,0.019455252918287938,-2.6726287276221328,0.013596317379861188,-5.714531570803825,8.074126927178031e-06,0.04718402280283298,0.20393208806446678,0.00021609263393855722,0.14155206840849893
Monday Dip,month,Sep,471,23,0.16905902335456474,4.711102902948855,0.5696604067905178,0.37288393222863525,8.337302870121658,0.7099836730924248,0.5650631836624295,1.4226984043397628,-0.6407586666666666,-2.7859072463768113,0.038238244352729156,0.08062307428962684,0.010615711252653927,-1.03860770661491,0.31026823635085105,-4.638694239920174,0.00012679705248859333,0.058755451633498844,0.7908741219580474,0.0018726949290623015,0.15414607018109147
Monday Dip,month,Oct,507,23,-0.048678500986193377,6.985794129192412,-0.11061695099202895,0.3949515276476101,8.203185061981133,0.7642959515251497,0.8515953347888129,-0.17025617838842075,-0.8769906666666667,-9.621813333333336,-0.011851786969027478,0.08678534748373845,0.03155818540433925,-1.547243210136555,0.13607019176162144,-2.1360268494328043,0.044053549830564344,0.5343168258528626,0.6294536869468085,0.10314977521302872,0.719773952437485
Monday Dip,month,Nov,469,23,0.5620184790334044,9.012632895443701,0.9899179152166848,0.3385073019418078,8.021812479213747,0.6698781405610151,1.123515778858878,1.3178632726654043,-0.4582386666666666,-3.747443478260869,0.1265791337605099,0.08028072577884286,0.021321961620469083,0.43177362437443945,0.670108014374313,-1.6637946205215532,0.11033453358657049,0.6078837131539103,0.9365213946103659,0.20567214027787897,0.757880993023057
Monday Dip,month,Dec,486,23,0.8455684499314128,10.5118759668389,1.2769350639552735,0.3120687328852378,7.85016466211527,0.6310616105860682,1.3390643915495166,1.5139412671513441,-0.9079893333333333,-11.02228888888889,0.1973439063310568,0.08319068812050667,0.06378600823045268,0.8196186635122041,0.4212247564692879,-0.6117010822429352,0.5470055387569117,0.018511716745513513,0.8009507650186664,0.6689494486708729,0.07108499230277189
Monday Dip,quarter,Q1,1409,23,0.4609512183581736,8.244824659448257,0.8875111411207898,0.3232362132491164,8.060989088560067,0.6365491571259538,1.0228055848815234,1.363826529198009,-1.03882,-5.401493333333332,0.31189229177959793,0.24118452584731256,0.031227821149751596,1.1356925081037446,0.2683066169184133,-1.1990847301402832,0.24325125060932504,0.5391415192134442,0.8154684209046265,0.4774499482211328,0.6901011445932086
Monday Dip,quarter,Q2,1478,24,0.43366612539467747,9.2486648571969,0.7443492033995164,0.3302996944699053,7.680448903950234,0.6826873225380277,1.2041828508799917,0.9058511951059279,-1.0014546666666668,-11.177782648401829,0.30779999971827193,0.2529955494693598,0.05074424898511502,0.7300159366899532,0.4727509352481607,-0.04569584334660215,0.9639471199642194,0.018466583756096867,0.8226918127592371,0.995042188350162,0.05627911239953331
Monday Dip,quarter,Q3,1493,24,0.09517392275061395,5.493392937922134,0.2750284209509058,0.44614663907411667,8.824152029743026,0.802610642662588,0.6225406044009546,0.5506759256906795,-0.6407586666666666,-5.705032432432432,0.06823645537959076,0.25556316330023965,0.02277294038847957,-1.7699608290247235,0.08999087087527335,-4.142203466920973,0.0003949878522128906,0.01186041712932195,0.8054652136172683,0.025279222541625,0.037953334813830245
Monday Dip,quarter,Q4,1462,23,0.4444958504331965,8.930034735805014,0.7901596223345833,0.32706243531202434,7.811406041946344,0.6646633364442204,1.1432045252611072,1.040368433201701,-0.9079893333333333,-8.099609132420092,0.31207125312253925,0.250256761383088,0.03898768809849521,0.08186086414534526,0.9354975659639626,-0.0018263312397136964,0.9985592590918726,0.43802139000030527,0.997071125786406,0.9985592590918726,0.5980463952160675
Monday Dip,half,MayOct,3002,24,0.28292245169886737,7.489041177400556,0.5997102404276315,0.434173661971831,8.709930448766702,0.7913143799358403,0.8598278966120769,0.8813991358534572,-1.0014546666666668,-7.741258666666667,0.407865322209173,0.5138651146867511,0.03597601598934044,-1.1719194004304234,0.2532263164634482,-0.4450171139561295,0.6604673938669837,0.5862938719254642,0.5804291901245839,0.9606798456247035,0.6253801300538285
Monday Dip,half,NovApr,2840,24,0.434173661971831,8.709930448766702,0.7913143799358403,0.28292245169886737,7.489041177400556,0.5997102404276315,1.163023442179806,1.134559769033245,-1.03882,-7.368575586854461,0.5921346777908268,0.4861348853132489,0.03591549295774648,1.1719194004304234,0.2532263164634482,0.4450171139561295,0.6604673938669837,0.5862938719254642,0.5804291901245839,0.9606798456247035,0.6253801300538285
Monday Dip,wom,W1,1395,24,0.7454117084826762,9.352934240548855,1.2651691678430137,0.2344360392774155,7.669228926514181,0.4852582685083041,1.2195403645096237,2.138913585381299,-0.7706866666666666,-5.69112270531401,0.49935465067066004,0.2387880862718247,0.03512544802867384,1.850422437267949,0.07714051822106224,-0.4301667196752032,0.6710781576868337,0.2959781656510881,0.9323262304038236,0.8510564865236044,0.5699045500112575
Monday Dip,wom,W2,1390,24,0.11618714628297361,7.0985947948732,0.2598280111683894,0.43146591793950284,8.394137793798246,0.8159633873855593,0.8456609802281043,0.37673328955469715,-0.9325986666666666,-7.911455072463768,0.0775553150622446,0.23793221499486478,0.03525179856115108,-1.41974496015576,0.1690948236291577,-2.3892384992259728,0.025472534984756615,0.26319885533480075,0.9323262304038236,0.1782272897441968,0.5433782819815242
Monday Dip,wom,W3,1392,24,0.3011104406130268,8.289929530568811,0.5766008071041994,0.37376194756554304,8.047429513564937,0.7372897105571726,1.0301338479069757,0.7595527065572418,-1.0014546666666668,-8.635051207729468,0.2012814400503832,0.23827456350564874,0.03735632183908046,-0.0756757582577059,0.9403314622270271,-0.6019342336940153,0.5531059839346182,0.8109363587687304,0.9792925292009118,0.7877491178833468,0.8796597790033686
Monday Dip,wom,W4+,1665,24,0.2774121321321321,7.591058978923869,0.5801273690521589,0.3879567153459421,8.30195598678945,0.7418278221875647,0.9143699377596316,0.8555693717406273,-1.03882,-8.110001606425703,0.22180859421671212,0.28500513522766174,0.036036036036036036,-0.6297622862965279,0.535056768437657,-0.7163025192061888,0.48101503858368566,0.8749229602152956,0.9471496995398632,0.7329752968894258,0.9031462815125632
Monday Dip,tom,TOM,1395,24,0.5606521385902031,9.674650379088726,0.9199378205536245,0.29239412337905707,7.546052916019304,0.6151047260499304,1.2820809086231932,1.1670991148593775,-1.03882,-8.608639613526572,0.37558338516489226,0.2387880862718247,0.03870967741935484,0.745878322998243,0.46329654789585506,0.5581362673075829,0.5821442820070803,0.10996019501986291,0.7426959216132663,0.7533092314902899,0.24609570751071766
Monday Dip,tom,mid,4447,24,0.29239412337905707,7.546052916019304,0.6151047260499304,0.5606521385902031,9.674650379088726,0.9199378205536245,0.77998197561017,0.8568252578278144,-1.0014546666666668,-7.268154954954956,0.6244166148351078,0.7612119137281753,0.0350798290982685,-0.745878322998243,0.46329654789585506,-0.5581362673075829,0.5821442820070803,0.10996019501986291,0.7426959216132663,0.7533092314902899,0.24609570751071766
Monday Dip,opex,opex,1362,24,0.25148311306901616,8.355249299262953,0.47780389473595825,0.3883630357142858,8.028334872710163,0.7679141644199259,1.0407200785388306,0.5981706561949285,-1.0014546666666668,-9.573252941176472,0.1644843627484313,0.23313933584388907,0.038913362701908955,-0.7021894890607346,0.4896069024351184,-0.47759099330579385,0.6374488062058727,0.6176258368475842,0.9954186568276681,0.7596134551687412,0.7540714629984334
Monday Dip,opex,other,3153,24,0.40921019135215136,8.46956606841691,0.7669826705584554,0.2945878269492996,7.657041630883879,0.6107367573119556,1.1061146689154462,1.1352919668262147,-0.9325986666666666,-7.244028025477707,0.6195966960470608,0.5397124272509415,0.035204567078972404,0.42811123627372305,0.6725524121590709,0.37985717673339475,0.7075364367410654,0.8494652003051022,0.9954186568276681,0.780262511770044,0.9245433050071495
Monday Dip,opex,post_opex,1327,24,0.33882943983923636,6.869907958148685,0.7829436203307034,0.3616300627537837,8.434630700312326,0.6806106253940185,0.8144882926402811,1.4131169886576889,-1.03882,-6.352014141414141,0.2159189412045078,0.22714823690516947,0.0346646571213263,0.02214019643597506,0.9825270835273512,-2.2188082435802214,0.036646795438145155,0.4656418284400199,0.9954186568276681,0.22105477286326533,0.637379560840468
Monday Dip,dow,Mon,1094,24,0.0,0.0,,0.4385818028643639,8.988797619494413,0.7745496755345102,0.0,,0.0,0.0,0.0,0.187264635398836,0.0,-2.574193333586077,0.01696021337726571,-8.459009785484767,1.625389199222429e-08,3.725445316486699e-07,0.27003377699072645,4.3343711979264774e-07,5.960712506378718e-06
Monday Dip,dow,Tue,1201,24,0.5113053566472384,8.706585793030149,0.9322507236671719,0.3163776484952956,7.942677298911856,0.6323232432565052,1.0961777075121695,1.3458008267401473,-0.8769906666666667,-10.92768888888889,0.2948913483747941,0.20558028072577883,0.061615320566194835,1.0229673183909582,0.31696309732991207,0.3215071420730811,0.7507296800219877,0.01751691397058828,0.7186447796207888,0.9594831940465003,0.14013531176470623
Monday Dip,dow,Wed,1201,24,0.9179291701359978,11.453526658252683,1.2722434117365122,0.21115136105724341,6.976328395074382,0.48047106619411206,1.6417699984334762,1.6138338822936606,-0.9325986666666666,-11.78920222222222,0.5294084389589432,0.20558028072577883,0.06244796003330558,2.292911091040066,0.03132954049027494,2.4384211565604925,0.02288786211169579,1.9053797900127503e-06,0.31329540490274943,0.1664571789941512,2.540506386683667e-05
Monday Dip,dow,Thu,1176,24,0.311118820861678,10.704480493050752,0.46138233166534187,0.36787626803829115,7.307075135808174,0.7992055100423228,1.4649473686938927,0.39432729243099185,-1.03882,-14.56057011494253,0.17570021266626276,0.20130092434097913,0.05187074829931973,-0.2695703970945229,0.7898945299181802,1.5930230843827384,0.12480647327141842,0.002416761705513899,0.9147050232633096,0.38401991775821054,0.027620133777301704
Monday Dip,dow,Fri,1170,24,0.0,0.0,,0.4457162671232876,9.061453651723854,0.7808378942907764,0.0,,0.0,0.0,0.0,0.20027387880862718,0.0,-2.5786649218402475,0.016791855377237305,-8.488664455718926,1.5280924917608227e-08,1.1634922641246347e-07,0.27003377699072645,4.3343711979264774e-07,2.326984528249269e-06
Monday Dip,eseason_data,off,3925,24,0.4425768492569002,8.650426695246622,0.8121783956472652,0.18011072856894456,6.853684193852888,0.41717258873014734,1.2621571771581255,1.542077787398737,-1.0014546666666668,-8.004959863945578,0.834193948507027,0.671858952413557,0.04,1.1054649147584308,0.2803881797750768,1.7400403024717626,0.09521794484757942,0.07718547072103497,0.8031903308735941,0.2936568703537754,0.15437094144206995
Monday Dip,eseason_data,season,1917,24,0.18011072856894456,6.853684193852888,0.41717258873014734,0.4425768492569002,8.650426695246622,0.8121783956472652,0.7922943497826485,0.6484757177436917,-1.03882,-6.721625263157895,0.165806051492973,0.328141047586443,0.02764736567553469,-1.1054649147584308,0.2803881797750768,-1.7400403024717626,0.09521794484757942,0.07718547072103497,0.8031903308735941,0.2936568703537754,0.15437094144206995
Monday Dip,holiday,none,5412,24,0.39632315841340227,8.389287697502152,0.7499367434661157,-0.1453826356589147,2.5444991809169237,-0.9070066953497466,3.297029042264823,,-1.03882,-7.916471111111111,1.0300206212129184,0.9263950701814447,0.03787878787878788,1.8320375018230928,0.07992748755317847,8.410711695133518,1.797740532577039e-08,0.012493248463873579,0.5480742003646524,4.2839582863205594e-07,0.11993518525318636
Monday Dip,holiday,post,215,24,-0.01998077519379845,0.2929756749786559,-1.0826324506755807,0.37083388424856345,8.25809481179388,0.7128527277526009,0.03547739298902693,-43.000848489988094,-0.042958666666666666,-0.42958666666666667,-0.002062953670205811,0.036802464909277646,0.004651162790697674,-2.724415793526563,0.012089155986477465,-8.22124845406647,2.67747392895035e-08,0.04229466926880037,0.19342649578363943,4.2839582863205594e-07,0.23592660412255043
Monday Dip,holiday,pre,215,24,-0.270784496124031,3.5863315179560273,-1.1985982311715062,0.380416752562052,8.22801163931505,0.7339475192520043,0.43586855186492857,-3.7635751230077172,-0.508352,-6.578346666666666,-0.027957667542712852,0.036802464909277646,0.018604651162790697,-1.5813713515326413,0.12744855030499855,-7.304252590720841,1.9697268128555234e-07,0.15175337989405058,0.55613912860363,2.363672175426628e-06,0.48561081566096187
Monthly Weak Close,month,Jan,424,21,0.6362893081761006,6.819097137598967,1.4812488257787635,0.18648719781374817,4.774615348180996,0.6200274310689233,1.4281982191920164,1.6763427161995756,-0.13200933333333334,-0.6286158730158731,0.23319665079176105,0.08183748311136846,0.01650943396226415,1.314143210642188,0.20367168720734574,-0.11041173180314734,0.913183294553855,0.1666882309884077,0.6627959990476336,0.9456596904102381,0.3432184509451414
Monthly Weak Close,month,Feb,403,21,0.2231593052109181,3.084349086057503,1.1485548643122212,0.22330955769499095,5.101980566838776,0.6948143537256004,0.6045395598142365,2.740604252365224,0.0,0.0,0.0777359433440704,0.07778421154217333,0.007444168734491315,0.026868066055712358,0.9788312515875169,-1.9778337905044714,0.06189115337485845,0.5116764879435689,0.99834198663406,0.12602964404019493,0.7020554036325265
Monthly Weak Close,month,Mar,459,21,0.39186637618010167,5.523179589335331,1.1262870907285514,0.2069122405760271,4.9179837084177,0.6678814297521948,1.1230577238151007,1.5045370409446202,-0.08713333333333334,-0.3960606060606061,0.15547211718794393,0.08859293572669369,0.008714596949891068,0.4372872134874581,0.6665884762768723,-1.1182709747948567,0.27670393519844994,0.8184188111029218,0.9365213946103659,0.40867042737001835,0.9030828260446033
Monthly Weak Close,month,Apr,434,21,0.0,0.0,,0.24371313812232287,5.196253477071677,0.7445414557499737,0.0,,0.0,0.0,0.0,0.0837676124300328,0.0,-3.391054143418643,0.0029005704114999525,-3.6228914712556497,0.0016957059538834206,0.096604355431009,0.08150910145630727,0.009361178112514282,0.2208099552708777
Monthly Weak Close,month,May,444,21,0.0,0.0,,0.2442276264865245,5.201724413287397,0.7453284852896122,0.0,,0.0,0.0,0.0,0.08569774174869717,0.0,-3.3805437339459847,0.0029716859905945356,-3.6201702636317146,0.0017064647600937494,0.09249998040558408,0.08150910145630727,0.009361178112514282,0.2139758582876162
Monthly Weak Close,month,Jun,445,21,0.2527038202247191,5.495797202283442,0.7299302784237987,0.2205348536036036,4.92305526782933,0.7111198387757766,1.1163387171776857,0.9213569741156605,-0.5733746666666667,-2.6062484848484853,0.09720165171548903,0.08589075468056359,0.011235955056179775,0.17886297965400716,0.8598447868395971,-1.0078949601177787,0.3255441441800201,0.5594107611657189,0.9711188180776626,0.4562370487778384,0.7306589533593063
Monthly Weak Close,month,Jul,445,21,0.0,0.0,,0.2442791948198198,5.202272457826827,0.7454073255867003,0.0,,0.0,0.0,0.0,0.08589075468056359,0.0,-3.390637149574066,0.0029033598126637847,-3.6235429479268886,0.0016931401786765166,0.09209916409699212,0.08150910145630727,0.009361178112514282,0.2139758582876162
Monthly Weak Close,month,Aug,448,21,0.4435413690476191,9.892716365626944,0.7117358561374778,0.20245082048031554,4.223289727889059,0.7609724525998243,2.3424195361968816,0.4000957617089588,-1.2543586666666666,-9.43869090909091,0.1717568130267425,0.0864697934761629,0.026785714285714284,0.5870100858993763,0.5637653941993186,0.1405453119760419,0.8896350274286167,9.594501403794572e-06,0.8869557327094066,0.9385160728917273,0.0002042440146717776
Monthly Weak Close,month,Sep,408,20,0.0,0.0,,0.2423855576506739,5.182109435261995,0.7425067898879333,0.0,,0.0,0.0,0.0,0.0787492762015055,0.0,-3.440404409529987,0.002741884771450456,-3.681056805583492,0.0015867958153701694,0.10814272405642822,0.08150910145630727,0.009361178112514282,0.23594776157766156
Monthly Weak Close,month,Oct,442,20,0.28555022624434384,7.778572335105126,0.5827508079223019,0.21749167897587396,4.628118525903471,0.7459993406504984,1.680720208777852,0.46573732692117853,-1.0239826666666667,-5.2969757575757574,0.10909544155521905,0.08531171588496429,0.013574660633484163,0.23459544475092364,0.8170323124210834,-0.5041750696365123,0.6199347928544685,0.05475229088060722,0.9693359954277893,0.7314409932552939,0.15414607018109147
Monthly Weak Close,month,Nov,408,20,0.4410460784313725,4.035972916037824,1.7347463888265062,0.20468457294503806,5.0463058957945615,0.6438901902581892,0.799787606891069,3.376169698751872,0.0,0.0,0.1555413823787741,0.0787492762015055,0.01715686274509804,0.7129165573684089,0.48456192949761046,-1.2438770629128229,0.22867311735892643,0.7926949483747834,0.8269211927946283,0.348454274070745,0.8797539311442684
Monthly Weak Close,month,Dec,421,20,0.0,0.0,,0.2430475350140056,5.189166999223738,0.7435220348589864,0.0,,0.0,0.0,0.0,0.08125844431576916,0.0,-3.4404098629528788,0.0027418509029013163,-3.6807669437358284,0.001587844304387368,0.1022113931554844,0.08150910145630727,0.009361178112514282,0.22678867777884057
Monthly Weak Close,quarter,Q1,1286,21,0.41958517366511144,5.4022033447602515,1.2329613890648532,0.15849030380830123,4.823636151936378,0.5215890036691586,1.1199442027963937,2.111791268042776,-0.13200933333333334,-0.3424104166666667,0.46640471132377537,0.24821463038023547,0.01088646967340591,1.40241070061352,0.1761244546275455,0.1389443066564834,0.8908837211329408,0.5341797478012583,0.8054652136172683,0.9830441060777277,0.6901011445932086
Monthly Weak Close,quarter,Q2,1323,21,0.08499863945578232,3.1872168513892003,0.42335104060614376,0.27072396751339206,5.4534416656975395,0.7880545929267382,0.5844413577277221,0.9196428331011924,-0.5733746666666667,-0.8687494949494949,0.09720165171548903,0.25535610885929355,0.003779289493575208,-1.377589889099522,0.18355144852331298,-1.9335315238946322,0.06745085780786665,0.07833101742498154,0.8054652136172683,0.2520246763620926,0.15191470046057026
Monthly Weak Close,quarter,Q3,1301,21,0.15273369203177042,5.8047602855778715,0.4176868770351613,0.2469586941580756,4.663410033552617,0.840661169590232,1.2447458498852535,0.39936606057731333,-1.2543586666666666,-3.1946338461538466,0.17175681302674248,0.251109824358232,0.009223674096848577,-0.6568547279401336,0.5187619970558003,-0.7928004920169301,0.43719829728920234,0.43541775764589497,0.8300191952892805,0.6873602364400815,0.5980463952160675
Monthly Weak Close,quarter,Q4,1271,20,0.2408811959087333,5.124784617256179,0.746152419058215,0.21758216538789427,4.925007892894469,0.7013206620478759,1.040563736892673,1.02299373251083,-1.0239826666666667,-1.849737566137566,0.26463682393399324,0.24531943640223894,0.010228166797797011,0.06795397195272576,0.9465323075776475,-0.6222098839022318,0.5411995565414542,0.708609715991876,0.997071125786406,0.7529732960576755,0.8398337374718531
Monthly Weak Close,half,MayOct,2632,21,0.16617512664640324,5.647697280314704,0.4670838793610555,0.2822806329279456,4.166543493137872,1.0754876638930233,1.3554874177159635,0.3203971023773893,-1.2543586666666666,-2.9123826972010183,0.37805390629745056,0.508010036672457,0.008738601823708206,-0.9207786193491216,0.3681398864817178,0.05172813028559478,0.9592584921599663,0.2563688602245353,0.5804291901245839,0.9847577120883265,0.37290016032659684
Monthly Weak Close,half,NovApr,2549,21,0.2822806329279456,4.166543493137872,1.0754876638930233,0.16617512664640324,5.647697280314704,0.4670838793610555,0.7377420010914079,3.1211268534573704,-0.13200933333333334,-0.17255328083989505,0.6219460937025495,0.49198996332754297,0.00823852491173009,0.9207786193491216,0.3681398864817178,-0.05172813028559478,0.9592584921599663,0.2563688602245353,0.5804291901245839,0.9847577120883265,0.37290016032659684
Monthly Weak Close,wom,W1,1240,21,0.8363056989247311,9.771723574229846,1.3586079564609168,0.030420502410555696,1.532238243388868,0.3151667222114031,6.3774178828859,0.6763151080491021,-1.2543586666666666,-6.279051612903227,0.8963725900237149,0.23933603551437946,0.03306451612903226,3.2010892484511646,0.004485051518156943,3.6492850880659233,0.0015947713314075171,8.214487959422725e-19,0.09568109905401478,0.03628796708914283,5.257272294030544e-17
Monthly Weak Close,wom,W2,1235,21,0.09707465587044535,2.736712397318641,0.5630889054151588,0.2628026017908431,5.489998009117418,0.7599022736451826,0.49849059922675637,1.4873184950319709,-0.141352,-0.23172459016393446,0.10362740997628503,0.2383709708550473,0.0024291497975708503,-1.6148288934142079,0.12201431587430354,-3.176671346496337,0.004741916235999792,0.035608450678709734,0.9323262304038236,0.06069652782079734,0.23695668532659328
Monthly Weak Close,wom,W3,1235,21,0.0,0.0,,0.2931845582023991,5.698147486385646,0.8167848562374594,0.0,,0.0,0.0,0.0,0.2383709708550473,0.0,-3.385979829250476,0.002934693401182132,-3.621550721570241,0.00170099845730357,0.002103695054390062,0.09391018883782823,0.03628796708914283,0.03365912087024099
Monthly Weak Close,wom,W4+,1471,21,0.0,0.0,,0.31183457322551655,5.876140782859552,0.842427124979654,0.0,,0.0,0.0,0.0,0.283922022775526,0.0,-3.391047823990282,0.002900612664495863,-3.6224694009187965,0.001697370285867466,0.0005367795592733586,0.09391018883782823,0.03628796708914283,0.011451297264498317
Monthly Weak Close,tom,TOM,1238,21,0.5568050619278406,8.912881001401846,0.9917114717707645,0.11858523966522949,2.745924192172059,0.6855550948091075,3.2458583622993795,0.4459171723202089,-1.2543586666666666,-5.9116043715846995,0.5958344997583787,0.23895000965064658,0.025040387722132473,2.7805869752266203,0.011541601311320126,3.4628605652319555,0.00245746950907062,6.124376339195141e-10,0.18466562098112202,0.03315340585939671,9.799002142712225e-09
Monthly Weak Close,tom,mid,3943,21,0.11858523966522949,2.745924192172059,0.6855550948091075,0.5568050619278406,8.912881001401846,0.9917114717707645,0.3080849157236781,2.2425689389730645,-0.2869333333333334,-0.21740372250423012,0.4041655002416214,0.7610499903493534,0.003296981993406036,-2.7805869752266203,0.011541601311320126,-3.4628605652319555,0.00245746950907062,6.124376339195141e-10,0.18466562098112202,0.03315340585939671,9.799002142712225e-09
Monthly Weak Close,opex,opex,1209,21,0.0,0.0,,0.2912654246391406,5.679511851661787,0.8141008233459155,0.0,,0.0,0.0,0.0,0.23335263462651998,0.0,-3.3838699896201616,0.0029489969193730306,-3.620280821028513,0.0017060263390510897,0.0024243002335262603,0.04737894120100782,0.027360206431835957,0.03475229225398747
Monthly Weak Close,opex,other,2796,21,0.4137719122556032,6.765963490883564,0.970804155955329,0.0,0.0,,,,-1.2543586666666666,-2.9024201438848922,1.0,0.5396641574985525,0.015736766809728183,3.382080262340748,0.002961183825062989,3.619276553786427,0.0017100129019897473,3.7577691378796163e-07,0.04737894120100782,0.027360206431835957,1.803729186182216e-05
Monthly Weak Close,opex,post_opex,1176,21,0.0,0.0,,0.28886548481065333,5.656120146052987,0.8107319668862653,0.0,,0.0,0.0,0.0,0.22698320787492762,0.0,-3.386923532438559,0.0029283176679439906,-3.621831438859487,0.0016998889987304392,0.0028960243544989554,0.04737894120100782,0.027360206431835957,0.03475229225398747
Monthly Weak Close,dow,Mon,971,21,0.12979649845520086,5.355432803565399,0.3847411799070449,0.2448631512272367,4.882557898757963,0.7961159091086286,1.0968498304808072,0.4409501786878315,-1.0239826666666667,-3.327827777777778,0.1089391626887203,0.18741555684230843,0.009268795056642637,-0.5659802907484636,0.5777030474362754,0.11991448247477414,0.9057473119769419,0.5786445039510288,0.8231051139536568,0.9791862832183156,0.8792016984531017
Monthly Weak Close,dow,Tue,1064,21,0.3242639097744361,5.461231295990911,0.942558501464435,0.19720414541332684,4.840832152067663,0.6466902093085282,1.1281596065375363,1.2928387054297843,-0.5186693333333333,-0.9786213836477987,0.2982236417424541,0.2053657595058869,0.007518796992481203,0.773091040951691,0.4485097222936083,0.17459364535995797,0.8631542517042248,0.7528843532529711,0.7475162038226806,0.9594831940465003,0.8857462979446719
Monthly Weak Close,dow,Wed,1064,21,0.2176870927318296,3.419732530445205,1.0105104522699557,0.22474792324508136,5.302767858961773,0.6728114015926088,0.6448957641367979,2.3305627766005417,-0.13200933333333334,-0.4134767295597485,0.20020555972440066,0.2053657595058869,0.010338345864661654,-0.04153355340455522,0.967282384948112,-2.8804964824829655,0.009247658523230043,0.37589669758239586,0.9872532465864567,0.07398126818584035,0.8792016984531017
Monthly Weak Close,dow,Thu,1044,21,0.27151813537675606,4.106818656278173,1.0495269298818641,0.21112915961646925,5.170599423106815,0.6481978646765101,0.7942635505518513,2.0400112254708374,-0.2869333333333334,-0.5517948717948719,0.24501979244184233,0.2015055008685582,0.007662835249042145,0.5075478995247658,0.6173218369449661,-1.9681092190786216,0.06307537831242731,0.7019733485382331,0.8231051139536568,0.25230151324970923,0.8792016984531017
Monthly Weak Close,dow,Fri,1038,21,0.16452125883108537,6.100921573898151,0.42808188662443636,0.23802394400193097,4.650189331258667,0.8125503505949748,1.3119727261184038,0.40185143313437,-1.2543586666666666,-2.7691398692810463,0.14761184340258277,0.20034742327735958,0.007707129094412331,-0.2852699632150835,0.7783706326952275,0.03230325426590122,0.9745504205002931,0.6760038307465001,0.9147050232633096,0.9817308631050834,0.8792016984531017
Monthly Weak Close,eseason_data,off,3468,21,0.2009899269511726,4.614512792539367,0.6914307793467511,0.2684607122008173,5.633885864374786,0.7564373489701166,0.8190639469142773,1.1156541344863784,-1.0239826666666667,-1.0813402697495182,0.6024974423165599,0.6693688477127968,0.006055363321799308,-0.44369789920706104,0.6620240082352612,-0.07565484664676476,0.9404453610752121,0.14783452270757144,0.9162748920840589,0.9571696779136933,0.21503203302919482
Monthly Weak Close,eseason_data,season,1713,21,0.2684607122008173,5.633885864374786,0.7564373489701166,0.2009899269511726,4.614512792539367,0.6914307793467511,1.2209058935720185,0.8963351356739041,-1.2543586666666666,-2.5454650980392155,0.39750255768344017,0.33063115228720324,0.013426736719206071,0.44369789920706104,0.6620240082352612,0.07565484664676476,0.9404453610752121,0.14783452270757144,0.9162748920840589,0.9571696779136933,0.21503203302919482
Monthly Weak Close,holiday,none,4798,21,0.2145178824510213,4.942626401636541,0.6889790034144588,0.3332884247171453,5.360564873916911,0.9869836191502536,0.9220346209568419,0.7552729449828759,-1.2543586666666666,-1.688018410041841,0.8896630865053086,0.9260760470951553,0.00854522717799083,-0.431208733241943,0.6709287228250134,1.029766799594679,0.3154128532861451,0.8513821304736433,0.986374560226817,0.4069525389402084,0.9275863636162891
Monthly Weak Close,holiday,post,192,21,0.6648409722222222,7.566354983386931,1.394862290576024,0.20630523150932054,4.847246257339992,0.6756401153567181,1.560959477131887,1.3292451353244839,0.0,0.0,0.11033691349469164,0.03705848291835553,0.015625,0.8370261634519768,0.4124683018783354,-0.46221886418647606,0.6489131651063421,0.4163485954723243,0.814049237839121,0.6771267809805309,0.7137404493811274
Monthly Weak Close,holiday,pre,191,21,0.0,0.0,,0.2318449432197729,5.068397969109637,0.7261514185262363,0.0,,0.0,0.0,0.0,0.0368654699864891,0.0,-3.387351482119952,0.0029254308844000234,-3.623388778904679,0.0016937470111118463,0.2823739059375667,0.07021034122560056,0.00580713260952633,0.6064380492450437
Overbot Vol Spike,month,Jan,464,23,1.1408178160919535,41.40303604776578,0.43740563795306586,1.3783275399913535,20.82067504819141,1.0508915453224925,1.9885539710856905,0.20972278120279378,-3.578985333333333,-83.36830724637682,0.06643172197445037,0.07916737758061765,0.3426724137931034,-0.21104336254659747,0.8347960744274866,0.45686970712044794,0.6522437539903224,1.093461268653434e-07,0.9693359954277893,0.745421433131797,4.422932171903036e-06
Overbot Vol Spike,month,Feb,441,23,1.7516075585789868,20.401359581230114,1.362943869342331,1.3276225584255843,23.330644874647533,0.9033335709559503,0.8744447352760251,1.7290327928263565,-1.3516,-37.69203636363637,0.09694304000988999,0.07524313257123358,0.23809523809523808,0.2991176064668424,0.7676577237562481,-1.4108276684055283,0.17228020775559932,0.9268557897358101,0.9693359954277893,0.2851534473196126,0.9578899956986804
Overbot Vol Spike,month,Mar,504,23,2.6055007936507937,34.572536458006894,1.1963554625194248,1.2422999439985065,21.737454879615587,0.9072313360802178,1.5904592625711427,0.8306175787416452,-1.3722133333333335,-38.88056533333333,0.16480219079575228,0.08599215150998123,0.22023809523809523,1.3946891414277098,0.1770338494537899,0.040370456479521526,0.9681619148477494,0.19458333147959453,0.6294536869468085,0.9732308253966905,0.37359999644082154
Overbot Vol Spike,month,Apr,482,24,1.486993084370678,21.028160962602797,1.1225557697169357,1.348102348639772,23.302040828753498,0.918394294107087,0.9024171366421755,1.3570399441287462,-1.08452,-38.894194444444445,0.0899491826641854,0.08223852584883126,0.25933609958506226,0.2261554948365428,0.823078214623415,-1.9873299992474431,0.05892113734146519,0.9227284863262244,0.9693359954277893,0.12164363838237974,0.9578899956986804
Overbot Vol Spike,month,May,506,24,0.7285446640316205,16.23893299161709,0.7121950688604292,1.4191465172735764,23.669220990558372,0.9517952686741304,0.68607805039696,1.092596804288454,-1.1093133333333334,-43.554394666666674,0.04626450639903259,0.08633339020644941,0.23122529644268774,-0.8716530466774601,0.392405875552138,-3.1184670245115087,0.004831307030521008,0.5388690657644677,0.8009507650186664,0.02108206704227349,0.719773952437485
Overbot Vol Spike,month,Jun,509,24,0.37533411918795,19.383541149120546,0.30738678664208297,1.4531255854509217,23.445767579560275,0.9838728230505772,0.8267394566351871,0.3785737365842491,-1.1721586666666668,-52.694789333333325,0.023976018325839923,0.08684524825115168,0.28487229862475444,-1.3949970782443462,0.17634336293067127,-2.434818048341475,0.023068650426995116,0.7648015857559207,0.6294536869468085,0.06710880124216761,0.854046870601038
Overbot Vol Spike,month,Jul,508,24,-0.44340839895013123,17.87059876146884,-0.3938810451238409,1.5306229528613238,23.553639421564732,1.0315979484437672,0.7587192128409364,-0.5041365028873042,-1.5802866666666664,-48.13914666666666,-0.02826889689931271,0.08667462890291759,0.1968503937007874,-1.899637622469638,0.07009185712758267,-2.979491561573958,0.006705204934449133,0.16803403327522548,0.6286373723627048,0.02574798694828467,0.3432184509451414
Overbot Vol Spike,month,Aug,514,24,1.4516464332036318,18.83178534723921,1.2236849718809486,1.350668960787981,23.494471677782343,0.9126063925578829,0.8015411287178498,1.675810211001291,-1.8379826666666665,-29.452346666666667,0.09364081928674275,0.08769834499232212,0.16731517509727625,0.10606145860461105,0.9164532223511406,-2.6199801348805694,0.01530862408087289,0.09166707649215186,0.9886423010394784,0.04981789531402703,0.2139758582876162
Overbot Vol Spike,month,Sep,471,23,2.8147380042462844,20.400810668378888,2.190235540957463,1.2323620779220779,23.34194572301017,0.838111001214721,0.8739978624947299,2.9958590572678063,-1.0103253333333333,-29.749205797101453,0.16637961634669285,0.08036171301825627,0.25477707006369427,1.6238209567911683,0.11865691636203812,-1.5667568975866617,0.13144348124763744,0.8644196095545272,0.6294536869468085,0.23153347155547147,0.9307677369468771
Overbot Vol Spike,month,Oct,507,23,1.2345588428665348,15.242455718402594,1.2857517466127157,1.371358211928776,23.73378033369721,0.9172426986690354,0.642226206870271,2.1865587714170984,-0.8759813333333333,-23.18678933333333,0.07855267670804812,0.0865040095546835,0.15581854043392504,-0.1872024499332052,0.853217620975502,-3.716559365515338,0.0012009765623490992,0.015504887149311912,0.9693359954277893,0.008868749998885657,0.06471605071017146
Overbot Vol Spike,month,Nov,469,23,1.3711502487562193,16.424106967207198,1.3252675139865489,1.3585133036597428,23.615941212804035,0.9131852900212277,0.6954669652676141,2.0908100424044345,-1.1916293333333332,-25.63693333333333,0.0807047550957686,0.08002047432178809,0.2068230277185501,0.02087185622053019,0.9835360248391807,-2.9510436234531285,0.007385003452002879,0.05869310765213071,0.99834198663406,0.02726770505354909,0.15414607018109147
Overbot Vol Spike,month,Dec,486,23,1.977686968449931,21.797387879025578,1.4403013568483611,1.3036311317829457,23.238997320527535,0.890507553786589,0.9379659362399191,1.7275969143674712,-1.5441773333333333,-43.074422222222225,0.12062436929290976,0.08292100324176761,0.28189300411522633,0.7353657601323569,0.46988439199216825,-1.046316047832619,0.3067755356854338,0.3584055050048709,0.8269211927946283,0.43955897650450215,0.5594622517149204
Overbot Vol Spike,quarter,Q1,1409,23,1.8559054648687012,33.48333053677167,0.8798881541659924,1.2024264150943398,18.68431246627735,1.0216018180823292,1.7920558006725982,0.4808449531623378,-3.578985333333333,-54.25712952380952,0.3281769527800927,0.24040266166183244,0.26614620298083747,0.9890690792340561,0.3333834842034342,1.5145736646556438,0.14411645802982076,2.024240642408952e-05,0.8154684209046265,0.34160938199661217,0.00016193925139271616
Overbot Vol Spike,quarter,Q2,1497,24,0.8526515252727679,18.94695302157994,0.7143852275251593,1.533399144515735,24.38945784427048,0.9980523936757095,0.7768501105091566,0.9217912277583489,-1.1721586666666668,-45.173302702702706,0.16018970738905794,0.25541716430643235,0.25851703406813625,-2.004592861819693,0.05691744000297197,-2.0231002853026445,0.05483661730364034,0.8875059526001091,0.8054652136172683,0.21934646921456136,0.9608996566873135
Overbot Vol Spike,quarter,Q3,1493,24,1.2368629604822508,19.061146517441745,1.0300844588678024,1.4014507326007326,24.356890765686376,0.9133900091372351,0.7825771647461178,1.4417201010573388,-1.8379826666666665,-35.933574774774776,0.2317515387341229,0.254734686913496,0.20495646349631613,-0.014699501453191556,0.9883986844659687,-1.6792303466188243,0.10664293278529742,0.06028802595252586,0.997071125786406,0.2730059079303614,0.13304943658488466
Overbot Vol Spike,quarter,Q4,1462,23,1.5254081167350662,18.019562285119395,1.3438230499394048,1.3043933924376754,24.58581720593256,0.8422174050866735,0.7329250898673106,2.1779941285126765,-1.5441773333333333,-30.658049315068496,0.2798818010967265,0.24944548711823922,0.21409028727770177,0.43126411429466605,0.6704728226271521,-1.803600426074403,0.08500694190583126,0.029821253100368733,0.8939637635028695,0.2520246763620926,0.08675273629198177
Overbot Vol Spike,half,MayOct,3015,24,1.0057201990049751,18.068921899148386,0.8835786274133928,1.7343382993675338,27.477850971632982,1.0019621623506796,0.6575813340643708,1.341021829693464,-1.8379826666666665,-37.89189688888888,0.38054474016704354,0.5144173349257806,0.21459369817578772,-1.2140321003055659,0.23705462635121277,-1.898097046226846,0.07030366522537204,0.001489772491618564,0.5804291901245839,0.22497172872119053,0.003972726644316171
Overbot Vol Spike,half,NovApr,2846,24,1.7343382993675338,27.477850971632982,1.0019621623506796,1.0057201990049751,18.068921899148386,0.8835786274133928,1.520724430876424,0.7457000161053187,-3.578985333333333,-45.28621220657276,0.6194552598329565,0.48558266507421943,0.2579058327477161,1.2140321003055659,0.23705462635121277,1.898097046226846,0.07030366522537204,0.001489772491618564,0.5804291901245839,0.22497172872119053,0.003972726644316171
Overbot Vol Spike,wom,W1,1400,24,0.7230117142857141,21.6641876326619,0.5297893159222359,1.5592819547186731,23.559508722053874,1.0506515202894189,0.9195517567130856,0.548632184061602,-1.41388,-48.93910857142857,0.1270324294657651,0.23886708752772565,0.23285714285714285,-1.7507100996945428,0.09332492292857134,-0.836863071317206,0.4112807995774742,0.4781522219110872,0.9323262304038236,0.717995799325773,0.6375362958814496
Overbot Vol Spike,wom,W2,1395,24,1.6886896057347671,27.868882244036705,0.9619013850424354,1.2567064935064935,21.427185888799016,0.9310413985505077,1.3006319349945559,0.7947331394404147,-1.8379826666666665,-48.461151690821254,0.2956414150234586,0.2380139907865552,0.2637992831541219,0.4295535265921076,0.6715178172640999,0.7705317041372969,0.44882767744614893,0.012506554230267636,0.9565022071891692,0.7181242839138383,0.12600893714525563
Overbot Vol Spike,wom,W3,1395,24,1.5834350298685784,17.576956349156216,1.4300685134698543,1.28958381848037,24.60030082508509,0.8321649648266817,0.7145016832978268,2.4063474741581032,-1.5802866666666664,-33.56916714975846,0.2772143389988896,0.2380139907865552,0.23870967741935484,0.5817579988010699,0.5663886413912587,-1.7121286371414977,0.10032562438988894,0.146072175151837,0.9471496995398632,0.36882173041890753,0.35956227729682955
Overbot Vol Spike,wom,W4+,1671,24,1.4310849391581886,24.00241418264621,0.9464785063395996,1.330985743834527,22.764045618211135,0.9281629467324549,1.0544001969247674,0.9674696877922563,-3.578985333333333,-35.478433734939756,0.3001118165118867,0.28510493089916394,0.2118491921005386,0.3966192303879005,0.6953043148259362,-1.0268294706501324,0.3151794329310997,0.09805740032249669,0.9565022071891692,0.6302206729508678,0.308138898645627
Overbot Vol Spike,tom,TOM,1400,24,1.1225671428571429,25.061560854321083,0.7110571062760191,1.4338890831652094,22.48109801592675,1.012507641490971,1.1147836656628693,0.6302727513023998,-1.41388,-39.47610857142858,0.19723391554792005,0.23886708752772565,0.21285714285714286,-0.4466690594138484,0.6592914955231105,-0.5285194709277778,0.6022020970233495,0.4292732844234799,0.7426959216132663,0.7533092314902899,0.5723643792313066
Overbot Vol Spike,tom,mid,4461,24,1.4338890831652094,22.48109801592675,1.012507641490971,1.1225671428571429,25.061560854321083,0.7110571062760191,0.8970350309226884,1.5866146806023163,-3.578985333333333,-42.237815246636764,0.8027660844520799,0.7611329124722743,0.24277067921990586,0.4466690594138484,0.6592914955231105,0.5285194709277778,0.6022020970233495,0.4292732844234799,0.7426959216132663,0.7533092314902899,0.5723643792313066
Overbot Vol Spike,opex,opex,1367,24,1.361626627651792,21.357796916650617,1.01204973041437,1.3588850912327546,23.634600253790715,0.9127140649155375,0.9036665180417034,1.2276655942718118,-1.5802866666666664,-42.274847058823525,0.23359728174583352,0.2332366490360007,0.2421360643745428,0.07941365549393213,0.93739052530742,-0.5276027880219976,0.6028281861591497,0.957080742663963,0.9954186568276681,0.7419423829651074,0.977444162720643
Overbot Vol Spike,opex,other,3163,24,1.3242460954789759,26.082997875164754,0.8059562462998211,1.4008831727205338,19.078546450677237,1.1656197710204832,1.3671375826557728,0.505729940172021,-3.578985333333333,-45.16700928270043,0.525665079669704,0.5396689984644258,0.23521972810622827,-0.33139859677413386,0.7433440523302752,1.214373186599757,0.23692689472327638,0.1288239736403144,0.9954186568276681,0.4548996378686907,0.34869321288733063
Overbot Vol Spike,opex,post_opex,1331,24,1.4412015026296017,16.41956659583026,1.3933598342573248,1.3355262693156733,24.749976777663967,0.8565996832430124,0.6634174546235686,2.453177750852664,-1.3383573333333334,-32.56147272727273,0.24073763858446245,0.22709435249957347,0.2299023290758828,0.32532899189602066,0.7478730954849785,-2.879735052553896,0.00846048142218187,0.07967555801446363,0.9954186568276681,0.08122062165294594,0.3331654933790774
Overbot Vol Spike,dow,Mon,1098,24,1.674617607771706,20.125926273716523,1.3208699081085324,1.2868870599762054,23.760298248952754,0.8597829262368378,0.8470401365691435,1.8149796590775666,-1.8379826666666665,-35.641790123456786,0.2307593079594873,0.18734004436103055,0.22950819672131148,0.7978695060149756,0.4331072181505703,-2.1792604433964438,0.039808546078007295,0.4424738908771175,0.7372037755754388,0.19278342637436452,0.8792016984531017
Overbot Vol Spike,dow,Tue,1204,24,1.6951841638981175,22.097223226051483,1.2178097704624946,1.2727445708968574,23.380960904758066,0.8641301691964514,0.945094742515679,1.4920814540280054,-2.0205706666666665,-39.10097777777777,0.2561442481362395,0.20542569527384405,0.23421926910299004,0.3004956434476834,0.7664985467438539,-0.9014568822546538,0.3766887786258315,0.9918865151420886,0.9147050232633096,0.6399623325496475,0.9918865151420885
Overbot Vol Spike,dow,Wed,1205,24,0.8350116735822961,27.23603565188647,0.4866860783349529,1.4952715063001147,21.933040594052812,1.0822347766767266,1.2417811171731281,0.3623678506459248,-3.578985333333333,-53.7180111111111,0.12627600347174514,0.20559631462207814,0.24564315352697094,-1.0113280992170135,0.3223810926323164,0.9587054297308887,0.3476774494353492,0.11564483964559147,0.7186447796207888,0.6156144820351779,0.6167724781098212
Overbot Vol Spike,dow,Thu,1180,24,2.4834594350282484,26.593380800727896,1.4824627463737599,1.0761997578864917,22.15528067616177,0.7711092345020645,1.2003179372645616,1.6026806831104339,-1.5802866666666664,-34.75636158192091,0.3677733979644585,0.2013308309162259,0.23389830508474577,1.5229815865319793,0.14139534967543763,0.31484953514132374,0.7557144998679304,0.6251957275751869,0.5953488407386848,0.9594831940465003,0.8792016984531017
Overbot Vol Spike,dow,Fri,1174,24,0.1292760931289041,17.768741678278648,0.11549463628138264,1.6676772064575776,24.270410932115244,1.0907748948525433,0.7321154029067791,0.1447186669012895,-1.4757426666666666,-42.94513333333334,0.019047042468069517,0.20030711482682137,0.2342419080068143,-2.3118532974960533,0.030088482271649154,-2.1867504417490395,0.03919142359803453,0.18038246676839065,0.31329540490274943,0.19278342637436452,0.7664172469101421
Overbot Vol Spike,eseason_data,off,3931,24,1.4787348427032985,22.987681166292234,1.021163801732904,1.1167184110535404,23.396856610798523,0.7576810635590847,0.9825115206152335,1.3713766130432195,-1.5802866666666664,-43.780655782312934,0.7295156017274657,0.6707046579082068,0.25845840752989063,0.8545848203356321,0.4015951654367971,1.0366307124259364,0.31068451891996307,0.011997798081345528,0.8031903308735941,0.5402434275387767,0.06398825643384282
Overbot Vol Spike,eseason_data,season,1930,24,1.1167184110535404,23.396856610798523,0.7576810635590847,1.4787348427032985,22.987681166292234,1.021163801732904,1.0177997703007242,0.7291942931569335,-3.578985333333333,-36.46294861111111,0.2704843982725341,0.32929534209179323,0.18911917098445596,-0.8545848203356321,0.4015951654367971,-1.0366307124259364,0.31068451891996307,0.011997798081345528,0.8031903308735941,0.5402434275387767,0.06398825643384282
Overbot Vol Spike,holiday,none,5431,24,1.4488216289203952,23.26051755713744,0.9887712209667464,0.2316812403100775,21.28570445851911,0.17278383616403092,1.0927764971305873,5.22552788179065,-3.578985333333333,-40.20660024600246,0.9874973935891185,0.9266336802593415,0.23200147302522556,1.0567843520419589,0.30158417952586475,0.983939816898488,0.33538315933199847,0.19134112500468275,0.7618968745916583,0.41277927302399814,0.5550845418193115
Overbot Vol Spike,holiday,post,215,24,2.8130437209302324,22.65873553604871,1.9707933218671672,1.3041744243712363,23.139465020548485,0.894710709190454,0.9792246932211754,2.259559847838254,-1.1960493333333333,-47.79971999999999,0.07590251677762225,0.036683159870329295,0.30697674418604654,0.966701159104845,0.3437492080871004,-0.9186423268357781,0.3678167583851768,0.11084317379732389,0.814049237839121,0.44138011006221217,0.40926710325165744
Overbot Vol Spike,holiday,pre,215,24,-2.3496812403100775,19.531313188152012,-1.909755528134807,1.500771283504546,23.237393207895487,1.0252443263535533,0.8405122301547903,-2.2261484568483647,-1.4757426666666666,-69.41190666666668,-0.06339991036674085,0.036683159870329295,0.2558139534883721,-2.4940671961993015,0.0202573603719065,-1.7293057351757666,0.0971554434851938,0.82747218706011,0.19697402484145735,0.15043423507384845,0.9236898832298904
Oversold Low Volume,month,Jan,424,21,2.0807289308176102,26.927694111973125,1.2266385544463532,1.016714274095161,17.06855062938518,0.9455892941610299,1.577620425814859,0.8240408034542936,-2.421844,-25.77028571428571,0.14997698003437307,0.07937102208910521,0.15330188679245282,0.4377600808692245,0.6662513331430817,-0.7943760292201743,0.43630177010949134,0.42006904634122766,0.9365213946103659,0.5777237231794644,0.6156737167749291
Oversold Low Volume,month,Feb,403,21,1.4017730355665838,18.84166767511315,1.181023753506896,1.0766380508874942,17.98306550057221,0.9503996528023462,1.0477450396048227,1.1887425347727685,-1.011596,-23.04412666666666,0.09603421479522836,0.07543991014601273,0.1315136476426799,0.22490217975602797,0.8243373057914568,-1.2612789747092685,0.22172234790099232,0.641300695525308,0.9693359954277893,0.348454274070745,0.7744008398796172
Oversold Low Volume,month,Mar,459,21,1.125929992737836,13.801587491795324,1.295038308987558,1.0988384190047102,18.397572830305492,0.948142414614889,0.7501852347099065,1.8243106227934973,-0.7521693333333335,-26.357375757575756,0.08785516842201081,0.08592287532759266,0.14596949891067537,-0.0036068155733424354,0.9971579181369454,-2.2230347597265827,0.03790330269562154,0.6230132377714246,0.99834198663406,0.09703245490079114,0.7612079637399705
Oversold Low Volume,month,Apr,434,21,1.0054344086021507,11.462682429527074,1.3924119879111105,1.1096314860092364,18.518373325401427,0.9512095605764057,0.6189897043388715,2.3698532764544993,-0.6571413333333334,-22.829638095238092,0.07417998059033383,0.08124298015724447,0.21428571428571427,-0.33852011557396794,0.7384993082119888,-2.526592967482208,0.02005940888711471,0.6744224472249524,0.9693359954277893,0.06113343660834959,0.7895652027409047
Oversold Low Volume,month,May,456,22,1.0313593567251464,9.103989880386962,1.7983677965940177,1.1076811297584936,18.665518697723673,0.9420521922031917,0.4877437390206159,3.921718353742724,-0.46438799999999997,-19.833793939393935,0.07994993180142519,0.08536128790715088,0.26096491228070173,0.15121654797152315,0.8812481063129065,-2.444234412140506,0.023427293098998925,0.39227549682215224,0.980971765497655,0.06713492947772827,0.5884132452332284
Oversold Low Volume,month,Jun,467,22,-0.7381644539614559,17.794892123799077,-0.6585034261279407,1.2773646495726494,18.063637321007228,1.1225610223199343,0.985122309951628,-0.5966227292626158,-1.934141333333333,-51.865698550724645,-0.05860210964067818,0.08742044178210408,0.21413276231263384,-1.2775241409670448,0.2153606633059614,-2.8805660728129183,0.008949726484097233,0.25914811270111415,0.6891541225790765,0.0318212497212346,0.4442539074876243
Oversold Low Volume,month,Jul,465,22,3.067230107526882,37.665616413934586,1.2927113135454438,0.9137108605016746,14.878581717805474,0.9748718337366464,2.531532717857069,0.524827273676751,-2.3060306666666666,-45.74482898550725,0.24246136925185383,0.08704605016847623,0.1827956989247312,1.0186324564022955,0.3199701481713535,0.11269944283041652,0.911339226497004,4.7699108723654374e-06,0.7908741219580474,0.9456596904102381,0.0001144778609367705
Oversold Low Volume,month,Aug,471,22,1.9899000707714083,16.286911696426195,1.9395134520019102,1.0152303291589682,18.208094153412024,0.8851163504890609,0.894487449328912,2.4544379779061534,-0.9903346666666667,-33.466713043478265,0.1593292150654115,0.0881692250093598,0.32908704883227174,1.3796625603493988,0.182205414938058,-0.3552450034084328,0.7259492405290945,0.0019503160332448365,0.6360625394201298,0.8075578829485152,0.014978427135320344
Oversold Low Volume,month,Sep,429,21,0.285296348096348,12.97972959084845,0.34892399648297073,1.1724074360540064,18.423396970066577,1.0102040951779656,0.7045242314399062,0.4913046739199696,-1.1187266666666669,-33.97404444444445,0.020806390574561653,0.08030700112317483,0.22843822843822845,-1.461482240003646,0.15941786660902568,-0.7818514511487922,0.4434600959575501,0.9602110262742899,0.6294536869468085,0.5792131865568001,0.9657046439266375
Oversold Low Volume,month,Oct,463,21,1.2045860331173506,10.383444743265924,1.8416056454543626,1.0913520256883242,18.612376057163612,0.9308148655270313,0.5578785164976021,3.5533966047182637,-0.3720253333333333,-13.248046376811592,0.09481172678211161,0.08667165855484837,0.16846652267818574,0.2999321637786696,0.7673239956518463,-2.7053323185787694,0.013618104144037288,0.051675312103485804,0.9693359954277893,0.045080620614744125,0.15264092190568115
Oversold Low Volume,month,Nov,429,21,0.6667620823620825,8.745106662027098,1.2103362863972602,1.1390980934934525,18.640891293239928,0.9700513436450586,0.46913565046101036,2.6652503706027453,-0.483104,-14.27702857142857,0.048626322764035106,0.08030700112317483,0.13986013986013987,-1.1015146160405904,0.2837530575411334,-3.7471282303526348,0.0012698373906234214,0.013223314592029698,0.7908741219580474,0.009029954777766552,0.05904363724813261
Oversold Low Volume,month,Dec,442,21,0.06083137254901965,6.418342116159097,0.1504544451785073,1.1950086530612245,18.742718328196695,1.0121356961803514,0.3424445698734795,0.43498175072297174,-0.658492,-15.031812121212122,0.004570809559333125,0.0827405466117559,0.13574660633484162,-2.8299700772963536,0.0103470111305793,-4.0100763881608055,0.000687141505916552,0.0019211762863028626,0.18060237609738417,0.006710013267937333,0.014978427135320344
Oversold Low Volume,quarter,Q1,1286,21,1.52717376879212,20.44034197076521,1.1860433666278651,0.9660957593688363,17.220307894892482,0.8905935262825913,1.1869905053688259,1.122547024513201,-2.421844,-24.784791666666667,0.33386636325161223,0.2407338075627106,0.14385692068429237,0.4944740530727269,0.6263591432433451,-0.4458652794639568,0.6604838547479549,0.9201592964062709,0.8714561992950888,0.7970299702103179,0.9608996566873135
Oversold Low Volume,quarter,Q2,1357,22,0.414101400147384,13.389806505137534,0.4909448042882097,1.335130305311585,19.375827524210255,1.0938648430802975,0.6910572716652674,0.6497796784420802,-1.934141333333333,-31.796019900497512,0.09552780275108083,0.25402470984649944,0.22991893883566691,-1.1055078012397013,0.28144461620366035,-2.4819074831873142,0.021605433743073582,0.9357272934728166,0.8154684209046265,0.15363863995074548,0.9608996566873135
Oversold Low Volume,quarter,Q3,1365,22,1.821170012210012,25.063029004428397,1.1534989517727001,0.8540439527281872,14.893158161186767,0.9103191746903454,1.682855223396838,0.7533309739276288,-2.3060306666666666,-38.286872549019606,0.4225969748918269,0.2555222763010109,0.24761904761904763,1.0820819247268956,0.2914856309454236,1.0803935217454688,0.2922191930733417,7.759566765016196e-07,0.8154684209046265,0.520852331922216,1.2415306824025914e-05
Oversold Low Volume,quarter,Q4,1334,21,0.6526624687656171,8.70479656676859,1.1902283315923397,1.250443646041251,20.220225486188554,0.9816991165165218,0.4304994804689201,2.817711741396787,-0.658492,-14.202725252525255,0.14800885910547984,0.24971920628977912,0.14842578710644677,-1.0492218949046663,0.30659011993587754,-3.300764057867736,0.0035701166584844388,1.5992433649776497e-06,0.8154684209046265,0.07616248871433469,1.6327932287930166e-05
Oversold Low Volume,half,MayOct,2751,22,1.1520165273233975,19.94699225779426,0.9168146850840555,1.047175762253956,15.786513036535364,1.05301277342999,1.2635464343284757,0.6890440117333907,-2.3060306666666666,-33.72288856447688,0.5387565238346855,0.5149756645451142,0.23082515448927662,0.39935261594695715,0.6936657795437181,0.8576180939548945,0.4007855710208833,0.0007426287125304172,0.7894246083993244,0.6412569136334133,0.002376411880097335
Oversold Low Volume,half,NovApr,2591,22,1.047175762253956,15.786513036535364,1.05301277342999,1.1520165273233975,19.94699225779426,0.9168146850840555,0.7914232297536892,1.4512861050549646,-2.421844,-21.38628527131783,0.46124347616531425,0.4850243354548858,0.15360864531069085,-0.39935261594695715,0.6936657795437181,-0.8576180939548945,0.4007855710208833,0.0007426287125304172,0.7894246083993244,0.6412569136334133,0.002376411880097335
Oversold Low Volume,wom,W1,1275,22,1.2947974901960784,21.179337219311215,0.9704870709908341,1.0404630112285878,16.94963783286331,0.9744655560963861,1.2495451187899147,0.7974533327367412,-2.3060306666666666,-28.632067724867724,0.28064368592897115,0.2386746536877574,0.21019607843137256,0.4326659092924786,0.6696683829218666,0.4376350945818553,0.6661188306000051,0.5676279759414473,0.9565022071891692,0.8510564865236044,0.6986190473125505
Oversold Low Volume,wom,W2,1271,22,1.739008025177026,21.777418744666655,1.2676385984516427,0.9020266928682551,16.71169145252515,0.8568390502126586,1.3031247499113003,1.1359137237948067,-2.421844,-29.826573544973538,0.3757425502894223,0.23792587046050168,0.1888276947285602,1.4319281050632828,0.16688123971409047,1.0286951004296974,0.3153264967340389,0.05733873447022608,0.9323262304038236,0.6302206729508678,0.25076253408967536
Oversold Low Volume,wom,W3,1275,22,0.5463018039215686,16.145571412639697,0.5371300935800566,1.2751155806901076,18.602387678450228,1.088130871483095,0.8679300577819584,0.569046272608923,-1.6226466666666666,-30.65867301587302,0.1184093675212311,0.2386746536877574,0.1796078431372549,-1.4015464923274912,0.17565776148677475,-1.1293023370977715,0.27150575714102243,0.6387453477880471,0.9323262304038236,0.5991851192077736,0.7570315233043522
Oversold Low Volume,wom,W4+,1521,22,0.8709724304185843,12.37399830498724,1.1173638752248685,1.1927979063072494,19.860818320933,0.9533886993330855,0.6230356728023253,1.8818441976162836,-1.934141333333333,-23.78450175438597,0.22520439626037528,0.28472482216398354,0.1946088099934254,-0.7670403590226013,0.45159551785185204,-2.8669178713149326,0.00922995930142157,0.05877246892726767,0.9323262304038236,0.09845289921516341,0.25076253408967536
Oversold Low Volume,tom,TOM,1275,22,0.6249006013071896,12.828748719205976,0.7732624380045754,1.2504749446766659,19.39572291130209,1.0234562762506298,0.6614215297812143,1.1429132090210654,-2.3060306666666666,-26.029839153439152,0.13544543406824353,0.2386746536877574,0.1984313725490196,-1.4448564686001042,0.16325530298314947,-1.87751202915034,0.0744086321413325,0.09451656542591018,0.6561629364478747,0.2878055348082009,0.24609570751071766
Oversold Low Volume,tom,mid,4067,22,1.2504749446766659,19.39572291130209,1.0234562762506298,0.6249006013071896,12.828748719205976,0.7732624380045754,1.5118951454918335,0.8749570764489857,-2.421844,-28.612241707717573,0.8645545659317564,0.7613253463122426,0.19178755839685271,1.4448564686001042,0.16325530298314947,1.87751202915034,0.0744086321413325,0.09451656542591018,0.6561629364478747,0.2878055348082009,0.24609570751071766
Oversold Low Volume,opex,opex,1249,22,1.0585029089938618,17.233123318605745,0.9750532416416685,1.1141851290821727,18.2909919750235,0.9669864062254748,0.9421645005441869,1.0708359884553111,-1.0346786666666667,-25.912103225806444,0.22474898354929246,0.23380756271059527,0.17934347477982385,-0.13561479364729012,0.8934173638956682,-1.112624528524617,0.2784445927757862,0.6283928858320279,0.9954186568276681,0.47733358761563355,0.7540714629984334
Oversold Low Volume,opex,other,2878,22,1.0305778549918923,18.370699921766395,0.8905439823013855,1.1836147727272723,17.666178803363056,1.0635747678980092,1.0398796551447345,0.8051539025084667,-2.421844,-28.26766713286713,0.5042139275597312,0.5387495320104829,0.1977067407922168,-0.022426848299506825,0.9823191986207307,0.7580462648316483,0.4568466049583123,0.8667593484442027,0.9954186568276681,0.609128806611083,0.9245433050071495
Oversold Low Volume,opex,post_opex,1215,22,1.3122277091906722,18.106763942332538,1.1504523479945228,1.0390291252725952,18.03192271747872,0.9147153235388219,1.0041504850051999,1.2532457018846952,-1.934141333333333,-29.78913333333333,0.27103708889097616,0.22744290527892175,0.19753086419753085,0.20330957006514436,0.8408501819155014,-0.7726920308549138,0.44831467301025396,0.491313411481194,0.9954186568276681,0.609128806611083,0.637379560840468
Oversold Low Volume,dow,Mon,1000,22,1.5769445333333332,16.121826646776203,1.5527532299984503,0.9915903577460465,18.462710169377704,0.8525838725661051,0.8732101895590553,2.087281441148047,-1.6226466666666666,-22.160663999999997,0.26807706493352945,0.18719580681392736,0.188,1.4510245210651052,0.16154796909694485,-1.129395341101303,0.2714674218361307,0.6686704297622421,0.607420163651722,0.5481065335065607,0.8792016984531017
Oversold Low Volume,dow,Tue,1097,22,1.9797893649346703,22.701475586258695,1.3844114109687848,0.8741109383588536,16.630363630776433,0.8343822946477075,1.3650618886196189,1.216302229384521,-1.1187266666666669,-23.354358024691358,0.36920609043555325,0.20535380007487833,0.1959890610756609,1.5456451236534234,0.1371279956440008,1.3675375026065304,0.18591597417839628,0.40591194465940317,0.5953488407386848,0.4647899354459907,0.8792016984531017
Oversold Low Volume,dow,Wed,1097,22,1.3701815861440292,20.504672121778974,1.060780598609038,1.0316468001570476,17.35823086175954,0.9434651131703247,1.1812650888836311,0.9524585995827735,-2.3060306666666666,-30.316607407407417,0.2555218224559538,0.20535380007487833,0.19963536918869645,0.8197899678607021,0.42154341163597264,0.6370640968984557,0.5309675006482825,0.3198230152208714,0.7331189767582132,0.7760541256150253,0.8792016984531017
Oversold Low Volume,dow,Thu,1076,22,0.544534448574969,13.94062938323274,0.6200736100063952,1.2415637130801689,18.942261725436968,1.0404888928044735,0.735953793971303,0.8103212776388194,-1.6208026666666666,-30.029418867924537,0.09960493876634743,0.20142268813178585,0.19423791821561337,-1.7154980216505673,0.10097313567890578,-2.3085600249120093,0.031236834908167664,0.5372342173710678,0.5769893467366044,0.19222667635795487,0.8792016984531017
Oversold Low Volume,dow,Fri,1072,22,0.041649378109452705,15.055485067927773,0.04391511648051193,1.3671619984387198,18.716043559734953,1.1595946456083648,0.804416009178223,0.04711191164210457,-2.421844,-34.22963018867924,0.007590083408615896,0.20067390490453013,0.1884328358208955,-1.847146248260536,0.07886487339686643,-1.4632885147528556,0.15819623075834266,0.4196856511319432,0.5735627156135741,0.4237206130160454,0.8792016984531017
Oversold Low Volume,eseason_data,off,3588,22,1.0050767001114826,18.959146337625782,0.8415514969984978,1.2977278601292284,16.02569423222883,1.28548509821322,1.18304680364471,0.553203741356295,-2.421844,-30.735216387337058,0.6130485669595402,0.6716585548483714,0.19370122630992195,-0.29820808289909506,0.7684749100217414,1.0198570627981849,0.31940247254770077,0.21025104396067912,0.9162748920840589,0.5402434275387767,0.2803347252809055
Oversold Low Volume,eseason_data,season,1754,22,1.2977278601292284,16.02569423222883,1.28548509821322,1.0050767001114826,18.959146337625782,0.8415514969984978,0.8452750955576883,1.8076522721055541,-1.6226466666666666,-22.263386973180076,0.3869514330404596,0.3283414451516286,0.19270239452679588,0.29820808289909506,0.7684749100217414,-1.0198570627981849,0.31940247254770077,0.21025104396067912,0.9162748920840589,0.5402434275387767,0.2803347252809055
Oversold Low Volume,holiday,none,4948,22,1.097332713554298,17.901248438422435,0.9730950806745641,1.1493086294416244,19.818862956385253,0.9205729369605465,0.9032429598921567,1.1675529825881334,-2.3060306666666666,-27.645572469635628,0.9230203146890046,0.9262448521153126,0.19381568310428457,-0.06810380696896991,0.9463472905250816,0.6618009851444024,0.5152958074815568,0.7925283851173693,0.986374560226817,0.5621408808889711,0.9236898832298904
Oversold Low Volume,holiday,post,197,22,-0.8325624365482236,20.93956119938577,-0.6311745896867811,1.1752079041140266,17.925843836799427,1.0407235100531729,1.1681213665601378,-0.5217373268542325,-2.421844,-54.0630962962963,-0.02788215137581241,0.03687757394234369,0.19289340101522842,-1.2794865732808838,0.21468226800964013,-0.4826978493246823,0.6343039262688591,0.7541594407692465,0.7095687549443932,0.6765908546867831,0.9049913289230958
Oversold Low Volume,holiday,pre,197,22,3.1311796954314723,18.47208017417442,2.6908683936795113,1.0234377972141238,18.02847990291579,0.9011614650887093,1.0246055282335191,2.9285920967316152,-0.42834000000000005,-10.935303703703706,0.1048618366868077,0.03687757394234369,0.18274111675126903,1.6343308359180677,0.11709250182725689,-1.841553402071144,0.07971056431575833,0.958824611398369,0.55613912860363,0.12753690290521333,0.9789326586508272
SPY QQQ MonFri Reversion,month,Jan,473,24,-0.0876053558844257,12.02465901058477,-0.11565333452706078,1.2576615553925168,15.647879856079669,1.2758762489203797,0.7684529227716961,-0.11818757348591645,-0.8789319999999999,-30.07549565217391,-0.006080015532035306,0.07983122362869198,0.10782241014799154,-4.393182733946811,0.00021129414794957352,-3.8435611810034547,0.0008289793265661104,0.22797022443674128,0.04056847640631812,0.007092988863929241,0.42912042246916005
SPY QQQ MonFri Reversion,month,Feb,460,24,1.3786298550724638,17.209043045893843,1.2717192014001284,1.1310455138761817,15.232379746143055,1.178725268572435,1.1297672020191916,0.9568752969127561,-1.508304,-26.564400000000003,0.09305043347255339,0.07763713080168777,0.10217391304347827,0.4067687875313503,0.6879383058036698,-1.319486390925813,0.19999140123569187,0.5558051775693738,0.9502457173690978,0.31734172758060203,0.7306589533593063
SPY QQQ MonFri Reversion,month,Mar,525,24,1.247536761904762,15.634540783138037,1.2666846065490824,1.1408104938271606,15.371275507259558,1.1781589074871377,1.0171270936985122,1.0588561972838675,-0.9350533333333333,-26.595564102564104,0.09610047743127306,0.08860759493670886,0.14095238095238094,0.1936266158038316,0.848168087678306,-1.1921873842904525,0.24534355207110017,0.5509448863020272,0.9693359954277893,0.3680153281066503,0.7295270218619947
SPY QQQ MonFri Reversion,month,Apr,497,24,1.7924697518443997,16.26269670058213,1.7496836902146191,1.0914657332350772,15.311654850761103,1.1315877700359365,1.0621122836878572,1.4584634895947683,-0.8721373333333332,-21.84942222222222,0.1307137018348097,0.08388185654008438,0.10462776659959759,0.7965671806066618,0.43384833105177767,-1.4031810554484037,0.1739194442499768,0.6826449148697405,0.8009507650186664,0.28540626748714143,0.7895652027409047
SPY QQQ MonFri Reversion,month,May,506,24,1.2067462450592885,12.85299421313417,1.4904311355210702,1.1449935166389862,15.61061014146098,1.1643496584783222,0.8233498945052299,1.5574820445867026,-0.5638293333333334,-15.993786666666669,0.0895940900010938,0.08540084388185654,0.1007905138339921,0.23485594897009002,0.8163988350844928,-3.2510470637138855,0.0035209710527017257,0.18152361923698973,0.9693359954277893,0.017334011336377724,0.35563811115818394
SPY QQQ MonFri Reversion,month,Jun,509,24,1.2797053045186642,23.790195921227962,0.8539102406093524,1.1381025603151156,14.35741053438275,1.2583618754379255,1.65699767825513,0.4102594990073077,-1.79964,-55.07752,0.09557419357186357,0.08590717299578059,0.1512770137524558,0.14843154565950895,0.8832958961918043,1.4111300190703209,0.1715906058014711,5.7678998352729734e-08,0.980971765497655,0.2851534473196126,3.691455894574703e-06
SPY QQQ MonFri Reversion,month,Jul,508,24,1.812181364829396,15.127590173190958,1.9016569725881898,1.0881937111562365,15.418094902909042,1.1204068814392771,0.9811581955132945,1.7329776024843286,-0.917464,-17.97494933333333,0.13507602200770766,0.08573839662447258,0.10236220472440945,0.9700993715274717,0.3420888762160861,-1.9588901976818083,0.06235841762405478,0.9274565023399305,0.7908741219580474,0.12602964404019493,0.9578899956986804
SPY QQQ MonFri Reversion,month,Aug,514,24,0.9208708171206225,10.806643728494983,1.3527207334282978,1.1720580052978502,15.760491089998057,1.1805370732877025,0.6856793780590447,1.6740673003402524,-0.656312,-15.691968,0.06945039480680044,0.08675105485232068,0.08560311284046693,-0.702210541612595,0.48959402055770707,-4.4742512640821035,0.0001726080735018334,0.05941046454896233,0.8269211927946283,0.0022093833408234676,0.15414607018109147
SPY QQQ MonFri Reversion,month,Sep,471,23,0.6050496815286623,9.381893139995888,1.0237662895600024,1.1973514973719595,15.805441160616494,1.202583690686473,0.593586287447224,1.4369612901693924,-0.6953146666666666,-11.223049275362321,0.04181430026774331,0.07949367088607595,0.07006369426751592,-1.1610265183652269,0.25807439582677033,-6.176269436777968,3.2367357145221044e-06,0.0034639910589635316,0.7739715348785574,0.00010357554286470734,0.022169542777366602
SPY QQQ MonFri Reversion,month,Oct,507,23,0.7712865220249835,14.181328650607755,0.863374248124457,1.1857311184939092,15.50280187548184,1.2141610348333909,0.9147590715866636,0.7787415583289292,-1.354264,-25.824282666666665,0.05737683542254062,0.08556962025316456,0.10848126232741617,-0.5171476214741865,0.6102137276642108,-2.084357609748033,0.04894896210004598,0.6141179735511266,0.9151764434107522,0.11056706733186855,0.760713876914944
SPY QQQ MonFri Reversion,month,Nov,469,23,0.6586015636105189,14.106070666386767,0.7411685330106413,1.1925310361681332,15.499621842877408,1.2213745281315795,0.9100912789603944,0.6680831899792802,-1.1838973333333331,-27.090944927536235,0.045321939835235456,0.07915611814345992,0.11300639658848614,-1.0001173190387318,0.32812775583008547,-2.4746809035490016,0.021522781646771648,0.6264107201610174,0.7908741219580474,0.06456834494031494,0.7612079637399705
SPY QQQ MonFri Reversion,month,Dec,486,23,2.1316515775034293,17.886139807578104,1.8919073707082696,1.0625759882331312,15.149603052181186,1.113419990328577,1.1806342216341386,1.4419166691345544,-0.9207186666666667,-23.92767222222222,0.15200762688041422,0.0820253164556962,0.11728395061728394,1.1145942780795368,0.2770529845293065,-1.0343736611912275,0.31219861291775497,0.18944807437892605,0.7908741219580474,0.44401580503858484,0.3674144472803414
SPY QQQ MonFri Reversion,quarter,Q1,1458,24,0.8557539094650206,15.115529852571127,0.8987228565582591,1.2463945078725471,15.483577966368198,1.2778635185499005,0.9762297761798657,0.7207588831284955,-1.508304,-28.07176851851852,0.18307089537179116,0.2460759493670886,0.11796982167352538,-0.7252414221214732,0.47561870425143393,-0.7793939531629707,0.44369399362803486,0.9993255981995656,0.8226918127592371,0.6873602364400815,0.9993255981995656
SPY QQQ MonFri Reversion,quarter,Q2,1512,24,1.4238366843033508,18.23121472912103,1.2397806169942704,1.056535780648085,14.293360438285847,1.1734109437339102,1.2755023430520471,0.828709562702625,-1.79964,-32.02157155555555,0.3158819854077671,0.25518987341772154,0.11904761904761904,0.8373135322867219,0.41103278661775833,1.4691979259794807,0.15532538880011473,0.003879460152423276,0.8226918127592371,0.35502946011454795,0.014605026456181745
SPY QQQ MonFri Reversion,quarter,Q3,1493,24,1.1245104710872964,12.07915861688705,1.4778388864067162,1.1589438929001203,16.360672998894987,1.124505327243406,0.7383045072597493,1.7808323483999284,-0.917464,-14.862203603603604,0.24634071708225147,0.2519831223628692,0.08640321500334897,-0.3070198790250596,0.7615907715922616,-3.6683934119925476,0.0012767673290590522,0.0019175862666999319,0.913248595684755,0.04085655452988967,0.008181701404586376
SPY QQQ MonFri Reversion,quarter,Q4,1462,23,1.1873523027815778,15.493158531356402,1.2165778483794647,1.1381188438270222,15.362408252836541,1.1760575713042922,1.0085110534994224,1.02619642079366,-1.354264,-25.246067579908672,0.2547064021381903,0.24675105485232068,0.11285909712722299,0.04158734126951063,0.9672027907166698,-1.0653046338161796,0.2982907922788661,0.8390044893349182,0.997071125786406,0.520852331922216,0.941641894620567
SPY QQQ MonFri Reversion,half,MayOct,3015,24,1.1051144278606966,15.13565722191768,1.1590608469204147,1.197049301260023,15.65859140795604,1.2135554248928706,0.966604008469583,0.9880816377568301,-1.79964,-24.150945777777775,0.48888583607774944,0.5088607594936709,0.10348258706467661,-0.23799288105470306,0.8139940528193886,-0.18780790792799648,0.8526743003849634,0.4934818452433678,0.8139940528193886,0.9847577120883265,0.563979251706706
SPY QQQ MonFri Reversion,half,NovApr,2910,24,1.197049301260023,15.65859140795604,1.2135554248928706,1.1051144278606966,15.13565722191768,1.1590608469204147,1.034549816923781,1.0120621229944393,-1.508304,-25.870139770114942,0.5111141639222505,0.4911392405063291,0.11477663230240549,0.23799288105470306,0.8139940528193886,0.18780790792799648,0.8526743003849634,0.4934818452433678,0.8139940528193886,0.9847577120883265,0.563979251706706
SPY QQQ MonFri Reversion,wom,W1,1415,24,1.5468899882214369,16.368316653308682,1.5002225217517147,1.0258279674796749,15.07438711432792,1.0802770298925335,1.085836294979509,1.2795784249885087,-1.1838973333333331,-22.720640000000003,0.3211654050442061,0.23881856540084387,0.10318021201413427,1.1669543711884869,0.25518573687914603,-0.10083374147724408,0.9205562861760141,0.654858922688135,0.9323262304038236,0.988578600475912,0.7620176554916479
SPY QQQ MonFri Reversion,wom,W2,1410,24,1.0075129078014184,13.506152979341284,1.1841840977844933,1.1948483425618313,15.93826737833851,1.1900684662196446,0.847404090967712,1.174812720862573,-1.354264,-21.701632380952386,0.20844074716930944,0.2379746835443038,0.10070921985815603,-0.5218451041511705,0.6067677762677248,-2.458455060687619,0.0219063478067531,0.17137055285407624,0.9471496995398632,0.1752507824540248,0.3917041208093171
SPY QQQ MonFri Reversion,wom,W3,1413,24,0.8115711252653929,14.693193965666783,0.8768204001296475,1.2563349881796688,15.606391294703633,1.2779187241988723,0.9414856828979572,0.7291298750423036,-1.2576906666666667,-25.9809180952381,0.16826029212050686,0.23848101265822785,0.1040339702760085,-1.0473276067962196,0.30583054627266726,-1.2915121261090319,0.20935511180900251,0.4666077014247635,0.9323262304038236,0.5320414378353668,0.6353806998124439
SPY QQQ MonFri Reversion,wom,W4+,1687,24,1.2205933214779687,16.564729322961853,1.169733468364187,1.1222728960201351,14.903612100446413,1.1953833604922883,1.1114573575399,0.8807282536601839,-1.79964,-29.114152380952383,0.3021335556659776,0.28472573839662446,0.12507409602845287,0.11836093148469888,0.9068093297743753,0.7901200498411433,0.43752869021414287,0.11973501391917547,0.9771053877244017,0.717995799325773,0.3264730851308742
SPY QQQ MonFri Reversion,tom,TOM,1415,24,1.6837096819787987,16.557799813676652,1.6142279102328605,0.9829011677753141,15.00760414635804,1.0396777638566108,1.1032940136347351,1.407944574350689,-1.508304,-23.788721904761907,0.3495719192101748,0.23881856540084387,0.11095406360424029,1.4375071329837492,0.16404073411196868,0.4211815125018897,0.6775324890174756,0.2526398773964954,0.6561629364478747,0.7533092314902899,0.44913755981599185
SPY QQQ MonFri Reversion,tom,mid,4510,24,0.9829011677753141,15.00760414635804,1.0396777638566108,1.6837096819787987,16.557799813676652,1.6142279102328605,0.9063767115943653,0.7102552317879249,-1.79964,-25.37156266666667,0.6504280807898253,0.7611814345991561,0.10842572062084258,-1.4375071329837492,0.16404073411196868,-0.4211815125018897,0.6775324890174756,0.2526398773964954,0.6561629364478747,0.7533092314902899,0.44913755981599185
SPY QQQ MonFri Reversion,opex,opex,1380,24,1.0151302415458936,14.358001412534966,1.1223493118450014,1.1912989512284562,15.695645883267295,1.2048745692368208,0.9147760798962498,1.0188040484924947,-1.2576906666666667,-23.14809275362319,0.20554823035218175,0.23291139240506328,0.10144927536231885,-0.47771714854271885,0.63736035901573,-1.9198642758465971,0.0673623317649784,0.3817582037389031,0.9954186568276681,0.2939447204289966,0.5911094767570113
SPY QQQ MonFri Reversion,opex,other,3198,24,1.2607337919533042,15.099200073983406,1.3254694553168764,1.0207212321232122,15.733363945169884,1.0298781166695854,0.9596930527129155,1.3409978443802166,-1.354264,-23.546703563941296,0.5915817159037129,0.5397468354430379,0.10787992495309569,0.8096183309768671,0.42645669948285236,-0.43929355532212916,0.66454847735015,0.8364013101372756,0.9954186568276681,0.7596134551687412,0.9245433050071495
SPY QQQ MonFri Reversion,opex,post_opex,1347,24,1.0264491957436277,17.03302078023602,0.9566345302171118,1.186698645696811,14.87852480301549,1.2661374185650076,1.1448057523003805,0.6603300570715651,-1.79964,-30.3383263681592,0.20287005374410536,0.22734177215189874,0.11952487008166296,-0.5005478916276868,0.6214455121660346,0.7821618490336816,0.4420979747751401,0.25943948465539707,0.9954186568276681,0.609128806611083,0.4447534022663949
SPY QQQ MonFri Reversion,dow,Mon,1110,24,0.8176424024024024,12.664306827773759,1.024901790942365,1.2269471235721703,15.95673692656102,1.2206243578765132,0.7936652014794581,1.058678535775306,-1.0777253333333332,-20.286269090909094,0.13316781506078812,0.18734177215189873,0.0990990990990991,-0.838385458134835,0.4104429909111982,-2.859079017529414,0.008875043313625887,0.04561739304233525,0.7331189767582132,0.07398126818584035,0.2807224187220631
SPY QQQ MonFri Reversion,dow,Tue,1218,24,2.4368492610837436,18.809613178971638,2.05659640079794,0.8173467318178599,14.361549406639135,0.9034524588141322,1.3097203265739716,1.7391203386563334,-1.354264,-32.642113333333334,0.43550068599235664,0.20556962025316455,0.1781609195402299,2.542730800812933,0.01819014666072422,2.3736480804253026,0.02634644046725191,7.4029420173036e-08,0.27003377699072645,0.17564293644834605,1.97411787128096e-06
SPY QQQ MonFri Reversion,dow,Wed,1218,24,1.7653201970443348,20.302770756911325,1.380283986368388,0.9911139720982932,13.840783907060386,1.136745335539492,1.46688011988646,0.8282760056812564,-1.1838973333333331,-41.221979999999995,0.3154885979558134,0.20556962025316455,0.1748768472906404,1.402454174340018,0.1741336517898957,4.287609976288679,0.0002749391352455551,1.2788587327808409e-11,0.607420163651722,0.004653981500155522,5.115434931123363e-10
SPY QQQ MonFri Reversion,dow,Thu,1193,24,0.7186931545124335,15.342605281371995,0.7436090498058019,1.2590728092420398,15.405986377950544,1.2973632927050736,0.9958859436180431,0.5758983820062348,-1.79964,-24.718262146892656,0.1258046928337143,0.20135021097046413,0.08633696563285834,-1.0038763884495154,0.32588347102685233,-0.7355486191240854,0.4694405092592263,0.22034495848666585,0.7186447796207888,0.7363772694262374,0.7664172469101421
SPY QQQ MonFri Reversion,dow,Fri,1186,24,-0.057245306351883074,2.6798082324041963,-0.3391067521206372,1.4524638953365687,17.1470568328325,1.3446709693068342,0.15628386017086074,-1.6146595486872979,-0.8789319999999999,-1.6109853107344636,-0.009961791842672563,0.200168776371308,0.002529510961214165,-5.9125901399017895,5.004176444728177e-06,-13.714485267417029,1.471864328271645e-12,8.383110105101223e-20,0.0004003341155782542,1.177491462617316e-10,6.7064880840809786e-18
SPY QQQ MonFri Reversion,eseason_data,off,3967,24,1.102101369632804,15.40475506698204,1.1357088629920007,1.247853592100783,15.374075052630173,1.2884717679659647,1.0019955681396662,0.8794556353454872,-1.79964,-25.191800673400667,0.6414999581042755,0.6695358649789029,0.10889841189815982,-0.3507809393438869,0.7289452711714548,0.5624766353933254,0.5792329449829372,0.8695909267945863,0.9162748920840589,0.7723105933105829,0.8695909267945863
SPY QQQ MonFri Reversion,eseason_data,season,1958,24,1.247853592100783,15.374075052630173,1.2884717679659647,1.102101369632804,15.40475506698204,1.1357088629920007,0.9980084062214255,1.137067021700484,-1.508304,-24.596243298969068,0.3585000418957245,0.33046413502109706,0.10929519918283963,0.3507809393438869,0.7289452711714548,-0.5624766353933254,0.5792329449829372,0.8695909267945863,0.9162748920840589,0.7723105933105829,0.8695909267945863
SPY QQQ MonFri Reversion,holiday,none,5490,24,1.2123815421979356,15.708992111982043,1.225155642799281,0.3663420689655173,10.617321945167129,0.5477369986156382,1.4795625670117856,1.508569899675221,-1.79964,-26.347431143552313,0.9766176078134088,0.9265822784810127,0.11420765027322405,1.6096791544836055,0.12110884661148316,4.894748213250288,6.056512619142077e-05,0.0002136733306035603,0.55613912860363,0.00036339075714852465,0.0034187732896569646
SPY QQQ MonFri Reversion,holiday,post,218,24,0.8842305810397552,14.615460015055188,0.9604025668680276,1.1604295076222184,15.4235469985119,1.1943586873314196,0.9476069296164702,0.8523362626567644,-0.5840626666666667,-7.896999999999999,0.028283614823757897,0.036793248945147676,0.045871559633027525,-0.3802143874942303,0.7072749062828855,-3.330031750763897,0.002911683592129787,0.041699194936633856,0.986374560226817,0.008221224260131162,0.23592660412255043
SPY QQQ MonFri Reversion,holiday,pre,217,24,-0.15393302611367127,3.3698038974857565,-0.7251493286483275,1.1998487970100444,15.66755442195264,1.2156976547612184,0.21508167814398307,-2.785661518369405,-0.35256133333333334,-7.564600000000001,-0.004901222637166729,0.03662447257383966,0.041474654377880185,-4.100827077195664,0.00043783116511558366,-12.913477754422022,5.042183623169875e-12,0.0019457686731638145,0.021015895925548016,2.42024813912154e-10,0.023349224077965774
Sector BO,month,Jan,444,22,0.4229987987987988,21.316366097026048,0.3150113733475821,0.4099524106562703,16.439590379272385,0.39586100490756476,1.2966482500623906,0.6149728047290299,-1.758844,-54.250751515151514,0.08198269010776416,0.07965554359526372,0.22972972972972974,0.019263853507488056,0.9848124799001514,-0.8563548502198532,0.4014679746730425,0.03754850118918037,0.99834198663406,0.5464093571191634,0.11830038938215451
Sector BO,month,Feb,422,22,0.051171248025276596,25.62347561104047,0.0317021153430144,0.4404644927536232,15.95339995245075,0.43828632617009394,1.6061451281489503,0.045132728137731566,-1.8753013333333333,-65.63103492063492,0.00942624059999403,0.0757086472909939,0.24407582938388625,-0.5590147450547724,0.5820646995905481,-0.18506631645021068,0.8549527264362232,0.00038886068036240816,0.8869557327094066,0.9170442652276808,0.004391838272328375
Sector BO,month,Mar,481,22,0.15644712404712405,12.79294105176166,0.19413214610394722,0.4350316643759408,17.213981487213115,0.4011804929262523,0.7431715353745738,0.652359721485941,-1.3004573333333334,-32.51478888888889,0.032848286573265856,0.0862935055615357,0.1683991683991684,-0.7054869196169881,0.4882598494874216,-3.086036331149196,0.005600218129637538,0.032351795290388057,0.8269211927946283,0.022877486827455478,0.10897446834657029
Sector BO,month,Apr,455,22,-0.07771721611721608,10.450206684949983,-0.11805723999538217,0.45443029237481286,17.333812628369273,0.4161725643221875,0.6028798689012433,-0.4714754599101113,-0.7837866666666667,-30.88537575757576,-0.015435784001459703,0.08162899174739864,0.16923076923076924,-1.6078013282426655,0.12281078618485591,-3.2000617823624213,0.004302900038150172,0.0024469467157838807,0.6294536869468085,0.020150166032313004,0.0174005099789076
Sector BO,month,May,465,22,-0.03167397849462372,13.712093371640952,-0.036669005026803,0.4512812161544986,17.137089144199514,0.4180329083613549,0.8001413341706378,-0.10984287882286492,-0.8689466666666668,-40.8448579710145,-0.006429180680039394,0.08342303552206674,0.22795698924731184,-0.9542058071452886,0.35083516276416826,-1.9040140330154216,0.07070126758960925,0.5953901042068694,0.7908741219580474,0.13711760987075733,0.7564404675997898
Sector BO,month,Jun,480,23,-0.06550527777777776,11.451589583028648,-0.09080521440572072,0.45589121842690744,17.301357210787284,0.4182937006018633,0.6618896681636431,-0.3285975503215424,-0.7549506666666667,-32.70419444444445,-0.013725165519551401,0.0861141011840689,0.17083333333333334,-0.697164644025752,0.4930018534926467,-3.212111811477572,0.004015788943460596,0.005255087499996011,0.8269211927946283,0.01927578692861086,0.02849733648192262
Sector BO,month,Jul,486,23,0.8119028806584363,12.874583228529763,1.0010855059909296,0.372697038784067,17.211671678749646,0.343742443173702,0.7480146884526818,3.9006506321999583,-0.785316,-26.902244444444445,0.17224253637850706,0.08719052744886975,0.12551440329218108,0.8374265327927062,0.41135826388346464,-3.827441828428595,0.0009178592453260373,0.003168124157701254,0.8009507650186664,0.007092988863929241,0.020975166837194508
Sector BO,month,Aug,493,23,0.5107970250169032,13.318876558750588,0.6088089604247251,0.4013076953355639,17.18458982914371,0.3707136585618292,0.7750476846507457,2.1228062565564687,-0.7474213333333334,-32.76517777777778,0.10992471264886283,0.08844635809113742,0.20486815415821502,0.23114974170153432,0.8193346996418494,-3.101331243586112,0.005208880240655134,0.0921436102678709,0.9693359954277893,0.022224555693461902,0.2139758582876162
Sector BO,month,Sep,450,22,1.6250361481481481,25.35836828006967,1.0172834794428272,0.3043717928701535,15.917562825793214,0.3035485063325298,1.5931062159200866,2.10790273291676,-1.9710653333333334,-62.77956969696969,0.31920934749313296,0.08073196986006459,0.3688888888888889,1.6539221851687997,0.11301501552560021,0.5927799568028361,0.559658430916324,1.2684020678768088e-12,0.6294536869468085,0.6754367267070364,2.435331970323473e-10
Sector BO,month,Oct,484,22,0.8384322314049586,18.342039338231324,0.7256389983380276,0.37034698100851343,16.732878806016156,0.3513487506524433,1.0961675842435796,1.8876355419071371,-0.911592,-49.33499444444445,0.1771386732419541,0.08683171869393613,0.30785123966942146,0.5656744706135765,0.5776099306925395,-0.6746152592975108,0.5072798500138624,0.0014053377074154097,0.8869557327094066,0.6365864784487686,0.011731514774946028
Sector BO,month,Nov,450,22,0.6135176296296296,11.652802782624027,0.8357895194318101,0.3932053864168618,17.2616312346469,0.36160788716490677,0.6750696167830859,3.430772119730299,-0.7739919999999999,-28.84049090909091,0.12051458821564236,0.08073196986006459,0.20444444444444446,0.47571594717172466,0.6391880696275223,-3.02809345804058,0.006397120898356138,0.03607745835798776,0.929728101276396,0.025066269642538334,0.11740461024972287
Sector BO,month,Dec,464,22,0.06074281609195413,18.02278282630442,0.05350240976498412,0.4427950424005218,16.77107942736295,0.4191234925711481,1.0746346354367178,0.11902069916059133,-0.9808933333333334,-47.378510144927546,0.012303054941927405,0.08324363114459993,0.16379310344827586,-0.6939952167384829,0.4952913394342825,-1.0770889684265303,0.2936587728439909,0.7494909824794429,0.8269211927946283,0.4271400332276231,0.8487052077004639
Sector BO,quarter,Q1,1347,22,0.2113265033407572,20.329658864168174,0.16501527458347184,0.47461805851273553,15.620105559109414,0.4823480913671608,1.3015058564896969,0.2629887894860445,-1.8753013333333333,-50.228991044776116,0.12425721728102397,0.24165769644779334,0.21232368225686712,-0.6623001163504584,0.5149822605314651,-0.46129326838398654,0.6493304814539389,0.035461093784296474,0.8300191952892805,0.7970299702103179,0.09078040008779897
Sector BO,quarter,Q2,1400,23,-0.05823733333333332,11.945729538834453,-0.07739075316513788,0.568375563009104,18.23383252097572,0.494831919492022,0.6551409049684096,-0.23883771731489142,-0.8689466666666668,-34.918238095238095,-0.03559013020105049,0.25116612845353425,0.18928571428571428,-1.9021400043776475,0.07032587018139928,-1.8626015418988682,0.07592680671159044,4.941828531546871e-05,0.8054652136172683,0.2520246763620926,0.00031627702601899973
Sector BO,quarter,Q3,1429,23,0.9640825752274317,17.88355952447305,0.8557768604931001,0.22031202251708887,16.514331343689484,0.2117763572573403,1.0829115119642296,3.7332693796414214,-1.9710653333333334,-42.320073239436624,0.6013765965205028,0.25636885540007176,0.22953114065780267,1.8289475042862338,0.08099679742383162,-0.6328139103188372,0.5333782113775525,0.1563215145746953,0.8054652136172683,0.7529732960576755,0.26327834033632896
Sector BO,quarter,Q4,1398,22,0.5079175965665236,16.36220467042962,0.49277845159482564,0.37854371008939974,17.048245232613194,0.3524817376565036,0.9597588753081061,1.4573360427872804,-0.9808933333333334,-42.6724038647343,0.3099563163995238,0.25080731969860065,0.22675250357653792,0.3002122739964662,0.7669669564583881,-0.5220978300461753,0.6070662096388528,0.5802068271927685,0.913248595684755,0.7929028044262567,0.7051406588665055
Sector BO,half,MayOct,2858,23,0.6078741310940051,16.415518935653775,0.5878402451759568,0.2038155621011291,17.350857669807453,0.18647330324752054,0.9460926513286271,3.3319696345253713,-1.9710653333333334,-41.88801784037559,0.7583609235628661,0.5127377108001435,0.23268019594121764,0.9537163849098882,0.3505895576579112,0.1663743876098356,0.8693819376946308,0.2392394328984015,0.5804291901245839,0.9847577120883265,0.37290016032659684
Sector BO,half,NovApr,2716,23,0.2038155621011291,17.350857669807453,0.18647330324752054,0.6078741310940051,16.415518935653775,0.5878402451759568,1.0569789318156835,0.3001227831244767,-1.8753013333333333,-43.078715061728396,0.24163907643713406,0.4872622891998565,0.1955081001472754,-0.9537163849098882,0.3505895576579112,-0.1663743876098356,0.8693819376946308,0.2392394328984015,0.5804291901245839,0.9847577120883265,0.37290016032659684
Sector BO,wom,W1,1330,23,0.28244230576441104,18.28943802529349,0.24514873548641092,0.45127687715991205,16.412042517810047,0.436496452444588,1.1143913382777388,0.5042379491735839,-1.9710653333333334,-47.0837393939394,0.1639764386181537,0.23860782203085756,0.22932330827067668,-0.17905742507502315,0.8595314120414688,1.2499339112040595,0.22445718105310977,0.06471550245492518,0.9771053877244017,0.5320466513851491,0.2524491937640907
Sector BO,wom,W2,1327,23,0.8227493594574228,15.774012805927443,0.8279910343336543,0.28233551526567774,17.20747037704917,0.2604646272716216,0.9166956246495342,3.469579567716839,-0.9125813333333334,-35.977858585858584,0.4765829885100287,0.23806960889845713,0.2162773172569706,1.128473249303687,0.2712763021305641,-1.6492579174747581,0.11330223161292077,0.4454584293982602,0.9323262304038236,0.36882173041890753,0.6197682495975794
Sector BO,wom,W3,1330,23,0.5102691729323309,15.219362480766517,0.5322346458286987,0.37987967326421607,17.366071350823184,0.34725199152355646,0.8763848871348263,1.7497976673222193,-1.1422933333333334,-37.21207676767677,0.2962450029843137,0.23860782203085756,0.2,0.15971925884932797,0.8745595650573612,-1.9005842983061871,0.07053921161698161,0.05206574628383397,0.9771053877244017,0.34399205493942886,0.25076253408967536
Sector BO,wom,W4+,1587,23,0.09122411258139045,17.83896747505514,0.081178347054138,0.5382730540924672,16.479702529069858,0.5185057082421501,1.0824811578720892,0.14468753541395377,-1.8753013333333333,-47.788153586497884,0.06319556988750404,0.2847147470398278,0.21298046628859482,-0.823542195432386,0.4190382444368935,0.3883231710660514,0.7015092430469494,0.4178584248330901,0.9323262304038236,0.8633959914423992,0.5942875375403948
Sector BO,tom,TOM,1330,23,-0.045569022556391024,18.46141498394005,-0.03918365995587599,0.554070248193528,16.349203998885212,0.5379829203965646,1.1291935060079292,-0.06453457517423346,-1.9710653333333334,-48.883797979797976,-0.02645583143036658,0.23860782203085756,0.23233082706766917,-0.9081943920351556,0.3736172990982748,1.5948239728677434,0.12501808489781055,0.04313641575886397,0.7426959216132663,0.2878055348082009,0.17254566303545588
Sector BO,tom,mid,4244,23,0.554070248193528,16.349203998885212,0.5379829203965646,-0.045569022556391024,18.46141498394005,-0.03918365995587599,0.8855878064117897,,-1.7824973333333334,-40.15336855345912,1.0264558314303667,0.7613921779691425,0.2090009425070688,0.9081943920351556,0.3736172990982748,-1.5948239728677434,0.12501808489781055,0.04313641575886397,0.7426959216132663,0.2878055348082009,0.17254566303545588
Sector BO,opex,opex,1303,23,1.0544057303658225,15.538813083059212,1.0771847226416997,0.21469835323499573,17.26213324621511,0.19743971667445442,0.9001676016181979,6.06406745035422,-0.9808933333333334,-32.51805538461539,0.5997251113915808,0.2337639038392537,0.20260936300844207,1.5610442817224797,0.13278426088650314,-1.579140842911208,0.12857541534433148,0.08329137334476935,0.7967055653190188,0.33064781333299137,0.3331654933790774
Sector BO,opex,other,3005,23,0.18968306156405987,18.177573093320873,0.16565056498249164,0.6698597638510445,15.215794740139863,0.698858933906213,1.1946515711971142,0.19839814380500442,-1.9710653333333334,-47.65081955555556,0.2488130114329333,0.5391101542877647,0.22029950083194674,-1.056080140266267,0.3023914686764893,1.9318849513165697,0.06635432340453298,0.01516889853060929,0.9709787826808989,0.2939447204289966,0.1213511882448743
Sector BO,opex,post_opex,1266,23,0.27407509215376513,14.871767602545273,0.29255481410502976,0.4512275456515011,17.424405326677437,0.41109094334534596,0.8535021611197269,0.8342708554708793,-1.3198839999999998,-39.33559576719576,0.15146187717548612,0.2271259418729817,0.2132701421800948,-0.4712977767791731,0.6420682477239299,-2.0980730029575367,0.04760398153463319,0.25464991209658244,0.9954186568276681,0.2538879015180437,0.4447534022663949
Sector BO,dow,Mon,1044,23,0.37772950191570875,16.152793542971057,0.37122185296158045,0.41865733627667406,17.04179349457649,0.38998120591943475,0.9478341319011784,1.0050272134430593,-1.0014560000000001,-40.86854358974359,0.17213986784044819,0.18729817007534985,0.21264367816091953,-0.09699231256894675,0.9236106922772063,-1.731767679446641,0.0973155393005698,0.7135180820978811,0.9722217813444276,0.35387468836570835,0.8792016984531017
Sector BO,dow,Tue,1145,23,-0.3653291411935953,17.005394847972813,-0.3410341469601145,0.6116886881914653,16.8403122328795,0.5766078893428778,1.0098028238912935,-0.5860870144409249,-1.8753013333333333,-48.914418713450296,-0.18259541291638887,0.20541801219949768,0.21397379912663755,-1.4797534409452462,0.1531174923852739,0.07930056267375,0.9375104729646033,0.9030739298324084,0.607420163651722,0.9817308631050834,0.9445887060604772
Sector BO,dow,Wed,1145,23,1.0035173216885007,17.531149569393786,0.9086879074382983,0.2578098893655452,16.70289878881292,0.24502364341134303,1.049587247761784,3.5356527434026472,-1.3198839999999998,-38.21776374269005,0.5015686926145295,0.20541801219949768,0.21572052401746725,1.3550309941209997,0.18915909937817305,-0.2618086175407793,0.7959046318058012,0.820083312721916,0.6305303312605769,0.9594831940465003,0.9240375354613138
Sector BO,dow,Thu,1123,23,0.5406609676461859,17.286630174490032,0.4964950772541923,0.37827568336703365,16.774443763442306,0.3579814863584375,1.0305337344278422,1.3467329408096411,-1.9710653333333334,-42.669583333333335,0.26503597909496296,0.20147111589522784,0.2163846838824577,0.17340136791519503,0.8639215112166225,1.1758662943621883,0.2522166170038431,0.46136581112605124,0.9467632999634219,0.5453332259542554,0.8792016984531017
Sector BO,dow,Fri,1117,23,0.5001163831692031,16.299620168654382,0.48707278921728503,0.3886554483583875,17.02088836184414,0.36247896356046244,0.9576245271188882,1.4041300255585651,-1.7824973333333334,-41.13527757575757,0.24385087336644842,0.20039468963042698,0.21396598030438674,0.28105683760508154,0.7812931916224956,-0.9894633788546381,0.33319491862422346,0.6263472624796071,0.9147050232633096,0.6058089429531336,0.8792016984531017
Sector BO,eseason_data,off,3737,23,0.5777850682365534,15.986097370008562,0.5737518919414363,0.07168455815641439,18.55903612808502,0.061315527083352556,0.8613646344390223,10.86041394857385,-1.9710653333333334,-38.98359569892473,0.9425176083236017,0.6704341585934697,0.20845598073320845,1.2961041084258347,0.20837240016709907,0.10497200162331091,0.9173492134151006,0.03155088908774514,0.8031903308735941,0.9571696779136933,0.08734214270533634
Sector BO,eseason_data,season,1837,23,0.07168455815641439,18.55903612808502,0.061315527083352556,0.5777850682365534,15.986097370008562,0.5737518919414363,1.1609485228648448,0.09207752160600807,-1.7824973333333334,-49.21152234432235,0.05748239167639851,0.32956584140653034,0.22700054436581382,-1.2961041084258347,0.20837240016709907,-0.10497200162331091,0.9173492134151006,0.03155088908774514,0.8031903308735941,0.9571696779136933,0.08734214270533634
Sector BO,holiday,none,5165,23,0.39180667312036144,17.02781129232551,0.36526938241061946,0.6532661776691115,14.864505225950117,0.6976538349994346,1.1455350200690664,0.4560220696263364,-1.9710653333333334,-42.871180361757105,0.8833691227863917,0.9266236096160746,0.21665053242981608,-0.4316964942521003,0.6701632340544363,2.1674201312756596,0.04129929954611463,0.13300531259286585,0.986374560226817,0.08259859909222926,0.4560182146041115
Sector BO,holiday,post,205,23,0.437921951219512,14.404811650347362,0.48260231568736184,0.40996336996337,16.96586420926734,0.3835918206783353,0.8490467371817675,1.488782526000337,-1.1422933333333334,-38.27465333333334,0.03918777778780147,0.03677789738069609,0.1951219512195122,0.1663515137006415,0.8693997232672469,-1.8389452138887121,0.07946078812099172,0.38835258096995806,0.986374560226817,0.12753690290521333,0.7136538726611898
Sector BO,holiday,pre,204,23,0.8696660130718952,15.34500779726727,0.8996750049288512,0.39356712600869026,16.933982246378946,0.3689436038656799,0.9061665220859995,2.7037772139778538,-0.7126186666666667,-29.71850666666667,0.07744309942580699,0.03659849300322928,0.18137254901960784,0.6426157183135457,0.5271145076070182,-2.298486710850331,0.03140900460623946,0.22189145092897206,0.9189166830361163,0.06554922700432582,0.5605678760310874
St OS Sznl,month,Jan,444,22,0.24789789789789785,14.196150432079424,0.2772059333316523,0.2540285012919897,9.032317133444694,0.44646101132948224,1.5717063763753583,0.3958609276633267,-1.9759680000000002,-20.443139393939397,0.07746516343272677,0.07922912205567452,0.06756756756756757,0.049496182330477964,0.9609916296634494,-0.3529509902532779,0.727643300781735,0.0168754127775947,0.99834198663406,0.8075578829485152,0.06855245430315604
St OS Sznl,month,Feb,422,22,0.6397472353870457,7.5550669373853445,1.344220058514268,0.22209193361636437,9.685910751349754,0.3639926319538817,0.7800058385147239,4.744893448342346,-0.22479866666666667,-1.5010095238095238,0.19000782909580277,0.07530335474660957,0.016587677725118485,0.6416099941603656,0.5280681639318024,-2.98763784676897,0.007017196861642923,0.30445479277499904,0.8452523781853382,0.026417682302655707,0.49961812147692153
St OS Sznl,month,Mar,481,22,0.1181835065835066,2.591966653112607,0.7238152553715099,0.26625170147699917,9.948413518260242,0.4248531408327338,0.26054070313372785,6.551373736656079,0.0,0.0,0.040008528205999726,0.0858315488936474,0.002079002079002079,-0.7999110537219186,0.4327183578357866,-5.423675694181387,2.2198668446476183e-05,0.006342957686819615,0.8009507650186664,0.00038746766742940244,0.03204862831235174
St OS Sznl,month,Apr,457,23,-0.7544303428154632,12.284722230323009,-0.9748865450212645,0.3430402953176608,9.255632647678166,0.5883547968894568,1.3272698580366313,-1.2508997827401833,-1.4198973333333333,-25.295842424242423,-0.24265317293274288,0.08154889364739472,0.03938730853391685,-0.8616429421754588,0.3981786260906225,-1.246974329711638,0.22551978355452126,0.30312780819881646,0.8009507650186664,0.348454274070745,0.49961812147692153
St OS Sznl,month,May,485,23,0.18990075601374565,5.532484098249594,0.5448874306076942,0.25957254672136487,9.837949633972254,0.41884605920296747,0.5623614984920138,2.3176524227962907,-0.5816520000000001,-6.498461111111111,0.06482149746025934,0.08654532476802285,0.05154639175257732,-0.24102617436252066,0.8117669356562439,-2.563644120858702,0.01771278441061548,0.3169397465071599,0.9693359954277893,0.05575171486619955,0.5156985705879211
St OS Sznl,month,Jun,488,23,0.0,0.0,,0.2777274693771175,9.986590897670329,0.44147066226247833,0.0,,0.0,0.0,0.0,0.08708065667380442,0.0,-2.8731771533649937,0.008832026085844363,-5.620805088963583,1.1888189505723475e-05,0.0023642665016105,0.16957490084821175,0.0002536147094554341,0.0174005099789076
St OS Sznl,month,Jul,486,23,0.5528117969821674,7.195893089408522,1.2195310729034992,0.2251245017584994,9.735631370370879,0.3670784706329461,0.7391295762602805,4.503218728910346,-0.3848866666666666,-3.136099999999999,0.1890881003655737,0.0867237687366167,0.03292181069958848,0.7841663951458667,0.44130445356488723,-2.7175882906619573,0.012571918048126266,0.35237926974553013,0.8069567150900796,0.0431037190221472,0.5545640966487032
St OS Sznl,month,Aug,493,23,0.12643651115618665,7.579888490907975,0.2647951079168256,0.26580327398421705,9.710960591365886,0.4345086280677129,0.7805498147780902,0.7821819022940271,-0.6719133333333334,-13.679183333333334,0.04387024402136445,0.08797287651677373,0.05476673427991886,-0.6422934201229571,0.5273198277569437,-2.296331055997458,0.03155241705355507,0.5988487035165002,0.8452523781853382,0.08298717909976128,0.7564404675997898
St OS Sznl,month,Sep,450,22,-0.0045327407407406905,6.179660693991042,-0.011643847794936506,0.2760755659035053,9.781073763587063,0.44806570818103597,0.6317977804233165,-0.04121531445607106,-0.7491639999999999,-9.350139393939394,-0.0014355688312463252,0.08029978586723768,0.028888888888888888,-1.0722039383573185,0.29579619959577597,-2.558581917401873,0.018298618573475398,0.43448510450916156,0.7908741219580474,0.05666668977592382,0.6272266170357821
St OS Sznl,month,Oct,484,22,0.2796804407713499,10.856225643781697,0.4089625163274478,0.251071953125,9.40958694996138,0.42357265160597257,1.1537409348054597,0.8384181869138742,-0.9642133333333334,-17.267755555555556,0.09527042098539255,0.08636688079942897,0.07851239669421488,0.11615447928188317,0.9086337325823389,-0.7342217332903647,0.47093287063778666,0.0688655488275137,0.9886423010394784,0.5988020606785102,0.1717166931802939
St OS Sznl,month,Nov,450,22,0.794120888888889,8.585134566230186,1.46838447321681,0.2063444573793817,9.620463146837652,0.3404843053664411,0.8923826675696179,4.8425427144949,-0.4869933333333333,-4.818066666666667,0.2515068170751426,0.08029978586723768,0.03777777777777778,1.342999046442061,0.19360840090975392,-1.5501205011468606,0.1360528469869841,0.9606749322395195,0.6627959990476336,0.2353346542477563,0.9657046439266375
St OS Sznl,month,Dec,464,22,0.8943114942528734,17.907803905839074,0.7927691706457094,0.19569906614785998,8.386887012425541,0.37041471530572617,2.1352146367666425,1.0043138962453528,-0.8128746666666667,-19.65946086956522,0.29205014112172745,0.08279800142755175,0.07758620689655173,0.771095191235071,0.4492401779276264,0.05023576475295052,0.9604092680137801,0.00014323170502535988,0.8137180581330591,0.9705188392560303,0.0021154221049899304
St OS Sznl,quarter,Q1,1347,22,0.3243402128186093,9.307291831933542,0.5531943504886533,0.23114105395035628,9.616183060355024,0.38157036488909896,0.9678779796013911,1.4986595812277923,-1.9759680000000002,-7.183138308457711,0.30748152073452933,0.2403640256959315,0.028210838901262063,0.29544751186493384,0.770553502609012,-1.295607262940041,0.2091718968068788,0.3612747589547607,0.913248595684755,0.46162073778069806,0.5254905584796519
St OS Sznl,quarter,Q2,1430,23,-0.17669426573426572,7.660773888478296,-0.3661424488148329,0.40094071234627054,10.103037014911044,0.6299824976096001,0.7582644582190268,-0.7668327395861962,-1.4198973333333333,-10.034811267605635,-0.17783167547248355,0.255174875089222,0.03006993006993007,-1.4242072361889373,0.16841709776837702,-2.071536545343643,0.05023696610822832,0.04944293723463288,0.8054652136172683,0.21934646921456136,0.11944921803832839
St OS Sznl,quarter,Q3,1429,23,0.23020293911826453,7.031772239439063,0.5196923682200971,0.2615314331337325,10.261948338913696,0.4045706190943981,0.6852277956588728,1.8754997645156926,-0.7491639999999999,-8.581265727699531,0.23152277555569176,0.25499643112062814,0.03918824352694192,-0.19132583759131355,0.8500250902432666,-1.77844633399399,0.08915508737506592,0.4557386758506531,0.9439695496847584,0.2520246763620926,0.6076515678008708
St OS Sznl,quarter,Q4,1398,22,0.6492705770147829,13.06887215305671,0.7886564931943616,0.12200985893168491,8.031901842268933,0.2411441901835701,1.6271205014334291,2.0109388301876217,-0.9642133333333334,-14.09552463768116,0.6388273791822625,0.2494646680942184,0.06509298998569385,1.3583063257902366,0.18878090944154727,1.0601507238675076,0.30111775439253113,0.0002788917231432797,0.8054652136172683,0.520852331922216,0.0016226427528336273
St OS Sznl,half,MayOct,2886,23,0.1928022176022176,7.024890691756656,0.435685116577667,0.3180377238165318,11.634373695792181,0.4339462080678644,0.6038048007945075,1.662765328245632,-0.9642133333333334,-8.192076851851853,0.39161469400134363,0.5149892933618844,0.041233541233541234,-0.6746902764355315,0.5069015321278106,-0.8727004397640864,0.39225208038892967,0.05667405753630237,0.6758687095037476,0.6412569136334133,0.11334811507260474
St OS Sznl,half,NovApr,2718,23,0.3180377238165318,11.634373695792181,0.4339462080678644,0.1928022176022176,7.024890691756656,0.435685116577667,1.6561643741225063,0.6014077771606475,-1.9759680000000002,-11.821806419753086,0.6083853059986564,0.48501070663811563,0.04010301692420898,0.6746902764355315,0.5069015321278106,0.8727004397640864,0.39225208038892967,0.05667405753630237,0.6758687095037476,0.6412569136334133,0.11334811507260474
St OS Sznl,wom,W1,1340,23,0.2474884577114428,6.793732287830815,0.5782914754850961,0.2554454033771107,10.25549968117277,0.3954044358059757,0.662447710890467,2.208899758161275,-0.9096066666666667,-6.268883582089552,0.23340511803091535,0.23911491791577444,0.03208955223880597,-0.06509070651375194,0.9486896376633833,-1.860518583204984,0.07623238065789455,0.10110807611809636,0.9792925292009118,0.34399205493942886,0.308138898645627
St OS Sznl,wom,W2,1335,23,0.0166689637952559,10.311695570400941,0.02566130808320889,0.3276178652299524,9.288406673233801,0.5599208305283323,1.1101683995077358,0.04130351352738201,-1.9759680000000002,-15.57683232323232,0.015661757536759798,0.23822269807280513,0.050187265917602995,-0.6711067364590514,0.5091380398771874,-0.34464046884957306,0.7336375514994543,0.16659276491193198,0.9471496995398632,0.8859019489804731,0.3917041208093171
St OS Sznl,wom,W3,1335,23,0.22114496878901369,13.023400849552969,0.26955843463681195,0.26367420941672526,8.15592146413418,0.5132097372388896,1.5968031211217055,0.32910187544464403,-1.3783480000000001,-15.370929292929292,0.20778249471233395,0.23822269807280513,0.050187265917602995,-0.1950657719702856,0.8471317190270263,0.7393901501749958,0.4674868192391535,0.02795667828914955,0.9771053877244017,0.7297355227147762,0.2236534263131964
St OS Sznl,wom,W4+,1594,23,0.48415156838143036,7.090887128393551,1.0838795966755261,0.1618743474646716,10.355949143015065,0.24813520872951447,0.6847162949980543,6.381844388868226,-0.9642133333333334,-3.9624742616033757,0.5431506297199908,0.2844396859386153,0.031994981179422836,1.4768538419759818,0.15388723702152632,-2.5818207153316575,0.017016342261550674,0.06705681709358659,0.9323262304038236,0.15557798639132045,0.2524491937640907
St OS Sznl,tom,TOM,1340,23,0.39165124378109456,7.385650658610298,0.8418040654326465,0.2101409631019387,10.125767747168172,0.32944508062066824,0.7293916711328688,3.5050123298307154,-0.9642133333333334,-4.591600000000001,0.3693643155199743,0.23911491791577444,0.023134328358208955,0.9268638943738896,0.3640544374785939,-1.6855140034967915,0.10602296293611269,0.08115454771234598,0.7426959216132663,0.2878055348082009,0.24609570751071766
St OS Sznl,tom,mid,4264,23,0.2101409631019387,10.125767747168172,0.32944508062066824,0.39165124378109456,7.385650658610298,0.8418040654326465,1.3710055099022869,0.2853057010639098,-1.9759680000000002,-11.586693583724571,0.6306356844800257,0.7608850820842256,0.04620075046904315,-0.9268638943738896,0.3640544374785939,1.6855140034967915,0.10602296293611269,0.08115454771234598,0.7426959216132663,0.2878055348082009,0.24609570751071766
St OS Sznl,opex,opex,1308,23,0.21513965341488273,12.958768677896852,0.26354634498041857,0.26523535071384235,8.226662634174547,0.5118090832921853,1.575215765390034,0.3270694724475351,-1.3783480000000001,-16.080196923076926,0.1980518191738807,0.2334047109207709,0.052752293577981654,0.005807494196828372,0.995418656827668,0.7063590504141403,0.4873789160221541,0.012966368737139817,0.9954186568276681,0.6156365255016683,0.1213511882448743
St OS Sznl,opex,other,3025,23,0.15964046280991737,8.492114875223269,0.2984196304343037,0.36368411529016403,10.643141973156924,0.5424437974814922,0.7978954801731705,0.6894484485207344,-1.9759680000000002,-9.015030463576158,0.3398748151698092,0.5397930049964311,0.03404958677685951,-1.0537561654914471,0.3034308695877809,-0.9131603170188906,0.3710575616777586,0.11405263187908933,0.9709787826808989,0.574540740662336,0.34869321288733063
St OS Sznl,opex,post_opex,1271,23,0.5165528455284554,7.554738817827472,1.0854143879065865,0.1763939687668282,10.050263123756718,0.2786163317608395,0.7516956247612713,5.185475303043314,-0.6620386666666667,-5.859056084656085,0.4620733656563102,0.226802284082798,0.044059795436664044,1.8284306259709169,0.08107690451654606,-1.5630983741150992,0.13230085712259715,0.5296509635682566,0.6486152361323685,0.33064781333299137,0.6690327960862189
St OS Sznl,dow,Mon,1049,23,0.22146412456307596,8.89147696064074,0.3953937015258078,0.2609303768752287,9.686670495846082,0.4276124930709218,0.9179084768552472,1.0080888977577402,-1.046596,-11.947015384615383,0.16350442076937222,0.18718772305496073,0.044804575786463297,-0.058854329230720585,0.9535994674309867,-0.4295022528447384,0.671734952195512,0.5391608734916145,0.9872532465864567,0.907177322458633,0.8792016984531017
St OS Sznl,dow,Tue,1151,23,0.6497218650448884,7.541471638783097,1.367639547244038,0.15113942660378768,9.99248721759075,0.2401067886601318,0.7547141642079972,7.5520464822557125,-0.6486986666666666,-4.540610526315789,0.5263243141236307,0.2053890078515346,0.03909643788010426,2.5025835826124645,0.020252533274304485,-1.636901521927641,0.11587740907288183,0.56073522880916,0.27003377699072645,0.38401991775821054,0.8792016984531017
St OS Sznl,dow,Wed,1151,23,0.2880127425427165,10.675410424425117,0.42827960381302294,0.24463307133767498,9.22785789280462,0.4208376050477059,1.1568676661946886,0.8802562406158156,-1.4198973333333333,-12.351483040935673,0.2333123099792679,0.2053890078515346,0.04083405734144222,0.02168894136459466,0.9828916017553334,0.1408298494383933,0.8892858913795101,0.2825600761122541,0.9872532465864567,0.9745598809638466,0.8792016984531017
St OS Sznl,dow,Thu,1130,23,0.07684200589970502,6.358149784506014,0.19185282959146865,0.2981721651020712,10.190213153129996,0.46449826998925503,0.623946691689473,0.662405670745167,-0.7491639999999999,-8.577842857142857,0.06111217828379802,0.2016416845110635,0.03982300884955752,-0.987596800057953,0.334088221738716,-2.0661822434204264,0.05078378809461485,0.2075187525199657,0.7186447796207888,0.21382647618785197,0.7664172469101421
St OS Sznl,dow,Fri,1123,23,0.019923300682695103,12.838144600541582,0.02463538176680964,0.3120910213494012,8.51942544431635,0.5815288138644605,1.5069261048708893,0.028131058356384773,-1.9759680000000002,-12.699100000000001,0.015746776843931252,0.2003925767309065,0.039180765805877114,-0.7486768783775261,0.461981910508367,-0.19313509954272526,0.8486250963489964,0.8669352237361458,0.7542561804218237,0.9594831940465003,0.9440199825164556
St OS Sznl,eseason_data,off,3759,23,0.02439691407289168,9.256674504695525,0.04183889194432023,0.7204041915085818,10.085210308491323,1.1339438301502605,0.9178464525327541,0.040188212903595553,-1.9759680000000002,-10.18874652406417,0.06454429322915047,0.6707708779443254,0.03165735567970205,-2.889537642575749,0.008507141581829051,-0.6234147993186272,0.5394221682478948,0.020014118893822246,0.13611426530926482,0.7723105933105829,0.08005647557528899
St OS Sznl,eseason_data,season,1845,23,0.7204041915085818,10.085210308491323,1.1339438301502605,0.02439691407289168,9.256674504695525,0.04183889194432023,1.0895068529605874,24.88291784456363,-1.3783480000000001,-9.45986231884058,0.9354557067708495,0.3292291220556745,0.05907859078590786,2.889537642575749,0.008507141581829051,0.6234147993186272,0.5394221682478948,0.020014118893822246,0.13611426530926482,0.7723105933105829,0.08005647557528899
St OS Sznl,holiday,none,5192,23,0.2398620698510529,9.73073187277467,0.39130585083245056,0.42594627831715204,6.732525485824364,1.004331518691042,1.445331605986961,0.2689676263147356,-1.9759680000000002,-10.418511196911195,0.8764898437118042,0.926481084939329,0.04160246533127889,-0.8146856385558311,0.4239839780412088,3.460941325707411,0.0022227331652300572,0.32322974426253526,0.814049237839121,0.006668199495690172,0.6206011089840677
St OS Sznl,holiday,post,206,23,0.5721223300970875,6.712275863368522,1.3530672181140584,0.241385056193652,9.633891361312044,0.39774882543959517,0.6967356815257231,4.905409988855878,-0.011022666666666667,-0.11022666666666667,0.08294815802292764,0.03675945753033547,0.024271844660194174,0.6286756646451576,0.5360347317710679,-3.6778291517045187,0.001318923695314622,0.30689434089808276,0.9189166830361163,0.005004056675065597,0.6137886817961655
St OS Sznl,holiday,pre,206,23,0.2797702265372168,6.76589351497468,0.6564121430697234,0.25254187970853403,9.632673948615952,0.4161853787858604,0.7023899647248851,2.2560274881767133,-0.6620386666666667,-7.610626666666667,0.04056199826526831,0.03675945753033547,0.03398058252427184,0.03916357805006033,0.9691132008221728,-3.6665817287270297,0.0013552653494969325,0.7275894884403181,0.986374560226817,0.005004056675065597,0.9049913289230958
Weak Close Decent Sznls,month,Jan,464,23,2.3559824712643676,21.65763775390332,1.7268763425695777,0.6137375763182238,19.024627517798205,0.5121142042884442,1.1384000939646173,2.9679469006503045,-1.0175986666666665,-22.624110144927535,0.24786165851920747,0.07905946498551712,0.07758620689655173,1.253939095970156,0.22302526492943833,-0.842224204687922,0.4087253715695086,0.46345150139291946,0.6974127961307204,0.5487781212681515,0.6542844725547098
Weak Close Decent Sznls,month,Feb,441,23,0.4996991685563113,8.759752054726473,0.9055596930730906,0.7719344387128468,19.86030296262847,0.6170137153869852,0.4410684001754593,3.3344347004325705,-1.1100386666666668,-9.789836363636367,0.04996507368023525,0.07514056909183847,0.05442176870748299,-0.5723533778714497,0.5728856916600085,-8.30913160503461,3.127991801672165e-08,0.003674215398533814,0.8869557327094066,6.005744259210557e-06,0.022756430855435234
Weak Close Decent Sznls,month,Mar,504,23,0.7998010582010582,22.706606381463914,0.5591521681690961,0.7469389996893445,18.894849606631222,0.6275407993784073,1.201735227016305,0.7427811073072715,-2.8885346666666667,-36.11251733333333,0.09139697600287029,0.08587493610495825,0.07539682539682539,0.05194428308089233,0.9590418611008257,-1.2280106853407127,0.23241974253109499,0.618994180846724,0.99834198663406,0.35137472886590737,0.7612079637399705
Weak Close Decent Sznls,month,Apr,490,24,1.3276723809523807,19.703115564385616,1.0696859380711472,0.6989901468674474,19.208781251510796,0.5776589591857606,1.0257348088044858,1.8086567520477994,-1.0803946666666666,-38.25956666666667,0.14750485561399548,0.08348952121315385,0.12040816326530612,0.867197604709848,0.3947914213881557,-1.4711187702056363,0.15480940422509137,0.1768148748268405,0.8009507650186664,0.2607316281685749,0.3523502825127762
Weak Close Decent Sznls,month,May,506,24,0.6847177865612648,15.08673078179857,0.7204713894766304,0.7577774131394119,19.5979169140152,0.6138072509762386,0.7698129779808122,1.5274874396547244,-1.6478386666666667,-24.031498666666668,0.07855637636454649,0.08621570966093031,0.06719367588932806,-0.12618202993812863,0.9006844001430806,-3.152169237923833,0.004459403869667805,0.24878681690927923,0.9881794561569799,0.020385846261338537,0.44179645886936864
Weak Close Decent Sznls,month,Jun,509,24,-0.39329063523248203,10.884596277568699,-0.5735899727986199,0.8601888805970149,19.858887967098767,0.6876052261455661,0.5480969677457149,-1.524677599532863,-1.0047173333333332,-23.638010666666666,-0.04538900930721576,0.08672686999488839,0.04518664047151277,-3.4003030223717743,0.0024567185517931967,-6.117683144843479,3.0622599667926845e-06,0.01006105636869193,0.08150910145630727,0.00010357554286470734,0.048293070569721264
Weak Close Decent Sznls,month,Jul,508,24,1.451676902887139,20.629016296418833,1.117099142450894,0.68512881925014,19.114460924377106,0.5689976229883963,1.0792361018201764,1.822382503400693,-0.9087360000000001,-28.29223466666667,0.16720643797913345,0.08655648321690237,0.08267716535433071,0.6026911322801841,0.5526108777928672,-2.1021403574104593,0.04669207529917946,0.7514577359847856,0.8768701531919876,0.1080105838246079,0.8487052077004639
Weak Close Decent Sznls,month,Aug,514,24,0.5496747081712062,10.65960880939924,0.8185868388644805,0.7708486772486772,19.880383850457047,0.6155234970725797,0.5361872733234061,2.4846674203468844,-1.1075760000000001,-10.831994666666667,0.06406018512612202,0.08757880388481853,0.042801556420233464,-0.5589751972381475,0.5815809950223834,-6.578314113957568,1.0339522000925564e-06,0.002721118372670375,0.8869557327094066,6.61729408059236e-05,0.018659097412596855
Weak Close Decent Sznls,month,Sep,471,23,0.3315227176220807,19.495097412123634,0.2699529977985688,0.7881215758923058,19.229436773860783,0.650619272072432,1.0138153104215706,0.41005770118622603,-1.6971866666666664,-38.910394202898544,0.03540409658250512,0.08025217243141933,0.07855626326963906,-0.5034514600492629,0.6196507168926968,-1.9929450302842842,0.05881582676004036,0.8585043749728345,0.9151764434107522,0.12164363838237974,0.9307677369468771
Weak Close Decent Sznls,month,Oct,507,23,-1.0312915187376726,20.121612167187248,-0.8136149922140378,0.9200470471217208,19.15847903805591,0.7623410009724053,1.0502718993098668,-1.0179919853037214,-3.0296773333333338,-43.097621333333336,-0.11855195532671876,0.08638609643891634,0.055226824457593686,-2.012763793995913,0.05653771982765726,-2.043462852307136,0.053163781339238235,0.33954011928484906,0.5713285372057997,0.11732696571418093,0.5387744041544712
Weak Close Decent Sznls,month,Nov,469,23,2.393833120113717,24.562766703918413,1.5470945579596327,0.6088369876543208,18.713188018815586,0.516480010789628,1.3125912420278811,2.2865483848805384,-1.1404746666666667,-46.50068405797102,0.25455757788073513,0.07991139887544726,0.14498933901918976,2.675782397298998,0.013807901796031604,0.3268670956168374,0.7468579571938667,0.00031415970565644604,0.20393208806446678,0.8241191251794391,0.004153265742899832
Weak Close Decent Sznls,month,Dec,486,23,0.2489053497942385,27.009847770580155,0.14628923372157573,0.7968529568394328,18.391347047804537,0.6878043516237055,1.4686171545984965,0.14509508234552665,-2.599924,-63.35216666666667,0.027427726884583746,0.08280797410120974,0.1419753086419753,-0.3351181943120229,0.7407103259824558,0.501554779111195,0.6209629265656922,6.11457532618326e-05,0.9693359954277893,0.7314409932552939,0.001067271329661078
Weak Close Decent Sznls,quarter,Q1,1409,23,1.218341329548143,19.05421052654806,1.0150286202049679,0.6039875635276531,19.3107087932725,0.49651234613202094,0.9867173043998364,2.072843162303105,-2.8885346666666667,-23.407769523809524,0.3892237082023131,0.24007497018231386,0.0695528743789922,1.0146284518673343,0.32131243600967085,-0.7489507460420656,0.46182015885817973,0.315916117883593,0.8154684209046265,0.6873602364400815,0.4813959891559512
Weak Close Decent Sznls,quarter,Q2,1505,24,0.529462945736434,15.593779862449772,0.5389946357581407,0.828044393522762,20.359770946962545,0.6456259882754846,0.7659113603523223,1.0904708553877285,-1.6478386666666667,-28.161139555555554,0.18067222267132624,0.25643210086897256,0.07707641196013289,-0.7652910831798493,0.4518802866912319,-2.305367785927963,0.03050824243596509,0.1225322613115591,0.8226918127592371,0.16271062632514713,0.21194769524161575
Weak Close Decent Sznls,quarter,Q3,1493,24,0.7877641437820941,17.425186251173386,0.7176605126091441,0.7390986288848264,19.835576254231576,0.5915042168621357,0.8784814732799116,1.381720902620792,-1.6971866666666664,-25.311416216216216,0.26667071968776057,0.25438745953314024,0.06764902880107167,-0.03748334310471663,0.9704230651434008,-2.5087657935280143,0.019611002630855297,0.10322771374779921,0.997071125786406,0.15363863995074548,0.18351593555164303
Weak Close Decent Sznls,quarter,Q4,1462,23,0.4930307341541266,24.03442107776919,0.3256421380975055,0.837217275546479,17.376055294515243,0.7648693562072889,1.3831920231835162,0.3079423780116961,-3.0296773333333338,-52.55818264840183,0.1634333494386001,0.24910546941557335,0.11285909712722299,-0.44072357947606766,0.6637134979062436,2.0541972183005477,0.052027143604918995,2.7517426191809415e-05,0.8939637635028695,0.21934646921456136,0.00019567947514175584
Weak Close Decent Sznls,half,MayOct,3015,24,0.2651904919845218,16.640475445369614,0.2529836701433243,1.2651990656388694,21.658489281286965,0.9273228736864592,0.7683119182161547,0.35507150232364487,-3.0296773333333338,-27.614820444444447,0.18128613141837255,0.5137161356278753,0.061691542288557215,-2.2816828573261234,0.032087113340950754,-2.0976782824335087,0.04712127245830069,4.9980408334319874e-05,0.25669690672760603,0.18848508983320275,0.0001999216333372795
Weak Close Decent Sznls,half,NovApr,2854,24,1.2651990656388694,21.658489281286965,0.9273228736864592,0.2651904919845218,16.640475445369614,0.2529836701433243,1.3015547153319869,2.81633415651732,-2.8885346666666667,-37.614195305164316,0.8187138685816273,0.48628386437212473,0.10301331464611072,2.2816828573261234,0.032087113340950754,2.0976782824335087,0.04712127245830069,4.9980408334319874e-05,0.25669690672760603,0.18848508983320275,0.0001999216333372795
Weak Close Decent Sznls,wom,W1,1400,24,0.5005774285714285,19.838355012748455,0.4005584294910888,0.8300781084508091,19.063026822582955,0.6912376289954265,1.0406718302073106,0.5571060000544514,-3.0296773333333338,-35.571443809523814,0.1588980672047329,0.2385414891804396,0.08357142857142857,-0.2830085254553018,0.7797018485353864,-0.3048229529896375,0.763242251890689,0.8653630624694297,0.9771053877244017,0.9045834096482239,0.9031462815125632
Weak Close Decent Sznls,wom,W2,1398,24,0.651118645684311,15.003423800399784,0.6889219554400495,0.7828592261239097,20.398087077583654,0.6092485484599777,0.7355309222543568,1.538112868018613,-1.1075760000000001,-20.521389371980675,0.20638903452019133,0.23820071562446754,0.06652360515021459,-0.2902111159888936,0.7742552068695625,-3.236359858550102,0.0036471582797498315,0.002979306599465456,0.9771053877244017,0.058354532475997305,0.03813512447315784
Weak Close Decent Sznls,wom,W3,1400,24,1.2856254285714284,17.39745385486985,1.173083782795737,0.5841467591556649,19.7930851930246,0.4684990860651356,0.8789662493344388,2.8501073269968535,-1.2452173333333332,-22.968384761904762,0.4080954994959521,0.2385414891804396,0.07285714285714286,1.1843397451298714,0.24837367723657477,-2.2319559542237624,0.03564725706441904,0.3620082020361548,0.9323262304038236,0.20740222292025623,0.5792131232578477
Weak Close Decent Sznls,wom,W4+,1671,24,0.5981326152004787,23.02479389884222,0.4123841866667221,0.8125173574718119,17.524839980568157,0.7360017664677435,1.3138376113204175,0.42661681607909,-2.8885346666666667,-47.82740883534136,0.22661739877912362,0.28471630601465325,0.10053859964093358,-0.38683916371901694,0.7024313084045462,1.3110045360829978,0.20279544457947435,0.0004568074781034385,0.9565022071891692,0.5320414378353668,0.011451297264498317
Weak Close Decent Sznls,tom,TOM,1400,24,0.8745342857142855,23.126776766501738,0.6002912354870719,0.7129289475647049,17.86559174734322,0.6334744656848157,1.2944870281131833,0.7323999682868861,-3.0296773333333338,-42.94762666666667,0.2776030235738903,0.2385414891804396,0.09857142857142857,0.37166612091251633,0.7135435250861849,1.5881100529018204,0.1259149214785879,0.006957402518109059,0.7426959216132663,0.2878055348082009,0.05565922014487247
Weak Close Decent Sznls,tom,mid,4469,24,0.7129289475647049,17.86559174734322,0.6334744656848157,0.8745342857142855,23.126776766501738,0.6002912354870719,0.7725067754889585,1.36537417162789,-2.8885346666666667,-29.04531360239163,0.7223969764261097,0.7614585108195604,0.07652718729022152,-0.37166612091251633,0.7135435250861849,-1.5881100529018204,0.1259149214785879,0.006957402518109059,0.7426959216132663,0.2878055348082009,0.05565922014487247
Weak Close Decent Sznls,opex,opex,1371,24,1.223280233406273,19.300466447893225,1.0061400194876626,0.6076723580850749,19.233934147001435,0.5015354401695129,1.0034591103610575,2.0002185022321686,-1.2452173333333332,-27.321392156862743,0.3802618255657517,0.23360027261884478,0.0787746170678337,1.2239118920243797,0.23337577309749122,-1.4105065838176987,0.1717723523329564,0.911235352712578,0.8616951622061214,0.3584814309557351,0.9508542810913859
Weak Close Decent Sznls,opex,other,3165,24,0.4879043707214323,18.50403004136876,0.41857053591820254,1.0599889546351087,20.086248146056043,0.8377275276240627,0.9212287883141603,0.5423441555040586,-3.0296773333333338,-32.06659578059072,0.3501287222166764,0.5392741523257795,0.07804107424960506,-0.8879600499987764,0.38375443869636705,-0.16775235875066496,0.8682444078858458,0.19656566452556254,0.9954186568276681,0.9194379446922604,0.39292708443743574
Weak Close Decent Sznls,opex,post_opex,1333,24,0.8920427106776696,20.86952054565881,0.6785368641711318,0.7101707524985302,18.749224897774575,0.601284120196051,1.1130871094375694,1.0143661073667132,-2.8885346666666667,-38.773666666666664,0.26960945221757193,0.2271255750553757,0.09377344336084022,0.16404077814538107,0.8711320757116512,-0.11777902506947868,0.9072652787963575,0.0991382222905724,0.9954186568276681,0.9265687953664928,0.33990247642481963
Weak Close Decent Sznls,dow,Mon,1100,24,1.0120598787878787,16.643836081248658,0.9652794240850336,0.6913737890543089,19.80313886685342,0.5542161132509734,0.840464544189365,2.0737596528748106,-1.8283746666666667,-25.301716363636363,0.25241677254201755,0.1874254557846311,0.0809090909090909,0.7073028090278499,0.48648382635944676,-2.137910411099906,0.04337627093423202,0.3894040977179515,0.7654253773943587,0.19278342637436452,0.8792016984531017
Weak Close Decent Sznls,dow,Tue,1206,24,1.0045112216694307,19.741645881366374,0.8077402150809051,0.6860362284652226,19.121910086412527,0.5695292706734607,1.032409722258563,1.3745821036598256,-3.0296773333333338,-29.64891777777778,0.2746764440610836,0.2054864542511501,0.0812603648424544,0.31828902393624536,0.753137845461108,-1.0882529598155322,0.28775593009094436,0.9529764287012679,0.9147050232633096,0.5481065335065607,0.9774117217448901
Weak Close Decent Sznls,dow,Wed,1206,24,-0.08691752349364285,20.186472020651518,-0.06835136466714928,0.968314389877761,18.99601741048995,0.8091966893419638,1.0626686417703626,-0.07953574291773333,-2.8885346666666667,-44.00810666666667,-0.023766978172879132,0.2054864542511501,0.0812603648424544,-1.7117098396163564,0.1004040024923833,-0.2419820409303021,0.8109386512485086,0.5232927226766888,0.5769893467366044,0.9594831940465003,0.8792016984531017
Weak Close Decent Sznls,dow,Thu,1182,24,0.8614992667794699,20.8467511198534,0.6560195787224407,0.7237327359362775,18.827723448519787,0.6102119059267285,1.1072369517671212,0.9715618711620196,-2.599924,-34.340070056497176,0.23088286589665716,0.20139717157948545,0.08121827411167512,0.09821730158031584,0.9226106986269745,0.024660713264267473,0.9805383052825831,0.5315938313231463,0.9722217813444276,0.9817308631050834,0.8792016984531017
Weak Close Decent Sznls,dow,Fri,1175,24,0.9976608226950355,18.34138956480038,0.8634773566040539,0.6898542820622071,19.471730861214734,0.5624100551364369,0.941949624074465,1.630975503410048,-1.0251786666666667,-28.385496551724138,0.26579089567312086,0.20020446413358323,0.08425531914893616,0.5871877732927198,0.5627980411144757,-1.1850348852276358,0.24810414834749073,0.7094975756996056,0.8186153325301465,0.5453332259542554,0.8792016984531017
Weak Close Decent Sznls,eseason_data,off,3931,24,0.7599225303145933,20.221077260035266,0.5965753471090344,0.7343508771929824,17.115524495292725,0.681104384495768,1.1814465437852435,0.7411803415182253,-3.0296773333333338,-34.034109523809526,0.6773165388715459,0.6697904242630772,0.08242177562961078,0.17194834812461218,0.8649821204303649,1.6618138526510697,0.11012132638266578,0.3233259272906983,0.9162748920840589,0.2936568703537754,0.397939602819321
Weak Close Decent Sznls,eseason_data,season,1938,24,0.7343508771929824,17.115524495292725,0.681104384495768,0.7599225303145933,20.221077260035266,0.5965753471090344,0.8464200138891551,1.3491993027656555,-1.8283746666666667,-29.299513888888885,0.3226834611284542,0.33020957573692283,0.0804953560371517,-0.17194834812461218,0.8649821204303649,-1.6618138526510697,0.11012132638266578,0.3233259272906983,0.9162748920840589,0.2936568703537754,0.397939602819321
Weak Close Decent Sznls,holiday,none,5437,24,0.6880996382809146,19.156010089733417,0.5702253793760043,1.5491429012345679,20.39753573952825,1.2056300077538349,0.9391335470299538,0.5025491558703716,-3.0296773333333338,-32.593975399753994,0.8482619341568887,0.9263929119100358,0.08221445650174729,-0.9098342856608774,0.37234646920755243,1.089383459229319,0.2872677735832339,0.5083099585259816,0.814049237839121,0.3830236981109786,0.8132959336415706
Weak Close Decent Sznls,holiday,post,216,24,1.7562796296296295,23.334090222449042,1.194821590657482,0.7130852762544961,19.077651575715745,0.5933580337380935,1.2231112477256574,1.6537076442694074,-1.0143586666666666,-35.45721333333333,0.08601352201506939,0.03680354404498211,0.06944444444444445,0.8194811280670312,0.4209230867627659,-0.8355526710912479,0.41200281274232475,0.4014303033719193,0.814049237839121,0.4708603574197997,0.7136538726611898
Weak Close Decent Sznls,holiday,pre,216,24,1.342006172839506,17.01435017593977,1.2521011573869698,0.7289145822277255,19.330876877194324,0.5985843447769169,0.8801644273060637,2.3871994710627296,-1.04612,-29.58993333333334,0.06572454382804195,0.03680354404498211,0.08333333333333333,0.3161970103775243,0.7547047067657633,-3.235074161951744,0.003658410705928733,0.9375459607092347,0.986374560226817,0.009755761882476621,0.9783088285661579
BOOK,month,Jan,473,24,7.444963213530656,96.50964908186924,1.2245938952477353,9.43962132550746,71.17480244643478,2.1053706907056386,1.3559524686352467,0.42979219871728674,-4.886210666666667,-221.52812173913048,0.06404265579709197,0.07983122362869198,0.9133192389006343,-0.5238508730744331,0.6053939730178235,1.0600530247549562,0.3001262223126194,3.196650209745898e-08,0.9151764434107522,0.4332649224362626,3.068784201356062e-06
BOOK,month,Feb,460,24,13.815661449275364,84.96537253127438,2.5812495116777363,8.898642049405307,72.4595650308085,1.9495226496790266,1.172590154179764,1.1314129072765364,-3.6367,-157.86179130434783,0.11557799349633194,0.07763713080168777,0.8021739130434783,1.7068331031007375,0.10132052173674778,0.3527139697077374,0.7275147319682677,0.11736868240161903,0.6286373723627048,0.8075578829485152,0.2503865224567873
BOOK,month,Mar,525,24,12.822398476190477,79.9622446706455,2.5455671775427944,8.936022938271606,72.85144671861028,1.9471811860611214,1.0976068187019097,1.193105878721044,-5.899252,-149.93198974358975,0.12242615475278182,0.08860759493670886,0.7866666666666666,1.2438933046683125,0.22606765968097386,-0.08768787683663848,0.9308837577475781,0.09108401676487561,0.6974127961307204,0.9456596904102381,0.2139758582876162
BOOK,month,Apr,497,24,8.727396914822267,75.53402897379513,1.8341816643396176,9.33101820191599,73.32920687809049,2.0200044178028342,1.0300674477411185,0.8831186581162744,-3.152262666666667,-142.27138333333335,0.07888360559683145,0.08388185654008438,0.8370221327967807,-0.28555740876986235,0.777773032797389,-0.7460433291082316,0.46319879373881234,0.8770390512040847,0.9693359954277893,0.5928944559856798,0.9330585307341546
BOOK,month,May,506,24,7.248042424242425,55.47384168886558,2.0741146273026385,9.470155674478685,74.97459797193622,2.0051332693600856,0.7399018226097062,1.4005364065246,-2.890410666666667,-133.26464533333333,0.06669862485922337,0.08540084388185654,0.8616600790513834,-0.807348880470273,0.42773637133486464,-3.9107024649512416,0.0007020355730615038,0.01713811357578901,0.8009507650186664,0.006710013267937333,0.06855245430315604
BOOK,month,Jun,509,24,5.1824474132285525,62.81943035139465,1.309607581097876,9.665512801575579,74.42967894454219,2.061479522377171,0.8440104974549416,0.7540292313960087,-2.2596053333333335,-135.779616,0.047973159599369944,0.08590717299578059,0.862475442043222,-1.4521713800611715,0.1599601916935229,-2.573930158232632,0.0169701711049066,0.013892258921336841,0.6294536869468085,0.05430454753570112,0.06062076620219712
BOOK,month,Jul,508,24,9.078877165354331,69.5050633974234,2.0735569458487295,9.299282530305826,73.88091558194415,1.9981010321314634,0.9407715490522404,1.1050703353314664,-2.7236053333333334,-124.39318399999999,0.08387672966380029,0.08573839662447258,0.7401574803149606,-0.19398450466624026,0.8478910969196203,-2.3309428914931543,0.028883466213678623,0.0006831235796555184,0.9693359954277893,0.07922322161466136,0.006729184322989824
BOOK,month,Aug,514,24,7.110641504539559,52.40899395634737,2.153789378076854,9.486492946467074,75.20796377649995,2.0023598478300655,0.6968543133556221,1.5462673840893932,-3.14388,-118.65766399999998,0.06646875419642537,0.08675105485232068,0.8326848249027238,-0.8343599245581255,0.4126606966859445,-5.669628633072778,9.003859747439884e-06,0.00070095670031144,0.8009507650186664,0.00021609263393855722,0.006729184322989824
BOOK,month,Sep,471,23,8.651533757961783,62.147683501696015,2.2098786786370517,9.334692091431366,74.41495651824957,1.9913153211262333,0.8351504376200889,1.331395537003341,-2.531093333333333,-134.3518724637681,0.0741070713046657,0.07949367088607595,0.8046709129511678,-0.14660842303298452,0.8847762736072939,-2.3437411943359185,0.028533025686886992,0.03129832912545502,0.980971765497655,0.07922322161466136,0.10897446834657029
BOOK,month,Oct,507,23,5.206032610124917,73.30891156417138,1.12732823143549,9.661650892088101,73.52438260050884,2.0860284393286608,0.9970693934621905,0.5429777710068829,-3.505345333333333,-187.19759466666662,0.048002126823760594,0.08556962025316456,0.814595660749507,-1.5808553227775408,0.1281824763979728,-0.7820853067992423,0.4425011269263188,0.9329449437273606,0.6294536869468085,0.5792131865568001,0.9578899956986804
BOOK,month,Nov,469,23,14.616294527363184,77.81328620259188,2.981836313248206,8.821708382209188,73.11800890306161,1.9152638482541189,1.06421505959982,1.4657947801641207,-2.9441186666666668,-149.37293333333335,0.12466822180037371,0.07915611814345992,0.8955223880597015,3.080461628773267,0.005469106194118714,0.35968823565225216,0.722510005857425,0.058459408136352795,0.13125854865884912,0.8075578829485152,0.15414607018109147
BOOK,month,Dec,486,23,12.137136076817558,82.23122051246804,2.343040282341951,9.025121333578477,72.68313901295669,1.9711498643372296,1.1313658384760912,1.0526202600219459,-3.424650666666667,-161.64454999999998,0.10727490210934375,0.0820253164556962,0.9300411522633745,1.736847301157568,0.09639757231721705,0.8634996362749414,0.39717947167483547,0.0009972823875460824,0.6286373723627048,0.5464093571191634,0.008703555382220356
BOOK,quarter,Q1,1458,24,11.39124215820759,87.17095256119686,2.074433718289851,8.591415267517348,68.46130954955375,1.9921396500440622,1.2732878341758957,0.8181895576733307,-5.899252,-180.64882222222224,0.30204680404620565,0.2460759493670886,0.8326474622770919,1.2131967100438334,0.23736768644249745,1.8201124159608997,0.08178149342288323,2.5388178821850085e-08,0.8154684209046265,0.2520246763620926,5.416144815328018e-07
BOOK,quarter,Q2,1512,24,7.038949382716049,65.04001455136788,1.7180171025143112,10.04835522320417,76.1879597582071,2.09367325941325,0.8536783864245905,0.961641492299918,-3.152262666666667,-136.41410666666667,0.19355539005542477,0.25518987341772154,0.8538359788359788,-1.551132883206622,0.13452215368176704,-2.474563130695445,0.021145626275494996,0.002605381035113328,0.8054652136172683,0.15363863995074548,0.010421524140453312
BOOK,quarter,Q3,1493,24,8.266451261442286,61.67208259975069,2.1277998090079953,9.621947503008421,77.0933857597402,1.9812812710353311,0.7999659373107615,1.3430931039113827,-3.14388,-125.3542018018018,0.22445255516489138,0.2519831223628692,0.7923643670462157,-0.24770924832839664,0.8065574104600317,-2.500353302781899,0.01997854710640931,9.769398735451251e-09,0.9217798976686077,0.15363863995074548,3.1262075953444005e-07
BOOK,quarter,Q4,1462,23,10.528829548563612,77.85652856268013,2.146769070983777,8.871417043841959,72.03402458672034,1.9550397254138148,1.0808299134938681,1.0164177089410333,-3.505345333333333,-166.08618630136985,0.27994525073347803,0.24675105485232068,0.8789329685362517,1.6721618092685997,0.10865630714519994,1.1914170784875546,0.2461851295515216,0.001142855605784913,0.8054652136172683,0.4774499482211328,0.005626366059248803
BOOK,half,MayOct,3015,24,7.0602472526257625,62.98951224123391,1.779311294255121,11.58063147766323,82.96481313567996,2.215840891357821,0.7592316532819932,1.0576302345907604,-3.505345333333333,-139.29314933333336,0.38712646644724535,0.5088607594936709,0.8195688225538972,-2.6653235398297266,0.01382264452912717,-3.188252531938669,0.004091881001944297,9.155786453628704e-15,0.2211623124660347,0.06547009603110875,7.324629162902963e-14
BOOK,half,NovApr,2910,24,11.58063147766323,82.96481313567996,2.215840891357821,7.0602472526257625,62.98951224123391,1.779311294255121,1.317121060057517,0.9455100348818415,-5.899252,-165.66746298850578,0.6128735335527546,0.4911392405063291,0.8597938144329897,2.6653235398297266,0.01382264452912717,3.188252531938669,0.004091881001944297,9.155786453628704e-15,0.2211623124660347,0.06547009603110875,7.324629162902963e-14
BOOK,wom,W1,1415,24,10.231076937573615,72.95454197657777,2.226226180396989,8.98210847006652,73.68940676464179,1.9349667452233326,0.9900275382808942,1.1626773954489311,-3.3658373333333333,-152.0340819047619,0.2632833692198187,0.23881856540084387,0.8424028268551237,0.8781701140855335,0.38893331264947995,-0.4949359250977497,0.6253404379144808,0.4169322039636095,0.9323262304038236,0.8398757419873758,0.5942875375403948
BOOK,wom,W2,1410,24,10.897854089834516,77.22331716882212,2.240231018535776,8.77526219269103,72.31323382076917,1.9263827842736805,1.0679002042727443,1.0895106200446107,-3.505345333333333,-148.78736761904761,0.27945104505493845,0.2379746835443038,0.8468085106382979,1.097311148870025,0.28386128861379556,0.4202742218949342,0.6781856376984973,0.34043116237611704,0.9323262304038236,0.8510564865236044,0.5699045500112575
BOOK,wom,W3,1413,24,8.029930172210427,69.25979553100662,1.8404788623470607,9.671983983451536,74.7949289069094,2.0527860387429584,0.9259958735599324,0.968699997304288,-3.424650666666667,-142.4097219047619,0.2063476689191161,0.23848101265822785,0.8209483368719037,-1.0254280957186181,0.315825817915041,-1.2828719096102104,0.2123146685154675,0.04844462644385392,0.9323262304038236,0.5320414378353668,0.25076253408967536
BOOK,wom,W4+,1687,24,8.178449081209246,74.27453284294486,1.7479592170445846,9.7190277174768,73.20815892596792,2.1074806991218726,1.0145663261120297,0.817790892738627,-5.899252,-165.57309841269833,0.25091791680612663,0.28472573839662446,0.8458802608180201,-0.8436678345782922,0.4075443568107583,0.05222909869108299,0.9587971273708491,0.8439761186267599,0.9323262304038236,0.9897260669634571,0.9002411932018772
BOOK,tom,TOM,1415,24,9.56614473498233,74.68748637872612,2.033243414786199,9.190729105691055,73.14528442629822,1.9946371475681106,1.0210840926318612,0.9987911484118568,-3.6367,-158.0716380952381,0.2461722095961372,0.23881856540084387,0.8487632508833922,0.3322682228482431,0.7426959216132663,0.03356483122047986,0.9735137583253436,0.3621449266390627,0.7426959216132663,0.9735137583253436,0.568101965546434
BOOK,tom,mid,4510,24,9.190729105691055,73.14528442629822,1.9946371475681106,9.56614473498233,74.68748637872612,2.033243414786199,0.979351267163984,1.001210314678965,-5.899252,-151.20507318518517,0.7538277904038626,0.7611814345991561,0.8363636363636363,-0.3322682228482431,0.7426959216132663,-0.03356483122047986,0.9735137583253436,0.3621449266390627,0.7426959216132663,0.9735137583253436,0.568101965546434
BOOK,opex,opex,1380,24,9.601273816425122,71.50163268781992,2.131636593413689,9.182953839383936,74.11694750284958,1.9668224052855032,0.9647136734155286,1.124006548443816,-3.424650666666667,-148.8732792270531,0.24096478481010158,0.23291139240506328,0.827536231884058,0.13747318440912493,0.8918531810410797,-0.719168197413396,0.4792811921869947,0.4284318496418573,0.9954186568276681,0.6156365255016683,0.6048449642002691
BOOK,opex,other,3198,24,9.39739829059829,76.38230392677121,1.9530580437937493,9.1431622051094,70.00613641946657,2.073292539370971,1.0910801228780802,0.8633252803082406,-4.886210666666667,-158.40250314465408,0.5465523046338031,0.5397468354430379,0.8502188868042526,0.42150488503341604,0.6772997590722395,1.7007578410577318,0.1024722146453934,0.05479441827237957,0.9954186568276681,0.33064781333299137,0.33311219672790604
BOOK,opex,post_opex,1347,24,8.673827369463003,68.46350729583102,2.0111844433160178,9.458854871122762,74.93682773227786,2.0037499665065175,0.9136163001245039,1.0991885442301348,-5.899252,-142.33928159203978,0.2124829105560952,0.22734177215189874,0.8255382331106161,-0.5528980211588663,0.5856675561920386,-2.5671243282587892,0.017229588486548254,0.13752583624800943,0.9954186568276681,0.13783670789238603,0.34869321288733063
BOOK,dow,Mon,1110,24,9.842754114114115,71.5711153927977,2.1831276032781575,9.150742679127724,73.95688384291168,1.964165187809274,0.9677410901305483,1.149325803018534,-3.424650666666667,-157.77436121212122,0.19869422803902537,0.18734177215189873,0.8342342342342343,0.4834259681392063,0.6333636969257701,-1.59505928459185,0.1243494613986542,0.6459488775871933,0.8231051139536568,0.38401991775821054,0.8792016984531017
BOOK,dow,Tue,1218,24,11.477108812260536,73.63904920588166,2.474141859358277,8.711953374406912,73.47416388842561,1.8822667051187791,1.0022441264892303,1.3123036950066462,-3.6367,-141.27590222222221,0.2542291959684694,0.20556962025316455,0.8448275862068966,1.2477131016918306,0.22469061670616353,-0.19417983366700733,0.8477399290283546,0.5121455802815846,0.6725817563697705,0.9594831940465003,0.8792016984531017
BOOK,dow,Wed,1218,24,11.237145593869732,81.94104682633116,2.176981659798673,8.774047107145385,71.16709421012926,1.9571359680807363,1.1513895253948478,0.9666648616857829,-5.899252,-163.17759111111116,0.24891377576365875,0.20556962025316455,0.8481116584564861,0.6862899043061226,0.4993910843011925,2.152648770472857,0.04207284452791443,0.022962266824126158,0.7654253773943587,0.19278342637436452,0.166998304175463
BOOK,dow,Thu,1193,24,10.012535456831518,72.08036835956328,2.2050951804114662,9.095800563539026,73.87287807963554,1.9545922854303512,0.9757352120741807,1.1569419859183931,-3.505345333333333,-142.62177401129944,0.21723517455285446,0.20135021097046413,0.8424140821458508,0.43732728366810675,0.6659529521362788,-0.6034964883900361,0.5520843290943117,0.43717420237463434,0.8456545423952747,0.7886918987061595,0.8792016984531017
BOOK,dow,Fri,1186,24,3.752031478358629,67.00017369574236,0.8889775941270833,10.663931996905115,74.9942214806816,2.257302883197468,0.8934044833441136,0.44109033078251475,-3.541229333333334,-161.4514711864407,0.08092762567599192,0.200168776371308,0.8263069139966274,-3.2747011696055432,0.003326587909331812,-2.1476926091817514,0.042507162142361346,0.008580123394013558,0.13306351637327246,0.19278342637436452,0.08580123394013559
BOOK,eseason_data,off,3967,24,9.307370708343838,72.50514252605208,2.037785519446441,9.225711678583588,75.52473916730948,1.939147810762521,0.9600184433001734,1.094348406366134,-5.899252,-150.14524107744106,0.6714827324340961,0.6695358649789029,0.8457272498109403,0.106288736839357,0.9162748920840589,-0.05429414304144139,0.9571696779136933,0.6510991950977859,0.9162748920840589,0.9571696779136933,0.694505808104305
BOOK,eseason_data,season,1958,24,9.225711678583588,75.52473916730948,1.939147810762521,9.307370708343838,72.50514252605208,2.037785519446441,1.0416466547896575,0.9137857689404192,-4.886210666666667,-158.27859243986254,0.3285172675659039,0.33046413502109706,0.8263534218590398,-0.106288736839357,0.9162748920840589,0.05429414304144139,0.9571696779136933,0.6510991950977859,0.9162748920840589,0.9571696779136933,0.694505808104305
BOOK,holiday,none,5490,24,9.302007577413479,74.04799171533399,1.9941768715149115,9.007497624521072,66.42892282171337,2.152520104543806,1.1146950540515195,0.8293540515643608,-5.899252,-154.3106603406326,0.9287411105435863,0.9265822784810127,0.8377049180327869,0.01726442374608417,0.986374560226817,2.1140640148098795,0.04556231902534368,0.1968136876842275,0.986374560226817,0.08747965252865987,0.5550845418193115
BOOK,holiday,post,218,24,9.775128440366974,72.89698675388935,2.128693657056749,9.261486782314117,73.53996277443625,1.99920613546186,0.9912567807177296,1.0789220614943715,-2.5579573333333334,-148.23818666666665,0.03875471992562858,0.036793248945147676,0.8532110091743119,0.16229343708005498,0.8724921714872614,-1.3880272067883175,0.17842879084935617,0.9789326586508272,0.986374560226817,0.25953278668997265,0.9789326586508272
BOOK,holiday,pre,217,24,8.236329339477725,59.38601089058042,2.2016578134975617,9.320077014716187,73.99811791006869,1.9993972828506026,0.8025340720523915,1.378215514426011,-1.7819480000000003,-123.75604000000001,0.032504169530785006,0.03662447257383966,0.8663594470046083,-0.2557015708032632,0.8004542200158957,-3.467754951455755,0.002085562080760268,0.0760548729799794,0.986374560226817,0.006668199495690172,0.3650633903039011
