Date,Entry Date,Exit Date,Exit Type,Time Stop,Strategy,Ticker,Action,Entry Criteria,Price,Exit Price,Shares,PnL,ATR,stop_atr,tgt_atr,T+1 Open,Signal Close,Range %,Equity at Signal,Risk $,Risk bps,Size_Mult,Tranche,Entry Offset ATR,Pivot Rule Version,Pivot Nearest Type,Pivot Level,Pivot Date,Pivot Source Age Bars,Pivot High Source Age Bars,Pivot Low Source Age Bars,Pivot High Expired,Pivot Low Expired,Pivot Max Source Age Bars,Pivot Distance ATR,Pivot Matched Rule,R,Tier,censored
2005-05-12,2005-05-13,2005-05-18,Target,2005-05-27,Oversold Low Volume,UNP,BUY,Limit Order -0.25 ATR (Persistent),10.161236780030388,10.67176708153316,7712,3937.0,0.2042121206011091,1.25,2.5,10.2482271194458,10.212289810180664,5.908871399990448,750000.0,1968.75,52.5,0.5,,0.25,olv_close_pivot_40_v2_20260901,Low,9.530679702758789,2005-02-08,65.0,90.0,65.0,False,False,252.0,3.3377553957890447,default,1.9997460317460318,Liquid,False
2005-05-12,2005-05-13,2005-05-27,Time,2005-05-27,Oversold Low Volume,XOM,BUY,Limit Order -0.25 ATR (Persistent),27.15505599975586,28.302326202392578,2450,2811.0,0.6426620483398438,1.25,2.5,27.400436401367188,27.31572151184082,11.636294291886596,750000.0,1968.75,52.5,0.5,,0.25,olv_close_pivot_40_v2_20260901,High,31.51517677307129,2005-03-04,48.0,48.0,286.0,False,True,252.0,-6.534469044933816,default,1.4278095238095239,Liquid,False
2005-05-13,2005-05-16,2005-05-27,Target,2005-05-31,Oversold Low Volume,XOM,BUY,Limit Order -0.25 ATR (Persistent),26.593649285180227,28.23369833401271,3361,5512.0,0.6560196195329938,1.25,2.5,26.658002853393555,26.757654190063477,8.450685241694613,747794.7707083566,2756.25,52.5,0.7,,0.25,olv_close_pivot_40_v2_20260901,High,31.51517677307129,2005-03-04,49.0,49.0,287.0,False,True,252.0,-7.252104116024136,default,1.9998185941043083,Liquid,False
2005-08-01,2005-08-02,2005-08-16,Time,2005-08-16,Oversold Low Volume,STZ,BUY,Limit Order -0.25 ATR (Persistent),22.88348320552281,22.846220016479492,2135,-80.0,0.5268581935337612,1.25,2.5,22.913806915283203,23.01519775390625,38.333383499382954,763936.6285666397,1406.25,37.5,0.5,,0.25,olv_close_pivot_40_v2_20260901,Low,21.790082931518555,2005-05-26,45.0,77.0,45.0,False,False,252.0,2.325321761004728,default,-0.05688888888888889,Overflow,False
2005-08-11,2005-08-12,2005-08-26,Target,2005-08-26,Oversold Low Volume,STZ,BUY,Limit Order -0.25 ATR (Persistent),22.25795599392482,23.493627377918788,4552,5625.0,0.4942685535975865,1.25,2.5,22.30547523498535,22.38152313232422,22.115426358608353,762864.9438103607,2812.5,37.5,1.0,,0.25,olv_close_pivot_40_v2_20260901,Low,21.790082931518555,2005-05-26,53.0,85.0,53.0,False,False,252.0,1.1965968631846056,default,2.0,Overflow,False
2005-09-01,2005-09-02,2005-09-07,Stop,2005-09-19,Oversold Low Volume,GDEN,BUY,Limit Order -0.25 ATR (Persistent),17.75351003238133,16.31333611316681,2394,-3448.0,0.4697931834629604,1.25,2.5,17.944198608398438,17.87095832824707,20.000104167209205,769303.940568413,1406.25,37.5,0.5,,0.25,olv_close_pivot_40_v2_20260901,Low,17.783063888549805,2005-05-25,69.0,135.0,69.0,False,False,252.0,0.18709177312743072,default,-2.451911111111111,Overflow,False
2005-09-02,2005-09-06,2005-09-20,Time,2005-09-20,Oversold Low Volume,GDEN,BUY,Limit Order -0.25 ATR (Persistent),17.609641449792043,16.625850677490234,3428,-3372.0,0.45933001382010324,1.25,2.5,17.724477767944336,17.72447395324707,0.0,769234.4281949656,1968.7499999999998,37.5,0.7,,0.25,olv_close_pivot_40_v2_20260901,Low,17.783063888549805,2005-05-25,70.0,40.0,70.0,False,False,252.0,-0.12755520767184428,default,-1.712761904761905,Overflow,False
2005-12-30,2006-01-03,2006-01-18,Time,2006-01-18,Oversold Low Volume,CHRW,BUY,Limit Order -0.25 ATR (Persistent),23.808280536106654,23.947284698486328,1641,228.0,0.6855027335030692,1.25,2.5,24.109167098999023,23.979656219482422,2.7776489935283646,760601.776050806,1406.25,37.5,0.5,,0.25,olv_close_pivot_40_v2_20260901,High,17.740663528442383,2005-03-07,208.0,208.0,173.0,False,False,252.0,9.10133889497044,above_high_gt5,0.16213333333333332,Overflow,False
2006-08-08,2006-08-09,2006-08-17,Target,2006-08-23,Oversold Low Volume,BLK,BUY,Limit Order -0.25 ATR (Persistent),77.42763682774135,82.50154931204659,554,2811.0,2.029564993722098,1.25,2.5,78.44451141357422,77.93502807617188,3.7035563236163536,760829.8818812711,1406.25,37.5,0.5,,0.25,olv_close_pivot_40_v2_20260901,High,96.82222747802734,2006-04-19,77.0,77.0,331.0,False,True,252.0,-9.30603329298536,default,1.9989333333333332,Overflow,False
2006-08-14,2006-08-17,2006-08-29,Time,2006-08-29,Oversold Low Volume,BKR,BUY,Limit Order -0.25 ATR (Persistent),35.5014899798802,36.08917236328125,903,531.0,1.245810100010463,1.25,2.5,36.17638397216797,35.81294250488281,6.097637069639969,760563.6590212074,1406.25,37.5,0.5,,0.25,olv_close_pivot_40_v2_20260901,Low,31.125446319580078,2006-03-20,102.0,50.0,102.0,False,False,252.0,3.7626089122759288,default,0.3776,Overflow,False
2006-08-22,2006-08-23,2006-09-07,Time,2006-09-07,Oversold Low Volume,KEX,BUY,Limit Order -0.25 ATR (Persistent),29.88214247567313,28.649999618530273,1050,-1294.0,1.0714285714285714,1.25,2.5,30.25,30.149999618530273,20.54790583440023,764588.1143964018,1406.25,37.5,0.5,,0.25,olv_close_pivot_40_v2_20260901,Low,22.375,2005-09-13,237.0,73.0,237.0,False,False,252.0,7.256666310628256,default,-0.9201777777777778,Overflow,False
2006-08-23,2006-08-24,2006-09-08,Time,2006-09-08,Oversold Low Volume,KEX,BUY,Limit Order -0.25 ATR (Persistent),29.409642492021835,29.020000457763672,1638,-638.0,0.9614285060337612,1.25,2.5,29.690000534057617,29.649999618530273,21.052536475576876,763434.1546986784,1968.7499999999998,37.5,0.7,,0.25,olv_close_pivot_40_v2_20260901,Low,22.375,2005-09-13,238.0,74.0,238.0,False,False,252.0,7.566864902458808,default,-0.3240634920634921,Overflow,False
2006-08-24,2006-08-25,2006-09-11,Time,2006-09-11,Oversold Low Volume,KEX,BUY,Limit Order -0.25 ATR (Persistent),28.733927692685807,29.5,2488,1906.0,0.9042855671473912,1.25,2.5,29.399999618530273,28.959999084472656,28.301829076284985,762515.7704690184,2812.5,37.5,1.0,,0.25,olv_close_pivot_40_v2_20260901,Low,22.375,2005-09-13,239.0,75.0,239.0,False,False,252.0,7.28199069376428,default,0.6776888888888889,Overflow,False
2006-08-24,2006-08-25,2006-09-11,Time,2006-09-11,Oversold Low Volume,EXPD,BUY,Limit Order -0.25 ATR (Persistent),31.031962496893748,32.25828552246094,890,1091.0,1.2629352297101701,1.25,2.5,31.450620651245117,31.34769630432129,19.29839142506582,762515.7704690184,1406.25,37.5,0.5,,0.25,olv_close_pivot_40_v2_20260901,High,28.582826614379883,2005-11-22,189.0,189.0,155.0,False,False,252.0,2.1892410829143736,above_high_2_3,0.7758222222222222,Overflow,False
2006-08-25,2006-08-29,2006-09-12,Target,2006-09-12,Oversold Low Volume,EXPD,BUY,Limit Order -0.25 ATR (Persistent),30.375314916883195,33.52699668066842,1249,3936.0,1.2606727055140905,1.25,2.5,30.76966667175293,30.69048309326172,27.272445244152138,761774.8725994314,1968.7499999999995,37.5,0.7,,0.25,olv_close_pivot_40_v2_20260901,High,28.582826614379883,2005-11-22,190.0,190.0,156.0,False,False,252.0,1.671850647406817,default,1.9992380952380957,Overflow,False
2007-07-17,2007-07-18,2007-08-01,Time,2007-08-01,Oversold Low Volume,NYT,BUY,Limit Order -0.25 ATR (Persistent),19.25653621128627,18.750988006591797,1343,-679.0,0.3349849155970982,1.25,2.5,19.34027671813965,19.340282440185547,3.5705368289637955,769786.0097247873,562.5,37.5,0.2,,0.25,olv_close_pivot_40_v2_20260901,Low,18.446636199951172,2007-01-30,116.0,104.0,116.0,False,False,252.0,2.6677208394338705,default,-1.207111111111111,Overflow,False
2007-12-11,2007-12-13,2007-12-27,Time,2007-12-27,Oversold Low Volume,B,BUY,Limit Order -0.25 ATR (Persistent),28.22214640889849,29.547882080078125,1016,1347.0,1.1069511686052596,1.25,2.5,29.283788681030273,28.498884201049805,6.844140295582866,769107.0584858826,1406.25,37.5,0.5,,0.25,olv_close_pivot_40_v2_20260901,High,22.663677215576172,2007-05-08,151.0,151.0,190.0,False,False,252.0,5.271422218945664,above_high_gt5,0.9578666666666666,Overflow,False
2009-10-28,2009-10-30,2009-11-12,Time,2009-11-12,Oversold Low Volume,AIG,BUY,Limit Order -0.25 ATR (Persistent),21.67497365815299,22.657331466674805,280,275.0,1.6049912316458566,1.25,2.5,23.06973648071289,22.076221466064453,61.97185036272602,770454.0059278011,562.5,52.5,0.1429,,0.25,olv_close_pivot_40_v2_20260901,High,31.386592864990234,2009-08-28,42.0,42.0,78.0,False,False,252.0,-5.800886145264704,default,0.4888888888888889,Liquid,False
2010-01-27,2010-01-28,2010-02-10,Stop,2010-02-11,Oversold Low Volume,ATO,BUY,Limit Order -0.25 ATR (Persistent),17.534582206181117,16.776488294029235,1362,-1033.0,0.3302991049630301,1.25,2.5,17.686260223388672,17.617156982421875,56.00026715077625,770729.0661141872,562.5,37.5,0.2,,0.25,olv_close_pivot_40_v2_20260901,High,15.959589958190918,2009-05-04,185.0,185.0,226.0,False,False,252.0,5.018381822186548,above_high_gt5,-1.8364444444444445,Overflow,False
2010-02-05,2010-02-08,2010-02-10,Target,2010-02-23,Oversold Low Volume,AIG,BUY,Limit Order -0.25 ATR (Persistent),13.785583751542228,15.960311497960772,3621,7875.0,0.8698910985674176,1.25,2.5,14.003059387207031,14.003056526184082,80.55546134409605,763479.0276608637,3937.5,52.5,1.0,,0.25,olv_close_pivot_40_v2_20260901,Low,5.923649787902832,2009-07-09,146.0,110.0,146.0,False,False,252.0,9.287837008088532,default,2.0,Liquid,False
2010-01-29,2010-02-01,2010-02-10,Stop,2010-02-16,Oversold Low Volume,ATO,BUY,Limit Order -0.25 ATR (Persistent),17.27529297556196,16.776488294029235,2019,-1007.0,0.3118987764630999,1.25,2.5,17.466352462768555,17.353267669677734,3.1249851767172476,768054.6321569851,787.5,37.5,0.28,,0.25,olv_close_pivot_40_v2_20260901,High,15.959589958190918,2009-05-04,187.0,187.0,228.0,False,False,252.0,4.468365433462031,above_high_4_5,-1.2787301587301587,Overflow,False
2010-01-29,2010-02-01,2010-02-10,Target,2010-02-16,Oversold Low Volume,AIG,BUY,Limit Order -0.25 ATR (Persistent),14.917586530957903,17.144757338932582,2475,5512.0,0.8908683231898716,1.25,2.5,15.234029769897461,15.140303611755371,22.72713608162076,768054.6321569851,2756.25,52.5,0.7,,0.25,olv_close_pivot_40_v2_20260901,Low,5.923649787902832,2009-07-09,141.0,105.0,141.0,False,False,252.0,10.34569709567301,default,1.9998185941043083,Liquid,False
2010-02-01,2010-02-02,2010-02-10,Stop,2010-02-17,Oversold Low Volume,ATO,BUY,Limit Order -0.25 ATR (Persistent),17.261375256947108,16.776488294029235,2836,-1375.0,0.317284311567034,1.25,2.5,17.340700149536133,17.340696334838867,42.50011384162353,771751.6171364443,1125.0,37.5,0.4,,0.25,olv_close_pivot_40_v2_20260901,High,15.959589958190918,2009-05-04,188.0,188.0,229.0,False,False,252.0,4.352898414128355,above_high_4_5,-1.2222222222222223,Overflow,False
2010-02-04,2010-02-05,2010-02-10,Target,2010-02-22,Oversold Low Volume,AIG,BUY,Limit Order -0.25 ATR (Persistent),13.903308272361755,16.02559244632721,3710,7874.0,0.8489136695861816,1.25,2.5,14.059293746948242,14.1155366897583,2.542459474176388,763812.3269804886,3937.5,52.5,1.0,,0.25,olv_close_pivot_40_v2_20260901,Low,5.923649787902832,2009-07-09,145.0,109.0,145.0,False,False,252.0,9.64984685174024,default,1.9997460317460318,Liquid,False
2010-01-27,2010-01-28,2010-02-11,Target,2010-02-11,Oversold Low Volume,AIG,BUY,Limit Order -0.25 ATR (Persistent),15.344046933310372,17.555595193590435,1780,3937.0,0.8846193041120257,1.25,2.5,16.152568817138672,15.565201759338379,86.97673461101071,770729.0661141872,1968.75,52.5,0.5,,0.25,olv_close_pivot_40_v2_20260901,Low,5.923649787902832,2009-07-09,139.0,103.0,139.0,False,False,252.0,10.89909741582416,default,1.9997460317460318,Liquid,False
2010-01-27,2010-01-28,2010-02-11,Time,2010-02-11,Oversold Low Volume,DCI,BUY,Limit Order -0.25 ATR (Persistent),15.376454932349068,15.310853958129883,3539,-232.0,0.317868777683803,1.25,2.5,15.522582054138184,15.45592212677002,72.85669114044568,770729.0661141872,1406.25,37.5,0.5,,0.25,olv_close_pivot_40_v2_20260901,High,17.490924835205078,2009-11-19,45.0,45.0,79.0,False,False,252.0,-6.4020213726664235,default,-0.16497777777777778,Overflow,False
2010-01-28,2010-01-29,2010-02-12,Time,2010-02-12,Oversold Low Volume,DCI,BUY,Limit Order -0.25 ATR (Persistent),15.139459831374031,15.553945541381836,4848,2009.0,0.3248701776776995,1.25,2.5,15.161864280700684,15.220677375793457,25.47172192557544,769832.582145759,1968.7499999999995,37.5,0.7,,0.25,olv_close_pivot_40_v2_20260901,High,17.490924835205078,2009-11-19,46.0,46.0,80.0,False,False,252.0,-6.988168245051755,default,1.0204444444444447,Overflow,False
2010-02-04,2010-02-05,2010-02-17,Target,2010-02-22,Oversold Low Volume,DCI,BUY,Limit Order -0.25 ATR (Persistent),14.920103907585144,15.847801327705383,6063,5625.0,0.3710789680480957,1.25,2.5,14.985424041748047,15.012873649597168,4.878294762195737,763812.3269804886,2812.5,37.5,1.0,,0.25,olv_close_pivot_40_v2_20260901,Low,12.857178688049316,2009-10-02,85.0,51.0,85.0,False,False,252.0,5.809262036291022,default,2.0,Overflow,False
2011-01-04,2011-01-05,2011-01-10,Stop,2011-01-20,Oversold Low Volume,PVH,BUY,Limit Order -0.25 ATR (Persistent),59.827546051570344,57.488336854934694,837,-1958.0,1.3435938698904855,1.25,2.5,59.831214904785156,60.16344451904297,19.758022623593895,802332.1233631202,1406.25,37.5,0.5,,0.25,olv_close_pivot_40_v2_20260901,High,65.41233825683594,2010-04-22,178.0,178.0,127.0,False,False,252.0,-3.906607387410006,default,-1.3923555555555556,Overflow,False
2011-03-14,2011-03-15,2011-03-29,Time,2011-03-29,Oversold Low Volume,BPOP,BUY,Limit Order -0.25 ATR (Persistent),22.032094955444336,21.88222312927246,1580,-237.0,0.7119216918945312,1.25,2.5,22.032094955444336,22.48172950744629,27.272748307441702,802793.2127365044,1406.25,37.5,0.5,,0.25,olv_close_pivot_40_v2_20260901,High,22.107032775878906,2010-09-14,125.0,125.0,174.0,False,False,252.0,0.5263173405634799,default,-0.16853333333333334,Overflow,False
2011-03-15,2011-03-16,2011-03-30,Time,2011-03-30,Oversold Low Volume,WBS,BUY,Limit Order -0.25 ATR (Persistent),13.786021896771022,14.110810279846191,2489,808.0,0.4519550459725516,1.25,2.5,13.892389297485352,13.89901065826416,60.97566975817364,803503.6353286675,1406.25,37.5,0.5,,0.25,olv_close_pivot_40_v2_20260901,High,14.320362091064453,2010-05-12,212.0,212.0,72.0,False,False,252.0,-0.9322861566764823,default,0.5745777777777777,Overflow,False
2011-05-05,2011-05-06,2011-05-20,Time,2011-05-20,Oversold Low Volume,MLKN,BUY,Limit Order -0.25 ATR (Persistent),17.620944227491105,17.07903480529785,1955,-1059.0,0.5754195622035435,1.25,2.5,18.046316146850586,17.764799118041992,29.885074926045835,803364.813536627,1406.25,37.5,0.5,,0.25,olv_close_pivot_40_v2_20260901,Low,11.809146881103516,2010-08-31,171.0,262.0,171.0,True,False,252.0,10.350103868786755,default,-0.7530666666666667,Overflow,False
2011-05-24,2011-05-25,2011-05-27,Target,2011-06-09,Oversold Low Volume,MLKN,BUY,Limit Order -0.25 ATR (Persistent),16.2147376537323,17.7112934589386,2631,3937.0,0.5986223220825195,1.25,2.5,16.25745964050293,16.36439323425293,48.43753225466841,802812.0296546902,1968.7499999999995,37.5,0.7,,0.25,olv_close_pivot_40_v2_20260901,Low,11.809146881103516,2010-08-31,184.0,275.0,184.0,True,False,252.0,7.609549769715199,default,1.9997460317460323,Overflow,False
2011-05-23,2011-05-24,2011-06-01,Target,2011-06-08,Oversold Low Volume,BC,BUY,Limit Order -0.25 ATR (Persistent),16.34245685168675,17.86761062485831,1844,2812.0,0.6100615092686245,1.25,2.5,16.543865203857422,16.494972229003906,17.910275711985246,802305.3806162392,1406.25,37.5,0.5,,0.25,olv_close_pivot_40_v2_20260901,Low,9.887964248657227,2010-07-06,223.0,269.0,223.0,True,False,252.0,10.830068574999146,default,1.9996444444444443,Overflow,False
2011-06-13,2011-06-15,2011-06-28,Time,2011-06-28,Oversold Low Volume,AA,BUY,Limit Order -0.25 ATR (Persistent),32.21251916885376,33.61397933959961,1277,1790.0,0.8806209564208984,1.25,2.5,32.69041061401367,32.432674407958984,35.84894911800976,806329.5947017159,1406.25,37.5,0.5,,0.25,olv_close_pivot_40_v2_20260901,Low,33.576290130615234,2011-03-16,61.0,46.0,61.0,False,False,252.0,-1.298646953967845,default,1.272888888888889,Overflow,False
2011-06-28,2011-07-01,2011-07-06,Target,2011-07-14,Oversold Low Volume,CEF,BUY,Limit Order -0.25 ATR (Persistent),19.899723087038314,21.049606016704015,3424,3937.0,0.4599531718662807,1.25,2.5,20.173954010009766,20.014711380004883,47.826521684789405,808119.2593397583,1968.75,52.5,0.5,,0.25,olv_close_pivot_40_v2_20260901,Low,17.97442626953125,2011-01-27,105.0,43.0,105.0,False,False,252.0,4.435853985298295,default,1.9997460317460318,Liquid,False
2011-08-01,2011-08-02,2011-08-08,Stop,2011-08-16,Oversold Low Volume,WWW,BUY,Limit Order -0.25 ATR (Persistent),14.700393557548523,13.299895247650147,2937,-4113.0,0.3829312324523926,1.25,2.5,14.713223457336426,14.796126365661621,32.19175702261367,811784.4402534111,1406.25,37.5,0.5,,0.25,olv_close_pivot_40_v2_20260901,,,,,321.0,271.0,True,True,252.0,,default,-2.9248,Overflow,False
2012-01-03,2012-01-04,2012-01-12,Stop,2012-01-19,Oversold Low Volume,EQT,BUY,Limit Order -0.25 ATR (Persistent),26.479388305119105,24.830101758384707,1589,-2621.0,0.7078969138009208,1.25,2.5,26.592802047729492,26.656362533569336,16.216197218985965,806616.202227865,1406.25,37.5,0.5,,0.25,olv_close_pivot_40_v2_20260901,Low,23.4575252532959,2011-08-08,102.0,48.0,102.0,False,False,252.0,4.518789696508035,default,-1.8638222222222223,Overflow,False
2012-04-23,2012-04-24,2012-04-26,Target,2012-05-08,Oversold Low Volume,SNX,BUY,Limit Order -0.25 ATR (Persistent),15.90154927117484,16.758245127541677,3282,2812.0,0.3426783425467355,1.25,2.5,16.018056869506836,15.987218856811523,54.053990802607096,802632.1381967409,1406.25,37.5,0.5,,0.25,olv_close_pivot_40_v2_20260901,Low,10.220542907714844,2011-08-19,169.0,287.0,169.0,True,False,252.0,16.828247464486914,default,1.9996444444444443,Overflow,False
2012-04-19,2012-04-23,2012-05-04,Time,2012-05-04,Oversold Low Volume,UBSI,BUY,Limit Order -0.25 ATR (Persistent),15.274176597595215,14.47118091583252,1183,-950.0,0.3803503172738211,1.25,2.5,15.991764068603516,15.376697540283203,37.87883785422687,802733.1964176042,562.5,37.5,0.2,,0.25,olv_close_pivot_40_v2_20260901,High,13.720773696899414,2011-07-01,201.0,201.0,167.0,False,False,252.0,4.353680720585962,above_high_4_5,-1.6888888888888889,Overflow,False
2012-05-01,2012-05-02,2012-05-16,Time,2012-05-16,Oversold Low Volume,UBSI,BUY,Limit Order -0.25 ATR (Persistent),14.88010937826974,14.277545928955078,4020,-2422.0,0.3917405264718192,1.25,2.5,14.926783561706543,14.978044509887695,2.4690464721557794,805223.1882021086,1968.7499999999998,37.5,0.7,,0.25,olv_close_pivot_40_v2_20260901,High,13.720773696899414,2011-07-01,209.0,209.0,175.0,False,False,252.0,3.209447907551955,default,-1.2302222222222223,Overflow,False
2012-07-19,2012-07-20,2012-08-03,Time,2012-08-03,Oversold Low Volume,MNST,BUY,Limit Order -0.25 ATR (Persistent),11.209970559392657,11.130000114440918,2959,-237.0,0.3801189831324986,1.25,2.5,11.301667213439941,11.305000305175781,11.78869825733399,802201.2635040964,1406.25,37.5,0.5,,0.25,olv_close_pivot_40_v2_20260901,Low,5.742499828338623,2011-08-08,239.0,561.0,239.0,True,False,252.0,14.633577178907242,default,-0.16853333333333334,Overflow,False
2012-11-09,2012-11-12,2012-11-23,Target,2012-11-27,Oversold Low Volume,KO,BUY,Limit Order -0.25 ATR (Persistent),23.784204040254867,24.71945779664176,4210,3937.0,0.37410150255475727,1.25,2.5,23.87772560119629,23.877729415893555,51.06393477000506,801964.6309574842,1968.75,52.5,0.5,,0.25,olv_close_pivot_40_v2_20260901,High,26.507083892822266,2012-07-30,71.0,71.0,240.0,False,False,252.0,-7.028452061733839,default,1.9997460317460318,Liquid,False
2012-11-12,2012-11-13,2012-11-28,Time,2012-11-28,Oversold Low Volume,CSGS,BUY,Limit Order -0.25 ATR (Persistent),14.003749660083226,13.917457580566406,2353,-203.0,0.47799757548740934,1.25,2.5,14.069900512695312,14.123249053955078,44.94394027794375,801776.6519789866,1406.25,37.5,0.5,,0.25,olv_close_pivot_40_v2_20260901,High,13.2162504196167,2012-02-07,192.0,192.0,138.0,False,False,252.0,1.8974963072009758,default,-0.14435555555555554,Overflow,False
2012-11-13,2012-11-14,2012-11-29,Time,2012-11-29,Oversold Low Volume,CSGS,BUY,Limit Order -0.25 ATR (Persistent),13.97013691493443,14.138497352600098,3210,540.0,0.4905193873814174,1.25,2.5,14.100382804870605,14.092766761779785,70.17541548951041,802207.7194411414,1968.7499999999998,37.5,0.7,,0.25,olv_close_pivot_40_v2_20260901,High,13.2162504196167,2012-02-07,193.0,193.0,139.0,False,False,252.0,1.7869147779097374,default,0.2742857142857143,Overflow,False
2012-12-04,2012-12-05,2012-12-17,Target,2012-12-19,Oversold Low Volume,MTB,BUY,Limit Order -0.25 ATR (Persistent),66.6720700945173,69.20414624895368,1110,2811.0,1.0128304617745536,1.25,2.5,67.18978881835938,66.92527770996094,7.453449977873847,807238.6455999102,1406.25,37.5,0.5,,0.25,olv_close_pivot_40_v2_20260901,High,59.41111373901367,2012-04-20,156.0,156.0,125.0,False,False,252.0,7.418975094589767,above_high_gt5,1.9989333333333332,Overflow,False
2013-02-14,2013-02-15,2013-02-21,Stop,2013-03-04,Oversold Low Volume,AEM,BUY,Limit Order -0.25 ATR (Persistent),34.259071350097656,30.83424136695862,1195,-4093.0,0.9407013484409877,1.25,2.5,34.259071350097656,34.6800537109375,3.8277270084766988,810409.2865889414,1406.25,37.5,0.5,,0.25,olv_close_pivot_40_v2_20260901,Low,28.874391555786133,2012-07-23,141.0,55.0,141.0,False,False,252.0,6.17163158612775,default,-2.9105777777777777,Overflow,False
2013-02-25,2013-02-26,2013-03-06,Target,2013-03-12,Oversold Low Volume,STX,BUY,Limit Order -0.25 ATR (Persistent),17.24758584158761,18.6937130519322,1944,2811.0,0.5784508841378349,1.25,2.5,17.442955017089844,17.39219856262207,3.1054634982522185,807732.5073759897,1406.25,37.5,0.5,,0.25,olv_close_pivot_40_v2_20260901,High,19.63821029663086,2012-08-17,128.0,128.0,57.0,False,False,252.0,-3.8828045657781436,default,1.9989333333333332,Overflow,False
2013-06-03,2013-06-04,2013-06-18,Time,2013-06-18,Oversold Low Volume,OGE,BUY,Limit Order -0.25 ATR (Persistent),20.21707889011928,20.738418579101562,2710,1413.0,0.4150172642299107,1.25,2.5,20.28778648376465,20.320833206176758,50.45013612757098,810403.5930475508,1406.25,37.5,0.5,,0.25,olv_close_pivot_40_v2_20260901,High,17.251407623291016,2012-11-01,145.0,145.0,233.0,False,False,252.0,7.395898550344031,above_high_gt5,1.0048,Overflow,False
2013-06-04,2013-06-05,2013-06-19,Time,2013-06-19,Oversold Low Volume,OGE,BUY,Limit Order -0.25 ATR (Persistent),20.088752712522233,20.359882354736328,3941,1069.0,0.39956678662981304,1.25,2.5,20.10752296447754,20.188644409179688,33.69562967103493,810326.5356042045,1968.7499999999998,37.5,0.7,,0.25,olv_close_pivot_40_v2_20260901,High,17.251407623291016,2012-11-01,146.0,146.0,234.0,False,False,252.0,7.351053401267649,above_high_gt5,0.542984126984127,Overflow,False
2013-06-21,2013-06-24,2013-07-09,Target,2013-07-09,Oversold Low Volume,WCC,BUY,Limit Order -0.25 ATR (Persistent),63.3406867980957,67.60131536211286,660,2812.0,1.704251425606864,1.25,2.5,63.3406867980957,64.23335266113281,45.24876896365241,812884.9455246585,1406.25,37.5,0.5,,0.25,olv_close_pivot_40_v2_20260901,Low,64.30126953125,2013-04-15,48.0,69.0,48.0,False,False,252.0,-0.03985143805468908,default,1.9996444444444443,Overflow,False
2013-08-15,2013-08-19,2013-08-23,Target,2013-08-30,Oversold Low Volume,MSFT,BUY,Limit Order -0.25 ATR (Persistent),25.98537278175354,27.30748724937439,2978,3937.0,0.5288457870483398,1.25,2.5,26.11758041381836,26.117584228515625,70.89561806551765,815664.2523941654,1968.75,52.5,0.5,,0.25,olv_close_pivot_40_v2_20260901,High,25.06361961364746,2012-09-20,225.0,225.0,175.0,False,False,252.0,1.9929526540254447,default,1.9997460317460318,Liquid,False
2013-08-27,2013-08-28,2013-08-29,Target,2013-09-12,Oversold Low Volume,VZ,BUY,Limit Order -0.25 ATR (Persistent),24.259700264249528,25.170121022633143,4324,3937.0,0.36416830335344585,1.25,2.5,24.31444549560547,24.35074234008789,93.33343139994999,823299.9661922115,1968.75,52.5,0.5,,0.25,olv_close_pivot_40_v2_20260901,Low,24.799442291259766,2013-06-05,58.0,83.0,58.0,False,False,252.0,-1.2321224748008517,default,1.9997460317460318,Liquid,False
2013-08-30,2013-09-03,2013-09-17,Time,2013-09-17,Oversold Low Volume,UGI,BUY,Limit Order -0.25 ATR (Persistent),16.890729563576834,16.870380401611328,3867,-79.0,0.2908643995012556,1.25,2.5,17.15385627746582,16.96344566345215,25.71434568160353,825644.7549842766,1406.25,37.5,0.5,,0.25,olv_close_pivot_40_v2_20260901,Low,16.028722763061523,2013-06-21,49.0,439.0,49.0,True,False,252.0,3.2136036654653917,default,-0.05617777777777778,Overflow,False
2014-04-10,2014-04-11,2014-04-28,Time,2014-04-28,Oversold Low Volume,MNRO,BUY,Limit Order -0.25 ATR (Persistent),40.43810946600778,41.038246154785156,1207,724.0,0.931995119367327,1.25,2.5,40.516910552978516,40.67110824584961,7.594928384474755,825566.0647749561,1406.25,37.5,0.5,,0.25,olv_close_pivot_40_v2_20260901,High,36.884456634521484,2013-07-10,190.0,190.0,176.0,False,False,252.0,4.062952190027181,above_high_4_5,0.5148444444444444,Overflow,False
2014-04-25,2014-04-28,2014-05-12,Time,2014-05-12,Oversold Low Volume,PFS,BUY,Limit Order -0.25 ATR (Persistent),10.033770390919276,10.421185493469238,1821,705.0,0.2469946997506278,1.25,2.5,10.166571617126465,10.095519065856934,15.730267944073054,826618.3370115758,562.5,37.5,0.2,,0.25,olv_close_pivot_40_v2_20260901,Low,9.676396369934082,2014-02-07,53.0,84.0,53.0,False,False,252.0,1.6968894326315853,default,1.2533333333333334,Overflow,False
2014-08-01,2014-08-04,2014-08-06,Target,2014-08-18,Oversold Low Volume,TAP,BUY,Limit Order -0.25 ATR (Persistent),50.49991709845407,52.62866054262434,528,1124.0,0.8514973776681083,1.25,2.5,50.68280029296875,50.712791442871094,58.18173408265685,826995.9126600538,562.5,52.5,0.1429,,0.25,olv_close_pivot_40_v2_20260901,High,39.07408905029297,2013-08-08,247.0,247.0,123.0,False,False,252.0,13.668512314684532,above_high_gt5,1.9982222222222221,Liquid,False
2015-01-05,2015-01-06,2015-01-08,Target,2015-01-21,Oversold Low Volume,PEP,BUY,Limit Order -0.25 ATR (Persistent),66.54619257790702,68.86037458692279,1701,3936.0,0.9256728036063058,1.25,2.5,67.02696228027344,66.7776107788086,0.7520249923509235,828470.0819813865,1968.75,52.5,0.5,,0.25,olv_close_pivot_40_v2_20260901,Low,64.2610092163086,2014-10-16,54.0,291.0,54.0,True,False,252.0,2.7186728968331297,default,1.9992380952380953,Liquid,False
2015-01-07,2015-01-12,2015-01-23,Time,2015-01-23,Oversold Low Volume,ET,BUY,Limit Order -0.25 ATR (Persistent),10.317635110446385,10.886137008666992,2323,1321.0,0.484170709337507,1.25,2.5,10.559613227844238,10.438677787780762,43.57140684513449,831299.59392425,1406.25,37.5,0.5,,0.25,olv_close_pivot_40_v2_20260901,Low,9.399348258972168,2014-10-13,59.0,82.0,59.0,False,False,252.0,2.1466179361215656,default,0.9393777777777778,Overflow,False
2015-01-28,2015-01-30,2015-02-04,Target,2015-02-12,Oversold Low Volume,BALL,BUY,Limit Order -0.25 ATR (Persistent),28.107738631112234,29.565848078046525,771,1124.0,0.5832437787737165,1.25,2.5,28.324861526489258,28.253549575805664,0.8471687301898151,834728.889185684,562.5,37.5,0.2,,0.25,olv_close_pivot_40_v2_20260901,Low,27.494739532470703,2014-10-13,73.0,454.0,73.0,True,False,252.0,1.3010169520031172,default,1.9982222222222221,Overflow,False
2015-03-03,2015-03-04,2015-03-16,Stop,2015-03-18,Oversold Low Volume,ETR,BUY,Limit Order -0.25 ATR (Persistent),24.911609649658203,24.285577893447876,3339,-2090.0,0.47157628195626394,1.25,2.5,24.911609649658203,25.099498748779297,71.6983647351582,835789.7581869364,1968.75,52.5,0.5,,0.25,olv_close_pivot_40_v2_20260901,Low,22.2226505279541,2014-08-06,143.0,43.0,143.0,False,False,252.0,6.1004938774507895,default,-1.0615873015873016,Liquid,False
2015-03-04,2015-03-06,2015-03-19,Time,2015-03-19,Oversold Low Volume,ETR,BUY,Limit Order -0.25 ATR (Persistent),24.652454376220703,25.248512268066406,4650,2772.0,0.4741215024675642,1.25,2.5,24.892166137695312,24.78203010559082,38.58246908886921,835357.0920892954,2756.25,52.5,0.7,,0.25,olv_close_pivot_40_v2_20260901,Low,22.2226505279541,2014-08-06,144.0,44.0,144.0,False,False,252.0,5.398151242490446,default,1.0057142857142858,Liquid,False
2015-03-09,2015-03-11,2015-03-19,Target,2015-03-24,Oversold Low Volume,ES,BUY,Limit Order -0.25 ATR (Persistent),33.24635512488229,35.15196738924299,1475,2811.0,0.7622449057442802,1.25,2.5,33.430084228515625,33.43691635131836,26.562962704896613,831301.1774507761,1406.25,37.5,0.5,,0.25,olv_close_pivot_40_v2_20260901,High,31.572357177734375,2014-06-30,173.0,173.0,147.0,False,False,252.0,2.4461418627171665,above_high_2_3,1.9989333333333332,Overflow,False
2015-07-23,2015-07-24,2015-07-28,Stop,2015-08-07,Oversold Low Volume,LPX,BUY,Limit Order -0.25 ATR (Persistent),13.099472522735596,12.516340749835969,1286,-750.0,0.34969520568847656,1.25,2.5,13.160574913024902,13.186896324157715,9.37478770091985,839756.5891487768,562.5,37.5,0.2,,0.25,olv_close_pivot_40_v2_20260901,Low,13.371145248413086,2015-04-30,58.0,104.0,58.0,False,False,252.0,-0.5268843302916424,default,-1.3333333333333333,Overflow,False
2016-05-04,2016-05-05,2016-05-12,Stop,2016-05-19,Oversold Low Volume,ANF,BUY,Limit Order -0.25 ATR (Persistent),21.501230239868164,19.87440507564545,1627,-2647.0,0.6911108834402901,1.25,2.5,21.501230239868164,21.840288162231445,39.62252655674069,839158.1899397543,1406.25,37.5,0.5,,0.25,olv_close_pivot_40_v2_20260901,Low,19.53951644897461,2016-02-10,58.0,215.0,58.0,False,False,252.0,3.329092000119856,default,-1.882311111111111,Overflow,False
2016-05-18,2016-05-19,2016-06-03,Time,2016-06-03,Oversold Low Volume,KMB,BUY,Limit Order -0.25 ATR (Persistent),88.91359465462821,92.05834197998047,1150,3616.0,1.3689062935965401,1.25,2.5,88.97980499267578,89.25582122802734,63.06827230518566,836830.5088198355,1968.75,52.5,0.5,,0.25,olv_close_pivot_40_v2_20260901,High,81.3570327758789,2015-08-05,198.0,198.0,184.0,False,False,252.0,5.770145472409129,above_high_gt5,1.8366984126984127,Liquid,False
2016-08-16,2016-08-17,2016-08-31,Time,2016-08-31,Oversold Low Volume,CPB,BUY,Limit Order -0.25 ATR (Persistent),42.91862371989659,43.46015548706055,3301,1788.0,0.476994378226144,1.25,2.5,42.994937896728516,43.037872314453125,32.00019897527732,840446.9682439907,1968.75,52.5,0.5,,0.25,olv_close_pivot_40_v2_20260901,Low,42.62535858154297,2016-04-21,81.0,384.0,81.0,True,False,252.0,0.8648188568683354,default,0.9081904761904762,Liquid,False
2016-08-16,2016-08-17,2016-08-31,Time,2016-08-31,Oversold Low Volume,NJR,BUY,Limit Order -0.25 ATR (Persistent),24.18636897632054,24.338043212890625,2435,369.0,0.4619978496006557,1.25,2.5,24.20058250427246,24.301868438720703,3.124884145311644,840446.9682439907,1406.25,37.5,0.5,,0.25,olv_close_pivot_40_v2_20260901,Low,24.662200927734375,2016-05-18,62.0,329.0,62.0,True,False,252.0,-0.7799440826946231,default,0.2624,Overflow,False
2016-08-19,2016-08-22,2016-09-06,Target,2016-09-06,Oversold Low Volume,MCD,BUY,Limit Order -0.25 ATR (Persistent),90.77087947300502,93.04705483572823,1729,3936.0,0.9104701450892857,1.25,2.5,90.99058532714844,90.99849700927734,0.5555168663920331,844639.9629886661,1968.75,52.5,0.5,,0.25,olv_close_pivot_40_v2_20260901,High,103.36510467529297,2016-05-10,71.0,71.0,249.0,False,False,252.0,-13.582661367554108,default,1.9992380952380953,Liquid,False
2016-08-22,2016-08-23,2016-09-06,Target,2016-09-07,Oversold Low Volume,MCD,BUY,Limit Order -0.25 ATR (Persistent),91.10262829916817,93.30533395494733,2393,5271.0,0.881082262311663,1.25,2.5,91.71058654785156,91.3228988647461,71.29566801185672,846379.2677162205,2636.7607501652515,52.5,0.7,,0.25,olv_close_pivot_40_v2_20260901,High,103.36510467529297,2016-05-10,72.0,72.0,250.0,False,False,252.0,-13.66751587865608,default,1.9990437128850826,Liquid,False
2016-08-29,2016-08-30,2016-09-14,Time,2016-09-14,Oversold Low Volume,NJR,BUY,Limit Order -0.25 ATR (Persistent),24.35600164958409,23.65796661376953,5010,-3497.0,0.44907842363630024,1.25,2.5,24.48997688293457,24.468271255493164,61.36345933768327,845315.1254371406,2812.5,37.5,1.0,,0.25,olv_close_pivot_40_v2_20260901,Low,24.662200927734375,2016-05-18,71.0,338.0,71.0,True,False,252.0,-0.43183921122487673,default,-1.2433777777777777,Overflow,False
2016-10-26,2016-10-27,2016-11-03,Target,2016-11-10,Oversold Low Volume,CHTR,BUY,Limit Order -0.25 ATR (Persistent),247.48071370806014,259.0735705239432,97,1125.0,4.637142726353237,1.25,2.5,249.0399932861328,248.63999938964844,16.15763917076324,849528.4887237038,562.5,37.5,0.2,,0.25,olv_close_pivot_40_v2_20260901,Low,159.52999877929688,2016-02-11,179.0,278.0,179.0,True,False,252.0,19.2165749188466,default,2.0,Overflow,False
2017-04-10,2017-04-11,2017-04-17,Stop,2017-04-26,Oversold Low Volume,WFC,BUY,Limit Order -0.25 ATR (Persistent),42.28424072265625,40.25267963600159,628,-1276.0,0.7162298474993024,1.25,2.5,42.28424072265625,42.52595520019531,23.656038423702334,849522.5993164097,562.5,52.5,0.1429,,0.25,olv_close_pivot_40_v2_20260901,High,39.01750946044922,2016-08-31,152.0,152.0,129.0,False,False,252.0,4.89849138791931,above_high_4_5,-2.2684444444444445,Liquid,False
2017-05-30,2017-05-31,2017-06-08,Target,2017-06-14,Oversold Low Volume,BPOP,BUY,Limit Order -0.25 ATR (Persistent),28.900025844573975,30.560892581939697,1693,2812.0,0.6643466949462891,1.25,2.5,29.08938980102539,29.066112518310547,28.261020627428763,848783.2025268589,1406.25,37.5,0.5,,0.25,olv_close_pivot_40_v2_20260901,Low,27.20442008972168,2016-11-02,142.0,72.0,142.0,False,False,252.0,2.8022904949340957,default,1.9996444444444443,Overflow,False
2017-05-30,2017-05-31,2017-06-08,Target,2017-06-14,Oversold Low Volume,PB,BUY,Limit Order -0.25 ATR (Persistent),48.28288739068167,51.18326916013445,969,2810.0,1.1601527077811105,1.25,2.5,48.54988479614258,48.57292556762695,66.12894822272365,848783.2025268589,1406.25,37.5,0.5,,0.25,olv_close_pivot_40_v2_20260901,High,59.18617630004883,2017-03-01,62.0,62.0,232.0,False,False,252.0,-9.14814977480043,default,1.9982222222222221,Overflow,False
2017-08-09,2017-08-10,2017-08-18,Stop,2017-08-24,Oversold Low Volume,HWC,BUY,Limit Order -0.25 ATR (Persistent),35.0461311340332,33.38964974632263,1675,-2775.0,0.6714662824358258,1.25,2.5,35.0461311340332,35.35975646972656,6.666407172420952,853745.2974410227,1406.25,37.5,0.5,,0.25,olv_close_pivot_40_v2_20260901,Low,33.53815841674805,2017-04-13,81.0,42.0,81.0,False,False,252.0,2.7128660077620674,default,-1.9733333333333334,Overflow,False
2017-08-16,2017-08-17,2017-08-21,Stop,2017-08-31,Oversold Low Volume,WBS,BUY,Limit Order -0.25 ATR (Persistent),36.40226364135742,35.268110544586186,1948,-2209.0,0.8084820338657924,1.25,2.5,36.40226364135742,36.622413635253906,25.675969308073604,852161.5848815952,1968.7499999999998,37.5,0.7,,0.25,olv_close_pivot_40_v2_20260901,Low,35.314334869384766,2017-04-13,86.0,46.0,86.0,False,False,252.0,1.6179441361417821,default,-1.1220317460317462,Overflow,False
2017-08-10,2017-08-11,2017-08-25,Time,2017-08-25,Oversold Low Volume,HWC,BUY,Limit Order -0.25 ATR (Persistent),33.97312995365688,34.85013961791992,2297,2014.0,0.6854678562709263,1.25,2.5,34.379703521728516,34.14449691772461,0.0,852235.0601287058,1968.7499999999995,37.5,0.7,,0.25,olv_close_pivot_40_v2_20260901,Low,33.53815841674805,2017-04-13,82.0,43.0,82.0,False,False,252.0,0.8845615376848707,default,1.0229841269841273,Overflow,False
2017-08-17,2017-08-18,2017-09-01,Time,2017-09-01,Oversold Low Volume,WBS,BUY,Limit Order -0.25 ATR (Persistent),35.020565032958984,35.76455307006836,2637,1962.0,0.8532074519566127,1.25,2.5,35.020565032958984,35.32423782348633,2.824690348643439,848815.9313629185,2812.5,37.5,1.0,,0.25,olv_close_pivot_40_v2_20260901,Low,35.314334869384766,2017-04-13,87.0,47.0,87.0,False,False,252.0,0.01160673653148787,default,0.6976,Overflow,False
2017-08-18,2017-08-21,2017-09-05,Time,2017-09-05,Oversold Low Volume,WBS,BUY,Limit Order -0.25 ATR (Persistent),35.083610602787566,34.6409912109375,2582,-1143.0,0.8713833945138114,1.25,2.5,35.27869415283203,35.301456451416016,50.0,850913.624867252,2812.5,37.5,1.0,,0.25,olv_close_pivot_40_v2_20260901,Low,35.314334869384766,2017-04-13,88.0,48.0,88.0,False,False,252.0,-0.014779278615856017,default,-0.4064,Overflow,False
2017-09-05,2017-09-07,2017-09-12,Target,2017-09-20,Oversold Low Volume,WBS,BUY,Limit Order -0.25 ATR (Persistent),34.46272189276559,36.24541507448469,3155,5624.0,0.7130772726876395,1.25,2.5,34.792816162109375,34.6409912109375,11.607311098549086,852807.7227214575,2812.5,37.5,1.0,,0.25,olv_close_pivot_40_v2_20260901,Low,35.314334869384766,2017-04-13,99.0,59.0,99.0,False,False,252.0,-0.9442786697006692,default,1.9996444444444443,Overflow,False
2017-09-06,2017-09-07,2017-09-12,Target,2017-09-21,Oversold Low Volume,WBS,BUY,Limit Order -0.25 ATR (Persistent),34.47830356870379,36.256928648267476,3162,5624.0,0.7114500318254743,1.25,2.5,34.663753509521484,34.656166076660156,25.35209274016617,853418.0391216448,2812.5,37.5,1.0,,0.25,olv_close_pivot_40_v2_20260901,Low,35.314334869384766,2017-04-13,100.0,60.0,100.0,False,False,252.0,-0.925108951131602,default,1.9996444444444443,Overflow,False
2017-10-13,2017-10-18,2017-10-30,Time,2017-10-30,Oversold Low Volume,CENX,BUY,Limit Order -0.25 ATR (Persistent),15.185178858893257,13.5,682,-1149.0,0.6592860903058734,1.25,2.5,15.510000228881836,15.350000381469727,11.53850386128002,865394.1699746166,562.5,37.5,0.2,,0.25,olv_close_pivot_40_v2_20260901,High,16.059999465942383,2017-02-07,173.0,173.0,49.0,False,False,252.0,-1.0769210740412478,default,-2.042666666666667,Overflow,False
2017-10-16,2017-10-17,2017-10-31,Stop,2017-10-31,Oversold Low Volume,CENX,BUY,Limit Order -0.25 ATR (Persistent),15.33928564616612,13.49595,979,-1805.0,0.642857415335519,1.25,2.5,15.9399995803833,15.5,19.672123458681646,865608.8779928514,787.5,37.5,0.28,,0.25,olv_close_pivot_40_v2_20260901,High,16.059999465942383,2017-02-07,174.0,174.0,50.0,False,False,252.0,-0.871109911130307,default,-2.292063492063492,Overflow,False
2018-02-27,2018-02-28,2018-03-02,Target,2018-03-14,Oversold Low Volume,LTBR,BUY,Limit Order -0.25 ATR (Persistent),16.34785750934056,19.669285467692784,846,2810.0,1.32857118334089,1.25,2.5,16.799999237060547,16.68000030517578,15.384605979540012,862933.7173452547,1406.25,37.5,0.5,,0.25,olv_close_pivot_40_v2_20260901,Low,11.760000228881836,2017-12-04,57.0,186.0,57.0,False,False,252.0,3.7032265474265915,default,1.9982222222222221,Overflow,False
2018-03-01,2018-03-02,2018-03-08,Target,2018-03-16,Oversold Low Volume,EXTR,BUY,Limit Order -0.25 ATR (Persistent),11.0,12.344642639160156,2091,2812.0,0.5378570556640625,1.25,2.5,11.0,11.15999984741211,50.72458560061478,863437.4015751055,1406.25,37.5,0.5,,0.25,olv_close_pivot_40_v2_20260901,Low,8.479999542236328,2017-08-10,139.0,67.0,139.0,False,False,252.0,4.982737098924792,default,1.9996444444444443,Overflow,False
2018-03-02,2018-03-05,2018-03-09,Target,2018-03-19,Oversold Low Volume,BDX,BUY,Limit Order -0.25 ATR (Persistent),146.50006348746163,154.0037010737828,524,3932.0,3.0014550345284596,1.25,2.5,146.81069946289062,147.25042724609375,57.480531704241734,870234.8654880694,1968.75,52.5,0.5,,0.25,olv_close_pivot_40_v2_20260901,High,138.13372802734375,2017-07-24,153.0,153.0,111.0,False,False,252.0,3.0374265527460316,default,1.9972063492063492,Liquid,False
2018-03-01,2018-03-02,2018-03-09,Target,2018-03-16,Oversold Low Volume,ST,BUY,Limit Order -0.25 ATR (Persistent),48.100059509277344,50.63110842023577,1111,2812.0,1.0124195643833704,1.25,2.5,48.100059509277344,48.602874755859375,0.0,863437.4015751055,1406.25,37.5,0.5,,0.25,olv_close_pivot_40_v2_20260901,High,42.180049896240234,2017-03-16,241.0,241.0,198.0,False,False,252.0,6.344034712062346,above_high_gt5,1.9996444444444443,Overflow,False
2018-03-02,2018-03-05,2018-03-09,Target,2018-03-19,Oversold Low Volume,ST,BUY,Limit Order -0.25 ATR (Persistent),48.6692875453404,51.04108646937779,1660,3937.0,0.9487195696149554,1.25,2.5,48.69775390625,48.90646743774414,95.0413387920034,870234.8654880694,1968.7499999999998,37.5,0.7,,0.25,olv_close_pivot_40_v2_20260901,High,42.180049896240234,2017-03-16,242.0,242.0,199.0,False,False,252.0,7.089995565532469,above_high_gt5,1.999746031746032,Overflow,False
2018-03-01,2018-03-02,2018-03-13,Target,2018-03-16,Oversold Low Volume,KBH,BUY,Limit Order -0.25 ATR (Persistent),24.799625396728516,27.041988236563547,2508,5624.0,0.8969451359340123,1.25,2.5,24.799625396728516,25.069482803344727,60.25657057729739,863437.4015751055,2812.5,37.5,1.0,,0.25,olv_close_pivot_40_v2_20260901,High,21.689342498779297,2017-07-10,162.0,162.0,111.0,False,False,252.0,3.768502853907114,default,1.9996444444444443,Overflow,False
2018-02-28,2018-03-01,2018-03-13,Target,2018-03-15,Oversold Low Volume,KBH,BUY,Limit Order -0.25 ATR (Persistent),24.724453721727645,27.095318726130895,1660,3936.0,0.9483460017613002,1.25,2.5,24.96154022216797,24.96154022216797,1.7391144013496944,862127.1901515041,1968.7499999999998,37.5,0.7,,0.25,olv_close_pivot_40_v2_20260901,High,21.689342498779297,2017-07-10,161.0,161.0,110.0,False,False,252.0,3.450426023109114,default,1.9992380952380955,Overflow,False
2018-02-27,2018-02-28,2018-03-14,Time,2018-03-14,Oversold Low Volume,KBH,BUY,Limit Order -0.25 ATR (Persistent),25.534660816192627,26.022964477539062,1189,581.0,0.9457759857177734,1.25,2.5,25.87005043029785,25.77110481262207,0.6711342538896898,862933.7173452547,1406.25,37.5,0.5,,0.25,olv_close_pivot_40_v2_20260901,High,21.689342498779297,2017-07-10,160.0,160.0,109.0,False,False,252.0,4.3157813007326675,above_high_4_5,0.41315555555555555,Overflow,False
2018-03-01,2018-03-02,2018-03-16,Time,2018-03-16,Oversold Low Volume,RL,BUY,Limit Order -0.25 ATR (Persistent),88.88876342773438,93.18293762207031,438,1881.0,2.568462371826172,1.25,2.5,88.88876342773438,89.74247741699219,39.47379251550695,863437.4015751055,1406.25,37.5,0.5,,0.25,olv_close_pivot_40_v2_20260901,Low,72.21453857421875,2017-11-07,77.0,204.0,77.0,False,False,252.0,6.824292633226745,default,1.3376,Overflow,False
2018-03-02,2018-03-05,2018-03-19,Time,2018-03-19,Oversold Low Volume,APTV,BUY,Limit Order -0.25 ATR (Persistent),86.6767349243164,86.53887939453125,494,-68.0,2.2765982491629466,1.25,2.5,86.6767349243164,87.24781036376953,74.56142735768904,870234.8654880694,1406.25,37.5,0.5,,0.25,olv_close_pivot_40_v2_20260901,High,84.93151092529297,2017-09-25,109.0,109.0,75.0,False,False,252.0,1.0174388209813536,default,-0.048355555555555554,Overflow,False
2018-03-20,2018-03-22,2018-03-26,Stop,2018-04-05,Oversold Low Volume,APTV,BUY,Limit Order -0.25 ATR (Persistent),85.99258177621024,81.41407552795411,776,-3553.0,2.0276282174246654,1.25,2.5,86.62748718261719,86.4994888305664,28.688472530962212,892482.1375243494,1968.7499999999998,37.5,0.7,,0.25,olv_close_pivot_40_v2_20260901,High,84.93151092529297,2017-09-25,121.0,121.0,87.0,False,False,252.0,0.77330641376897,default,-1.804698412698413,Overflow,False
2018-03-28,2018-03-29,2018-04-13,Time,2018-04-13,Oversold Low Volume,LIN,BUY,Limit Order -0.25 ATR (Persistent),124.29466247558594,129.481689453125,486,2521.0,3.2379651750837053,1.25,2.5,124.29466247558594,125.62012481689453,23.121436324844975,890728.4606553657,1968.75,52.5,0.5,,0.25,olv_close_pivot_40_v2_20260901,Low,110.76160430908203,2017-08-11,157.0,42.0,157.0,False,False,252.0,4.588845062988792,default,1.2805079365079366,Liquid,False
2018-04-20,2018-04-23,2018-04-30,Target,2018-05-07,Oversold Low Volume,WGO,BUY,Limit Order -0.25 ATR (Persistent),30.25545518738883,33.39454879079546,895,2809.0,1.2556374413626534,1.25,2.5,30.61260986328125,30.569364547729492,36.84190975027629,893249.3557664497,1406.25,37.5,0.5,,0.25,olv_close_pivot_40_v2_20260901,Low,20.98763084411621,2017-05-31,224.0,84.0,224.0,False,False,252.0,7.6309716387677256,default,1.997511111111111,Overflow,False
2018-04-23,2018-04-24,2018-05-08,Time,2018-05-08,Oversold Low Volume,MU,BUY,Limit Order -0.25 ATR (Persistent),47.19361754826137,47.36969757080078,640,113.0,2.459813254220145,1.25,2.5,48.43275833129883,47.808570861816406,10.144965874821438,893491.610328998,1968.75,52.5,0.5,,0.25,olv_close_pivot_40_v2_20260901,High,48.45226287841797,2017-11-24,101.0,101.0,53.0,False,False,252.0,-0.26168328652478845,default,0.0573968253968254,Liquid,False
2018-04-24,2018-04-25,2018-05-09,Time,2018-05-09,Oversold Low Volume,FNF,BUY,Limit Order -0.25 ATR (Persistent),25.66537884303502,25.849184036254883,872,160.0,0.5156315394810268,1.25,2.5,25.81487464904785,25.794286727905273,32.758885097573135,892576.896348187,562.5,37.5,0.2,,0.25,olv_close_pivot_40_v2_20260901,Low,24.98763656616211,2018-02-08,51.0,67.0,51.0,False,False,252.0,1.5643925942835883,default,0.28444444444444444,Overflow,False
2018-04-25,2018-04-26,2018-05-10,Time,2018-05-10,Oversold Low Volume,FNF,BUY,Limit Order -0.25 ATR (Persistent),25.422512905938284,26.061904907226562,1262,807.0,0.4989666257585798,1.25,2.5,25.59528923034668,25.54725456237793,15.384409794792575,893592.3975487266,787.5,37.5,0.28,,0.25,olv_close_pivot_40_v2_20260901,Low,24.98763656616211,2018-02-08,52.0,68.0,52.0,False,False,252.0,1.121553962381817,default,1.0247619047619048,Overflow,False
2018-07-17,2018-07-18,2018-08-01,Time,2018-08-01,Oversold Low Volume,HTHT,BUY,Limit Order -0.25 ATR (Persistent),35.19667829786028,34.1039924621582,656,-717.0,1.7148737226213728,1.25,2.5,35.53745651245117,35.625396728515625,31.96334912611513,896583.7947762182,1406.25,37.5,0.5,,0.25,olv_close_pivot_40_v2_20260901,High,36.30035400390625,2018-01-22,122.0,122.0,77.0,False,False,252.0,-0.3935900740019963,default,-0.5098666666666667,Overflow,False
2018-07-27,2018-08-01,2018-08-09,Target,2018-08-13,Oversold Low Volume,GAP,BUY,Limit Order -0.25 ATR (Persistent),22.355599573680333,23.820622818810598,1919,2811.0,0.5860092980521066,1.25,2.5,22.509748458862305,22.50210189819336,8.264474736729257,896686.1970916305,1406.25,37.5,0.5,,0.25,olv_close_pivot_40_v2_20260901,Low,21.224756240844727,2018-05-31,40.0,130.0,40.0,False,False,252.0,2.179736160491867,default,1.9989333333333332,Overflow,False
2018-08-17,2018-08-20,2018-08-21,Target,2018-09-04,Oversold Low Volume,NFLX,BUY,Limit Order -0.25 ATR (Persistent),31.4414279460907,33.807143449783325,2377,5623.0,0.9462862014770508,1.25,2.5,31.464000701904297,31.67799949645996,33.47937941836771,895240.5976229565,2812.5,37.5,1.0,,0.25,olv_close_pivot_40_v2_20260901,High,20.26799964904785,2017-10-16,211.0,211.0,177.0,False,False,252.0,12.057662713037905,above_high_gt5,1.999288888888889,Overflow,False
2018-08-16,2018-08-17,2018-08-22,Target,2018-08-31,Oversold Low Volume,NFLX,BUY,Limit Order -0.25 ATR (Persistent),31.900999069213867,34.4413572038923,2214,5624.0,1.0161432538713728,1.25,2.5,31.900999069213867,32.24399948120117,12.34948065079511,897215.5406371014,2812.5,37.5,1.0,,0.25,olv_close_pivot_40_v2_20260901,High,20.26799964904785,2017-10-16,210.0,210.0,176.0,False,False,252.0,11.785739645002147,above_high_gt5,1.9996444444444443,Overflow,False
2018-08-14,2018-08-15,2018-08-24,Target,2018-08-29,Oversold Low Volume,NFLX,BUY,Limit Order -0.25 ATR (Persistent),33.40299987792969,35.90425055367606,1124,2811.0,1.000500270298549,1.25,2.5,33.40299987792969,33.749000549316406,20.129922405731943,898715.8394144773,1406.25,37.5,0.5,,0.25,olv_close_pivot_40_v2_20260901,High,20.26799964904785,2017-10-16,208.0,208.0,174.0,False,False,252.0,13.474260128131528,above_high_gt5,1.9989333333333332,Overflow,False
2018-08-15,2018-08-16,2018-08-24,Target,2018-08-30,Oversold Low Volume,NFLX,BUY,Limit Order -0.25 ATR (Persistent),32.37633861814226,35.012946333204,1493,3936.0,1.0546430860246931,1.25,2.5,32.9900016784668,32.63999938964844,37.24142285502317,897858.2268656492,1968.7499999999998,37.5,0.7,,0.25,olv_close_pivot_40_v2_20260901,High,20.26799964904785,2017-10-16,209.0,209.0,175.0,False,False,252.0,11.730982646683668,above_high_gt5,1.9992380952380955,Overflow,False
2018-09-04,2018-09-05,2018-09-12,Target,2018-09-19,Oversold Low Volume,KDP,BUY,Limit Order -0.25 ATR (Persistent),18.66856231008257,19.434092010770524,3673,2812.0,0.30621188027518137,1.25,2.5,18.712013244628906,18.745115280151367,2.1276491413888805,917977.4678634065,1406.25,37.5,0.5,,0.25,olv_close_pivot_40_v2_20260901,High,16.128387451171875,2018-04-16,98.0,98.0,207.0,False,False,252.0,8.545481078748267,above_high_gt5,1.9996444444444443,Overflow,False
2019-05-30,2019-05-31,2019-06-05,Target,2019-06-14,Oversold Low Volume,CLH,BUY,Limit Order -0.25 ATR (Persistent),63.029998779296875,66.69785404205322,1073,3936.0,1.467142105102539,1.25,2.5,63.029998779296875,63.849998474121094,41.76472700182208,922532.3504136801,1968.7499999999995,37.5,0.7,,0.25,olv_close_pivot_40_v2_20260901,High,72.02999877929688,2018-09-07,181.0,181.0,107.0,False,False,252.0,-5.575465578096866,default,1.9992380952380957,Overflow,False
2019-05-29,2019-05-30,2019-06-11,Target,2019-06-13,Oversold Low Volume,CLH,BUY,Limit Order -0.25 ATR (Persistent),63.66232252120972,67.43910646438599,744,2810.0,1.5107135772705078,1.25,2.5,64.05000305175781,64.04000091552734,42.857365288574194,922392.719504714,1406.25,37.5,0.5,,0.25,olv_close_pivot_40_v2_20260901,High,72.02999877929688,2018-09-07,180.0,180.0,106.0,False,False,252.0,-5.28888995504066,default,1.9982222222222221,Overflow,False
2019-08-02,2019-08-05,2019-08-07,Target,2019-08-19,Oversold Low Volume,YPF,BUY,Limit Order -0.25 ATR (Persistent),15.4399995803833,16.670357125146047,914,1125.0,0.49214301790509907,1.25,2.5,15.4399995803833,15.880000114440918,9.523798711177516,928897.1216539145,562.5,37.5,0.2,,0.25,olv_close_pivot_40_v2_20260901,High,16.47364616394043,2019-02-04,125.0,125.0,104.0,False,False,252.0,-1.2062470214989125,default,2.0,Overflow,False
2019-08-06,2019-08-07,2019-08-08,Target,2019-08-21,Oversold Low Volume,GEN,BUY,Limit Order -0.25 ATR (Persistent),10.168081283569336,10.906728948865618,1523,1125.0,0.29545906611851286,1.25,2.5,10.168081283569336,10.258328437805176,63.1577191062228,929089.0616887808,562.5,37.5,0.2,,0.25,olv_close_pivot_40_v2_20260901,Low,8.979214668273926,2019-06-03,45.0,76.0,45.0,False,False,252.0,4.329241902559115,default,2.0,Overflow,False
2019-08-06,2019-08-07,2019-08-21,Time,2019-08-21,Oversold Low Volume,OMC,BUY,Limit Order -0.25 ATR (Persistent),59.79292678833008,60.497398376464844,1043,735.0,1.0779307229178292,1.25,2.5,59.79292678833008,60.33302307128906,58.13942945223334,929089.0616887808,1406.25,37.5,0.5,,0.25,olv_close_pivot_40_v2_20260901,Low,56.08401107788086,2019-03-25,93.0,76.0,93.0,False,False,252.0,3.941822886267345,default,0.5226666666666666,Overflow,False
2019-10-23,2019-10-24,2019-10-29,Target,2019-11-07,Oversold Low Volume,LDOS,BUY,Limit Order -0.25 ATR (Persistent),72.42689391544887,75.29944951193673,783,2249.0,1.1490222385951452,1.25,2.5,72.87932586669922,72.71414947509766,21.738878968182245,931718.3246733291,1125.0,37.5,0.4,,0.25,olv_close_pivot_40_v2_20260901,Low,45.77620315551758,2018-12-24,209.0,295.0,209.0,True,False,252.0,23.44423407550042,default,1.999111111111111,Overflow,False
2019-10-21,2019-10-22,2019-10-29,Target,2019-11-05,Oversold Low Volume,LDOS,BUY,Limit Order -0.25 ATR (Persistent),73.88165732792446,76.88858563559396,374,1125.0,1.2027713230678014,1.25,2.5,74.21908569335938,74.1823501586914,20.869150297500706,932022.5501083136,562.5,37.5,0.2,,0.25,olv_close_pivot_40_v2_20260901,Low,45.77620315551758,2018-12-24,207.0,293.0,207.0,True,False,252.0,23.61724665227369,default,2.0,Overflow,False
2019-10-22,2019-10-24,2019-10-29,Target,2019-11-06,Oversold Low Volume,LDOS,BUY,Limit Order -0.25 ATR (Persistent),72.46982751573834,75.37187889644078,542,1573.0,1.160820552280971,1.25,2.5,72.58567810058594,72.7600326538086,10.34472872630169,931603.0624801943,787.5,37.5,0.28,,0.25,olv_close_pivot_40_v2_20260901,Low,45.77620315551758,2018-12-24,208.0,294.0,208.0,True,False,252.0,23.245478765230988,default,1.9974603174603174,Overflow,False
2019-11-25,2019-11-26,2019-12-11,Time,2019-12-11,Oversold Low Volume,FLG,BUY,Limit Order -0.25 ATR (Persistent),26.95601119313921,26.693092346191406,2305,-606.0,0.4878906522478376,1.25,2.5,27.03270149230957,27.077983856201172,17.64697137136939,943090.6519044638,1406.25,37.5,0.5,,0.25,olv_close_pivot_40_v2_20260901,High,27.412111282348633,2019-03-01,187.0,187.0,110.0,False,False,252.0,-0.6848408031759781,default,-0.43093333333333333,Overflow,False
2019-11-26,2019-11-27,2019-12-12,Time,2019-12-12,Oversold Low Volume,FLG,BUY,Limit Order -0.25 ATR (Persistent),26.752931697028025,27.23646354675293,3246,1570.0,0.4851527895246233,1.25,2.5,26.919498443603516,26.87421989440918,0.0,942902.122960891,1968.7499999999998,37.5,0.7,,0.25,olv_close_pivot_40_v2_20260901,High,27.412111282348633,2019-03-01,188.0,188.0,111.0,False,False,252.0,-1.1087051328026079,default,0.7974603174603175,Overflow,False
2020-08-24,2020-08-25,2020-09-02,Target,2020-09-09,Oversold Low Volume,APO,BUY,Limit Order -0.25 ATR (Persistent),39.784253461020334,42.50129679271153,1035,2812.0,1.0868173326764787,1.25,2.5,40.214210510253906,40.05595779418945,21.354271419241556,944054.1683464563,1406.25,37.5,0.5,,0.25,olv_close_pivot_40_v2_20260901,High,47.27752685546875,2020-06-18,46.0,46.0,107.0,False,False,252.0,-6.644694415661291,default,1.9996444444444443,Overflow,False
2020-08-31,2020-09-01,2020-09-16,Time,2020-09-16,Oversold Low Volume,CG,BUY,Limit Order -0.25 ATR (Persistent),21.559081963130406,21.693614959716797,1967,265.0,0.5717699868338448,1.25,2.5,21.7020206451416,21.702024459838867,9.615334281401863,945527.4303468808,1406.25,37.5,0.5,,0.25,olv_close_pivot_40_v2_20260901,High,25.778844833374023,2020-06-18,51.0,51.0,115.0,False,False,252.0,-7.130175538087262,default,0.18844444444444444,Overflow,False
2020-09-08,2020-09-11,2020-09-18,Stop,2020-09-23,Oversold Low Volume,ANGI,BUY,Limit Order -0.25 ATR (Persistent),119.71428489685059,108.46745,149,-1676.0,7.542854309082031,1.25,2.5,124.0999984741211,121.5999984741211,23.188378554992994,945816.6610370874,1406.25,37.5,0.5,,0.25,olv_close_pivot_40_v2_20260901,High,93.5999984741211,2020-01-15,163.0,163.0,106.0,False,False,252.0,3.712122606728117,default,-1.1918222222222221,Overflow,False
2020-09-04,2020-09-08,2020-09-22,Time,2020-09-22,Oversold Low Volume,NGG,BUY,Limit Order -0.25 ATR (Persistent),39.65446220125471,38.46561050415039,1636,-1945.0,0.6875253404889788,1.25,2.5,39.86215591430664,39.82634353637695,45.113037906245616,947281.078508292,1406.25,37.5,0.5,,0.25,olv_close_pivot_40_v2_20260901,High,47.605079650878906,2020-02-21,137.0,137.0,116.0,False,False,252.0,-11.314108231951995,default,-1.3831111111111112,Overflow,False
2020-09-08,2020-09-10,2020-09-23,Time,2020-09-23,Oversold Low Volume,NGG,BUY,Limit Order -0.25 ATR (Persistent),39.451634543282644,38.530067443847656,2357,-2172.0,0.6680864606584821,1.25,2.5,40.127132415771484,39.618656158447266,21.81837550965068,945816.6610370874,1968.7499999999995,37.5,0.7,,0.25,olv_close_pivot_40_v2_20260901,High,47.605079650878906,2020-02-21,138.0,138.0,117.0,False,False,252.0,-11.954176536611786,default,-1.1032380952380956,Overflow,False
2020-09-25,2020-09-30,2020-10-08,Target,2020-10-12,Oversold Low Volume,LRN,BUY,Limit Order -0.25 ATR (Persistent),26.050893204552786,30.641963447843278,857,3935.0,1.836428097316197,1.25,2.5,27.049999237060547,26.510000228881836,85.00003814697266,941071.1531817743,1968.7499999999998,37.5,0.7,,0.25,olv_close_pivot_40_v2_20260901,Low,15.859999656677246,2020-02-10,159.0,365.0,159.0,True,False,252.0,5.799301692110229,default,1.998730158730159,Overflow,False
2020-09-24,2020-09-25,2020-10-08,Target,2020-10-09,Oversold Low Volume,LRN,BUY,Limit Order -0.25 ATR (Persistent),25.85089339528765,30.841963257108414,563,2810.0,1.9964279447283064,1.25,2.5,26.290000915527344,26.350000381469727,10.344901294695267,940700.0760344608,1406.25,37.5,0.5,,0.25,olv_close_pivot_40_v2_20260901,Low,15.859999656677246,2020-02-10,158.0,364.0,158.0,True,False,252.0,5.2543848389279395,default,1.9982222222222221,Overflow,False
2021-04-07,2021-04-12,2021-04-16,Target,2021-04-22,Oversold Low Volume,LLY,BUY,Limit Order -0.25 ATR (Persistent),172.73054122924805,179.93364334106445,765,5510.0,2.8812408447265625,1.25,2.5,174.0502166748047,173.4508514404297,56.1231086488654,945967.0075628248,2756.25,52.5,0.7,,0.25,olv_close_pivot_40_v2_20260901,High,201.5303955078125,2021-01-26,49.0,49.0,107.0,False,False,252.0,-9.745642790943995,default,1.999092970521542,Liquid,False
2021-04-06,2021-04-07,2021-04-16,Target,2021-04-21,Oversold Low Volume,LLY,BUY,Limit Order -0.25 ATR (Persistent),173.1467887333461,180.7542187826974,517,3933.0,3.0429720197405135,1.25,2.5,174.00262451171875,173.90753173828125,9.872658640364094,945809.8071432626,1968.75,52.5,0.5,,0.25,olv_close_pivot_40_v2_20260901,High,201.5303955078125,2021-01-26,48.0,48.0,106.0,False,False,252.0,-9.077593743989393,default,1.9977142857142858,Liquid,False
2021-04-20,2021-04-21,2021-04-26,Target,2021-05-05,Oversold Low Volume,GSAT,BUY,Limit Order -0.25 ATR (Persistent),12.685714415141515,16.328572171075002,1080,3934.0,1.4571431023733956,1.25,2.5,12.75,13.050000190734863,33.333368654619285,954402.2245931457,1968.7499999999995,37.5,0.7,,0.25,olv_close_pivot_40_v2_20260901,Low,4.5,2020-11-05,112.0,43.0,112.0,False,False,252.0,5.867646202221743,default,1.9982222222222228,Overflow,False
2021-04-09,2021-04-13,2021-04-26,Time,2021-04-26,Oversold Low Volume,HP,BUY,Limit Order -0.25 ATR (Persistent),20.851229872022355,20.870075225830078,1064,20.0,1.0567046574183874,1.25,2.5,21.417991638183594,21.115406036376953,1.7390933999630886,949164.6933423963,1406.25,37.5,0.5,,0.25,olv_close_pivot_40_v2_20260901,High,22.293127059936523,2020-06-08,211.0,211.0,130.0,False,False,252.0,-1.1145224120018884,default,0.014222222222222223,Overflow,False
2021-04-09,2021-04-13,2021-04-26,Time,2021-04-26,Oversold Low Volume,NOV,BUY,Limit Order -0.25 ATR (Persistent),11.897190673010689,12.373181343078613,2383,1134.0,0.4720588411603655,1.25,2.5,12.116170883178711,12.015205383300781,29.41181264056847,949164.6933423963,1406.25,37.5,0.5,,0.25,olv_close_pivot_40_v2_20260901,High,12.11617374420166,2020-08-12,165.0,165.0,50.0,False,False,252.0,-0.21388935466750095,default,0.8064,Overflow,False
2021-04-19,2021-04-20,2021-04-26,Target,2021-05-04,Oversold Low Volume,GSAT,BUY,Limit Order -0.25 ATR (Persistent),13.108928510120936,17.01964340891157,719,2812.0,1.5642859595162528,1.25,2.5,13.649999618530273,13.5,8.33331567269036,957717.3900886434,1406.25,37.5,0.5,,0.25,olv_close_pivot_40_v2_20260901,Low,4.5,2020-11-05,111.0,42.0,111.0,False,False,252.0,5.753423755579321,default,1.9996444444444443,Overflow,False
2021-04-12,2021-04-13,2021-04-27,Time,2021-04-27,Oversold Low Volume,HP,BUY,Limit Order -0.25 ATR (Persistent),20.953310864312307,20.681982040405273,1562,-424.0,1.0082210813249861,1.25,2.5,21.05816650390625,21.205366134643555,18.18176310943104,946697.4902700187,1968.7499999999998,37.5,0.7,,0.25,olv_close_pivot_40_v2_20260901,High,22.293127059936523,2020-06-08,212.0,212.0,131.0,False,False,252.0,-1.0788912724017363,default,-0.2153650793650794,Overflow,False
2021-04-20,2021-04-21,2021-04-28,Target,2021-05-05,Oversold Low Volume,NOV,BUY,Limit Order -0.25 ATR (Persistent),11.4920072555542,12.681988443647112,1323,1574.0,0.4759924752371652,1.25,2.5,11.4920072555542,11.712303161621094,17.721520652113874,954402.2245931457,787.5,37.5,0.28,,0.25,olv_close_pivot_40_v2_20260901,High,12.11617374420166,2020-08-12,172.0,172.0,57.0,False,False,252.0,-0.8484810235273913,default,1.9987301587301587,Overflow,False
2021-04-20,2021-04-21,2021-04-29,Target,2021-05-05,Oversold Low Volume,HP,BUY,Limit Order -0.25 ATR (Persistent),20.49388885498047,22.770563534327916,988,2249.0,0.9106698717389788,1.25,2.5,20.49388885498047,20.853715896606445,51.09894264174252,954402.2245931457,1125.0,37.5,0.4,,0.25,olv_close_pivot_40_v2_20260901,High,22.293127059936523,2020-06-08,218.0,218.0,137.0,False,False,252.0,-1.580606988327654,default,1.999111111111111,Overflow,False
2021-04-15,2021-04-20,2021-04-30,Time,2021-04-30,Oversold Low Volume,BIDU,BUY,Limit Order -0.25 ATR (Persistent),207.26695987156458,210.3300018310547,94,288.0,11.85214342389788,1.25,2.5,212.2899932861328,210.22999572753906,20.273023210338785,954551.4611098598,1406.25,37.5,0.5,,0.25,olv_close_pivot_40_v2_20260901,High,132.92999267578125,2020-07-06,196.0,196.0,271.0,False,True,252.0,6.522027306545683,above_high_gt5,0.2048,Overflow,False
2021-04-21,2021-04-22,2021-05-05,Target,2021-05-06,Oversold Low Volume,HP,BUY,Limit Order -0.25 ATR (Persistent),20.838092497416906,23.202387707574026,951,2248.0,0.9457180840628487,1.25,2.5,21.09905242919922,21.074522018432617,77.20592270438613,960136.1652468103,1125.0,37.5,0.4,,0.25,olv_close_pivot_40_v2_20260901,High,22.293127059936523,2020-06-08,219.0,219.0,138.0,False,False,252.0,-1.288550004530655,default,1.9982222222222221,Overflow,False
2021-04-20,2021-04-21,2021-05-05,Time,2021-05-05,Oversold Low Volume,BIDU,BUY,Limit Order -0.25 ATR (Persistent),205.95482689993722,195.6300048828125,193,-1993.0,8.140714372907366,1.25,2.5,206.39999389648438,207.99000549316406,55.935287337395025,954402.2245931457,1968.7499999999998,37.5,0.7,,0.25,olv_close_pivot_40_v2_20260901,High,339.9100036621094,2021-02-19,41.0,41.0,274.0,False,True,252.0,-16.204965820687743,default,-1.0123174603174605,Overflow,False
2021-05-12,2021-05-13,2021-05-18,Target,2021-05-27,Oversold Low Volume,LRN,BUY,Limit Order -0.25 ATR (Persistent),26.374106679643905,29.133036068507604,1019,2811.0,1.1035717555454798,1.25,2.5,26.84000015258789,26.649999618530273,36.1444897152535,973293.2787930114,1406.25,37.5,0.5,,0.25,olv_close_pivot_40_v2_20260901,Low,20.889999389648438,2021-01-06,87.0,193.0,87.0,False,False,252.0,5.219416136683155,default,1.9989333333333332,Overflow,False
2021-05-10,2021-05-11,2021-05-18,Target,2021-05-25,Oversold Low Volume,BIDU,BUY,Limit Order -0.25 ATR (Persistent),178.19000244140625,196.73107692173548,121,2243.0,7.416429792131696,1.25,2.5,178.19000244140625,183.44000244140625,12.020480319692794,973330.6146999939,1125.0,37.5,0.4,,0.25,olv_close_pivot_40_v2_20260901,High,339.9100036621094,2021-02-19,55.0,55.0,288.0,False,True,252.0,-21.09775263924249,default,1.9937777777777779,Overflow,False
2021-05-06,2021-05-07,2021-05-21,Time,2021-05-21,Oversold Low Volume,BIDU,BUY,Limit Order -0.25 ATR (Persistent),190.5280374799456,189.52999877929688,124,-124.0,7.207857404436384,1.25,2.5,194.1999969482422,192.3300018310547,35.03765367794518,974999.3078808956,1125.0,37.5,0.4,,0.25,olv_close_pivot_40_v2_20260901,High,339.9100036621094,2021-02-19,53.0,53.0,286.0,False,True,252.0,-20.474878115682515,default,-0.11022222222222222,Overflow,False
2021-05-07,2021-05-10,2021-05-24,Time,2021-05-24,Oversold Low Volume,BIDU,BUY,Limit Order -0.25 ATR (Persistent),189.75821713038854,188.9600067138672,125,-100.0,7.167143685477121,1.25,2.5,190.0399932861328,191.5500030517578,22.717216582783077,975126.0316118003,1125.0,37.5,0.4,,0.25,olv_close_pivot_40_v2_20260901,High,339.9100036621094,2021-02-19,54.0,54.0,287.0,False,True,252.0,-20.700017625009448,default,-0.08888888888888889,Overflow,False
2021-05-10,2021-05-11,2021-05-25,Time,2021-05-25,Oversold Low Volume,MPWR,BUY,Limit Order -0.25 ATR (Persistent),302.8533935546875,319.48577880859375,80,1331.0,13.89817374093192,1.25,2.5,302.8533935546875,310.3356018066406,10.546111296552382,973330.6146999939,1406.25,37.5,0.5,,0.25,olv_close_pivot_40_v2_20260901,Low,290.72174072265625,2021-03-08,44.0,75.0,44.0,False,False,252.0,1.41125456118159,default,0.9464888888888889,Overflow,False
2021-05-18,2021-05-19,2021-06-03,Time,2021-06-03,Oversold Low Volume,AWK,BUY,Limit Order -0.25 ATR (Persistent),136.3730365208217,141.5438995361328,413,2136.0,2.7228197370256697,1.25,2.5,136.58209228515625,137.05374145507812,59.32987782302851,978057.5447421245,1406.25,37.5,0.5,,0.25,olv_close_pivot_40_v2_20260901,High,149.08975219726562,2021-02-05,70.0,70.0,53.0,False,False,252.0,-4.420421439773789,default,1.5189333333333332,Overflow,False
2021-06-04,2021-06-07,2021-06-21,Time,2021-06-21,Oversold Low Volume,WBD,BUY,Limit Order -0.25 ATR (Persistent),31.16714222090585,29.690000534057617,734,-1084.0,1.5314280646187919,1.25,2.5,31.670000076293945,31.549999237060547,52.05471219920048,981976.8380809001,1406.25,37.5,0.5,,0.25,olv_close_pivot_40_v2_20260901,Low,19.270000457763672,2020-10-28,150.0,53.0,150.0,False,False,252.0,8.018658573005617,default,-0.7708444444444444,Overflow,False
2021-06-09,2021-06-10,2021-06-24,Time,2021-06-24,Oversold Low Volume,WBD,BUY,Limit Order -0.25 ATR (Persistent),30.28839247567313,30.31999969482422,2071,65.0,1.086427961077009,1.25,2.5,30.670000076293945,30.559999465942383,55.555491335048025,981531.1952987569,2812.5,37.5,1.0,,0.25,olv_close_pivot_40_v2_20260901,Low,19.270000457763672,2020-10-28,153.0,56.0,153.0,False,False,252.0,10.39185239395587,default,0.02311111111111111,Overflow,False
2021-06-17,2021-06-18,2021-07-01,Target,2021-07-02,Oversold Low Volume,WBD,BUY,Limit Order -0.25 ATR (Persistent),29.168928418840682,31.579642704554967,2333,5624.0,0.9642857142857143,1.25,2.5,29.260000228881836,29.40999984741211,6.086932003827967,978867.9444456272,2812.5,37.5,1.0,,0.25,olv_close_pivot_40_v2_20260901,Low,19.270000457763672,2020-10-28,159.0,62.0,159.0,False,False,252.0,10.51555492259838,default,1.9996444444444443,Overflow,False
2021-07-14,2021-07-15,2021-07-16,Target,2021-07-29,Oversold Low Volume,HE,BUY,Limit Order -0.25 ATR (Persistent),38.082600934164866,39.75113657542637,2359,3936.0,0.6674142565046038,1.25,2.5,38.12195587158203,38.249454498291016,74.3590707465604,984366.5585026231,1968.7499999999995,37.5,0.7,,0.25,olv_close_pivot_40_v2_20260901,High,40.983394622802734,2021-05-10,45.0,45.0,114.0,False,False,252.0,-4.096316639728327,default,1.9992380952380957,Overflow,False
2021-07-13,2021-07-14,2021-07-16,Target,2021-07-28,Oversold Low Volume,HE,BUY,Limit Order -0.25 ATR (Persistent),37.845821380615234,39.60542678833008,1598,2812.0,0.7038421630859375,1.25,2.5,38.03999328613281,38.02178192138672,7.291489408120078,986075.4099127395,1406.25,37.5,0.5,,0.25,olv_close_pivot_40_v2_20260901,High,40.983394622802734,2021-05-10,44.0,44.0,113.0,False,False,252.0,-4.207779608472261,default,1.9996444444444443,Overflow,False
2021-07-08,2021-07-13,2021-07-19,Stop,2021-07-23,Oversold Low Volume,CCJ,BUY,Limit Order -0.25 ATR (Persistent),17.670869827270508,16.046143345832824,1480,-2405.0,0.7598626273018974,1.25,2.5,17.947439193725586,17.86842155456543,46.42866994938001,986103.2228178468,1406.25,37.5,0.5,,0.25,olv_close_pivot_40_v2_20260901,High,11.909416198730469,2020-07-27,239.0,239.0,168.0,False,False,252.0,7.842214028862111,above_high_gt5,-1.7102222222222223,Overflow,False
2021-07-09,2021-07-12,2021-07-19,Stop,2021-07-26,Oversold Low Volume,CCJ,BUY,Limit Order -0.25 ATR (Persistent),17.917454753603256,16.046143345832824,2094,-3919.0,0.7521017619541713,1.25,2.5,18.006704330444336,18.105480194091797,56.66677394438723,988032.1668409791,1968.7499999999998,37.5,0.7,,0.25,olv_close_pivot_40_v2_20260901,High,11.909416198730469,2020-07-27,240.0,240.0,169.0,False,False,252.0,8.238331976862035,above_high_gt5,-1.990603174603175,Overflow,False
2021-07-15,2021-07-16,2021-07-20,Target,2021-07-30,Oversold Low Volume,MD,BUY,Limit Order -0.25 ATR (Persistent),27.660000732966832,29.760001795632498,2678,5624.0,0.8400004250662667,1.25,2.5,28.219999313354492,27.8700008392334,55.384741788859316,988884.2188488586,2812.5,37.5,1.0,,0.25,olv_close_pivot_40_v2_20260901,High,28.600000381469727,2021-01-27,117.0,117.0,102.0,False,False,252.0,-0.8690466343260949,default,1.9996444444444443,Overflow,False
2021-07-14,2021-07-15,2021-07-20,Target,2021-07-29,Oversold Low Volume,MD,BUY,Limit Order -0.25 ATR (Persistent),27.84000015258789,29.941786970411027,1873,3937.0,0.840714727129255,1.25,2.5,27.84000015258789,28.1299991607666,3.90618829991253,984366.5585026231,1968.7499999999998,37.5,0.7,,0.25,olv_close_pivot_40_v2_20260901,High,28.600000381469727,2021-01-27,116.0,116.0,101.0,False,False,252.0,-0.5590495866630216,default,1.999746031746032,Overflow,False
2021-07-14,2021-07-15,2021-07-20,Stop,2021-07-29,Oversold Low Volume,TRP,BUY,Limit Order -0.25 ATR (Persistent),38.61836624145508,37.023111382675175,2122,-3385.0,0.5301260266985212,1.25,2.5,38.61836624145508,38.83115768432617,13.999796711567598,984366.5585026231,1406.25,37.5,0.5,,0.25,olv_close_pivot_40_v2_20260901,High,34.86974334716797,2020-12-04,151.0,151.0,170.0,False,False,252.0,7.472589794975358,above_high_gt5,-2.407111111111111,Overflow,False
2021-07-13,2021-07-14,2021-07-20,Stop,2021-07-28,Oversold Low Volume,CCJ,BUY,Limit Order -0.25 ATR (Persistent),17.363961935043335,16.164638060188295,3335,-4000.0,0.6744928359985352,1.25,2.5,17.631362915039062,17.53258514404297,23.077037337782905,986075.4099127395,2812.5,37.5,1.0,,0.25,olv_close_pivot_40_v2_20260901,High,11.909416198730469,2020-07-27,242.0,242.0,171.0,False,False,252.0,8.336884611958595,above_high_gt5,-1.4222222222222223,Overflow,False
2021-07-13,2021-07-14,2021-07-20,Target,2021-07-28,Oversold Low Volume,MD,BUY,Limit Order -0.25 ATR (Persistent),28.78178514753069,30.763929094587052,1418,2811.0,0.7928575788225446,1.25,2.5,29.09000015258789,28.979999542236328,4.4443361258342,986075.4099127395,1406.25,37.5,0.5,,0.25,olv_close_pivot_40_v2_20260901,High,28.600000381469727,2021-01-27,115.0,115.0,100.0,False,False,252.0,0.4792779572479208,default,1.9989333333333332,Overflow,False
2021-07-16,2021-07-19,2021-07-21,Target,2021-08-02,Oversold Low Volume,CHDN,BUY,Limit Order -0.25 ATR (Persistent),86.61390686035156,94.05875723702567,211,1571.0,2.977940150669643,1.25,2.5,86.61390686035156,89.05851745605469,4.874366217835484,980280.9053861074,787.5,37.5,0.28,,0.25,olv_close_pivot_40_v2_20260901,High,125.0980453491211,2021-03-12,87.0,87.0,335.0,False,True,252.0,-12.102166621771186,default,1.994920634920635,Overflow,False
2021-07-06,2021-07-07,2021-07-21,Time,2021-07-21,Oversold Low Volume,ASH,BUY,Limit Order -0.25 ATR (Persistent),78.2112627029419,79.24369049072266,809,835.0,1.3896293640136719,1.25,2.5,78.30291748046875,78.55867004394531,24.170734314319308,985696.5664123979,1406.25,37.5,0.5,,0.25,olv_close_pivot_40_v2_20260901,High,71.76712799072266,2020-07-27,237.0,237.0,196.0,False,False,252.0,4.887304650505239,above_high_4_5,0.5937777777777777,Overflow,False
2021-07-16,2021-07-19,2021-07-21,Target,2021-08-02,Oversold Low Volume,WWW,BUY,Limit Order -0.25 ATR (Persistent),26.675920486450195,28.832012244633265,521,1123.0,0.8624367032732282,1.25,2.5,26.675920486450195,27.426979064941406,3.4189090707821737,980280.9053861074,562.5,37.5,0.2,,0.25,olv_close_pivot_40_v2_20260901,Low,25.166915893554688,2021-01-29,116.0,48.0,116.0,False,False,252.0,2.62055541329473,default,1.9964444444444445,Overflow,False
2021-07-16,2021-07-19,2021-07-21,Target,2021-08-02,Oversold Low Volume,BEP,BUY,Limit Order -0.25 ATR (Persistent),29.586788177490234,31.16306264059884,3568,5624.0,0.630509785243443,1.25,2.5,29.586788177490234,30.02692222595215,39.344381785399165,980280.9053861074,2812.5,37.5,1.0,,0.25,olv_close_pivot_40_v2_20260901,Low,28.078277587890625,2021-05-12,45.0,121.0,45.0,False,False,252.0,3.0905858777578556,default,1.9996444444444443,Overflow,False
2021-07-14,2021-07-15,2021-07-26,Target,2021-07-29,Oversold Low Volume,AON,BUY,Limit Order -0.25 ATR (Persistent),221.60714721679688,230.61781638009208,436,3929.0,3.6042676653180803,1.25,2.5,221.60714721679688,222.96177673339844,50.11133745434111,984366.5585026231,1968.75,52.5,0.5,,0.25,olv_close_pivot_40_v2_20260901,High,250.141357421875,2021-05-07,46.0,46.0,173.0,False,False,252.0,-7.540944017563118,default,1.9956825396825397,Liquid,False
2021-07-16,2021-07-19,2021-07-26,Target,2021-08-02,Oversold Low Volume,EQT,BUY,Limit Order -0.25 ATR (Persistent),17.403757095336914,19.902720315115793,450,1125.0,0.9995852879115513,1.25,2.5,17.403757095336914,17.750333786010742,9.722277213722109,980280.9053861074,562.5,37.5,0.2,,0.25,olv_close_pivot_40_v2_20260901,Low,15.736443519592285,2021-04-12,67.0,42.0,67.0,False,False,252.0,2.0147257975616153,default,2.0,Overflow,False
2021-07-16,2021-07-19,2021-07-26,Target,2021-08-02,Oversold Low Volume,SLB,BUY,Limit Order -0.25 ATR (Persistent),23.898178100585938,26.597357068743026,416,1123.0,1.0796715872628349,1.25,2.5,23.898178100585938,25.105247497558594,16.875009925308742,980280.9053861074,562.5,52.5,0.1429,,0.25,olv_close_pivot_40_v2_20260901,Low,22.65441131591797,2021-04-22,59.0,233.0,59.0,False,False,252.0,2.2699830305379654,default,1.9964444444444445,Liquid,False
2021-07-19,2021-07-22,2021-07-27,Target,2021-08-03,Oversold Low Volume,ADM,BUY,Limit Order -0.25 ATR (Persistent),50.00007745197841,52.25752741949899,498,1124.0,0.902979987008231,1.25,2.5,50.287025451660156,50.22582244873047,49.091024486606344,968835.1943742208,562.5,52.5,0.1429,,0.25,olv_close_pivot_40_v2_20260901,High,44.46493148803711,2020-10-23,183.0,183.0,333.0,False,True,252.0,6.379865604530664,above_high_gt5,1.9982222222222221,Liquid,False
2021-07-13,2021-07-14,2021-07-28,Time,2021-07-28,Oversold Low Volume,LZB,BUY,Limit Order -0.25 ATR (Persistent),31.18022949354989,29.955360412597656,1143,-1400.0,0.983992304120745,1.25,2.5,31.6414737701416,31.426227569580078,1.0418489662368273,986075.4099127395,1406.25,37.5,0.5,,0.25,olv_close_pivot_40_v2_20260901,Low,32.847660064697266,2021-02-01,112.0,84.0,112.0,False,False,252.0,-1.4445565165139387,default,-0.9955555555555555,Overflow,False
2021-07-14,2021-07-15,2021-07-28,Target,2021-07-29,Oversold Low Volume,BEP,BUY,Limit Order -0.25 ATR (Persistent),30.168537821088517,31.931111880711146,1595,2811.0,0.7050296238490513,1.25,2.5,30.34479331970215,30.34479522705078,33.80256622380134,984366.5585026231,1406.25,37.5,0.5,,0.25,olv_close_pivot_40_v2_20260901,Low,28.078277587890625,2021-05-12,43.0,119.0,43.0,False,False,252.0,3.2147835530460256,default,1.9989333333333332,Overflow,False
2021-07-15,2021-07-16,2021-07-28,Target,2021-07-30,Oversold Low Volume,BEP,BUY,Limit Order -0.25 ATR (Persistent),29.910046679633005,31.567827258791244,2375,3937.0,0.6631122316632952,1.25,2.5,30.035072326660156,30.075824737548828,46.91364088104098,988884.2188488586,1968.7499999999995,37.5,0.7,,0.25,olv_close_pivot_40_v2_20260901,Low,28.078277587890625,2021-05-12,44.0,120.0,44.0,False,False,252.0,3.0123816969078114,default,1.9997460317460323,Overflow,False
2021-07-14,2021-07-15,2021-07-29,Stop,2021-07-29,Oversold Low Volume,OI,BUY,Limit Order -0.25 ATR (Persistent),15.489999771118164,14.73557777118683,2282,-1722.0,0.4928572518484933,1.25,2.5,15.489999771118164,15.680000305175781,0.0,984366.5585026231,1406.25,37.5,0.5,,0.25,olv_close_pivot_40_v2_20260901,High,12.020000457763672,2020-09-15,208.0,208.0,202.0,False,False,252.0,7.426085004704792,above_high_gt5,-1.2245333333333333,Overflow,False
2021-07-15,2021-07-16,2021-07-29,Stop,2021-07-30,Oversold Low Volume,OI,BUY,Limit Order -0.25 ATR (Persistent),15.41910707950592,14.73557777118683,3257,-2226.0,0.48357152938842773,1.25,2.5,15.65999984741211,15.539999961853027,40.74068841283577,988884.2188488586,1968.7499999999998,37.5,0.7,,0.25,olv_close_pivot_40_v2_20260901,High,12.020000457763672,2020-09-15,209.0,209.0,203.0,False,False,252.0,7.279170278161525,above_high_gt5,-1.1306666666666667,Overflow,False
2021-07-15,2021-07-16,2021-07-30,Time,2021-07-30,Oversold Low Volume,CHDN,BUY,Limit Order -0.25 ATR (Persistent),89.7762166431972,91.38999938964844,152,245.0,2.9529947553362166,1.25,2.5,91.76874542236328,90.51446533203125,69.75310218046265,988884.2188488586,562.5,37.5,0.2,,0.25,olv_close_pivot_40_v2_20260901,High,125.0980453491211,2021-03-12,86.0,86.0,334.0,False,True,252.0,-11.711358428454876,default,0.43555555555555553,Overflow,False
2021-07-16,2021-07-19,2021-08-02,Time,2021-08-02,Oversold Low Volume,OI,BUY,Limit Order -0.25 ATR (Persistent),14.630000114440918,15.199999809265137,4487,2558.0,0.5014286722455706,1.25,2.5,14.630000114440918,15.050000190734863,4.225319951429707,980280.9053861074,2812.5,37.5,1.0,,0.25,olv_close_pivot_40_v2_20260901,High,12.020000457763672,2020-09-15,210.0,210.0,204.0,False,False,252.0,6.042733295249765,above_high_gt5,0.9095111111111112,Overflow,False
2021-07-16,2021-07-19,2021-08-02,Time,2021-08-02,Oversold Low Volume,EPC,BUY,Limit Order -0.25 ATR (Persistent),36.80787658691406,37.22968673706055,1268,535.0,0.8868566240583148,1.25,2.5,36.80787658691406,37.275543212890625,2.6847586341681327,980280.9053861074,1406.25,37.5,0.5,,0.25,olv_close_pivot_40_v2_20260901,High,33.43912124633789,2020-12-10,149.0,149.0,93.0,False,False,252.0,4.3258649284221535,above_high_4_5,0.3804444444444444,Overflow,False
2021-07-19,2021-07-20,2021-08-03,Time,2021-08-03,Oversold Low Volume,HP,BUY,Limit Order -0.25 ATR (Persistent),22.68625497817993,23.439247131347656,397,299.0,1.1308879852294922,1.25,2.5,22.935976028442383,22.968976974487305,61.8643187824857,968835.1943742208,562.5,37.5,0.2,,0.25,olv_close_pivot_40_v2_20260901,Low,20.657445907592773,2021-04-22,60.0,92.0,60.0,False,False,252.0,2.043996485138579,default,0.5315555555555556,Overflow,False
2021-07-19,2021-07-22,2021-08-03,Time,2021-08-03,Oversold Low Volume,OI,BUY,Limit Order -0.25 ATR (Persistent),14.357678311211723,15.359999656677246,4251,4261.0,0.5292858396257673,1.25,2.5,14.489999771118164,14.489999771118164,50.90902470362414,968835.1943742208,2812.5,37.5,1.0,,0.25,olv_close_pivot_40_v2_20260901,High,12.020000457763672,2020-09-15,211.0,211.0,205.0,False,False,252.0,4.666664264248805,above_high_4_5,1.5150222222222223,Overflow,False
2021-08-05,2021-08-09,2021-08-10,Target,2021-08-20,Oversold Low Volume,AMSC,BUY,Limit Order -0.25 ATR (Persistent),12.324821404048375,14.476606982094902,1829,3936.0,0.8607142312186105,1.25,2.5,12.779999732971191,12.539999961853027,21.95118736373307,1020996.0901174716,1968.7499999999998,37.5,0.7,,0.25,olv_close_pivot_40_v2_20260901,Low,12.760000228881836,2021-06-03,44.0,145.0,44.0,False,False,252.0,-0.25560198617528296,default,1.9992380952380955,Overflow,False
2021-08-05,2021-08-06,2021-08-11,Target,2021-08-20,Oversold Low Volume,GEN,BUY,Limit Order -0.25 ATR (Persistent),21.605788230895996,22.817116737365723,3250,3937.0,0.4845314025878906,1.25,2.5,21.636354446411133,21.72692108154297,43.243097098817785,1020996.0901174716,1968.7499999999998,37.5,0.7,,0.25,olv_close_pivot_40_v2_20260901,High,21.553552627563477,2020-08-26,237.0,237.0,63.0,False,False,252.0,0.35780643535904644,default,1.999746031746032,Overflow,False
2021-08-04,2021-08-05,2021-08-11,Target,2021-08-19,Oversold Low Volume,GEN,BUY,Limit Order -0.25 ATR (Persistent),21.818298476082937,22.98757811955043,2405,2812.0,0.4677118573869978,1.25,2.5,22.016733169555664,21.935226440429688,40.38442846034215,1020502.7803902967,1406.25,37.5,0.5,,0.25,olv_close_pivot_40_v2_20260901,High,21.553552627563477,2020-08-26,236.0,236.0,62.0,False,False,252.0,0.8160447652504209,default,1.9996444444444443,Overflow,False
2021-08-02,2021-08-03,2021-08-17,Time,2021-08-17,Oversold Low Volume,HP,BUY,Limit Order -0.25 ATR (Persistent),22.82061222621373,21.28919219970703,1326,-2031.0,1.1874607631138392,1.25,2.5,22.886472702026367,23.117477416992188,2.0101395701138265,1021237.6037267618,1968.7499999999995,37.5,0.7,,0.25,olv_close_pivot_40_v2_20260901,Low,20.657445907592773,2021-04-22,70.0,102.0,70.0,False,False,252.0,2.0716739329967875,default,-1.0316190476190479,Overflow,False
2021-08-04,2021-08-05,2021-08-18,Stop,2021-08-19,Oversold Low Volume,PPLI,BUY,Limit Order -0.25 ATR (Persistent),108.38391876220703,102.92235346908569,137,-748.0,3.2707132611955916,1.25,2.5,108.38391876220703,110.13125610351562,86.17892018797092,1020502.7803902967,562.5,37.5,0.2,,0.25,olv_close_pivot_40_v2_20260901,Low,112.43577575683594,2021-03-30,88.0,68.0,88.0,False,False,252.0,-0.7045923837658297,default,-1.3297777777777777,Overflow,False
2021-08-04,2021-08-05,2021-08-19,Time,2021-08-19,Oversold Low Volume,AMSC,BUY,Limit Order -0.25 ATR (Persistent),12.775178347315107,11.4399995803833,523,-698.0,0.859285695212228,1.25,2.5,13.5,12.989999771118164,8.928521251186773,1020502.7803902967,562.5,37.5,0.2,,0.25,olv_close_pivot_40_v2_20260901,Low,12.760000228881836,2021-06-03,43.0,144.0,43.0,False,False,252.0,0.2676636461165834,default,-1.240888888888889,Overflow,False
2021-08-04,2021-08-09,2021-08-19,Time,2021-08-19,Oversold Low Volume,CBRL,BUY,Limit Order -0.25 ATR (Persistent),108.05985941205707,109.14144134521484,295,319.0,3.8022798810686385,1.25,2.5,109.73918151855469,109.01042938232422,37.445049645157184,1020502.7803902967,1406.25,37.5,0.5,,0.25,olv_close_pivot_40_v2_20260901,Low,89.0235824584961,2020-10-28,192.0,80.0,192.0,False,False,252.0,5.256542797741333,default,0.22684444444444443,Overflow,False
2021-08-05,2021-08-09,2021-08-20,Time,2021-08-20,Oversold Low Volume,OIH,BUY,Limit Order -0.25 ATR (Persistent),167.35523632594519,156.8315887451172,285,-2999.0,7.719252450125558,1.25,2.5,171.40716552734375,169.28504943847656,42.52255285964943,1020996.0901174716,2756.25,52.5,0.7,,0.25,olv_close_pivot_40_v2_20260901,Low,162.15548706054688,2021-04-22,73.0,43.0,73.0,False,False,252.0,0.9236078783527439,default,-1.0880725623582765,Liquid,False
2021-08-10,2021-08-11,2021-08-25,Time,2021-08-25,Oversold Low Volume,PPLI,BUY,Limit Order -0.25 ATR (Persistent),103.40621825626918,108.40032958984375,476,2377.0,3.307042258126395,1.25,2.5,104.52830505371094,104.23297882080078,15.00006027924792,1031239.3962299655,1968.7499999999998,37.5,0.7,,0.25,olv_close_pivot_40_v2_20260901,Low,112.43577575683594,2021-03-30,92.0,72.0,92.0,False,False,252.0,-2.480402817919373,default,1.2073650793650794,Overflow,False
2021-08-11,2021-08-12,2021-08-26,Time,2021-08-26,Oversold Low Volume,PPLI,BUY,Limit Order -0.25 ATR (Persistent),102.40217535836356,107.66201782226562,664,3493.0,3.385561261858259,1.25,2.5,102.70713806152344,103.24856567382812,34.72905614044733,1043028.3615076372,2812.5,37.5,1.0,,0.25,olv_close_pivot_40_v2_20260901,Low,112.43577575683594,2021-03-30,93.0,73.0,93.0,False,False,252.0,-2.7136446138225123,default,1.2419555555555555,Overflow,False
2021-08-17,2021-08-18,2021-08-30,Target,2021-09-01,Oversold Low Volume,DQ,BUY,Limit Order -0.25 ATR (Persistent),47.743929862976074,57.50464344024658,115,1122.0,3.904285430908203,1.25,2.5,51.0,48.720001220703125,59.5506083517639,1033993.0360094651,562.5,37.5,0.2,,0.25,olv_close_pivot_40_v2_20260901,Low,62.15999984741211,2021-03-29,98.0,131.0,98.0,False,False,252.0,-3.442370918968036,default,1.9946666666666666,Overflow,False
2021-09-14,2021-09-16,2021-09-27,Target,2021-09-29,Oversold Low Volume,CBSH,BUY,Limit Order -0.25 ATR (Persistent),50.14018338067191,52.482093470437185,1200,2810.0,0.9367640359061105,1.25,2.5,50.51850891113281,50.37437438964844,11.707099278027048,1039550.2351214036,1406.25,37.5,0.5,,0.25,olv_close_pivot_40_v2_20260901,High,60.81772232055664,2021-05-06,90.0,90.0,245.0,False,False,252.0,-11.148322876002164,default,1.9982222222222221,Overflow,False
2021-09-15,2021-09-16,2021-09-30,Time,2021-09-30,Oversold Low Volume,UGI,BUY,Limit Order -0.25 ATR (Persistent),35.09628643308367,34.3819465637207,1792,-1280.0,0.627641132899693,1.25,2.5,35.27738571166992,35.253196716308594,13.433035966348598,1040249.9899181129,1406.25,37.5,0.5,,0.25,olv_close_pivot_40_v2_20260901,High,38.05257797241211,2021-06-08,69.0,69.0,246.0,False,False,252.0,-4.460162199966746,default,-0.9102222222222223,Overflow,False
2021-10-04,2021-10-06,2021-10-19,Time,2021-10-19,Oversold Low Volume,PFE,BUY,Limit Order -0.25 ATR (Persistent),33.388858795166016,33.41268539428711,2117,50.0,0.7439398084368024,1.25,2.5,33.761966705322266,33.674644470214844,18.421052631578945,1042337.7838023902,1968.75,52.5,0.5,,0.25,olv_close_pivot_40_v2_20260901,High,32.79901885986328,2020-12-08,206.0,206.0,152.0,False,False,252.0,1.1770113662709674,default,0.025396825396825397,Liquid,False
2021-10-05,2021-10-06,2021-10-20,Time,2021-10-20,Oversold Low Volume,PFE,BUY,Limit Order -0.25 ATR (Persistent),33.388858795166016,33.97629928588867,3054,1794.0,0.7218257359095982,1.25,2.5,33.388858795166016,33.59526062011719,7.8431372549019605,1042774.7364658118,2756.25,52.5,0.7,,0.25,olv_close_pivot_40_v2_20260901,High,32.79901885986328,2020-12-08,207.0,207.0,153.0,False,False,252.0,1.1030941689139606,default,0.6508843537414966,Liquid,False
2021-10-11,2021-10-13,2021-10-20,Target,2021-10-26,Oversold Low Volume,WTRG,BUY,Limit Order -0.25 ATR (Persistent),40.176628725869314,41.839830602918354,1691,2812.0,0.6652807508196149,1.25,2.5,40.334232330322266,40.34294891357422,31.249658264530595,1042337.8232539893,1406.25,37.5,0.5,,0.25,olv_close_pivot_40_v2_20260901,High,44.364097595214844,2021-08-05,46.0,46.0,153.0,False,False,252.0,-6.044288334942257,default,1.9996444444444443,Overflow,False
2021-10-13,2021-10-18,2021-10-26,Target,2021-10-28,Oversold Low Volume,PFE,BUY,Limit Order -0.25 ATR (Persistent),32.719057423727854,34.33650473185948,1177,1904.0,0.6469789232526507,1.25,2.5,32.99193572998047,32.880802154541016,49.48453608247423,1039323.7952314276,952.2060541257449,52.5,1.0,,0.25,olv_close_pivot_40_v2_20260901,Low,26.089962005615234,2021-02-26,159.0,40.0,159.0,False,False,252.0,10.496230873774385,default,1.9995672068564316,Liquid,False
2021-10-12,2021-10-13,2021-10-26,Target,2021-10-27,Oversold Low Volume,PFE,BUY,Limit Order -0.25 ATR (Persistent),33.06324699946812,34.65234225136893,4955,7874.0,0.6356381007603237,1.25,2.5,33.14276885986328,33.2221565246582,34.54545454545455,1041727.5278637921,3937.5,52.5,1.0,,0.25,olv_close_pivot_40_v2_20260901,High,32.79901885986328,2020-12-08,212.0,212.0,158.0,False,False,252.0,0.6656895870288176,default,1.9997460317460318,Liquid,False
2021-10-26,2021-10-27,2021-11-01,Target,2021-11-10,Oversold Low Volume,MCHP,BUY,Limit Order -0.25 ATR (Persistent),65.18998718261719,69.55438096182687,257,1122.0,1.7457575116838728,1.25,2.5,65.18998718261719,66.89430236816406,1.2384054194893173,1055700.6925260853,562.5,37.5,0.2,,0.25,olv_close_pivot_40_v2_20260901,High,73.8216323852539,2021-04-05,143.0,143.0,70.0,False,False,252.0,-3.968094062736169,default,1.9946666666666666,Overflow,False
2021-10-27,2021-10-29,2021-11-02,Target,2021-11-11,Oversold Low Volume,AEO,BUY,Limit Order -0.25 ATR (Persistent),20.974180357796804,22.72510596684047,1606,2812.0,0.7003702436174665,1.25,2.5,21.237213134765625,21.149272918701172,13.333236935712426,1055807.865400536,1406.25,37.5,0.5,,0.25,olv_close_pivot_40_v2_20260901,High,32.77252197265625,2021-06-24,87.0,87.0,383.0,False,True,252.0,-16.5958636305279,default,1.9996444444444443,Overflow,False
2021-11-26,2021-12-01,2021-12-13,Time,2021-12-13,Oversold Low Volume,SPSC,BUY,Limit Order -0.25 ATR (Persistent),139.50518471854073,140.99000549316406,256,380.0,4.379285539899554,1.25,2.5,142.49000549316406,140.60000610351562,8.655528774721828,1058570.9043777501,1406.25,37.5,0.5,,0.25,olv_close_pivot_40_v2_20260901,High,115.94999694824219,2021-01-07,224.0,224.0,123.0,False,False,252.0,5.628774130092195,above_high_gt5,0.2702222222222222,Overflow,False
2021-11-30,2021-12-01,2021-12-15,Time,2021-12-15,Oversold Low Volume,UNM,BUY,Limit Order -0.25 ATR (Persistent),20.03402556691851,21.079246520996094,1648,1723.0,0.6822342191423688,1.25,2.5,20.711885452270508,20.2045841217041,24.00001163030742,1058951.0184960538,1406.25,37.5,0.5,,0.25,olv_close_pivot_40_v2_20260901,Low,20.256874084472656,2021-09-21,49.0,122.0,49.0,False,False,252.0,-0.07664517742057557,default,1.2252444444444444,Overflow,False
2021-12-09,2021-12-10,2021-12-27,Time,2021-12-27,Oversold Low Volume,CCJ,BUY,Limit Order -0.25 ATR (Persistent),22.045788049697876,22.80758285522461,862,657.0,1.304183006286621,1.25,2.5,22.540191650390625,22.37183380126953,24.48981998270576,1059883.8339491743,1406.25,37.5,0.5,,0.25,olv_close_pivot_40_v2_20260901,High,21.36505889892578,2021-06-10,127.0,127.0,78.0,False,False,252.0,0.7719583045406516,default,0.4672,Overflow,False
2021-12-14,2021-12-15,2021-12-30,Time,2021-12-30,Oversold Low Volume,CCJ,BUY,Limit Order -0.25 ATR (Persistent),20.664786304746354,21.589462280273438,1309,1210.0,1.2030373982020788,1.25,2.5,20.807092666625977,20.965545654296875,33.89838807607184,1059309.9390216728,1968.7499999999995,37.5,0.7,,0.25,olv_close_pivot_40_v2_20260901,High,21.36505889892578,2021-06-10,130.0,130.0,81.0,False,False,252.0,-0.332087136464729,default,0.6146031746031747,Overflow,False
2021-12-15,2021-12-17,2021-12-31,Time,2021-12-31,Oversold Low Volume,SLB,BUY,Limit Order -0.25 ATR (Persistent),26.351556982312882,27.213415145874023,1404,1210.0,1.1213294437953405,1.25,2.5,26.995344161987305,26.63188934326172,69.02651250575875,1062243.1039021867,1968.75,52.5,0.5,,0.25,olv_close_pivot_40_v2_20260901,Low,23.817102432250977,2021-08-19,82.0,136.0,82.0,False,False,252.0,2.510222955961623,default,0.6146031746031746,Liquid,False
2023-03-08,2023-03-09,2023-03-14,Stop,2023-03-23,Oversold Low Volume,PVH,BUY,Limit Order -0.25 ATR (Persistent),77.86818504333496,74.57886169281007,517,-1701.0,2.1727676391601562,1.25,2.5,78.31192779541016,78.411376953125,25.946100560882492,1063750.6594643425,1406.25,37.5,0.5,,0.25,olv_close_pivot_40_v2_20260901,High,70.486572265625,2022-08-16,140.0,140.0,108.0,False,False,252.0,3.6473318843073295,default,-1.2096,Overflow,False
2023-05-17,2023-05-18,2023-05-31,Stop,2023-06-02,Oversold Low Volume,TTE,BUY,Limit Order -0.25 ATR (Persistent),50.799292360033306,47.85855530014038,973,-2861.0,1.1559189387730189,1.25,2.5,51.36046600341797,51.08827209472656,51.087030700086764,1061501.0446362328,1406.25,37.5,0.5,,0.25,olv_close_pivot_40_v2_20260901,High,44.70430374145508,2022-08-23,184.0,184.0,161.0,False,False,252.0,5.522851247724964,above_high_gt5,-2.034488888888889,Overflow,False
2023-07-06,2023-07-10,2023-07-12,Target,2023-07-21,Oversold Low Volume,AU,BUY,Limit Order -0.25 ATR (Persistent),17.774190153394425,19.11901194708688,2091,2812.0,0.537928717476981,1.25,2.5,18.18793487548828,17.908672332763672,4.477310074579699,1058670.2357654404,1406.25,37.5,0.5,,0.25,olv_close_pivot_40_v2_20260901,Low,15.054450035095215,2023-02-28,88.0,42.0,88.0,False,False,252.0,5.305948920250004,default,1.9996444444444443,Overflow,False
2023-07-07,2023-07-10,2023-07-12,Target,2023-07-24,Oversold Low Volume,GFI,BUY,Limit Order -0.25 ATR (Persistent),11.940220832824707,12.809130021503993,3236,2812.0,0.3475636754717146,1.25,2.5,11.940220832824707,12.132658004760742,41.17625452252539,1059252.8272751912,1406.25,37.5,0.5,,0.25,olv_close_pivot_40_v2_20260901,High,15.944730758666992,2023-05-04,43.0,43.0,84.0,False,False,252.0,-10.967983776591417,default,1.9996444444444443,Overflow,False
2023-08-16,2023-08-17,2023-08-21,Stop,2023-08-31,Oversold Low Volume,MSTR,BUY,Limit Order -0.25 ATR (Persistent),36.15999984741211,33.019090628814695,599,-1881.0,1.8757141658238001,1.25,2.5,36.15999984741211,36.96699905395508,30.943669236334433,1068132.1010350331,1406.25,37.5,0.5,,0.25,olv_close_pivot_40_v2_20260901,High,34.071998596191406,2023-04-13,86.0,86.0,109.0,False,False,252.0,1.5434123762093617,default,-1.3376,Overflow,False
2023-08-17,2023-08-18,2023-08-22,Target,2023-09-01,Oversold Low Volume,AVGO,BUY,Limit Order -0.25 ATR (Persistent),79.22003936767578,84.31068066188267,220,1120.0,2.0362565176827565,1.25,2.5,79.22003936767578,79.90596008300781,0.7254400366538124,1067244.982638274,562.5,52.5,0.1429,,0.25,olv_close_pivot_40_v2_20260901,Low,58.63505172729492,2023-05-04,72.0,253.0,72.0,True,False,252.0,10.446084847855522,default,1.991111111111111,Liquid,False
2023-08-17,2023-08-18,2023-08-29,Target,2023-09-01,Oversold Low Volume,GDX,BUY,Limit Order -0.25 ATR (Persistent),26.48621872493199,28.17569773537772,1664,2811.0,0.6757916041782924,1.25,2.5,26.67447280883789,26.655166625976562,30.188770679410425,1067244.982638274,1406.25,37.5,0.5,,0.25,olv_close_pivot_40_v2_20260901,Low,25.757328033447266,2023-03-09,111.0,87.0,111.0,False,False,252.0,1.3285731680863297,default,1.9989333333333332,Overflow,False
2023-08-18,2023-08-21,2023-09-05,Time,2023-09-05,Oversold Low Volume,SYK,BUY,Limit Order -0.25 ATR (Persistent),269.2876652308873,278.7786560058594,295,2800.0,5.323704310825893,1.25,2.5,271.28076171875,270.61859130859375,47.77779067472984,1066304.8199686836,1968.75,52.5,0.5,,0.25,olv_close_pivot_40_v2_20260901,Low,263.7066650390625,2023-05-30,56.0,82.0,56.0,False,False,252.0,1.298330235110103,default,1.4222222222222223,Liquid,False
2023-08-18,2023-08-22,2023-09-05,Time,2023-09-05,Oversold Low Volume,CCL,BUY,Limit Order -0.25 ATR (Persistent),15.273982439722333,15.20614242553711,1877,-127.0,0.5992568561008998,1.25,2.5,15.60187816619873,15.423796653747559,44.44442064314909,1066304.8199686836,1406.25,37.5,0.5,,0.25,olv_close_pivot_40_v2_20260901,High,12.133910179138184,2023-02-15,127.0,127.0,106.0,False,False,252.0,5.489943821444474,above_high_gt5,-0.0903111111111111,Overflow,False
2023-08-18,2023-08-22,2023-09-05,Time,2023-09-05,Oversold Low Volume,CUK,BUY,Limit Order -0.25 ATR (Persistent),13.96152913570404,13.785741806030273,2118,-372.0,0.5310959815979004,1.25,2.5,14.323236465454102,14.094303131103516,53.191450325658195,1066304.8199686836,1406.25,37.5,0.5,,0.25,olv_close_pivot_40_v2_20260901,High,10.939010620117188,2023-02-15,127.0,127.0,106.0,False,False,252.0,5.9410965631730965,above_high_gt5,-0.26453333333333334,Overflow,False
2023-10-02,2023-10-03,2023-10-10,Target,2023-10-17,Oversold Low Volume,PNW,BUY,Limit Order -0.25 ATR (Persistent),62.840965270996094,66.01692281450543,1239,3935.0,1.270383017403739,1.25,2.5,62.840965270996094,63.47329330444336,25.090805442719365,1072980.1311916965,1968.75,52.5,0.5,,0.25,olv_close_pivot_40_v2_20260901,Low,67.04887390136719,2023-06-01,84.0,50.0,84.0,False,False,252.0,-2.8145689512059002,default,1.9987301587301587,Liquid,False
2023-10-04,2023-10-05,2023-10-11,Target,2023-10-19,Oversold Low Volume,TDS,BUY,Limit Order -0.25 ATR (Persistent),15.913843512535095,17.58811056613922,2351,3936.0,0.6697068214416504,1.25,2.5,16.13932228088379,16.081270217895508,24.390296672203778,1074523.2576773167,1968.7499999999995,37.5,0.7,,0.25,olv_close_pivot_40_v2_20260901,High,12.833839416503906,2023-02-02,168.0,168.0,86.0,False,False,252.0,4.849033483638394,above_high_4_5,1.9992380952380957,Overflow,False
2023-10-05,2023-10-06,2023-10-11,Target,2023-10-20,Oversold Low Volume,TDS,BUY,Limit Order -0.25 ATR (Persistent),15.935265013149806,17.58879850591932,3401,5624.0,0.6614133971078056,1.25,2.5,16.023210525512695,16.100618362426758,70.8330937733571,1075175.9350172281,2812.5,37.5,1.0,,0.25,olv_close_pivot_40_v2_20260901,High,12.833839416503906,2023-02-02,169.0,169.0,87.0,False,False,252.0,4.939087959523732,above_high_4_5,1.9996444444444443,Overflow,False
2023-10-03,2023-10-04,2023-10-16,Target,2023-10-18,Oversold Low Volume,TDS,BUY,Limit Order -0.25 ATR (Persistent),16.20074984005519,17.908709355763026,1646,2811.0,0.6831838062831334,1.25,2.5,16.332839965820312,16.371545791625977,7.792071477029812,1074425.6658520359,1406.25,37.5,0.5,,0.25,olv_close_pivot_40_v2_20260901,High,12.833839416503906,2023-02-02,167.0,167.0,85.0,False,False,252.0,5.178264388860428,above_high_gt5,1.9989333333333332,Overflow,False
2023-10-02,2023-10-03,2023-10-17,Time,2023-10-17,Oversold Low Volume,MGA,BUY,Limit Order -0.25 ATR (Persistent),46.958953857421875,48.159324645996094,822,987.0,1.367342812674386,1.25,2.5,46.958953857421875,47.71708679199219,10.988801724097891,1072980.1311916965,1406.25,37.5,0.5,,0.25,olv_close_pivot_40_v2_20260901,Low,43.2889518737793,2023-05-31,85.0,44.0,85.0,False,False,252.0,3.238496503705534,default,0.7018666666666666,Overflow,False
2023-10-20,2023-10-23,2023-11-01,Target,2023-11-06,Oversold Low Volume,PCG,BUY,Limit Order -0.25 ATR (Persistent),15.475656509399414,16.41736102104187,1194,1124.0,0.3766818046569824,1.25,2.5,15.475656509399414,15.791085243225098,30.434910632784668,1089983.0813449111,562.5,52.5,0.1429,,0.25,olv_close_pivot_40_v2_20260901,Low,15.06165885925293,2023-02-23,166.0,71.0,166.0,False,False,252.0,1.9364523981624362,default,1.9982222222222221,Liquid,False
2023-10-23,2023-10-26,2023-11-01,Target,2023-11-07,Oversold Low Volume,PCG,BUY,Limit Order -0.25 ATR (Persistent),15.42584330695016,16.318262440817698,1764,1574.0,0.3569676535470145,1.25,2.5,15.73194408416748,15.515085220336914,35.29403395348043,1090518.2986024108,787.5,52.5,0.2,,0.25,olv_close_pivot_40_v2_20260901,Low,15.06165885925293,2023-02-23,167.0,72.0,167.0,False,False,252.0,1.2702169414469533,default,1.9987301587301587,Liquid,False
2023-10-18,2023-10-19,2023-11-02,Target,2023-11-02,Oversold Low Volume,ECL,BUY,Limit Order -0.25 ATR (Persistent),156.92409079415458,164.95628465924943,140,1125.0,3.2128775460379466,1.25,2.5,157.2218017578125,157.72731018066406,6.818516255902826,1090186.3761752334,562.5,52.5,0.1429,,0.25,olv_close_pivot_40_v2_20260901,High,184.9775390625,2023-07-25,60.0,60.0,239.0,False,False,252.0,-8.481564731727902,default,2.0,Liquid,False
2023-10-20,2023-10-23,2023-11-02,Target,2023-11-06,Oversold Low Volume,MFC,BUY,Limit Order -0.25 ATR (Persistent),15.705822944641113,16.56454144205366,3275,2812.0,0.3434873989650181,1.25,2.5,15.705822944641113,15.805631637573242,7.14308952448641,1089983.0813449111,1406.25,37.5,0.5,,0.25,olv_close_pivot_40_v2_20260901,Low,15.941728591918945,2023-08-22,42.0,58.0,42.0,False,False,252.0,-0.3962210979377549,default,1.9996444444444443,Overflow,False
2023-10-23,2023-10-24,2023-11-02,Target,2023-11-07,Oversold Low Volume,MFC,BUY,Limit Order -0.25 ATR (Persistent),15.801903264863151,16.655761088643757,4611,3937.0,0.3415431295122419,1.25,2.5,15.896363258361816,15.887289047241211,61.111111111111114,1090518.2986024108,1968.7499999999995,37.5,0.7,,0.25,olv_close_pivot_40_v2_20260901,Low,15.941728591918945,2023-08-22,43.0,59.0,43.0,False,False,252.0,-0.1593928847448331,default,1.9997460317460323,Overflow,False
2024-04-08,2024-04-09,2024-04-11,Stop,2024-04-23,Oversold Low Volume,SUN,BUY,Limit Order -0.25 ATR (Persistent),49.57769564219883,46.95016700973511,1385,-3639.0,0.8121117183140346,1.25,2.5,49.90166473388672,49.780723571777344,30.769132793859168,1101004.5976726501,1406.25,37.5,0.5,,0.25,olv_close_pivot_40_v2_20260901,High,37.69594955444336,2023-05-01,235.0,235.0,216.0,False,False,252.0,14.880679277011659,above_high_gt5,-2.5877333333333334,Overflow,False
2024-04-03,2024-04-04,2024-04-11,Target,2024-04-18,Oversold Low Volume,PANW,BUY,Limit Order -0.25 ATR (Persistent),133.92991420200892,142.330814906529,468,3932.0,3.3603602818080356,1.25,2.5,135.8350067138672,134.77000427246094,6.263676869941206,1100986.3241000008,1968.7499999999998,37.5,0.7,,0.25,olv_close_pivot_40_v2_20260901,High,128.94000244140625,2023-07-05,188.0,188.0,157.0,False,False,252.0,1.7349335613257117,default,1.9972063492063494,Overflow,False
2024-04-09,2024-04-10,2024-04-12,Stop,2024-04-24,Oversold Low Volume,SUN,BUY,Limit Order -0.25 ATR (Persistent),48.74459389277867,46.89833701286316,1904,-3515.0,0.8269222804478237,1.25,2.5,48.94269943237305,48.951324462890625,5.172525360181185,1104256.8557395767,1968.7499999999998,37.5,0.7,,0.25,olv_close_pivot_40_v2_20260901,High,37.69594955444336,2023-05-01,236.0,236.0,217.0,False,False,252.0,13.611164162068368,above_high_gt5,-1.7853968253968255,Overflow,False
2024-04-02,2024-04-03,2024-04-17,Time,2024-04-17,Oversold Low Volume,PANW,BUY,Limit Order -0.25 ATR (Persistent),135.6999969482422,138.6649932861328,313,928.0,3.590002877371652,1.25,2.5,135.6999969482422,136.6999969482422,47.444979060857165,1101277.4118075203,1406.25,37.5,0.5,,0.25,olv_close_pivot_40_v2_20260901,High,128.94000244140625,2023-07-05,187.0,187.0,156.0,False,False,252.0,2.161556625970523,above_high_2_3,0.6599111111111111,Overflow,False
2024-04-15,2024-04-18,2024-04-30,Target,2024-04-30,Oversold Low Volume,COHR,BUY,Limit Order -0.25 ATR (Persistent),51.58339180265154,56.949463094983784,524,2812.0,2.1464285169328963,1.25,2.5,52.08000183105469,52.119998931884766,1.49993896484375,1096168.8794288468,1406.25,37.5,0.5,,0.25,olv_close_pivot_40_v2_20260901,High,55.310001373291016,2023-06-20,206.0,206.0,141.0,False,False,252.0,-1.4861908590203374,default,1.9996444444444443,Overflow,False
2024-04-19,2024-04-24,2024-05-06,Time,2024-05-06,Oversold Low Volume,ORCL,BUY,Limit Order -0.25 ATR (Persistent),111.87484128134591,115.87044525146484,647,2585.0,2.4312379019601003,1.25,2.5,113.60865020751953,112.48265075683594,18.181726186259727,1095762.0900985005,1968.75,52.5,0.5,,0.25,olv_close_pivot_40_v2_20260901,High,113.90470123291016,2023-12-01,95.0,95.0,86.0,False,False,252.0,-0.5849079906691733,default,1.313015873015873,Liquid,False
2024-04-22,2024-04-24,2024-05-07,Time,2024-05-07,Oversold Low Volume,ORCL,BUY,Limit Order -0.25 ATR (Persistent),111.53290326254708,115.46900177001953,908,3574.0,2.4282014029366628,1.25,2.5,112.76659393310547,112.13995361328125,9.500025324050446,1097112.6177772626,2756.25,52.5,0.7,,0.25,olv_close_pivot_40_v2_20260901,High,113.90470123291016,2023-12-01,96.0,96.0,87.0,False,False,252.0,-0.7267715180028409,default,1.296689342403628,Liquid,False
2024-04-30,2024-05-01,2024-05-07,Target,2024-05-15,Oversold Low Volume,SPG,BUY,Limit Order -0.25 ATR (Persistent),125.38053103855678,131.7907510484968,175,1122.0,2.5640880039760043,1.25,2.5,125.8511734008789,126.02155303955078,7.009348581015404,1098111.1081233537,562.5,52.5,0.1429,,0.25,olv_close_pivot_40_v2_20260901,High,107.65111541748047,2023-08-01,188.0,188.0,144.0,False,False,252.0,7.1645113559223335,above_high_gt5,1.9946666666666666,Liquid,False
2024-05-23,2024-05-24,2024-06-10,Time,2024-06-10,Oversold Low Volume,PARR,BUY,Limit Order -0.25 ATR (Persistent),27.40964218548366,25.0,1220,-2940.0,0.9214288166591099,1.25,2.5,27.969999313354492,27.639999389648438,65.78945387103818,1106011.7254729783,1406.25,37.5,0.5,,0.25,olv_close_pivot_40_v2_20260901,Low,31.549999237060547,2023-10-25,145.0,62.0,145.0,False,False,252.0,-4.243409557765812,default,-2.0906666666666665,Overflow,False
2024-05-29,2024-05-30,2024-06-11,Stop,2024-06-13,Oversold Low Volume,PARR,BUY,Limit Order -0.25 ATR (Persistent),26.498571940830775,24.81255369491577,2056,-3466.0,0.7657143729073661,1.25,2.5,26.690000534057617,26.690000534057617,31.428711560154987,1105133.7626582386,1968.7499999999998,37.5,0.7,,0.25,olv_close_pivot_40_v2_20260901,Low,31.549999237060547,2023-10-25,148.0,65.0,148.0,False,False,252.0,-6.34701250878946,default,-1.7605079365079368,Overflow,False
2024-05-30,2024-06-03,2024-06-11,Stop,2024-06-14,Oversold Low Volume,PARR,BUY,Limit Order -0.25 ATR (Persistent),26.15607159478324,24.81255369491577,3058,-4108.0,0.7357142312186105,1.25,2.5,26.520000457763672,26.34000015258789,9.803804238067812,1104380.7385962182,2812.5,37.5,1.0,,0.25,olv_close_pivot_40_v2_20260901,Low,31.549999237060547,2023-10-25,149.0,66.0,149.0,False,False,252.0,-7.0815526781954485,default,-1.4606222222222223,Overflow,False
2024-08-27,2024-08-30,2024-09-12,Time,2024-09-12,Oversold Low Volume,HE,BUY,Limit Order -0.25 ATR (Persistent),10.683928200176783,11.170000076293945,1301,632.0,0.8642856734139579,1.25,2.5,10.84000015258789,10.899999618530273,3.921469630161526,1097478.4350611656,1406.25,37.5,0.5,,0.25,olv_close_pivot_40_v2_20260901,Low,9.520000457763672,2024-04-16,92.0,164.0,92.0,False,False,252.0,1.5966933193692288,default,0.4494222222222222,Overflow,False
2024-10-31,2024-11-01,2024-11-13,Target,2024-11-15,Oversold Low Volume,JHX,BUY,Limit Order -0.25 ATR (Persistent),31.642321007592336,34.2191071169717,436,1123.0,1.030714443751744,1.25,2.5,31.790000915527344,31.899999618530273,34.453753227665196,1098110.814571994,562.5,37.5,0.2,,0.25,olv_close_pivot_40_v2_20260901,Low,30.270000457763672,2024-06-11,99.0,165.0,99.0,False,False,252.0,1.5814265247254071,default,1.9964444444444445,Overflow,False
2024-12-12,2024-12-16,2024-12-19,Stop,2024-12-30,Oversold Low Volume,UHS,BUY,Limit Order -0.25 ATR (Persistent),183.80764770507812,175.82632562866212,232,-1852.0,4.8342405046735495,1.25,2.5,185.20855712890625,185.2383575439453,7.213796339338857,1099404.722878797,1406.25,37.5,0.5,,0.25,olv_close_pivot_40_v2_20260901,Low,152.2191162109375,2024-04-18,165.0,56.0,165.0,False,False,252.0,6.830285191869568,default,-1.3169777777777778,Overflow,False
2024-12-13,2024-12-16,2024-12-19,Stop,2024-12-31,Oversold Low Volume,UHS,BUY,Limit Order -0.25 ATR (Persistent),183.80764770507812,175.82632562866212,336,-2682.0,4.678403581891741,1.25,2.5,183.80764770507812,186.19216918945312,69.42945810455956,1099957.931863172,1968.7499999999995,37.5,0.7,,0.25,olv_close_pivot_40_v2_20260901,Low,152.2191162109375,2024-04-18,166.0,57.0,166.0,False,False,252.0,7.261676420993679,default,-1.3622857142857145,Overflow,False
2024-12-17,2024-12-18,2024-12-20,Stop,2025-01-03,Oversold Low Volume,UHS,BUY,Limit Order -0.25 ATR (Persistent),180.3504981994629,175.1210929260254,524,-2740.0,4.2904510498046875,1.25,2.5,182.57565307617188,181.42311096191406,49.575159559888796,1098050.3060086798,2812.5,37.5,1.0,,0.25,olv_close_pivot_40_v2_20260901,Low,152.2191162109375,2024-04-18,168.0,59.0,168.0,False,False,252.0,6.806742324284531,default,-0.9742222222222222,Overflow,False
2025-01-07,2025-01-08,2025-01-10,Target,2025-01-24,Oversold Low Volume,AEP,BUY,Limit Order -0.25 ATR (Persistent),85.77303205217633,89.16392735072544,657,2228.0,1.3563581194196428,1.25,2.5,85.90270233154297,86.11212158203125,20.442135749491836,1094222.4674457826,1114.176570458404,52.5,0.5,,0.25,olv_close_pivot_40_v2_20260901,Low,73.55506896972656,2024-04-16,183.0,78.0,183.0,False,False,252.0,9.257918268427211,default,1.9996830476190477,Liquid,False
2025-01-07,2025-01-08,2025-01-13,Stop,2025-01-24,Oversold Low Volume,NEE,BUY,Limit Order -0.25 ATR (Persistent),66.95165252685547,64.25507834854126,719,-1938.0,1.2396207536969865,1.25,2.5,66.95165252685547,67.34368896484375,20.108844127404,1094222.4674457826,1114.176570458404,52.5,0.5,,0.25,olv_close_pivot_40_v2_20260901,High,81.142578125,2024-10-02,66.0,66.0,226.0,False,False,252.0,-11.131540932178726,default,-1.739401142857143,Liquid,False
2025-01-06,2025-01-10,2025-01-14,Target,2025-01-23,Oversold Low Volume,AON,BUY,Limit Order -0.25 ATR (Persistent),344.1836705889021,357.0167645045689,429,5505.0,5.133237566266741,1.25,2.5,346.4186706542969,345.46697998046875,4.810389004312298,1091032.485037327,2756.25,52.5,0.7,,0.25,olv_close_pivot_40_v2_20260901,High,328.834228515625,2024-03-27,195.0,195.0,152.0,False,False,252.0,3.2402068383015203,default,1.997278911564626,Liquid,False
2025-01-07,2025-01-10,2025-01-14,Target,2025-01-24,Oversold Low Volume,MD,BUY,Limit Order -0.25 ATR (Persistent),12.492499675069537,13.667499491146632,1354,1591.0,0.46999992643083843,1.25,2.5,12.579999923706055,12.609999656677246,23.999977111816406,1094222.4674457826,795.8404074702886,37.5,0.5,,0.25,olv_close_pivot_40_v2_20260901,High,16.079999923706055,2024-11-06,41.0,41.0,126.0,False,False,252.0,-7.382980447209553,default,1.9991445333333333,Overflow,False
2025-01-07,2025-01-10,2025-01-14,Target,2025-01-24,Oversold Low Volume,AON,BUY,Limit Order -0.25 ATR (Persistent),344.16967282976424,356.84519795009066,351,4455.0,5.070210048130581,1.25,2.5,348.2626953125,345.4372253417969,4.201840083467704,1094222.4674457826,2228.353140916808,52.5,1.0,,0.25,olv_close_pivot_40_v2_20260901,High,328.834228515625,2024-03-27,196.0,196.0,153.0,False,False,252.0,3.2746171595580162,default,1.9992342857142857,Liquid,False
2025-01-10,2025-01-13,2025-01-15,Target,2025-01-28,Oversold Low Volume,APO,BUY,Limit Order -0.25 ATR (Persistent),150.30682373046875,162.11252430507116,214,2532.0,4.72228022984096,1.25,2.5,150.30682373046875,151.9694061279297,14.944514011831252,1084002.991291949,1266.8918918918919,37.5,0.5,,0.25,olv_close_pivot_40_v2_20260901,Low,96.29881286621094,2024-08-05,109.0,325.0,109.0,True,False,252.0,11.78892199364324,default,1.998592,Overflow,False
2025-01-10,2025-01-13,2025-01-15,Target,2025-01-28,Oversold Low Volume,ASB,BUY,Limit Order -0.25 ATR (Persistent),21.84910011291504,23.402649879455566,652,1014.0,0.6214199066162109,1.25,2.5,21.84910011291504,22.019500732421875,50.0,1084002.991291949,506.7567567567568,37.5,0.2,,0.25,olv_close_pivot_40_v2_20260901,Low,18.5897216796875,2024-06-26,136.0,43.0,136.0,False,False,252.0,5.51926163970252,default,2.00096,Overflow,False
2025-01-10,2025-01-13,2025-01-15,Target,2025-01-28,Oversold Low Volume,KRE,BUY,Limit Order -0.25 ATR (Persistent),56.127417836870464,59.77080386025565,973,3545.0,1.4573544093540736,1.25,2.5,56.2689323425293,56.491756439208984,42.666831165967544,1084002.991291949,1773.6486486486488,52.5,0.5,,0.25,olv_close_pivot_40_v2_20260901,High,56.61689758300781,2024-07-26,115.0,115.0,185.0,False,False,252.0,-0.0858687104492949,default,1.9987047619047618,Liquid,False
2025-01-07,2025-01-08,2025-01-15,Target,2025-01-24,Oversold Low Volume,PNR,BUY,Limit Order -0.25 ATR (Persistent),96.66502625601632,101.48716054643903,330,1591.0,1.9288537161690849,1.25,2.5,96.83222198486328,97.1472396850586,29.843097634900733,1094222.4674457826,795.8404074702886,37.5,0.5,,0.25,olv_close_pivot_40_v2_20260901,High,83.43311309814453,2024-03-28,195.0,195.0,135.0,False,False,252.0,7.109987902116197,above_high_gt5,1.9991445333333333,Overflow,False
2025-01-07,2025-01-08,2025-01-15,Target,2025-01-24,Oversold Low Volume,PFS,BUY,Limit Order -0.25 ATR (Persistent),16.981063842773438,18.406774248395646,1116,1591.0,0.5702841622488839,1.25,2.5,16.981063842773438,17.17624855041504,38.75,1094222.4674457826,795.8404074702886,37.5,0.5,,0.25,olv_close_pivot_40_v2_20260901,Low,11.979228973388672,2024-06-25,135.0,259.0,135.0,True,False,252.0,9.113035081549889,default,1.9991445333333333,Overflow,False
2025-01-07,2025-01-08,2025-01-15,Target,2025-01-24,Oversold Low Volume,PB,BUY,Limit Order -0.25 ATR (Persistent),69.64042023250035,74.16212122780937,352,1591.0,1.8086803981236048,1.25,2.5,70.1115951538086,70.09259033203125,15.525099087405907,1094222.4674457826,795.8404074702886,37.5,0.5,,0.25,olv_close_pivot_40_v2_20260901,High,60.97758483886719,2024-03-28,195.0,195.0,141.0,False,False,252.0,5.0395888088466725,above_high_gt5,1.9991445333333333,Overflow,False
2025-01-10,2025-01-13,2025-01-15,Target,2025-01-28,Oversold Low Volume,PRU,BUY,Limit Order -0.25 ATR (Persistent),105.43478761400495,110.83292893001011,469,2533.0,2.1592565264020647,1.25,2.5,105.69701385498047,105.97460174560547,14.044872255123808,1084002.991291949,1266.8918918918919,37.5,0.5,,0.25,olv_close_pivot_40_v2_20260901,High,115.30451202392578,2024-07-17,122.0,122.0,109.0,False,False,252.0,-4.320890160219451,default,1.9993813333333335,Overflow,False
2025-01-08,2025-01-10,2025-01-15,Target,2025-01-27,Oversold Low Volume,GBCI,BUY,Limit Order -0.25 ATR (Persistent),46.14015197753906,49.79537854875837,307,1122.0,1.4620906284877233,1.25,2.5,46.14015197753906,47.3442268371582,46.83560167431135,1116821.2243957012,562.5,37.5,0.2,,0.25,olv_close_pivot_40_v2_20260901,Low,32.7996826171875,2024-04-17,183.0,266.0,183.0,True,False,252.0,9.947772003035466,default,1.9946666666666666,Overflow,False
2025-01-07,2025-01-08,2025-01-15,Target,2025-01-24,Oversold Low Volume,VMC,BUY,Limit Order -0.25 ATR (Persistent),247.8211511884417,261.16985048566545,166,2221.0,5.339479718889509,1.25,2.5,249.076904296875,249.15602111816406,21.06676378361028,1094222.4674457826,1114.176570458404,52.5,0.5,,0.25,olv_close_pivot_40_v2_20260901,Low,228.84185791015625,2024-09-09,83.0,110.0,83.0,False,False,252.0,3.804521091473066,default,1.993400380952381,Liquid,False
2025-01-03,2025-01-06,2025-01-15,Target,2025-01-22,Oversold Low Volume,AON,BUY,Limit Order -0.25 ATR (Persistent),349.68953650338307,362.0889102390834,317,3931.0,4.959749494280134,1.25,2.5,351.9407043457031,350.9294738769531,12.435204236247348,1093711.2473386358,1968.75,52.5,0.5,,0.25,olv_close_pivot_40_v2_20260901,High,328.834228515625,2024-03-27,194.0,194.0,151.0,False,False,252.0,4.454911560918474,above_high_4_5,1.9966984126984126,Liquid,False
2025-01-10,2025-01-13,2025-01-15,Target,2025-01-28,Oversold Low Volume,CBSH,BUY,Limit Order -0.25 ATR (Persistent),56.23395150048392,59.63227524076189,298,1014.0,1.3593294961111886,1.25,2.5,56.26847457885742,56.57378387451172,43.78691728332711,1084002.991291949,506.7567567567568,37.5,0.2,,0.25,olv_close_pivot_40_v2_20260901,High,56.88732147216797,2024-07-26,115.0,115.0,68.0,False,False,252.0,-0.23065606871124916,default,2.00096,Overflow,False
2025-01-06,2025-01-08,2025-01-16,Target,2025-01-23,Oversold Low Volume,PNW,BUY,Limit Order -0.25 ATR (Persistent),78.02940314156669,81.23375429425921,1228,3935.0,1.281740461077009,1.25,2.5,78.33097839355469,78.34983825683594,17.430613805236163,1091032.485037327,1968.75,52.5,0.5,,0.25,olv_close_pivot_40_v2_20260901,Low,79.8003158569336,2024-10-10,59.0,266.0,59.0,True,False,252.0,-1.1316468849542773,default,1.9987301587301587,Liquid,False
2024-12-31,2025-01-06,2025-01-16,Target,2025-01-17,Oversold Low Volume,WEC,BUY,Limit Order -0.25 ATR (Persistent),88.9039535522461,92.23360661097935,844,2810.0,1.3318612234933036,1.25,2.5,90.52040100097656,89.41741943359375,46.72143007471325,1093478.5021298956,1406.25,37.5,0.5,,0.25,olv_close_pivot_40_v2_20260901,High,79.85874938964844,2024-05-16,157.0,157.0,125.0,False,False,252.0,7.176926450996246,above_high_gt5,1.9982222222222221,Overflow,False
2025-01-07,2025-01-08,2025-01-16,Target,2025-01-24,Oversold Low Volume,PNW,BUY,Limit Order -0.25 ATR (Persistent),78.11410522460938,81.24436814444405,997,3119.0,1.2521051679338728,1.25,2.5,78.11410522460938,78.45355987548828,35.04235676498047,1094222.4674457826,1559.8471986417658,52.5,0.7,,0.25,olv_close_pivot_40_v2_20260901,Low,79.8003158569336,2024-10-10,60.0,267.0,60.0,True,False,252.0,-1.0755933414663763,default,1.9995548299319728,Liquid,False
2025-01-06,2025-01-08,2025-01-16,Target,2025-01-23,Oversold Low Volume,PPL,BUY,Limit Order -0.25 ATR (Persistent),30.14767895426069,31.288744483675277,3450,3937.0,0.45642621176583426,1.25,2.5,30.40484619140625,30.26178550720215,12.06894768237724,1091032.485037327,1968.75,52.5,0.5,,0.25,olv_close_pivot_40_v2_20260901,High,27.758773803710938,2024-05-21,157.0,157.0,130.0,False,False,252.0,5.483935056681978,above_high_gt5,1.9997460317460318,Liquid,False
2025-01-07,2025-01-08,2025-01-16,Target,2025-01-24,Oversold Low Volume,ZWS,BUY,Limit Order -0.25 ATR (Persistent),35.533111572265625,37.62176186697824,762,1591.0,0.8354601178850446,1.25,2.5,35.533111572265625,35.79939270019531,25.252398962273,1094222.4674457826,795.8404074702886,37.5,0.5,,0.25,olv_close_pivot_40_v2_20260901,High,32.76668167114258,2024-03-28,195.0,195.0,126.0,False,False,252.0,3.6299889894564914,default,1.9991445333333333,Overflow,False
2025-01-07,2025-01-08,2025-01-16,Target,2025-01-24,Oversold Low Volume,LNT,BUY,Limit Order -0.25 ATR (Persistent),54.45979928970337,56.730931758880615,701,1591.0,0.9084529876708984,1.25,2.5,54.61063766479492,54.686912536621094,34.09098142633051,1094222.4674457826,795.8404074702886,37.5,0.5,,0.25,olv_close_pivot_40_v2_20260901,Low,53.61910629272461,2024-11-07,40.0,267.0,40.0,True,False,252.0,1.175411670596337,default,1.9991445333333333,Overflow,False
2025-01-10,2025-01-13,2025-01-17,Target,2025-01-28,Oversold Low Volume,PM,BUY,Limit Order -0.25 ATR (Persistent),111.68125792912075,116.37929875510079,539,2531.0,1.8792163303920202,1.25,2.5,112.00746154785156,112.15106201171875,4.644726642453381,1084002.991291949,1266.8918918918919,37.5,0.5,,0.25,olv_close_pivot_40_v2_20260901,Low,81.11698150634766,2024-02-15,226.0,253.0,226.0,True,False,252.0,16.51437357342309,default,1.9978026666666666,Overflow,False
2025-01-07,2025-01-08,2025-01-21,Target,2025-01-24,Oversold Low Volume,EMR,BUY,Limit Order -0.25 ATR (Persistent),117.022550037929,124.08479990277972,315,2226.0,2.8248999459402904,1.25,2.5,117.55317687988281,117.72877502441406,23.076923076923077,1094222.4674457826,1114.176570458404,52.5,0.5,,0.25,olv_close_pivot_40_v2_20260901,High,114.90701293945312,2024-07-16,121.0,121.0,84.0,False,False,252.0,0.9988892134095361,default,1.997888,Liquid,False
2025-01-08,2025-01-10,2025-01-21,Target,2025-01-27,Oversold Low Volume,EMR,BUY,Limit Order -0.25 ATR (Persistent),115.54354095458984,122.46643039158413,796,5511.0,2.7691557747977122,1.25,2.5,115.54354095458984,117.35807037353516,89.52896088049593,1116821.2243957012,2756.25,52.5,0.7,,0.25,olv_close_pivot_40_v2_20260901,High,114.90701293945312,2024-07-16,122.0,122.0,85.0,False,False,252.0,0.8851280438570062,default,1.999455782312925,Liquid,False
2025-01-07,2025-01-08,2025-01-22,Target,2025-01-24,Oversold Low Volume,PG,BUY,Limit Order -0.25 ATR (Persistent),154.31748935154505,159.88298279898507,114,636.0,2.2261973789760043,1.25,2.5,154.5763702392578,154.87403869628906,29.946460440214157,1094222.4674457826,318.33616298811546,52.5,0.1429,,0.25,olv_close_pivot_40_v2_20260901,Low,153.4532928466797,2024-07-31,110.0,82.0,110.0,False,False,252.0,0.6381940177572587,default,1.9978879999999999,Liquid,False
2025-01-07,2025-01-08,2025-01-24,Time,2025-01-24,Oversold Low Volume,MO,BUY,Limit Order -0.25 ATR (Persistent),46.35375377110073,47.06470489501953,1255,892.0,0.7098475864955357,1.25,2.5,46.47697067260742,46.53121566772461,2.0409393228437978,1094222.4674457826,1114.176570458404,52.5,0.5,,0.25,olv_close_pivot_40_v2_20260901,High,47.591636657714844,2024-09-04,86.0,86.0,53.0,False,False,252.0,-1.4938713748756312,default,0.8005912380952381,Liquid,False
2025-01-07,2025-01-08,2025-01-24,Time,2025-01-24,Oversold Low Volume,GEN,BUY,Limit Order -0.25 ATR (Persistent),26.09059374673026,26.678102493286133,1134,666.0,0.561117444719587,1.25,2.5,26.211429595947266,26.230873107910156,18.461329510299553,1094222.4674457826,795.8404074702886,37.5,0.5,,0.25,olv_close_pivot_40_v2_20260901,High,23.042993545532227,2024-01-29,237.0,237.0,171.0,False,False,252.0,5.681305388698156,above_high_gt5,0.8368512,Overflow,False
2025-01-07,2025-01-08,2025-01-24,Time,2025-01-24,Oversold Low Volume,FIS,BUY,Limit Order -0.25 ATR (Persistent),75.54169981820243,75.9418716430664,478,191.0,1.3323157174246651,1.25,2.5,75.96104431152344,75.8747787475586,33.08297225480574,1094222.4674457826,795.8404074702886,37.5,0.5,,0.25,olv_close_pivot_40_v2_20260901,Low,69.18075561523438,2024-08-05,107.0,54.0,107.0,False,False,252.0,5.0243519946335296,default,0.23999786666666667,Overflow,False
2025-01-07,2025-01-08,2025-01-24,Time,2025-01-24,Oversold Low Volume,INGR,BUY,Limit Order -0.25 ATR (Persistent),127.74669647216797,131.3059539794922,302,1074.0,2.10943603515625,1.25,2.5,127.74669647216797,128.36569213867188,21.276762387481888,1094222.4674457826,795.8404074702886,37.5,0.5,,0.25,olv_close_pivot_40_v2_20260901,Low,127.6576156616211,2024-10-31,45.0,42.0,45.0,False,False,252.0,0.335670987529296,default,1.3495168,Overflow,False
2025-01-07,2025-01-08,2025-01-24,Time,2025-01-24,Oversold Low Volume,CL,BUY,Limit Order -0.25 ATR (Persistent),83.96012810298375,85.2368392944336,688,878.0,1.294436318533761,1.25,2.5,84.01367950439453,84.28373718261719,19.867563546447055,1094222.4674457826,1114.176570458404,52.5,0.5,,0.25,olv_close_pivot_40_v2_20260901,High,104.38202667236328,2024-09-04,86.0,86.0,311.0,False,True,252.0,-15.526673040595698,default,0.7880259047619048,Liquid,False
2025-01-08,2025-01-10,2025-01-27,Target,2025-01-27,Oversold Low Volume,MO,BUY,Limit Order -0.25 ATR (Persistent),46.250911712646484,47.998776708330425,3153,5511.0,0.699145998273577,1.25,2.5,46.250911712646484,46.558349609375,94.73692001391449,1116821.2243957012,2756.25,52.5,0.7,,0.25,olv_close_pivot_40_v2_20260901,High,47.591636657714844,2024-09-04,87.0,87.0,54.0,False,False,252.0,-1.4779274298806997,default,1.999455782312925,Liquid,False
2025-01-08,2025-01-10,2025-01-27,Time,2025-01-27,Oversold Low Volume,LBTYK,BUY,Limit Order -0.25 ATR (Persistent),12.600000381469727,12.1899995803833,3492,-1432.0,0.3221430097307478,1.25,2.5,12.600000381469727,12.850000381469727,36.36377429157257,1116821.2243957012,1406.25,37.5,0.5,,0.25,olv_close_pivot_40_v2_20260901,High,11.324606895446777,2024-01-29,238.0,238.0,154.0,False,False,252.0,4.735143833472895,above_high_4_5,-1.0183111111111112,Overflow,False
2025-01-10,2025-01-13,2025-01-28,Time,2025-01-28,Oversold Low Volume,LBTYK,BUY,Limit Order -0.25 ATR (Persistent),12.12374998841967,12.140000343322754,4113,67.0,0.3450001989092146,1.25,2.5,12.149999618530273,12.210000038146973,4.651265946310392,1084002.991291949,1773.6486486486483,37.5,0.7,,0.25,olv_close_pivot_40_v2_20260901,High,11.324606895446777,2024-01-29,239.0,239.0,155.0,False,False,252.0,2.5663554557346298,above_high_2_3,0.037775238095238105,Overflow,False
2025-01-13,2025-01-14,2025-01-29,Time,2025-01-29,Oversold Low Volume,LBTYK,BUY,Limit Order -0.25 ATR (Persistent),12.0,11.949999809265137,6350,-318.0,0.3542859213692801,1.25,2.5,12.0,12.09000015258789,21.73921156019032,1106707.4068351134,2812.5,37.5,1.0,,0.25,olv_close_pivot_40_v2_20260901,High,11.324606895446777,2024-01-29,240.0,240.0,156.0,False,False,252.0,2.160382930777898,above_high_2_3,-0.11306666666666666,Overflow,False
2025-02-05,2025-02-06,2025-02-11,Target,2025-02-21,Oversold Low Volume,GME,BUY,Limit Order -0.25 ATR (Persistent),24.67000024659293,27.270000832421438,1514,3936.0,1.0400002343314034,1.25,2.5,24.93000030517578,24.93000030517578,3.296779305054265,1194951.3521164828,1968.7499999999998,37.5,0.7,,0.25,olv_close_pivot_40_v2_20260901,Low,19.510000228881836,2024-09-19,94.0,182.0,94.0,False,False,252.0,5.211537360641425,default,1.9992380952380955,Overflow,False
2025-02-04,2025-02-05,2025-02-14,Target,2025-02-20,Oversold Low Volume,GME,BUY,Limit Order -0.25 ATR (Persistent),25.631249564034597,28.31875010899135,1046,2811.0,1.075000217982701,1.25,2.5,25.700000762939453,25.899999618530273,22.222269317170348,1195440.9011397704,1406.25,37.5,0.5,,0.25,olv_close_pivot_40_v2_20260901,Low,19.510000228881836,2024-09-19,93.0,181.0,93.0,False,False,252.0,5.944184273413112,default,1.9989333333333332,Overflow,False
2025-02-04,2025-02-05,2025-02-20,Time,2025-02-20,Oversold Low Volume,LBTYA,BUY,Limit Order -0.25 ATR (Persistent),11.151607428278242,11.329999923706055,1644,293.0,0.27357135500226704,1.25,2.5,11.3100004196167,11.220000267028809,20.000076293945312,1195440.9011397704,562.5,37.5,0.2,,0.25,olv_close_pivot_40_v2_20260901,High,14.130000114440918,2024-11-29,43.0,43.0,171.0,False,False,252.0,-10.63707802078911,default,0.5208888888888888,Overflow,False
2025-02-24,2025-02-25,2025-02-26,Target,2025-03-11,Oversold Low Volume,GM,BUY,Limit Order -0.25 ATR (Persistent),45.59087017604283,48.52559035164969,958,2811.0,1.1738880702427454,1.25,2.5,46.032135009765625,45.884342193603516,60.91933050594774,1201308.771835702,1406.25,37.5,0.5,,0.25,olv_close_pivot_40_v2_20260901,Low,39.17546844482422,2024-08-05,138.0,59.0,138.0,False,False,252.0,5.715088106647157,default,1.9989333333333332,Overflow,False
2025-02-10,2025-02-11,2025-02-26,Time,2025-02-26,Oversold Low Volume,LBTYA,BUY,Limit Order -0.25 ATR (Persistent),11.01875012261527,11.699999809265137,2210,1506.0,0.2850001198904855,1.25,2.5,11.029999732971191,11.09000015258789,15.789579354463068,1200606.153509651,787.5,37.5,0.28,,0.25,olv_close_pivot_40_v2_20260901,Low,8.155590057373047,2024-05-29,175.0,47.0,175.0,False,False,252.0,10.296171441410003,default,1.9123809523809523,Overflow,False
2025-02-12,2025-02-18,2025-02-28,Time,2025-02-28,Oversold Low Volume,YPF,BUY,Limit Order -0.25 ATR (Persistent),35.650001525878906,35.04999923706055,692,-415.0,1.6249994550432478,1.25,2.5,36.459999084472656,36.2599983215332,61.21485664577495,1198309.8505271845,1406.25,37.5,0.5,,0.25,olv_close_pivot_40_v2_20260901,High,24.459999084472656,2024-05-08,191.0,191.0,131.0,False,False,252.0,7.261540427252944,above_high_gt5,-0.2951111111111111,Overflow,False
2025-02-24,2025-02-25,2025-03-04,Stop,2025-03-11,Oversold Low Volume,AVGO,BUY,Limit Order -0.25 ATR (Persistent),203.46113995143347,187.07676418151857,51,-836.0,8.701521737234932,1.25,2.5,204.71676635742188,205.6365203857422,3.2663150998424797,1201308.771835702,562.5,52.5,0.1429,,0.25,olv_close_pivot_40_v2_20260901,High,246.58181762695312,2024-12-16,45.0,45.0,57.0,False,False,252.0,-4.705532949024391,default,-1.4862222222222221,Liquid,False
2025-02-25,2025-02-27,2025-03-04,Stop,2025-03-12,Oversold Low Volume,AVGO,BUY,Limit Order -0.25 ATR (Persistent),198.13075011117118,187.07676418151857,72,-796.0,8.70081547328404,1.25,2.5,204.6278076171875,200.3059539794922,20.984417126171913,1200896.8275338244,787.5,52.5,0.2,,0.25,olv_close_pivot_40_v2_20260901,Low,157.48687744140625,2024-11-27,58.0,46.0,58.0,False,False,252.0,4.921271652014967,default,-1.0107936507936508,Liquid,False
2025-02-25,2025-02-27,2025-03-05,Stop,2025-03-12,Oversold Low Volume,FLEX,BUY,Limit Order -0.25 ATR (Persistent),38.24928746904646,35.3593879322052,850,-2456.0,1.322857448032924,1.25,2.5,39.18000030517578,38.58000183105469,38.732555171996935,1200896.8275338244,1406.25,37.5,0.5,,0.25,olv_close_pivot_40_v2_20260901,High,33.779998779296875,2024-05-30,184.0,184.0,137.0,False,False,252.0,3.6285111890894743,default,-1.746488888888889,Overflow,False
2025-06-20,2025-06-23,2025-06-30,Target,2025-07-08,Oversold Low Volume,CRH,BUY,Limit Order -0.25 ATR (Persistent),86.88682556152344,91.60299982343402,834,3933.0,1.8864697047642298,1.25,2.5,86.88682556152344,87.52227020263672,48.70118853972277,1199761.84258335,1968.7499999999998,37.5,0.7,,0.25,olv_close_pivot_40_v2_20260901,Low,79.46762084960938,2025-04-08,50.0,85.0,50.0,False,False,252.0,4.269694515997547,default,1.997714285714286,Overflow,False
2025-06-18,2025-06-20,2025-07-01,Target,2025-07-07,Oversold Low Volume,CRH,BUY,Limit Order -0.25 ATR (Persistent),86.93647003173828,91.83703722272601,573,2808.0,1.9602268763950892,1.25,2.5,86.93647003173828,88.39599609375,5.882256255162126,1199426.179085425,1406.25,37.5,0.5,,0.25,olv_close_pivot_40_v2_20260901,Low,79.46762084960938,2025-04-08,49.0,84.0,49.0,False,False,252.0,4.5547662628522625,default,1.9968,Overflow,False
2025-07-31,2025-08-01,2025-08-05,Target,2025-08-15,Oversold Low Volume,MD,BUY,Limit Order -0.25 ATR (Persistent),12.140000343322754,13.089999777930123,1184,1125.0,0.3799997738429478,1.25,2.5,12.140000343322754,12.25,25.714301284461666,1206244.1626211917,562.5,37.5,0.2,,0.25,olv_close_pivot_40_v2_20260901,Low,12.0,2025-04-21,70.0,48.0,70.0,False,False,252.0,0.6578951283884813,default,2.0,Overflow,False
2025-09-02,2025-09-03,2025-09-10,Target,2025-09-17,Oversold Low Volume,WBD,BUY,Limit Order -0.25 ATR (Persistent),11.521607041358948,12.50553548336029,2858,2812.0,0.3935713768005371,1.25,2.5,11.569999694824219,11.619999885559082,92.50005960470162,1207167.6823050296,1406.25,37.5,0.5,,0.25,olv_close_pivot_40_v2_20260901,High,11.460000038146973,2025-02-28,127.0,127.0,100.0,False,False,252.0,0.40653324109287975,default,1.9996444444444443,Overflow,False
2025-10-13,2025-10-14,2025-10-23,Target,2025-10-28,Oversold Low Volume,FTI,BUY,Limit Order -0.25 ATR (Persistent),35.49628448486328,38.333437647138325,396,1124.0,1.1348612649100167,1.25,2.5,35.49628448486328,35.90520477294922,47.368357483060294,1210078.2492718017,562.5,37.5,0.2,,0.25,olv_close_pivot_40_v2_20260901,High,32.435585021972656,2025-04-02,133.0,133.0,129.0,False,False,252.0,3.057307406867631,default,1.9982222222222221,Overflow,False
2025-10-22,2025-10-27,2025-11-03,Stop,2025-11-06,Oversold Low Volume,PSKY,BUY,Limit Order -0.25 ATR (Persistent),16.169053554534912,15.145421250057222,1612,-1650.0,0.6974735260009766,1.25,2.5,16.343420028686523,16.343421936035156,64.4443775971947,1210836.5669750487,1406.25,37.5,0.5,,0.25,olv_close_pivot_40_v2_20260901,High,11.841052055358887,2025-03-07,158.0,158.0,51.0,False,False,252.0,6.455255594418024,above_high_gt5,-1.1733333333333333,Overflow,False
2025-10-29,2025-10-30,2025-11-05,Stop,2025-11-13,Oversold Low Volume,PSKY,BUY,Limit Order -0.25 ATR (Persistent),15.515435542379107,14.642546149253846,1526,-1332.0,0.5896822384425572,1.25,2.5,15.57408618927002,15.662856101989746,14.893507594257041,1211188.5332134792,1125.0,37.5,0.4,,0.25,olv_close_pivot_40_v2_20260901,High,11.841052055358887,2025-03-07,163.0,163.0,56.0,False,False,252.0,6.481124574355233,above_high_gt5,-1.184,Overflow,False
2025-10-28,2025-10-29,2025-11-05,Stop,2025-11-12,Oversold Low Volume,PSKY,BUY,Limit Order -0.25 ATR (Persistent),15.835990088326591,14.642546149253846,1033,-1233.0,0.6094087873186383,1.25,2.5,15.98834228515625,15.98834228515625,22.221887985973538,1211892.0643486297,787.5,37.5,0.28,,0.25,olv_close_pivot_40_v2_20260901,High,11.841052055358887,2025-03-07,162.0,162.0,55.0,False,False,252.0,6.805432274853122,above_high_gt5,-1.5657142857142856,Overflow,False
2025-10-30,2025-10-31,2025-11-11,Target,2025-11-14,Oversold Low Volume,PSKY,BUY,Limit Order -0.25 ATR (Persistent),15.113507560321263,16.464422481400625,1665,2249.0,0.5403659684317452,1.25,2.5,15.169692993164062,15.2485990524292,18.367447615025938,1209685.630833728,1125.0,37.5,0.4,,0.25,olv_close_pivot_40_v2_20260901,High,11.841052055358887,2025-03-07,164.0,164.0,57.0,False,False,252.0,6.305998519780446,above_high_gt5,1.999111111111111,Overflow,False
2025-10-31,2025-11-03,2025-11-11,Target,2025-11-17,Oversold Low Volume,PSKY,BUY,Limit Order -0.25 ATR (Persistent),15.04763572556632,16.36684693608965,1705,2249.0,0.5276844842093331,1.25,2.5,15.1499662399292,15.179556846618652,27.777882226549384,1209507.6278549775,1125.0,37.5,0.4,,0.25,olv_close_pivot_40_v2_20260901,High,11.841052055358887,2025-03-07,165.0,165.0,58.0,False,False,252.0,6.326706376940536,above_high_gt5,1.999111111111111,Overflow,False
2025-11-04,2025-11-07,2025-11-11,Target,2025-11-19,Oversold Low Volume,PSKY,BUY,Limit Order -0.25 ATR (Persistent),14.459538459777832,15.750568423952375,1742,2249.0,0.5164119856698173,1.25,2.5,14.646940231323242,14.637077331542969,7.692330577430555,1206563.8908421483,1125.0,37.5,0.4,,0.25,olv_close_pivot_40_v2_20260901,High,11.841052055358887,2025-03-07,167.0,167.0,60.0,False,False,252.0,5.414330716118972,above_high_gt5,1.999111111111111,Overflow,False
2025-11-05,2025-11-06,2025-11-11,Target,2025-11-20,Oversold Low Volume,PSKY,BUY,Limit Order -0.25 ATR (Persistent),14.757373469216484,16.02022286823818,1781,2249.0,0.5051397596086774,1.25,2.5,14.883659362792969,14.883658409118652,50.980451635286784,1208764.6870028465,1125.0,37.5,0.4,,0.25,olv_close_pivot_40_v2_20260901,High,11.841052055358887,2025-03-07,168.0,168.0,61.0,False,False,252.0,6.023296119309273,above_high_gt5,1.999111111111111,Overflow,False
2025-11-06,2025-11-07,2025-11-14,Stop,2025-11-21,Oversold Low Volume,ORCL,BUY,Limit Order -0.25 ATR (Persistent),237.54025268554688,209.47944992828369,158,-4434.0,9.921883719308036,1.25,2.5,237.54025268554688,242.31094360351562,46.114541096245226,1207017.9706666642,1968.75,52.5,0.5,,0.25,olv_close_pivot_40_v2_20260901,Low,221.25404357910156,2025-09-04,45.0,41.0,45.0,False,False,252.0,2.1222683736392947,default,-2.252190476190476,Liquid,False
2025-11-07,2025-11-11,2025-11-14,Stop,2025-11-24,Oversold Low Volume,ORCL,BUY,Limit Order -0.25 ATR (Persistent),234.7871856689453,209.47944992828369,229,-5795.0,9.598866053989955,1.25,2.5,244.44781494140625,237.7986602783203,85.8384413226482,1209098.4204223328,2756.25,52.5,0.7,,0.25,olv_close_pivot_40_v2_20260901,Low,221.25404357910156,2025-09-04,46.0,42.0,46.0,False,False,252.0,1.7236011635292754,default,-2.10249433106576,Liquid,False
2025-11-13,2025-11-14,2025-12-01,Time,2025-12-01,Oversold Low Volume,UEC,BUY,Limit Order -0.25 ATR (Persistent),11.180000305175781,11.760000228881836,1107,642.0,1.0157143047877721,1.25,2.5,11.180000305175781,11.59000015258789,9.411762065951672,1212595.2339427643,1406.25,37.5,0.5,,0.25,olv_close_pivot_40_v2_20260901,High,8.600000381469727,2024-11-19,246.0,246.0,152.0,False,False,252.0,2.9437409289444907,above_high_2_3,0.45653333333333335,Overflow,False
2025-11-14,2025-11-17,2025-12-02,Time,2025-12-02,Oversold Low Volume,UEC,BUY,Limit Order -0.25 ATR (Persistent),10.149999618530273,12.029999732971191,1519,2856.0,1.036428587777274,1.25,2.5,10.149999618530273,11.59000015258789,66.97251318520178,1215079.9857165986,1968.7499999999998,37.5,0.7,,0.25,olv_close_pivot_40_v2_20260901,High,8.600000381469727,2024-11-19,247.0,247.0,153.0,False,False,252.0,2.8849066943729533,above_high_2_3,1.4506666666666668,Overflow,False
2025-11-20,2025-11-21,2025-12-08,Time,2025-12-08,Oversold Low Volume,UUUU,BUY,Limit Order -0.25 ATR (Persistent),12.801964351109095,15.489999771118164,689,1852.0,1.6321427481515067,1.25,2.5,12.829999923706055,13.210000038146973,1.384082017328497,1215849.306628006,1406.25,37.5,0.5,,0.25,olv_close_pivot_40_v2_20260901,High,7.289999961853027,2024-11-18,252.0,252.0,157.0,False,False,252.0,3.6271337681698967,default,1.3169777777777778,Overflow,False
2026-01-06,2026-01-07,2026-01-21,Stop,2026-01-22,Oversold Low Volume,PSKY,BUY,Limit Order -0.25 ATR (Persistent),12.279155492782593,11.39268979473114,2894,-2565.0,0.3886270523071289,1.25,2.5,12.43571949005127,12.376312255859375,9.433962264150944,1219975.952379278,1406.25,37.5,0.5,,0.25,olv_close_pivot_40_v2_20260901,Low,9.955057144165039,2025-08-11,102.0,72.0,102.0,False,False,252.0,6.230279383075055,default,-1.824,Overflow,False
2026-01-28,2026-01-29,2026-02-04,Stop,2026-02-12,Oversold Low Volume,PSKY,BUY,Limit Order -0.25 ATR (Persistent),11.156538707869393,10.689925414180756,5526,-2579.0,0.28500849860055105,1.25,2.5,11.227790832519531,11.227790832519531,3.0303030303030303,1217678.297414354,1968.7499999999998,37.5,0.7,,0.25,olv_close_pivot_40_v2_20260901,Low,9.955057144165039,2025-08-11,117.0,87.0,117.0,False,False,252.0,4.465599077234083,default,-1.3099682539682542,Overflow,False
2026-01-28,2026-01-29,2026-02-12,Target,2026-02-12,Oversold Low Volume,KSS,BUY,Limit Order -0.25 ATR (Persistent),16.670221430914744,19.143860851015365,1591,3936.0,0.9894557680402484,1.25,2.5,16.84881591796875,16.917585372924805,27.8261075086563,1217678.297414354,1968.7499999999998,37.5,0.7,,0.25,olv_close_pivot_40_v2_20260901,Low,5.866079807281494,2025-04-16,196.0,332.0,196.0,True,False,252.0,11.169277013294206,default,1.9992380952380955,Overflow,False
2026-02-03,2026-02-04,2026-02-19,Time,2026-02-19,Oversold Low Volume,PSKY,BUY,Limit Order -0.25 ATR (Persistent),10.62612543787275,10.831748008728027,7313,1504.0,0.30763966696602957,1.25,2.5,10.693133354187012,10.703035354614258,15.000036120295029,1216925.6581719094,2812.5,37.5,1.0,,0.25,olv_close_pivot_40_v2_20260901,Low,9.955057144165039,2025-08-11,121.0,91.0,121.0,False,False,252.0,2.4313451442261917,default,0.5347555555555555,Overflow,False
2026-03-10,2026-03-11,2026-03-25,Time,2026-03-25,Oversold Low Volume,HE,BUY,Limit Order -0.25 ATR (Persistent),14.609107562473842,14.9399995803833,1748,578.0,0.6435715811593192,1.25,2.5,14.720000267028809,14.770000457763672,18.518623174328454,1219398.4311854672,1406.25,37.5,0.5,,0.25,olv_close_pivot_40_v2_20260901,High,12.960000038146973,2025-08-29,131.0,131.0,102.0,False,False,252.0,2.812430617828392,above_high_2_3,0.41102222222222223,Overflow,False
2026-03-11,2026-03-12,2026-03-26,Time,2026-03-26,Oversold Low Volume,HE,BUY,Limit Order -0.25 ATR (Persistent),14.5,14.979999542236328,2514,1207.0,0.6264286722455706,1.25,2.5,14.5,14.720000267028809,73.0770641528812,1219592.2716330292,1968.7499999999995,37.5,0.7,,0.25,olv_close_pivot_40_v2_20260901,High,12.960000038146973,2025-08-29,132.0,132.0,103.0,False,False,252.0,2.809578020387748,above_high_2_3,0.6130793650793652,Overflow,False
2026-03-16,2026-03-18,2026-03-31,Time,2026-03-31,Oversold Low Volume,NUE,BUY,Limit Order -0.25 ATR (Persistent),160.50589724949427,168.68572998046875,306,2503.0,5.134431021554129,1.25,2.5,161.95849609375,161.7895050048828,24.41863370443213,1220401.070028186,1968.75,52.5,0.5,,0.25,olv_close_pivot_40_v2_20260901,High,148.70645141601562,2025-08-27,137.0,137.0,101.0,False,False,252.0,2.5481019287132436,above_high_2_3,1.2713650793650795,Liquid,False
2026-03-17,2026-03-18,2026-04-01,Time,2026-04-01,Oversold Low Volume,HE,BUY,Limit Order -0.25 ATR (Persistent),14.333214044570923,15.220000267028809,3587,3181.0,0.6271429061889648,1.25,2.5,14.34000015258789,14.489999771118164,15.000015894561836,1219357.0896790542,2812.5,37.5,1.0,,0.25,olv_close_pivot_40_v2_20260901,High,12.960000038146973,2025-08-29,136.0,136.0,107.0,False,False,252.0,2.439634918728055,above_high_2_3,1.1310222222222222,Overflow,False
2026-03-18,2026-03-19,2026-04-02,Time,2026-04-02,Oversold Low Volume,HE,BUY,Limit Order -0.25 ATR (Persistent),14.35410736288343,15.300000190734863,3608,3413.0,0.6235714639936175,1.25,2.5,14.40999984741211,14.510000228881836,69.99998637607749,1219796.5877881565,2812.5,37.5,1.0,,0.25,olv_close_pivot_40_v2_20260901,High,12.960000038146973,2025-08-29,137.0,137.0,108.0,False,False,252.0,2.485681722521427,above_high_2_3,1.2135111111111112,Overflow,False
2026-03-19,2026-03-20,2026-04-06,Time,2026-04-06,Oversold Low Volume,HE,BUY,Limit Order -0.25 ATR (Persistent),14.03678550039019,15.399999618530273,3446,4698.0,0.6528572354997907,1.25,2.5,14.270000457763672,14.199999809265137,51.35131652032935,1217047.702291472,2812.5,37.5,1.0,,0.25,olv_close_pivot_40_v2_20260901,High,12.960000038146973,2025-08-29,138.0,138.0,109.0,False,False,252.0,1.8993429247496816,default,1.6704,Overflow,False
2026-03-19,2026-03-20,2026-04-06,Time,2026-04-06,Oversold Low Volume,GILD,BUY,Limit Order -0.25 ATR (Persistent),139.33446884155273,139.21507263183594,460,-55.0,3.4167633056640625,1.25,2.5,139.51309204101562,140.18865966796875,50.25377544576378,1217047.702291472,1968.75,52.5,0.5,,0.25,olv_close_pivot_40_v2_20260901,High,125.68519592285156,2025-11-19,81.0,81.0,215.0,False,False,252.0,4.2447961557870855,above_high_4_5,-0.027936507936507936,Liquid,False
2026-03-19,2026-03-20,2026-04-06,Time,2026-04-06,Oversold Low Volume,D,BUY,Limit Order -0.25 ATR (Persistent),60.11024945122855,61.60315704345703,1291,1927.0,1.219219480242048,1.25,2.5,60.494258880615234,60.41505432128906,39.26942808284248,1217047.702291472,1968.75,52.5,0.5,,0.25,olv_close_pivot_40_v2_20260901,High,60.80593490600586,2025-11-28,75.0,75.0,49.0,False,False,252.0,-0.32059903163554815,default,0.9787936507936508,Liquid,False
2026-04-09,2026-04-10,2026-04-14,Target,2026-04-24,Oversold Low Volume,AVAV,BUY,Limit Order -0.25 ATR (Persistent),175.01517486572266,201.86339569091797,104,2792.0,10.739288330078125,1.25,2.5,177.75,177.6999969482422,15.735176807699977,1236819.0952829467,1406.25,37.5,0.5,,0.25,olv_close_pivot_40_v2_20260901,Low,229.10000610351562,2025-12-17,76.0,56.0,76.0,False,False,252.0,-4.786165300294114,default,1.9854222222222222,Overflow,False
2026-04-10,2026-04-13,2026-04-16,Target,2026-04-27,Oversold Low Volume,AVAV,BUY,Limit Order -0.25 ATR (Persistent),177.02000427246094,201.98608343941825,157,3920.0,9.986431666782924,1.25,2.5,177.02000427246094,179.72000122070312,68.44992653184248,1235596.5952142822,1968.7499999999995,37.5,0.7,,0.25,olv_close_pivot_40_v2_20260901,Low,229.10000610351562,2025-12-17,77.0,57.0,77.0,False,False,252.0,-4.9447096350802955,default,1.9911111111111115,Overflow,False
2026-04-10,2026-04-14,2026-04-21,Stop,2026-04-27,Oversold Low Volume,LMT,BUY,Limit Order -0.25 ATR (Persistent),605.6775894165039,576.3428533630371,27,-792.0,16.203216552734375,1.25,2.5,613.8513793945312,609.7283935546875,45.116721242209785,1235596.5952142822,562.5,52.5,0.1429,,0.25,olv_close_pivot_40_v2_20260901,High,504.3875732421875,2025-10-06,128.0,128.0,89.0,False,False,252.0,6.501228936221506,above_high_gt5,-1.408,Liquid,False
2026-04-15,2026-04-16,2026-04-21,Stop,2026-04-30,Oversold Low Volume,LMT,BUY,Limit Order -0.25 ATR (Persistent),603.4182673863003,576.3428533630371,42,-1137.0,14.828639439174108,1.25,2.5,606.738037109375,607.1254272460938,45.57484231768797,1238859.3728708373,787.5,52.5,0.2,,0.25,olv_close_pivot_40_v2_20260901,High,504.3875732421875,2025-10-06,131.0,131.0,92.0,False,False,252.0,6.92833988076443,above_high_gt5,-1.4438095238095239,Liquid,False
2026-04-08,2026-04-09,2026-04-23,Time,2026-04-23,Oversold Low Volume,VZ,BUY,Limit Order -0.25 ATR (Persistent),46.30151694161551,46.42852783203125,1687,214.0,0.9333823067801339,1.25,2.5,46.31207275390625,46.53486251831055,88.46180061191724,1236850.3188966857,1968.75,52.5,0.5,,0.25,olv_close_pivot_40_v2_20260901,High,42.8978385925293,2025-08-20,158.0,158.0,55.0,False,False,252.0,3.8966068880476237,default,0.1086984126984127,Liquid,False
2026-04-21,2026-04-22,2026-04-24,Stop,2026-05-06,Oversold Low Volume,LMT,BUY,Limit Order -0.25 ATR (Persistent),564.6473083496094,521.4289735839844,62,-2680.0,14.3311767578125,1.25,2.5,572.134521484375,568.2301025390625,25.61788996396907,1238452.4667543517,1125.0,52.5,0.2857,,0.25,olv_close_pivot_40_v2_20260901,High,504.3875732421875,2025-10-06,135.0,135.0,96.0,False,False,252.0,4.454800214648938,above_high_4_5,-2.382222222222222,Liquid,False
2026-04-15,2026-04-16,2026-04-27,Stop,2026-04-30,Oversold Low Volume,HCA,BUY,Limit Order -0.25 ATR (Persistent),484.4130739484514,437.50164468994143,35,-1642.0,12.758714948381696,1.25,2.5,486.9341125488281,487.6027526855469,19.86792040717811,1238859.3728708373,562.5,37.5,0.2,,0.25,olv_close_pivot_40_v2_20260901,Low,462.7628479003906,2026-01-20,59.0,95.0,59.0,False,False,252.0,1.946897072757858,default,-2.919111111111111,Overflow,False
2026-05-15,2026-05-18,2026-05-20,Stop,2026-06-02,Oversold Low Volume,KT,BUY,Limit Order -0.25 ATR (Persistent),19.480892760413035,18.844345381355286,3972,-2528.0,0.39642865317208426,1.25,2.5,19.649999618530273,19.579999923706055,0.0,1235680.812466741,1968.7499999999998,37.5,0.7,,0.25,olv_close_pivot_40_v2_20260901,Low,17.670000076293945,2025-11-20,120.0,59.0,120.0,False,False,252.0,4.8180166396373085,default,-1.2840634920634921,Overflow,False
2026-05-14,2026-05-15,2026-05-20,Stop,2026-06-01,Oversold Low Volume,KT,BUY,Limit Order -0.25 ATR (Persistent),19.60839193207877,18.844345381355286,2768,-2115.0,0.4064286095755441,1.25,2.5,19.610000610351562,19.709999084472656,9.523798711177516,1235759.4015459167,1406.25,37.5,0.5,,0.25,olv_close_pivot_40_v2_20260901,Low,17.670000076293945,2025-11-20,119.0,58.0,119.0,False,False,252.0,5.019329250244452,default,-1.504,Overflow,False
2026-05-18,2026-05-19,2026-05-27,Target,2026-06-03,Oversold Low Volume,ITA,BUY,Limit Order -0.25 ATR (Persistent),218.74642944335938,230.62737492152624,331,3933.0,4.752378191266741,1.25,2.5,218.74642944335938,220.07550048828125,80.90578904454821,1233243.6656051197,1968.75,52.5,0.5,,0.25,olv_close_pivot_40_v2_20260901,Low,197.96246337890625,2025-11-21,120.0,54.0,120.0,False,False,252.0,4.653046584131554,default,1.9977142857142858,Liquid,False
2026-05-27,2026-05-28,2026-06-08,Stop,2026-06-11,Oversold Low Volume,GLD,BUY,Limit Order -0.25 ATR (Persistent),406.4800109863281,397.40073301696776,237,-2152.0,6.642859322684152,1.25,2.5,406.4800109863281,408.489990234375,84.64630522434989,1232490.7572036304,1968.75,52.5,0.5,,0.25,olv_close_pivot_40_v2_20260901,Low,400.6400146484375,2026-03-26,42.0,81.0,42.0,False,False,252.0,1.1817163670968112,default,-1.093079365079365,Liquid,False
2026-06-05,2026-06-08,2026-06-15,Target,2026-06-23,Oversold Low Volume,EWZ,BUY,Limit Order -0.25 ATR (Persistent),33.50885248184204,35.31310415267944,2182,3937.0,0.7217006683349609,1.25,2.5,33.65956115722656,33.68927764892578,9.230623392935433,1228054.295432074,1968.7499999999995,37.5,0.7,,0.25,olv_close_pivot_40_v2_20260901,Low,34.72937774658203,2026-03-20,53.0,450.0,53.0,True,False,252.0,-1.4411793466339304,default,1.9997460317460323,Overflow,False
2026-06-03,2026-06-04,2026-06-17,Stop,2026-06-18,Oversold Low Volume,PBR,BUY,Limit Order -0.25 ATR (Persistent),17.467666625976562,16.617470767021178,2231,-1897.0,0.5040761402675084,1.25,2.5,17.467666625976562,17.67168426513672,0.0,1232820.183442644,1406.25,37.5,0.5,,0.25,olv_close_pivot_40_v2_20260901,High,12.910507202148438,2025-11-11,139.0,139.0,101.0,False,False,252.0,9.445352958903332,above_high_gt5,-1.3489777777777778,Overflow,False
2026-06-04,2026-06-05,2026-06-17,Stop,2026-06-22,Oversold Low Volume,PBR,BUY,Limit Order -0.25 ATR (Persistent),17.419092178344727,16.617470767021178,3157,-2531.0,0.49874210357666016,1.25,2.5,17.419092178344727,17.545387268066406,71.42837109180532,1233799.3767486133,1968.7499999999998,37.5,0.7,,0.25,olv_close_pivot_40_v2_20260901,High,12.910507202148438,2025-11-11,140.0,140.0,102.0,False,False,252.0,9.293139746332956,above_high_gt5,-1.2855873015873018,Overflow,False
2026-06-05,2026-06-08,2026-06-22,Stop,2026-06-23,Oversold Low Volume,WLK,BUY,Limit Order -0.25 ATR (Persistent),83.43910544259208,78.71386654663087,460,-2174.0,2.4444144112723216,1.25,2.5,83.7920150756836,84.05020904541016,70.33896097977042,1228054.295432074,1406.25,37.5,0.5,,0.25,olv_close_pivot_40_v2_20260901,Low,55.277687072753906,2025-11-20,134.0,42.0,134.0,False,False,252.0,11.770721789223991,default,-1.5459555555555555,Overflow,False
2026-06-04,2026-06-05,2026-06-22,Stop,2026-06-22,Oversold Low Volume,LYB,BUY,Limit Order -0.25 ATR (Persistent),64.93730776650565,58.87438026771546,496,-3007.0,2.2659361703055247,1.25,2.5,65.07818603515625,65.50379180908203,30.82166106151239,1233799.3767486133,1406.25,37.5,0.5,,0.25,olv_close_pivot_40_v2_20260901,High,81.52714538574219,2026-03-30,46.0,46.0,143.0,False,False,252.0,-7.071405535002191,default,-2.1383111111111113,Overflow,False
2026-06-04,2026-06-05,2026-06-22,Time,2026-06-22,Oversold Low Volume,EWZ,BUY,Limit Order -0.25 ATR (Persistent),33.96664047241211,34.27000045776367,1497,454.0,0.751417704990932,1.25,2.5,33.96664047241211,34.45201873779297,28.571271386917534,1233799.3767486133,1406.25,37.5,0.5,,0.25,olv_close_pivot_40_v2_20260901,Low,34.72937774658203,2026-03-20,52.0,449.0,52.0,True,False,252.0,-0.3691142848336394,default,0.32284444444444443,Overflow,False
2026-06-05,2026-06-08,2026-06-22,Stop,2026-06-23,Oversold Low Volume,LYB,BUY,Limit Order -0.25 ATR (Persistent),63.27464001519339,58.87438026771546,695,-3058.0,2.2652857644217357,1.25,2.5,64.20718383789062,63.84096145629883,16.393546199515185,1228054.295432074,1968.7499999999998,37.5,0.7,,0.25,olv_close_pivot_40_v2_20260901,High,81.52714538574219,2026-03-30,47.0,47.0,144.0,False,False,252.0,-7.807484692315695,default,-1.5532698412698414,Overflow,False
2026-06-08,2026-06-09,2026-06-22,Stop,2026-06-24,Oversold Low Volume,LYB,BUY,Limit Order -0.25 ATR (Persistent),63.23256492614746,58.87438026771546,1043,-4546.0,2.1564407348632812,1.25,2.5,63.8211669921875,63.77167510986328,54.74429556445147,1228401.3074736428,2812.5,37.5,1.0,,0.25,olv_close_pivot_40_v2_20260901,High,81.52714538574219,2026-03-30,48.0,48.0,145.0,False,False,252.0,-8.233692671829726,default,-1.6163555555555555,Overflow,False
2026-06-16,2026-06-17,2026-07-01,Stop,2026-07-02,Oversold Low Volume,DBC,BUY,Limit Order -0.25 ATR (Persistent),27.78321405819484,26.572025923728944,3371,-4083.0,0.4671422413417271,1.25,2.5,27.969999313354492,27.899999618530273,49.999659402865106,1225125.6714548897,1968.7499999999998,37.5,0.7,,0.25,olv_close_pivot_40_v2_20260901,High,22.50265121459961,2025-06-20,248.0,248.0,207.0,False,False,252.0,11.553972058763915,above_high_gt5,-2.073904761904762,Overflow,False
2026-06-15,2026-06-16,2026-07-01,Stop,2026-07-01,Oversold Low Volume,DBC,BUY,Limit Order -0.25 ATR (Persistent),27.899999618530273,26.572025923728944,2347,-3117.0,0.47928524017333984,1.25,2.5,27.899999618530273,28.219999313354492,79.9994913724044,1229983.1010165047,1406.25,37.5,0.5,,0.25,olv_close_pivot_40_v2_20260901,High,22.50265121459961,2025-06-20,247.0,247.0,206.0,False,False,252.0,11.928905001721164,above_high_gt5,-2.2165333333333335,Overflow,False
2026-06-16,2026-06-18,2026-07-02,Time,2026-07-02,Oversold Low Volume,USO,BUY,Limit Order -0.25 ATR (Persistent),112.47000122070312,103.9800033569336,272,-2309.0,5.770714351109096,1.25,2.5,115.44000244140625,115.47000122070312,58.69574682022204,1225125.6714548897,1968.75,52.5,0.5,,0.25,olv_close_pivot_40_v2_20260901,High,83.12000274658203,2025-06-20,248.0,248.0,124.0,False,False,252.0,5.605891490349651,above_high_gt5,-1.1728253968253968,Liquid,False
2026-06-17,2026-06-18,2026-07-06,Time,2026-07-06,Oversold Low Volume,PBR,BUY,Limit Order -0.25 ATR (Persistent),16.058984756469727,15.79667854309082,5324,-1397.0,0.4225705010550363,1.25,2.5,16.058984756469727,16.31157684326172,3.921576175664439,1220988.6077073817,2812.5,37.5,1.0,,0.25,olv_close_pivot_40_v2_20260901,High,12.910507202148438,2025-11-11,149.0,149.0,111.0,False,False,252.0,8.048525944479783,above_high_gt5,-0.4967111111111111,Overflow,False
2026-06-17,2026-06-18,2026-07-06,Time,2026-07-06,Oversold Low Volume,USO,BUY,Limit Order -0.25 ATR (Persistent),112.47000122070312,104.3499984741211,383,-3110.0,5.7564288548060825,1.25,2.5,112.47000122070312,114.2300033569336,1.70368069374169,1220988.6077073817,2756.25,52.5,0.7,,0.25,olv_close_pivot_40_v2_20260901,High,83.12000274658203,2025-06-20,249.0,249.0,125.0,False,False,252.0,5.404392444523588,above_high_gt5,-1.1283446712018141,Liquid,False
2026-06-17,2026-06-18,2026-07-06,Time,2026-07-06,Oversold Low Volume,GLNG,BUY,Limit Order -0.25 ATR (Persistent),48.89554105486189,49.32173156738281,888,378.0,1.2668805803571428,1.25,2.5,49.21226119995117,49.21226119995117,65.45446942558856,1220988.6077073817,1406.25,37.5,0.5,,0.25,olv_close_pivot_40_v2_20260901,High,44.79655838012695,2025-08-26,203.0,203.0,140.0,False,False,252.0,3.485492546250413,default,0.2688,Overflow,False
2026-06-18,2026-06-24,2026-07-07,Time,2026-07-07,Oversold Low Volume,BP,BUY,Limit Order -0.25 ATR (Persistent),37.58803176879883,38.1412353515625,981,543.0,1.1459173474993025,1.25,2.5,39.36617660522461,38.625282287597656,64.912233159674,1217298.103632195,1406.25,37.5,0.5,,0.25,olv_close_pivot_40_v2_20260901,Low,32.51199722290039,2025-12-18,124.0,44.0,124.0,False,False,252.0,5.33483944373308,default,0.38613333333333333,Overflow,False
2026-06-18,2026-06-22,2026-07-07,Time,2026-07-07,Oversold Low Volume,OXY,BUY,Limit Order -0.25 ATR (Persistent),51.320344652448384,51.68000030517578,788,283.0,1.9986201695033483,1.25,2.5,52.029998779296875,51.81999969482422,51.219618095938124,1217298.103632195,1968.75,52.5,0.5,,0.25,olv_close_pivot_40_v2_20260901,Low,38.5579833984375,2025-12-16,126.0,56.0,126.0,False,False,252.0,6.6355861402531,default,0.14374603174603173,Liquid,False
2026-06-18,2026-06-22,2026-07-07,Time,2026-07-07,Oversold Low Volume,AKAM,BUY,Limit Order -0.25 ATR (Persistent),122.97018201010567,114.37000274658203,144,-1238.0,7.759286608014788,1.25,2.5,124.9000015258789,124.91000366210938,29.696162434494145,1217298.103632195,1406.25,37.5,0.5,,0.25,olv_close_pivot_40_v2_20260901,Low,88.83999633789062,2026-04-14,46.0,226.0,46.0,False,False,252.0,4.64862417724859,default,-0.8803555555555556,Overflow,False
2026-06-29,2026-06-30,2026-07-08,Target,2026-07-15,Oversold Low Volume,OXY,BUY,Limit Order -0.25 ATR (Persistent),48.64265360151018,53.11611911228725,249,1114.0,1.789386204310826,1.25,2.5,49.18000030517578,49.09000015258789,2.9412424687812044,1190131.8392924755,558.7688554242803,52.5,1.0,,0.25,olv_close_pivot_40_v2_20260901,Low,38.5579833984375,2025-12-16,132.0,62.0,132.0,False,False,252.0,5.8858265078704735,default,1.9936687400984896,Liquid,False
2026-06-22,2026-06-24,2026-07-08,Time,2026-07-08,Oversold Low Volume,OXY,BUY,Limit Order -0.25 ATR (Persistent),51.0,53.59000015258789,1191,3085.0,1.850405011858259,1.25,2.5,52.099998474121094,52.0,76.06844294899383,1215181.0094309708,2756.25,52.5,0.7,,0.25,olv_close_pivot_40_v2_20260901,Low,38.5579833984375,2025-12-16,127.0,57.0,127.0,False,False,252.0,7.264364566362382,default,1.1192743764172335,Liquid,False
2026-06-29,2026-07-01,2026-07-08,Target,2026-07-15,Oversold Low Volume,DBC,BUY,Limit Order -0.25 ATR (Persistent),26.444999592644827,27.594998325620377,4891,5625.0,0.45999949319022043,1.25,2.5,26.760000228881836,26.559999465942383,39.9997456862022,1190131.8392924755,2812.5,37.5,1.0,,0.25,olv_close_pivot_40_v2_20260901,Low,20.91604995727539,2025-08-19,215.0,256.0,215.0,True,False,252.0,12.269468971638819,default,2.0,Overflow,False
2026-06-26,2026-06-29,2026-07-08,Target,2026-07-14,Oversold Low Volume,OXY,BUY,Limit Order -0.25 ATR (Persistent),49.54507759639195,53.99431841714041,1769,7871.0,1.779696328299386,1.25,2.5,50.0099983215332,49.9900016784668,11.475661005077919,1191847.1591209176,3937.5,52.5,1.0,,0.25,olv_close_pivot_40_v2_20260901,Low,38.5579833984375,2025-12-16,131.0,61.0,131.0,False,False,252.0,6.423578055562616,default,1.998984126984127,Liquid,False
2026-06-23,2026-06-24,2026-07-09,Time,2026-07-09,Oversold Low Volume,USO,BUY,Limit Order -0.25 ATR (Persistent),106.29000091552734,109.01000213623047,593,1613.0,5.305000305175781,1.25,2.5,106.29000091552734,111.26000213623047,81.63289667628558,1214180.9071894547,3937.5,52.5,1.0,,0.25,olv_close_pivot_40_v2_20260901,High,83.12000274658203,2025-06-20,252.0,252.0,128.0,False,False,252.0,5.304429363028287,above_high_gt5,0.40965079365079365,Liquid,False
2026-06-24,2026-06-26,2026-07-10,Time,2026-07-10,Oversold Low Volume,USO,BUY,Limit Order -0.25 ATR (Persistent),104.93767929077148,108.69999694824219,582,2190.0,5.4092864990234375,1.25,2.5,106.02999877929688,106.29000091552734,31.84073181378224,1199138.2486620804,3937.5,52.5,1.0,,0.25,olv_close_pivot_40_v2_20260901,Low,66.16999816894531,2025-12-16,129.0,253.0,129.0,True,False,252.0,7.416875174540131,default,0.5561904761904762,Liquid,False
2026-06-24,2026-06-25,2026-07-10,Time,2026-07-10,Oversold Low Volume,OXY,BUY,Limit Order -0.25 ATR (Persistent),50.62965324946812,52.88999938964844,1710,3865.0,1.8413876124790736,1.25,2.5,51.09000015258789,51.09000015258789,73.14810890235805,1199138.2486620804,3937.5,52.5,1.0,,0.25,olv_close_pivot_40_v2_20260901,Low,38.5579833984375,2025-12-16,129.0,59.0,129.0,False,False,252.0,6.805746204232603,default,0.9815873015873016,Liquid,False
2026-06-25,2026-06-26,2026-07-13,Time,2026-07-13,Oversold Low Volume,OXY,BUY,Limit Order -0.25 ATR (Persistent),50.75309957776751,54.810001373291016,1723,6990.0,1.8275980268205916,1.25,2.5,50.939998626708984,51.209999084472656,58.77859927957625,1208898.2432618313,3937.5,52.5,1.0,,0.25,olv_close_pivot_40_v2_20260901,Low,38.5579833984375,2025-12-16,130.0,60.0,130.0,False,False,252.0,6.922756262790142,default,1.7752380952380953,Liquid,False
2026-06-29,2026-06-30,2026-07-13,Target,2026-07-15,Oversold Low Volume,USO,BUY,Limit Order -0.25 ATR (Persistent),105.76214463370187,118.94071660723004,597,7868.0,5.271428789411273,1.25,2.5,108.1500015258789,107.08000183105469,49.444536279982536,1190131.8392924755,3937.5,52.5,1.0,,0.25,olv_close_pivot_40_v2_20260901,Low,66.16999816894531,2025-12-16,132.0,256.0,132.0,True,False,252.0,7.760704980836574,default,1.9982222222222221,Liquid,False
2026-06-25,2026-06-26,2026-07-13,Time,2026-07-13,Oversold Low Volume,USO,BUY,Limit Order -0.25 ATR (Persistent),105.83000183105469,117.79000091552734,595,7116.0,5.290000370570591,1.25,2.5,105.83000183105469,109.30999755859375,82.2965205948007,1208898.2432618313,3937.5,52.5,1.0,,0.25,olv_close_pivot_40_v2_20260901,Low,66.16999816894531,2025-12-16,130.0,254.0,130.0,True,False,252.0,8.15500876514972,default,1.8072380952380953,Liquid,False
2026-07-02,2026-07-06,2026-07-20,Time,2026-07-20,Oversold Low Volume,TS,BUY,Limit Order -0.25 ATR (Persistent),53.74464382444109,56.09000015258789,729,1710.0,1.5414289746965681,1.25,2.5,54.0,54.130001068115234,47.01499972955507,1178819.65021159,1406.25,37.5,0.5,,0.25,olv_close_pivot_40_v2_20260901,High,38.09903335571289,2025-07-08,248.0,248.0,181.0,False,False,252.0,10.400069011001987,above_high_gt5,1.216,Overflow,False
2026-07-16,2026-07-17,2026-07-22,Target,2026-07-31,Oversold Low Volume,SLV,BUY,Limit Order -0.25 ATR (Persistent),49.70000076293945,54.50178500584194,1640,7875.0,1.9207136971609933,1.25,2.5,49.70000076293945,50.38999938964844,34.90551438966722,1242234.1327900721,3937.5,52.5,1.0,,0.25,olv_close_pivot_40_v2_20260901,Low,60.77000045776367,2026-03-26,76.0,43.0,76.0,False,False,252.0,-5.404241706329222,default,2.0,Liquid,False
2026-07-13,2026-07-15,2026-07-28,Time,2026-07-28,Oversold Low Volume,SLV,BUY,Limit Order -0.25 ATR (Persistent),51.597499983651296,51.70000076293945,700,72.0,2.249999455043248,1.25,2.5,53.529998779296875,52.15999984741211,31.147597368486878,1245483.1154600387,1968.75,52.5,0.5,,0.25,olv_close_pivot_40_v2_20260901,Low,60.77000045776367,2026-03-26,73.0,40.0,73.0,False,False,252.0,-3.8266678647644685,default,0.036571428571428574,Liquid,False
2026-07-14,2026-07-15,2026-07-29,Time,2026-07-29,Oversold Low Volume,SLV,BUY,Limit Order -0.25 ATR (Persistent),52.63714115960257,51.77000045776367,1034,-897.0,2.1314280373709544,1.25,2.5,52.709999084472656,53.16999816894531,28.7035303675185,1246919.2063032393,2756.25,52.5,0.7,,0.25,olv_close_pivot_40_v2_20260901,Low,60.77000045776367,2026-03-26,74.0,41.0,74.0,False,False,252.0,-3.5656856133846815,default,-0.3254421768707483,Liquid,False
2026-07-24,2026-07-27,2026-07-30,Stop,2026-08-10,Oversold Low Volume,CEVA,BUY,Limit Order -0.25 ATR (Persistent),35.57267706734793,31.29060923728943,361,-1546.0,3.109285627092634,1.25,2.5,37.08000183105469,36.349998474121094,17.921141072654233,1253239.3988270594,1406.25,37.5,0.5,,0.25,olv_close_pivot_40_v2_20260901,High,30.65999984741211,2025-10-09,197.0,197.0,80.0,False,False,252.0,1.8300019069105173,default,-1.0993777777777778,Overflow,False
2026-07-16,2026-07-17,2026-07-31,Stop,2026-07-31,Oversold Low Volume,QCOM,BUY,Limit Order -0.25 ATR (Persistent),166.63999938964844,152.91411871185304,44,-604.0,10.215715680803571,1.25,2.5,166.63999938964844,170.61000061035156,32.59546718900631,1242234.1327900721,562.5,52.5,0.1429,,0.25,olv_close_pivot_40_v2_20260901,High,180.6189422607422,2026-01-06,131.0,131.0,69.0,False,False,252.0,-0.9797592222734334,default,-1.0737777777777777,Liquid,False
2026-07-24,2026-07-29,2026-08-03,Target,2026-08-10,Oversold Low Volume,INOD,BUY,Limit Order -0.25 ATR (Persistent),54.91339233943394,64.6794628415789,161,1572.0,3.90642820085798,1.25,2.5,56.650001525878906,55.88999938964844,5.349759030470479,1253239.3988270594,787.5,37.5,0.28,,0.25,olv_close_pivot_40_v2_20260901,Low,34.45000076293945,2026-03-30,80.0,198.0,80.0,False,False,252.0,5.488389271304169,default,1.9961904761904763,Overflow,False
2026-07-28,2026-07-29,2026-08-06,Target,2026-08-12,Oversold Low Volume,ACLS,BUY,Limit Order -0.25 ATR (Persistent),117.58267715999058,142.0558933530535,45,1101.0,9.789286477225167,1.25,2.5,119.27999877929688,120.02999877929688,79.52427952759322,1249685.561382754,562.5,37.5,0.2,,0.25,olv_close_pivot_40_v2_20260901,High,100.44000244140625,2025-09-22,212.0,212.0,107.0,False,False,252.0,2.0011669270755195,above_high_2_3,1.9573333333333334,Overflow,False
2026-07-30,2026-07-31,2026-08-06,Target,2026-08-14,Oversold Low Volume,MDU,BUY,Limit Order -0.25 ATR (Persistent),19.863034997667587,20.932678154536656,1051,1124.0,0.42785726274762836,1.25,2.5,20.170000076293945,19.969999313354492,46.15339471078018,1251722.4527288678,562.5,37.5,0.2,,0.25,olv_close_pivot_40_v2_20260901,Low,19.519866943359375,2026-03-20,90.0,55.0,90.0,False,False,252.0,1.0520620056895653,default,1.9982222222222221,Overflow,False
2026-07-24,2026-07-27,2026-08-10,Time,2026-08-10,Oversold Low Volume,POWI,BUY,Limit Order -0.25 ATR (Persistent),62.17457805361067,61.711341857910156,110,-51.0,4.0821748461042136,1.25,2.5,63.31462478637695,63.19512176513672,1.3513520508922132,1253239.3988270594,562.5,37.5,0.2,,0.25,olv_close_pivot_40_v2_20260901,High,48.191402435302734,2025-10-15,193.0,193.0,167.0,False,False,252.0,3.675423002557729,default,-0.09066666666666667,Overflow,False
2026-07-27,2026-07-28,2026-08-11,Time,2026-08-11,Oversold Low Volume,POWI,BUY,Limit Order -0.25 ATR (Persistent),60.09810256958008,63.005916595458984,162,471.0,3.880164555140904,1.25,2.5,60.09810256958008,63.14533233642578,63.521946918147876,1254649.4084400965,787.5,37.5,0.28,,0.25,olv_close_pivot_40_v2_20260901,High,48.191402435302734,2025-10-15,194.0,194.0,168.0,False,False,252.0,3.8539421946191172,default,0.5980952380952381,Overflow,False
2026-07-27,2026-07-28,2026-08-11,Time,2026-08-11,Oversold Low Volume,CEVA,BUY,Limit Order -0.25 ATR (Persistent),33.2400016784668,30.829999923706055,207,-499.0,3.034285409109933,1.25,2.5,33.2400016784668,35.16999816894531,41.08754679058103,1254649.4084400965,787.5,37.5,0.28,,0.25,olv_close_pivot_40_v2_20260901,High,30.65999984741211,2025-10-09,198.0,198.0,81.0,False,False,252.0,1.4863461123309922,default,-0.6336507936507937,Overflow,False
2026-07-28,2026-07-29,2026-08-12,Time,2026-08-12,Oversold Low Volume,POWI,BUY,Limit Order -0.25 ATR (Persistent),57.91902296883719,63.57353591918945,217,1227.0,4.135523114885602,1.25,2.5,58.30561828613281,58.952903747558594,40.67799911537104,1249685.561382754,1125.0,37.5,0.4,,0.25,olv_close_pivot_40_v2_20260901,High,48.191402435302734,2025-10-15,195.0,195.0,169.0,False,False,252.0,2.6022104128786974,above_high_2_3,1.0906666666666667,Overflow,False
2026-07-31,2026-08-03,2026-08-17,Time,2026-08-17,Oversold Low Volume,AEP,BUY,Limit Order -0.25 ATR (Persistent),126.19334411621094,126.52999877929688,570,192.0,2.762542724609375,1.25,2.5,127.13209533691406,126.88397979736328,44.15583983387024,1252187.7110708614,1968.75,52.5,0.5,,0.25,olv_close_pivot_40_v2_20260901,Low,122.85465240478516,2026-06-01,42.0,78.0,42.0,False,False,252.0,1.4585574936756405,default,0.09752380952380953,Liquid,False
2026-08-19,2026-08-20,2026-08-26,Target,2026-09-03,Oversold Low Volume,ACHC,BUY,Limit Order -0.25 ATR (Persistent),26.958571978977748,30.97285829271589,700,2810.0,1.6057145254952567,1.25,2.5,27.0,27.360000610351562,11.682246322559484,1251163.1596015354,1406.25,37.5,0.5,,0.25,olv_close_pivot_40_v2_20260901,High,28.260000228881836,2026-04-29,77.0,77.0,147.0,False,False,252.0,-0.5604978993714235,default,1.9982222222222221,Overflow,False
2026-08-17,2026-08-18,2026-09-01,Time,2026-09-01,Oversold Low Volume,LUV,BUY,Limit Order -0.25 ATR (Persistent),42.98196274893625,37.68000030517578,1069,-5668.0,1.4721429007393974,1.25,2.5,43.0099983215332,43.349998474121094,11.904578090017756,1254433.3886106869,1968.75,52.5,0.5,,0.25,olv_close_pivot_40_v2_20260901,Low,36.13221740722656,2026-03-30,96.0,124.0,96.0,False,False,252.0,4.902907906066275,default,-2.878984126984127,Liquid,False
2026-08-19,2026-08-20,2026-09-02,Stop,2026-09-03,Oversold Low Volume,POWI,BUY,Limit Order -0.25 ATR (Persistent),54.66765029089792,49.765064779663085,632,-3098.0,3.5579449789864674,1.25,2.5,55.527259826660156,55.55713653564453,2.624771139381521,1251163.1596015354,2812.5,37.5,1.0,,0.25,olv_close_pivot_40_v2_20260901,Low,30.515628814697266,2025-11-20,185.0,41.0,185.0,False,False,252.0,7.038194201665452,default,-1.101511111111111,Overflow,False
2026-08-18,2026-08-19,2026-09-02,Time,2026-09-02,Oversold Low Volume,LUV,BUY,Limit Order -0.25 ATR (Persistent),42.14053733008249,38.61000061035156,1577,-5568.0,1.397857393537249,1.25,2.5,42.599998474121094,42.4900016784668,7.44716252191416,1253907.482226355,2756.25,52.5,0.7,,0.25,olv_close_pivot_40_v2_20260901,Low,36.13221740722656,2026-03-30,97.0,125.0,97.0,False,False,252.0,4.548235249628715,default,-2.020136054421769,Liquid,False
2026-08-18,2026-08-19,2026-09-02,Time,2026-09-02,Oversold Low Volume,UNH,BUY,Limit Order -0.25 ATR (Persistent),391.4932065691267,399.6600036621094,161,1315.0,9.747144426618304,1.25,2.5,394.57000732421875,393.92999267578125,7.954223622229287,1253907.482226355,1968.75,52.5,0.5,,0.25,olv_close_pivot_40_v2_20260901,High,351.50408935546875,2026-01-23,142.0,142.0,98.0,False,False,252.0,4.352649500550371,above_high_4_5,0.6679365079365079,Liquid,False
2026-08-28,2026-08-31,2026-09-03,Time,2026-09-15,Oversold Low Volume,D,BUY,Limit Order -0.25 ATR (Persistent),64.91999816894531,66.79000091552734,2319,4337.0,0.9507152012416294,1.25,2.5,64.91999816894531,65.55000305175781,19.07529745892024,1244172.198569213,2756.25,52.5,0.7,,0.25,olv_close_pivot_40_v2_20260901,High,65.15625762939453,2026-02-13,135.0,135.0,161.0,False,False,252.0,0.4141570702236081,default,1.573514739229025,Liquid,True
2026-08-27,2026-08-31,2026-09-03,Time,2026-09-14,Oversold Low Volume,SPG,BUY,Limit Order -0.25 ATR (Persistent),213.47000122070312,211.52000427246094,477,-930.0,3.3000008719308034,1.25,2.5,215.91000366210938,214.88999938964844,34.80410489625563,1254564.1173161613,1968.75,52.5,0.5,,0.25,olv_close_pivot_40_v2_20260901,High,181.2855987548828,2025-09-30,228.0,228.0,108.0,False,False,252.0,10.183149016898279,above_high_gt5,-0.4723809523809524,Liquid,True
2026-08-21,2026-08-24,2026-09-03,Time,2026-09-08,Oversold Low Volume,WWD,BUY,Limit Order -0.25 ATR (Persistent),340.3491837637765,342.55999755859375,96,212.0,11.643304007393974,1.25,2.5,342.1199951171875,343.260009765625,31.886911959463347,1251173.367514321,1406.25,37.5,0.5,,0.25,olv_close_pivot_40_v2_20260901,Low,341.4561767578125,2026-06-01,57.0,40.0,57.0,False,False,252.0,0.15492449623122373,default,0.15075555555555556,Overflow,True
2026-08-25,2026-08-26,2026-09-03,Time,2026-09-10,Oversold Low Volume,WERN,BUY,Limit Order -0.25 ATR (Persistent),37.323749337877544,38.5,889,1046.0,1.2650002070835658,1.25,2.5,37.560001373291016,37.63999938964844,32.71014709762063,1256720.9076046096,1406.25,37.5,0.5,,0.25,olv_close_pivot_40_v2_20260901,High,37.70616149902344,2026-02-05,138.0,138.0,109.0,False,False,252.0,-0.05230205418506255,default,0.7438222222222223,Overflow,True
2026-08-24,2026-08-25,2026-09-03,Time,2026-09-09,Oversold Low Volume,D,BUY,Limit Order -0.25 ATR (Persistent),66.32625034877232,66.79000091552734,1387,643.0,1.1350010463169642,1.25,2.5,66.73999786376953,66.61000061035156,46.875521541139165,1252233.1230761497,1968.75,52.5,0.5,,0.25,olv_close_pivot_40_v2_20260901,High,65.15625762939453,2026-02-13,131.0,131.0,157.0,False,False,252.0,1.2808296394742302,default,0.3266031746031746,Liquid,True
2026-08-28,2026-08-31,2026-09-03,Time,2026-09-15,Oversold Low Volume,SPG,BUY,Limit Order -0.25 ATR (Persistent),213.47000122070312,211.52000427246094,709,-1383.0,3.105715070452009,1.25,2.5,213.47000122070312,214.55999755859375,11.81431882565027,1244172.198569213,2756.25,52.5,0.7,,0.25,olv_close_pivot_40_v2_20260901,High,181.2855987548828,2025-09-30,229.0,229.0,109.0,False,False,252.0,10.713925150534864,above_high_gt5,-0.5017687074829932,Liquid,True
2026-08-21,2026-08-24,2026-09-03,Time,2026-09-08,Oversold Low Volume,ON,BUY,Limit Order -0.25 ATR (Persistent),73.31339209420341,73.6500015258789,313,105.0,3.586427961077009,1.25,2.5,73.44999694824219,74.20999908447266,32.09311403275314,1251173.367514321,1406.25,37.5,0.5,,0.25,olv_close_pivot_40_v2_20260901,Low,55.65999984741211,2026-03-30,100.0,55.0,100.0,False,False,252.0,5.172277106463881,default,0.07466666666666667,Overflow,True
2026-08-31,2026-09-01,2026-09-03,Time,2026-09-16,Oversold Low Volume,SPG,BUY,Limit Order -0.25 ATR (Persistent),211.54482868739538,211.52000427246094,575,-14.0,3.100714547293527,1.25,2.5,213.22999572753906,212.32000732421875,35.68203413811998,1239037.4993924247,2234.0198565210703,52.5,1.0,,0.25,olv_close_pivot_40_v2_20260901,High,181.2855987548828,2025-09-30,230.0,230.0,110.0,False,False,252.0,10.00879252055771,above_high_gt5,-0.006266730333275333,Liquid,True
2026-08-21,2026-08-24,2026-09-03,Stop,2026-09-08,Oversold Low Volume,CMI,BUY,Limit Order -0.25 ATR (Persistent),582.5091465541294,552.8341,54,-1602.0,20.683384486607142,1.25,2.5,587.0,587.6799926757812,3.2365469698528653,1251173.367514321,1406.25,37.5,0.5,,0.25,olv_close_pivot_40_v2_20260901,Low,510.097900390625,2026-03-30,100.0,40.0,100.0,False,False,252.0,3.7509379732022112,default,-1.1392,Overflow,False
2026-08-20,2026-08-24,2026-09-03,Time,2026-09-04,Oversold Low Volume,MOD,BUY,Limit Order -0.25 ATR (Persistent),187.77446937561035,186.6300048828125,94,-108.0,11.862144470214844,1.25,2.5,205.0,190.74000549316406,34.13105643059751,1244131.989734156,1406.25,37.5,0.5,,0.25,olv_close_pivot_40_v2_20260901,Low,119.68000030517578,2026-01-07,155.0,55.0,155.0,False,False,252.0,5.9904855624053335,default,-0.0768,Overflow,True
2026-08-20,2026-08-24,2026-09-03,Time,2026-09-04,Oversold Low Volume,POWI,BUY,Limit Order -0.25 ATR (Persistent),53.73175300870623,50.540000915527344,639,-2040.0,3.5174001966203963,1.25,2.5,55.04926681518555,54.61110305786133,26.591745791260283,1244131.989734156,2812.5,37.5,1.0,,0.25,olv_close_pivot_40_v2_20260901,Low,30.515628814697266,2025-11-20,186.0,42.0,186.0,False,False,252.0,6.850364728561618,default,-0.7253333333333334,Overflow,True
2026-08-19,2026-08-20,2026-09-03,Time,2026-09-03,Oversold Low Volume,CINF,BUY,Limit Order -0.25 ATR (Persistent),167.61661284310478,174.72000122070312,322,2287.0,3.4935706002371654,1.25,2.5,167.67999267578125,168.49000549316406,13.521424610901214,1251163.1596015354,1406.25,37.5,0.5,,0.25,olv_close_pivot_40_v2_20260901,High,171.6368865966797,2026-02-06,133.0,133.0,55.0,False,False,252.0,-0.9007635635879221,default,1.626311111111111,Overflow,False
2026-08-19,2026-08-20,2026-09-03,Time,2026-09-03,Oversold Low Volume,UNH,BUY,Limit Order -0.25 ATR (Persistent),386.2728418622698,400.94000244140625,235,3447.0,9.348573957170759,1.25,2.5,388.25,388.6099853515625,21.77649010000554,1251163.1596015354,2756.25,52.5,0.7,,0.25,olv_close_pivot_40_v2_20260901,High,351.50408935546875,2026-01-23,143.0,143.0,99.0,False,False,252.0,3.969150392999986,default,1.250612244897959,Liquid,False
2026-08-19,2026-08-20,2026-09-03,Time,2026-09-03,Oversold Low Volume,LUV,BUY,Limit Order -0.25 ATR (Persistent),40.86000061035156,38.72999954223633,2268,-4831.0,1.3885718754359655,1.25,2.5,40.86000061035156,41.41999816894531,2.2221280323259722,1251163.1596015354,3937.5,52.5,1.0,,0.25,olv_close_pivot_40_v2_20260901,Low,36.13221740722656,2026-03-30,98.0,126.0,98.0,False,False,252.0,3.8080713395254113,default,-1.226920634920635,Liquid,False
2026-08-21,2026-08-24,2026-09-03,Time,2026-09-08,Oversold Low Volume,CRS,BUY,Limit Order -0.25 ATR (Persistent),486.2369956970215,467.4800109863281,47,-882.0,23.746475219726562,1.25,2.5,489.21484375,492.1736145019531,72.8062450597079,1251173.367514321,1406.25,37.5,0.5,,0.25,olv_close_pivot_40_v2_20260901,Low,231.96612548828125,2025-09-25,227.0,275.0,227.0,True,False,252.0,10.957731057176582,default,-0.6272,Overflow,True
2026-09-02,2026-09-03,2026-09-03,Time,2026-09-18,Oversold Low Volume,SNA,BUY,Limit Order -0.25 ATR (Persistent),379.1419427054269,384.19000244140625,271,1368.0,5.792214529854911,1.25,2.5,383.0899963378906,380.5899963378906,58.47667321506231,1235089.909844041,1968.75,52.5,0.5,,0.25,olv_close_pivot_40_v2_20260901,High,386.9490661621094,2026-03-02,128.0,128.0,108.0,False,False,252.0,-1.0978650378783603,default,0.6948571428571428,Liquid,True
