date,event,detail,ref_period,time_et,source
2000-01-05,nfp,Employment Situation release,December 2000,08:30,bls:sched2000
2000-01-07,nfp,Employment Situation release,December 1999,08:30,bls:sched2000
2000-01-12,ppi,Producer Price Indexes release,December 2000,08:30,bls:sched2000
2000-01-13,ppi,Producer Price Indexes release,December 1999,08:30,bls:sched2000
2000-01-14,cpi,Consumer Price Index release,December 1999,08:30,bls:sched2000
2000-01-17,cpi,Consumer Price Index release,December 2000,08:30,bls:sched2000
2000-01-19,vix_expiry,VIX futures/options expiration (SOQ at the open),,09:30,computed
2000-01-21,opex,monthly options expiration,,16:00,computed
2000-02-02,fomc_decision,February 1-2 Meeting - 2000,,14:15,fed:fomchistorical2000
2000-02-04,nfp,Employment Situation release,January 2000,08:30,bls:sched2000
2000-02-16,vix_expiry,VIX futures/options expiration (SOQ at the open),,09:30,computed
2000-02-17,ppi,Producer Price Indexes release,January 2000,08:30,bls:sched2000
2000-02-18,cpi,Consumer Price Indexes release,January 2000,08:30,bls:sched2000
2000-02-18,opex,monthly options expiration,,16:00,computed
2000-03-03,nfp,Employment Situation release,February 2000,08:30,bls:sched2000
2000-03-16,ppi,Producer Price Indexes release,February 2000,08:30,bls:sched2000
2000-03-17,cpi,Consumer Price Index release,February 2000,08:30,bls:sched2000
2000-03-17,opex,quad witching,,16:00,computed
2000-03-17,quad_witching,quad witching,,16:00,computed
2000-03-21,fomc_decision,March 21 Meeting - 2000,,14:15,fed:fomchistorical2000
2000-03-21,vix_expiry,VIX futures/options expiration (SOQ at the open),,09:30,computed
2000-03-23,fomc_minutes,minutes of 2000-02-02 meeting,,14:00,fed:fomchistorical2000
2000-04-07,nfp,Employment Situation release,March 2000,08:30,bls:sched2000
2000-04-13,ppi,Producer Price Indexes release,March 2000,08:30,bls:sched2000
2000-04-14,cpi,Consumer Price Index release,March 2000,08:30,bls:sched2000
2000-04-19,vix_expiry,VIX futures/options expiration (SOQ at the open),,09:30,computed
2000-04-20,opex,monthly options expiration,,16:00,computed
2000-05-05,nfp,Employment Situation release,April 2000,08:30,bls:sched2000
2000-05-12,ppi,Producer Price Indexes release,April 2000,08:30,bls:sched2000
2000-05-16,cpi,Consumer Price Index release,April 2000,08:30,bls:sched2000
2000-05-16,fomc_decision,May 16 Meeting - 2000,,14:15,fed:fomchistorical2000
2000-05-17,vix_expiry,VIX futures/options expiration (SOQ at the open),,09:30,computed
2000-05-18,fomc_minutes,minutes of 2000-03-21 meeting,,14:00,fed:fomchistorical2000
2000-05-19,opex,monthly options expiration,,16:00,computed
2000-06-02,nfp,Employment Situation release,May 2000,08:30,bls:sched2000
2000-06-09,ppi,Producer Price Indexes release,May 2000,08:30,bls:sched2000
2000-06-14,cpi,Consumer Price Index release,May 2000,08:30,bls:sched2000
2000-06-16,opex,quad witching,,16:00,computed
2000-06-16,quad_witching,quad witching,,16:00,computed
2000-06-21,vix_expiry,VIX futures/options expiration (SOQ at the open),,09:30,computed
2000-06-28,fomc_decision,June 27-28 Meeting - 2000,,14:15,fed:fomchistorical2000
2000-06-29,fomc_minutes,minutes of 2000-05-16 meeting,,14:00,fed:fomchistorical2000
2000-07-07,nfp,Employment Situation release,June 2000,08:30,bls:sched2000
2000-07-14,ppi,Producer Price Indexes release,June 2000,08:30,bls:sched2000
2000-07-18,cpi,Consumer Price Index release,June 2000,08:30,bls:sched2000
2000-07-19,vix_expiry,VIX futures/options expiration (SOQ at the open),,09:30,computed
2000-07-21,opex,monthly options expiration,,16:00,computed
2000-08-04,nfp,Employment Situation release,July 2000,08:30,bls:sched2000
2000-08-11,ppi,Producer Price Indexes release,July 2000,08:30,bls:sched2000
2000-08-16,cpi,Consumer Price Index release,July 2000,08:30,bls:sched2000
2000-08-16,vix_expiry,VIX futures/options expiration (SOQ at the open),,09:30,computed
2000-08-18,opex,monthly options expiration,,16:00,computed
2000-08-22,fomc_decision,August 22 Meeting - 2000,,14:15,fed:fomchistorical2000
2000-08-24,fomc_minutes,minutes of 2000-06-28 meeting,,14:00,fed:fomchistorical2000
2000-08-25,jackson_hole,"Jackson Hole symposium Aug 24-26, 2000",2000,10:00,manual:kcfed
2000-09-01,nfp,Employment Situation release,August 2000,08:30,bls:sched2000
2000-09-14,ppi,Producer Price Indexes release,August 2000,08:30,bls:sched2000
2000-09-15,cpi,Consumer Price Index release,August 2000,08:30,bls:sched2000
2000-09-15,opex,quad witching,,16:00,computed
2000-09-15,quad_witching,quad witching,,16:00,computed
2000-09-20,vix_expiry,VIX futures/options expiration (SOQ at the open),,09:30,computed
2000-10-03,fomc_decision,October 3 Meeting - 2000,,14:15,fed:fomchistorical2000
2000-10-05,fomc_minutes,minutes of 2000-08-22 meeting,,14:00,fed:fomchistorical2000
2000-10-06,nfp,Employment Situation release,September 2000,08:30,bls:sched2000
2000-10-13,ppi,Producer Price Indexes release,September 2000,08:30,bls:sched2000
2000-10-18,cpi,Consumer Price Index release,September 2000,08:30,bls:sched2000
2000-10-18,vix_expiry,VIX futures/options expiration (SOQ at the open),,09:30,computed
2000-10-20,opex,monthly options expiration,,16:00,computed
2000-11-03,nfp,Employment Situation release,October 2000,08:30,bls:sched2000
2000-11-07,election,US general election (presidential),,,computed
2000-11-09,ppi,Producer Price Indexes release,October 2000,08:30,bls:sched2000
2000-11-15,fomc_decision,November 15 Meeting - 2000,,14:15,fed:fomchistorical2000
2000-11-15,vix_expiry,VIX futures/options expiration (SOQ at the open),,09:30,computed
2000-11-16,cpi,Consumer Price Index release,October 2000,08:30,bls:sched2000
2000-11-16,fomc_minutes,minutes of 2000-10-03 meeting,,14:00,fed:fomchistorical2000
2000-11-17,opex,monthly options expiration,,16:00,computed
2000-12-08,nfp,Employment Situation release,November 2000,08:30,bls:sched2000
2000-12-14,ppi,Producer Price Indexes release,November 2000,08:30,bls:sched2000
2000-12-15,cpi,Consumer Price Index release,November 2000,08:30,bls:sched2000
2000-12-15,opex,quad witching,,16:00,computed
2000-12-15,quad_witching,quad witching,,16:00,computed
2000-12-19,fomc_decision,December 19 Meeting - 2000,,14:15,fed:fomchistorical2000
2000-12-20,vix_expiry,VIX futures/options expiration (SOQ at the open),,09:30,computed
2000-12-21,fomc_minutes,minutes of 2000-11-15 meeting,,14:00,fed:fomchistorical2000
2001-01-03,fomc_intermeeting,surprise 50bp cut,,,manual
2001-01-04,nfp,Employment Situation release,December 2001,08:30,bls:sched2001
2001-01-11,ppi,Producer Price Indexes release,December 2001,08:30,bls:sched2001
2001-01-16,cpi,Consumer Price Index release,December 2001,08:30,bls:sched2001
2001-01-17,vix_expiry,VIX futures/options expiration (SOQ at the open),,09:30,computed
2001-01-19,opex,monthly options expiration,,16:00,computed
2001-01-31,fomc_decision,January 30-31 Meeting - 2001,,14:15,fed:fomchistorical2001
2001-02-01,fomc_minutes,minutes of 2000-12-19 meeting,,14:00,fed:fomchistorical2000
2001-02-02,nfp,Employment Situation release,January 2001,08:30,bls:sched2001
2001-02-14,vix_expiry,VIX futures/options expiration (SOQ at the open),,09:30,computed
2001-02-16,opex,monthly options expiration,,16:00,computed
2001-02-16,ppi,Producer Price Indexes release,January 2001,08:30,bls:sched2001
2001-02-21,cpi,Consumer Price Indexes release,January 2001,08:30,bls:sched2001
2001-03-09,nfp,Employment Situation release,February 2001,08:30,bls:sched2001
2001-03-16,opex,quad witching,,16:00,computed
2001-03-16,ppi,Producer Price Indexes release,February 2001,08:30,bls:sched2001
2001-03-16,quad_witching,quad witching,,16:00,computed
2001-03-20,fomc_decision,March 20 Meeting - 2001,,14:15,fed:fomchistorical2001
2001-03-21,cpi,Consumer Price Index release,February 2001,08:30,bls:sched2001
2001-03-21,vix_expiry,VIX futures/options expiration (SOQ at the open),,09:30,computed
2001-03-22,fomc_minutes,minutes of 2001-01-31 meeting,,14:00,fed:fomchistorical2001
2001-04-06,nfp,Employment Situation release,March 2001,08:30,bls:sched2001
2001-04-12,ppi,Producer Price Indexes release,March 2001,08:30,bls:sched2001
2001-04-17,cpi,Consumer Price Index release,March 2001,08:30,bls:sched2001
2001-04-18,fomc_intermeeting,surprise 50bp cut,,,manual
2001-04-18,vix_expiry,VIX futures/options expiration (SOQ at the open),,09:30,computed
2001-04-20,opex,monthly options expiration,,16:00,computed
2001-05-04,nfp,Employment Situation release,April 2001,08:30,bls:sched2001
2001-05-11,ppi,Producer Price Indexes release,April 2001,08:30,bls:sched2001
2001-05-15,fomc_decision,May 15 Meeting - 2001,,14:15,fed:fomchistorical2001
2001-05-16,cpi,Consumer Price Index release,April 2001,08:30,bls:sched2001
2001-05-16,vix_expiry,VIX futures/options expiration (SOQ at the open),,09:30,computed
2001-05-17,fomc_minutes,minutes of 2001-03-20 meeting,,14:00,fed:fomchistorical2001
2001-05-18,opex,monthly options expiration,,16:00,computed
2001-06-01,nfp,Employment Situation release,May 2001,08:30,bls:sched2001
2001-06-14,ppi,Producer Price Indexes release,May 2001,08:30,bls:sched2001
2001-06-15,cpi,Consumer Price Index release,May 2001,08:30,bls:sched2001
2001-06-15,opex,quad witching,,16:00,computed
2001-06-15,quad_witching,quad witching,,16:00,computed
2001-06-20,vix_expiry,VIX futures/options expiration (SOQ at the open),,09:30,computed
2001-06-27,fomc_decision,June 26-27 Meeting - 2001,,14:15,fed:fomchistorical2001
2001-06-28,fomc_minutes,minutes of 2001-05-15 meeting,,14:00,fed:fomchistorical2001
2001-07-06,nfp,Employment Situation release,June 2001,08:30,bls:sched2001
2001-07-13,ppi,Producer Price Indexes release,June 2001,08:30,bls:sched2001
2001-07-18,cpi,Consumer Price Index release,June 2001,08:30,bls:sched2001
2001-07-18,vix_expiry,VIX futures/options expiration (SOQ at the open),,09:30,computed
2001-07-20,opex,monthly options expiration,,16:00,computed
2001-08-03,nfp,Employment Situation release,July 2001,08:30,bls:sched2001
2001-08-10,ppi,Producer Price Indexes release,July 2001,08:30,bls:sched2001
2001-08-16,cpi,Consumer Price Index release,July 2001,08:30,bls:sched2001
2001-08-17,opex,monthly options expiration,,16:00,computed
2001-08-21,fomc_decision,August 21 Meeting - 2001,,14:15,fed:fomchistorical2001
2001-08-22,vix_expiry,VIX futures/options expiration (SOQ at the open),,09:30,computed
2001-08-23,fomc_minutes,minutes of 2001-06-27 meeting,,14:00,fed:fomchistorical2001
2001-08-31,jackson_hole,"Jackson Hole symposium Aug 30 - Sep 1, 2001",2001,10:00,manual:kcfed
2001-09-07,nfp,Employment Situation release,August 2001,08:30,bls:sched2001
2001-09-14,ppi,Producer Price Indexes release,August 2001,08:30,bls:sched2001
2001-09-17,fomc_intermeeting,"50bp cut, post-9/11 market reopen",,,manual
2001-09-18,cpi,Consumer Price Index release,August 2001,08:30,bls:sched2001
2001-09-19,vix_expiry,VIX futures/options expiration (SOQ at the open),,09:30,computed
2001-09-21,opex,quad witching,,16:00,computed
2001-09-21,quad_witching,quad witching,,16:00,computed
2001-10-02,fomc_decision,October 2 Meeting - 2001,,14:15,fed:fomchistorical2001
2001-10-04,fomc_minutes,minutes of 2001-08-21 meeting,,14:00,fed:fomchistorical2001
2001-10-05,nfp,Employment Situation release,September 2001,08:30,bls:sched2001
2001-10-12,ppi,Producer Price Indexes release,September 2001,08:30,bls:sched2001
2001-10-17,vix_expiry,VIX futures/options expiration (SOQ at the open),,09:30,computed
2001-10-19,cpi,Consumer Price Index release,September 2001,08:30,bls:sched2001
2001-10-19,opex,monthly options expiration,,16:00,computed
2001-11-02,nfp,Employment Situation release,October 2001,08:30,bls:sched2001
2001-11-06,fomc_decision,November 6 Meeting - 2001,,14:15,fed:fomchistorical2001
2001-11-08,fomc_minutes,minutes of 2001-10-02 meeting,,14:00,fed:fomchistorical2001
2001-11-09,ppi,Producer Price Indexes release,October 2001,08:30,bls:sched2001
2001-11-16,cpi,Consumer Price Index release,October 2001,08:30,bls:sched2001
2001-11-16,opex,monthly options expiration,,16:00,computed
2001-11-21,vix_expiry,VIX futures/options expiration (SOQ at the open),,09:30,computed
2001-12-07,nfp,Employment Situation release,November 2001,08:30,bls:sched2001
2001-12-11,fomc_decision,December 11 Meeting - 2001,,14:15,fed:fomchistorical2001
2001-12-13,fomc_minutes,minutes of 2001-11-06 meeting,,14:00,fed:fomchistorical2001
2001-12-13,ppi,Producer Price Indexes release,November 2001,08:30,bls:sched2001
2001-12-14,cpi,Consumer Price Index release,November 2001,08:30,bls:sched2001
2001-12-19,vix_expiry,VIX futures/options expiration (SOQ at the open),,09:30,computed
2001-12-21,opex,quad witching,,16:00,computed
2001-12-21,quad_witching,quad witching,,16:00,computed
2002-01-10,nfp,Employment Situation release,December 2002,08:30,bls:sched2002
2002-01-15,ppi,Producer Price Indexes release,December 2002,08:30,bls:sched2002
2002-01-16,cpi,Consumer Price Index release,December 2002,08:30,bls:sched2002
2002-01-16,vix_expiry,VIX futures/options expiration (SOQ at the open),,09:30,computed
2002-01-18,opex,monthly options expiration,,16:00,computed
2002-01-30,fomc_decision,January 29-30 Meeting - 2002,,14:15,fed:fomchistorical2002
2002-01-31,fomc_minutes,minutes of 2001-12-11 meeting,,14:00,fed:fomchistorical2001
2002-02-01,nfp,Employment Situation release,January 2002,08:30,bls:sched2002
2002-02-13,vix_expiry,VIX futures/options expiration (SOQ at the open),,09:30,computed
2002-02-15,opex,monthly options expiration,,16:00,computed
2002-02-15,ppi,Producer Price Indexes release,January 2002,08:30,bls:sched2002
2002-02-20,cpi,Consumer Price Indexes release,January 2002,08:30,bls:sched2002
2002-03-08,nfp,Employment Situation release,February 2002,08:30,bls:sched2002
2002-03-15,opex,quad witching,,16:00,computed
2002-03-15,ppi,Producer Price Indexes release,February 2002,08:30,bls:sched2002
2002-03-15,quad_witching,quad witching,,16:00,computed
2002-03-19,fomc_decision,March 19 Meeting - 2002,,14:15,fed:fomchistorical2002
2002-03-20,vix_expiry,VIX futures/options expiration (SOQ at the open),,09:30,computed
2002-03-21,cpi,Consumer Price Index release,February 2002,08:30,bls:sched2002
2002-03-21,fomc_minutes,minutes of 2002-01-30 meeting,,14:00,fed:fomchistorical2002
2002-04-05,nfp,Employment Situation release,March 2002,08:30,bls:sched2002
2002-04-12,ppi,Producer Price Indexes release,March 2002,08:30,bls:sched2002
2002-04-16,cpi,Consumer Price Index release,March 2002,08:30,bls:sched2002
2002-04-17,vix_expiry,VIX futures/options expiration (SOQ at the open),,09:30,computed
2002-04-19,opex,monthly options expiration,,16:00,computed
2002-05-03,nfp,Employment Situation release,April 2002,08:30,bls:sched2002
2002-05-07,fomc_decision,May 7 Meeting - 2002,,14:15,fed:fomchistorical2002
2002-05-09,fomc_minutes,minutes of 2002-03-19 meeting,,14:00,fed:fomchistorical2002
2002-05-10,ppi,Producer Price Indexes release,April 2002,08:30,bls:sched2002
2002-05-15,cpi,Consumer Price Index release,April 2002,08:30,bls:sched2002
2002-05-17,opex,monthly options expiration,,16:00,computed
2002-05-22,vix_expiry,VIX futures/options expiration (SOQ at the open),,09:30,computed
2002-06-07,nfp,Employment Situation release,May 2002,08:30,bls:sched2002
2002-06-13,ppi,Producer Price Indexes release,May 2002,08:30,bls:sched2002
2002-06-18,cpi,Consumer Price Index release,May 2002,08:30,bls:sched2002
2002-06-19,vix_expiry,VIX futures/options expiration (SOQ at the open),,09:30,computed
2002-06-21,opex,quad witching,,16:00,computed
2002-06-21,quad_witching,quad witching,,16:00,computed
2002-06-26,fomc_decision,June 25-26 Meeting - 2002,,14:15,fed:fomchistorical2002
2002-06-27,fomc_minutes,minutes of 2002-05-07 meeting,,14:00,fed:fomchistorical2002
2002-07-05,nfp,Employment Situation release,June 2002,08:30,bls:sched2002
2002-07-11,ppi,Producer Price Indexes release,June 2002,08:30,bls:sched2002
2002-07-17,vix_expiry,VIX futures/options expiration (SOQ at the open),,09:30,computed
2002-07-19,cpi,Consumer Price Index release,June 2002,08:30,bls:sched2002
2002-07-19,opex,monthly options expiration,,16:00,computed
2002-08-02,nfp,Employment Situation release,July 2002,08:30,bls:sched2002
2002-08-08,ppi,Producer Price Indexes release,July 2002,08:30,bls:sched2002
2002-08-13,fomc_decision,August 13 Meeting - 2002,,14:15,fed:fomchistorical2002
2002-08-15,fomc_minutes,minutes of 2002-06-26 meeting,,14:00,fed:fomchistorical2002
2002-08-16,cpi,Consumer Price Index release,July 2002,08:30,bls:sched2002
2002-08-16,opex,monthly options expiration,,16:00,computed
2002-08-21,vix_expiry,VIX futures/options expiration (SOQ at the open),,09:30,computed
2002-08-30,jackson_hole,"Jackson Hole symposium Aug 29-31, 2002",2002,10:00,manual:kcfed
2002-09-06,nfp,Employment Situation release,August 2002,08:30,bls:sched2002
2002-09-13,ppi,Producer Price Indexes release,August 2002,08:30,bls:sched2002
2002-09-18,cpi,Consumer Price Index release,August 2002,08:30,bls:sched2002
2002-09-18,vix_expiry,VIX futures/options expiration (SOQ at the open),,09:30,computed
2002-09-20,opex,quad witching,,16:00,computed
2002-09-20,quad_witching,quad witching,,16:00,computed
2002-09-24,fomc_decision,September 24 Meeting - 2002,,14:15,fed:fomchistorical2002
2002-09-26,fomc_minutes,minutes of 2002-08-13 meeting,,14:00,fed:fomchistorical2002
2002-10-04,nfp,Employment Situation release,September 2002,08:30,bls:sched2002
2002-10-11,ppi,Producer Price Indexes release,September 2002,08:30,bls:sched2002
2002-10-16,vix_expiry,VIX futures/options expiration (SOQ at the open),,09:30,computed
2002-10-18,cpi,Consumer Price Index release,September 2002,08:30,bls:sched2002
2002-10-18,opex,monthly options expiration,,16:00,computed
2002-11-01,nfp,Employment Situation release,October 2002,08:30,bls:sched2002
2002-11-05,election,US general election (midterm),,,computed
2002-11-06,fomc_decision,November 6 Meeting - 2002,,14:15,fed:fomchistorical2002
2002-11-07,fomc_minutes,minutes of 2002-09-24 meeting,,14:00,fed:fomchistorical2002
2002-11-15,opex,monthly options expiration,,16:00,computed
2002-11-15,ppi,Producer Price Indexes release,October 2002,08:30,bls:sched2002
2002-11-19,cpi,Consumer Price Index release,October 2002,08:30,bls:sched2002
2002-11-20,vix_expiry,VIX futures/options expiration (SOQ at the open),,09:30,computed
2002-12-06,nfp,Employment Situation release,November 2002,08:30,bls:sched2002
2002-12-10,fomc_decision,December 10 Meeting - 2002,,14:15,fed:fomchistorical2002
2002-12-12,fomc_minutes,minutes of 2002-11-06 meeting,,14:00,fed:fomchistorical2002
2002-12-13,ppi,Producer Price Indexes release,November 2002,08:30,bls:sched2002
2002-12-17,cpi,Consumer Price Index release,November 2002,08:30,bls:sched2002
2002-12-18,vix_expiry,VIX futures/options expiration (SOQ at the open),,09:30,computed
2002-12-20,opex,quad witching,,16:00,computed
2002-12-20,quad_witching,quad witching,,16:00,computed
2003-01-14,ppi,Producer Price Indexes release,December 2003,08:30,bls:sched2003
2003-01-15,cpi,Consumer Price Index release,December 2003,08:30,bls:sched2003
2003-01-17,opex,monthly options expiration,,16:00,computed
2003-01-22,vix_expiry,VIX futures/options expiration (SOQ at the open),,09:30,computed
2003-01-29,fomc_decision,January 28-29 Meeting - 2003,,14:15,fed:fomchistorical2003
2003-01-30,fomc_minutes,minutes of 2002-12-10 meeting,,14:00,fed:fomchistorical2002
2003-02-07,nfp,Employment Situation release,January 2003,08:30,bls:sched2003
2003-02-19,vix_expiry,VIX futures/options expiration (SOQ at the open),,09:30,computed
2003-02-20,ppi,Producer Price Indexes release,January 2003,08:30,bls:sched2003
2003-02-21,cpi,Consumer Price Indexes release,January 2003,08:30,bls:sched2003
2003-02-21,opex,monthly options expiration,,16:00,computed
2003-03-07,nfp,Employment Situation release,February 2003,08:30,bls:sched2003
2003-03-14,ppi,Producer Price Indexes release,February 2003,08:30,bls:sched2003
2003-03-18,fomc_decision,March 18 Meeting - 2003,,14:15,fed:fomchistorical2003
2003-03-18,vix_expiry,VIX futures/options expiration (SOQ at the open),,09:30,computed
2003-03-20,fomc_minutes,minutes of 2003-01-29 meeting,,14:00,fed:fomchistorical2003
2003-03-21,cpi,Consumer Price Index release,February 2003,08:30,bls:sched2003
2003-03-21,opex,quad witching,,16:00,computed
2003-03-21,quad_witching,quad witching,,16:00,computed
2003-04-04,nfp,Employment Situation release,March 2003,08:30,bls:sched2003
2003-04-11,ppi,Producer Price Indexes release,March 2003,08:30,bls:sched2003
2003-04-16,cpi,Consumer Price Index release,March 2003,08:30,bls:sched2003
2003-04-16,vix_expiry,VIX futures/options expiration (SOQ at the open),,09:30,computed
2003-04-17,opex,monthly options expiration,,16:00,computed
2003-05-02,nfp,Employment Situation release,April 2003,08:30,bls:sched2003
2003-05-06,fomc_decision,May 6 Meeting - 2003,,14:15,fed:fomchistorical2003
2003-05-08,fomc_minutes,minutes of 2003-03-18 meeting,,14:00,fed:fomchistorical2003
2003-05-15,ppi,Producer Price Indexes release,April 2003,08:30,bls:sched2003
2003-05-16,cpi,Consumer Price Index release,April 2003,08:30,bls:sched2003
2003-05-16,opex,monthly options expiration,,16:00,computed
2003-05-21,vix_expiry,VIX futures/options expiration (SOQ at the open),,09:30,computed
2003-06-06,nfp,Employment Situation release,May 2003,08:30,bls:sched2003
2003-06-13,ppi,Producer Price Indexes release,May 2003,08:30,bls:sched2003
2003-06-17,cpi,Consumer Price Index release,May 2003,08:30,bls:sched2003
2003-06-18,vix_expiry,VIX futures/options expiration (SOQ at the open),,09:30,computed
2003-06-20,opex,quad witching,,16:00,computed
2003-06-20,quad_witching,quad witching,,16:00,computed
2003-06-25,fomc_decision,June 24-25 Meeting - 2003,,14:15,fed:fomchistorical2003
2003-06-26,fomc_minutes,minutes of 2003-05-06 meeting,,14:00,fed:fomchistorical2003
2003-07-03,nfp,Employment Situation release,June 2003,08:30,bls:sched2003
2003-07-11,ppi,Producer Price Indexes release,June 2003,08:30,bls:sched2003
2003-07-16,cpi,Consumer Price Index release,June 2003,08:30,bls:sched2003
2003-07-16,vix_expiry,VIX futures/options expiration (SOQ at the open),,09:30,computed
2003-07-18,opex,monthly options expiration,,16:00,computed
2003-08-01,nfp,Employment Situation release,July 2003,08:30,bls:sched2003
2003-08-12,fomc_decision,August 12 Meeting - 2003,,14:15,fed:fomchistorical2003
2003-08-14,fomc_minutes,minutes of 2003-06-25 meeting,,14:00,fed:fomchistorical2003
2003-08-14,ppi,Producer Price Indexes release,July 2003,08:30,bls:sched2003
2003-08-15,cpi,Consumer Price Index release,July 2003,08:30,bls:sched2003
2003-08-15,opex,monthly options expiration,,16:00,computed
2003-08-20,vix_expiry,VIX futures/options expiration (SOQ at the open),,09:30,computed
2003-08-29,jackson_hole,"Jackson Hole symposium Aug 28-30, 2003",2003,10:00,manual:kcfed
2003-09-05,nfp,Employment Situation release,August 2003,08:30,bls:sched2003
2003-09-12,ppi,Producer Price Indexes release,August 2003,08:30,bls:sched2003
2003-09-16,cpi,Consumer Price Index release,August 2003,08:30,bls:sched2003
2003-09-16,fomc_decision,September 16 Meeting - 2003,,14:15,fed:fomchistorical2003
2003-09-17,vix_expiry,VIX futures/options expiration (SOQ at the open),,09:30,computed
2003-09-18,fomc_minutes,minutes of 2003-08-12 meeting,,14:00,fed:fomchistorical2003
2003-09-19,opex,quad witching,,16:00,computed
2003-09-19,quad_witching,quad witching,,16:00,computed
2003-10-03,nfp,Employment Situation release,September 2003,08:30,bls:sched2003
2003-10-10,ppi,Producer Price Indexes release,September 2003,08:30,bls:sched2003
2003-10-16,cpi,Consumer Price Index release,September 2003,08:30,bls:sched2003
2003-10-17,opex,monthly options expiration,,16:00,computed
2003-10-22,vix_expiry,VIX futures/options expiration (SOQ at the open),,09:30,computed
2003-10-28,fomc_decision,October 28 Meeting - 2003,,14:15,fed:fomchistorical2003
2003-10-30,fomc_minutes,minutes of 2003-09-16 meeting,,14:00,fed:fomchistorical2003
2003-11-07,nfp,Employment Situation release,October 2003,08:30,bls:sched2003
2003-11-14,ppi,Producer Price Indexes release,October 2003,08:30,bls:sched2003
2003-11-18,cpi,Consumer Price Index release,October 2003,08:30,bls:sched2003
2003-11-19,vix_expiry,VIX futures/options expiration (SOQ at the open),,09:30,computed
2003-11-21,opex,monthly options expiration,,16:00,computed
2003-12-05,nfp,Employment Situation release,November 2003,08:30,bls:sched2003
2003-12-09,fomc_decision,December 9 Meeting - 2003,,14:15,fed:fomchistorical2003
2003-12-11,fomc_minutes,minutes of 2003-10-28 meeting,,14:00,fed:fomchistorical2003
2003-12-12,ppi,Producer Price Indexes release,November 2003,08:30,bls:sched2003
2003-12-16,cpi,Consumer Price Index release,November 2003,08:30,bls:sched2003
2003-12-17,vix_expiry,VIX futures/options expiration (SOQ at the open),,09:30,computed
2003-12-19,opex,quad witching,,16:00,computed
2003-12-19,quad_witching,quad witching,,16:00,computed
2004-01-09,nfp,Employment Situation release,December 2003,08:30,bls:sched2003
2004-01-14,ppi,Producer Price Indexes release,December 2004,08:30,bls:sched2004
2004-01-16,opex,monthly options expiration,,16:00,computed
2004-01-19,cpi,Consumer Price Index release,December 2004,08:30,bls:sched2004
2004-01-21,vix_expiry,VIX futures/options expiration (SOQ at the open),,09:30,computed
2004-01-28,fomc_decision,January 27-28 Meeting - 2004,,14:15,fed:fomchistorical2004
2004-01-29,fomc_minutes,minutes of 2003-12-09 meeting,,14:00,fed:fomchistorical2003
2004-02-06,nfp,Employment Situation release,January 2004,08:30,bls:sched2004
2004-02-18,vix_expiry,VIX futures/options expiration (SOQ at the open),,09:30,computed
2004-02-19,ppi,Producer Price Indexes release,January 2004,08:30,bls:sched2004
2004-02-20,cpi,Consumer Price Indexes release,January 2004,08:30,bls:sched2004
2004-02-20,opex,monthly options expiration,,16:00,computed
2004-03-05,nfp,Employment Situation release,February 2004,08:30,bls:sched2004
2004-03-12,ppi,Producer Price Indexes release,February 2004,08:30,bls:sched2004
2004-03-16,fomc_decision,March 16 Meeting - 2004,,14:15,fed:fomchistorical2004
2004-03-17,cpi,Consumer Price Index release,February 2004,08:30,bls:sched2004
2004-03-17,vix_expiry,VIX futures/options expiration (SOQ at the open),,09:30,computed
2004-03-18,fomc_minutes,minutes of 2004-01-28 meeting,,14:00,fed:fomchistorical2004
2004-03-19,opex,quad witching,,16:00,computed
2004-03-19,quad_witching,quad witching,,16:00,computed
2004-04-02,nfp,Employment Situation release,March 2004,08:30,bls:sched2004
2004-04-08,ppi,Producer Price Indexes release,March 2004,08:30,bls:sched2004
2004-04-14,cpi,Consumer Price Index release,March 2004,08:30,bls:sched2004
2004-04-16,opex,monthly options expiration,,16:00,computed
2004-04-21,vix_expiry,VIX futures/options expiration (SOQ at the open),,09:30,computed
2004-05-04,fomc_decision,May 4 Meeting - 2004,,14:15,fed:fomchistorical2004
2004-05-06,fomc_minutes,minutes of 2004-03-16 meeting,,14:00,fed:fomchistorical2004
2004-05-07,nfp,Employment Situation release,April 2004,08:30,bls:sched2004
2004-05-13,ppi,Producer Price Indexes release,April 2004,08:30,bls:sched2004
2004-05-14,cpi,Consumer Price Index release,April 2004,08:30,bls:sched2004
2004-05-19,vix_expiry,VIX futures/options expiration (SOQ at the open),,09:30,computed
2004-05-21,opex,monthly options expiration,,16:00,computed
2004-06-04,nfp,Employment Situation release,May 2004,08:30,bls:sched2004
2004-06-11,ppi,Producer Price Indexes release,May 2004,08:30,bls:sched2004
2004-06-15,cpi,Consumer Price Index release,May 2004,08:30,bls:sched2004
2004-06-16,vix_expiry,VIX futures/options expiration (SOQ at the open),,09:30,computed
2004-06-18,opex,quad witching,,16:00,computed
2004-06-18,quad_witching,quad witching,,16:00,computed
2004-06-30,fomc_decision,June 29-30 Meeting - 2004,,14:15,fed:fomchistorical2004
2004-07-01,fomc_minutes,minutes of 2004-05-04 meeting,,14:00,fed:fomchistorical2004
2004-07-02,nfp,Employment Situation release,June 2004,08:30,bls:sched2004
2004-07-15,ppi,Producer Price Indexes release,June 2004,08:30,bls:sched2004
2004-07-16,cpi,Consumer Price Index release,June 2004,08:30,bls:sched2004
2004-07-16,opex,monthly options expiration,,16:00,computed
2004-07-21,vix_expiry,VIX futures/options expiration (SOQ at the open),,09:30,computed
2004-08-06,nfp,Employment Situation release,July 2004,08:30,bls:sched2004
2004-08-10,fomc_decision,August 10 Meeting - 2004,,14:15,fed:fomchistorical2004
2004-08-12,fomc_minutes,minutes of 2004-06-30 meeting,,14:00,fed:fomchistorical2004
2004-08-13,ppi,Producer Price Indexes release,July 2004,08:30,bls:sched2004
2004-08-17,cpi,Consumer Price Index release,July 2004,08:30,bls:sched2004
2004-08-18,vix_expiry,VIX futures/options expiration (SOQ at the open),,09:30,computed
2004-08-20,opex,monthly options expiration,,16:00,computed
2004-08-27,jackson_hole,"Jackson Hole symposium Aug 26-28, 2004",2004,10:00,manual:kcfed
2004-09-03,nfp,Employment Situation release,August 2004,08:30,bls:sched2004
2004-09-10,ppi,Producer Price Indexes release,August 2004,08:30,bls:sched2004
2004-09-15,vix_expiry,VIX futures/options expiration (SOQ at the open),,09:30,computed
2004-09-16,cpi,Consumer Price Index release,August 2004,08:30,bls:sched2004
2004-09-17,opex,quad witching,,16:00,computed
2004-09-17,quad_witching,quad witching,,16:00,computed
2004-09-21,fomc_decision,September 21 Meeting - 2004,,14:15,fed:fomchistorical2004
2004-09-23,fomc_minutes,minutes of 2004-08-10 meeting,,14:00,fed:fomchistorical2004
2004-10-08,nfp,Employment Situation release,September 2004,08:30,bls:sched2004
2004-10-15,opex,monthly options expiration,,16:00,computed
2004-10-15,ppi,Producer Price Indexes release,September 2004,08:30,bls:sched2004
2004-10-19,cpi,Consumer Price Index release,September 2004,08:30,bls:sched2004
2004-10-20,vix_expiry,VIX futures/options expiration (SOQ at the open),,09:30,computed
2004-11-02,election,US general election (presidential),,,computed
2004-11-05,nfp,Employment Situation release,October 2004,08:30,bls:sched2004
2004-11-10,fomc_decision,November 10 Meeting - 2004,,14:15,fed:fomchistorical2004
2004-11-11,fomc_minutes,minutes of 2004-09-21 meeting,,14:00,fed:fomchistorical2004
2004-11-16,ppi,Producer Price Indexes release,October 2004,08:30,bls:sched2004
2004-11-17,cpi,Consumer Price Index release,October 2004,08:30,bls:sched2004
2004-11-17,vix_expiry,VIX futures/options expiration (SOQ at the open),,09:30,computed
2004-11-19,opex,monthly options expiration,,16:00,computed
2004-12-03,nfp,Employment Situation release,November 2004,08:30,bls:sched2004
2004-12-10,ppi,Producer Price Indexes release,November 2004,08:30,bls:sched2004
2004-12-14,fomc_decision,December 14 Meeting - 2004,,14:15,fed:fomchistorical2004
2004-12-16,fomc_minutes,minutes of 2004-11-10 meeting,,14:00,fed:fomchistorical2004
2004-12-17,cpi,Consumer Price Index release,November 2004,08:30,bls:sched2004
2004-12-17,opex,quad witching,,16:00,computed
2004-12-17,quad_witching,quad witching,,16:00,computed
2004-12-22,vix_expiry,VIX futures/options expiration (SOQ at the open),,09:30,computed
2005-01-04,fomc_minutes,minutes of 2004-12-14 meeting,,14:00,fed:fomchistorical2004
2005-01-07,nfp,Employment Situation release,December 2004,08:30,bls:sched2004
2005-01-13,ppi,Producer Price Indexes release,December 2005,08:30,bls:sched2005
2005-01-18,cpi,Consumer Price Index release,December 2005,08:30,bls:sched2005
2005-01-19,vix_expiry,VIX futures/options expiration (SOQ at the open),,09:30,computed
2005-01-21,opex,monthly options expiration,,16:00,computed
2005-02-02,fomc_decision,February 1-2 Meeting - 2005,,14:15,fed:fomchistorical2005
2005-02-04,nfp,Employment Situation release,January 2005,08:30,bls:sched2005
2005-02-16,vix_expiry,VIX futures/options expiration (SOQ at the open),,09:30,computed
2005-02-18,opex,monthly options expiration,,16:00,computed
2005-02-18,ppi,Producer Price Indexes release,January 2005,08:30,bls:sched2005
2005-02-23,cpi,Consumer Price Indexes release,January 2005,08:30,bls:sched2005
2005-02-23,fomc_minutes,minutes of 2005-02-02 meeting,,14:00,fed:fomchistorical2005
2005-03-04,nfp,Employment Situation release,February 2005,08:30,bls:sched2005
2005-03-16,vix_expiry,VIX futures/options expiration (SOQ at the open),,09:30,computed
2005-03-18,opex,quad witching,,16:00,computed
2005-03-18,quad_witching,quad witching,,16:00,computed
2005-03-22,fomc_decision,March 22 Meeting - 2005,,14:15,fed:fomchistorical2005
2005-03-22,ppi,Producer Price Indexes release,February 2005,08:30,bls:sched2005
2005-03-23,cpi,Consumer Price Index release,February 2005,08:30,bls:sched2005
2005-04-01,nfp,Employment Situation release,March 2005,08:30,bls:sched2005
2005-04-12,fomc_minutes,minutes of 2005-03-22 meeting,,14:00,fed:fomchistorical2005
2005-04-15,opex,monthly options expiration,,16:00,computed
2005-04-19,ppi,Producer Price Indexes release,March 2005,08:30,bls:sched2005
2005-04-20,cpi,Consumer Price Index release,March 2005,08:30,bls:sched2005
2005-04-20,vix_expiry,VIX futures/options expiration (SOQ at the open),,09:30,computed
2005-05-03,fomc_decision,May 3 Meeting - 2005,,14:15,fed:fomchistorical2005
2005-05-06,nfp,Employment Situation release,April 2005,08:30,bls:sched2005
2005-05-17,ppi,Producer Price Indexes release,April 2005,08:30,bls:sched2005
2005-05-18,cpi,Consumer Price Index release,April 2005,08:30,bls:sched2005
2005-05-18,vix_expiry,VIX futures/options expiration (SOQ at the open),,09:30,computed
2005-05-20,opex,monthly options expiration,,16:00,computed
2005-05-24,fomc_minutes,minutes of 2005-05-03 meeting,,14:00,fed:fomchistorical2005
2005-06-03,nfp,Employment Situation release,May 2005,08:30,bls:sched2005
2005-06-14,ppi,Producer Price Indexes release,May 2005,08:30,bls:sched2005
2005-06-15,cpi,Consumer Price Index release,May 2005,08:30,bls:sched2005
2005-06-15,vix_expiry,VIX futures/options expiration (SOQ at the open),,09:30,computed
2005-06-17,opex,quad witching,,16:00,computed
2005-06-17,quad_witching,quad witching,,16:00,computed
2005-06-30,fomc_decision,June 29-30 Meeting - 2005,,14:15,fed:fomchistorical2005
2005-07-08,nfp,Employment Situation release,June 2005,08:30,bls:sched2005
2005-07-14,cpi,Consumer Price Index release,June 2005,08:30,bls:sched2005
2005-07-15,opex,monthly options expiration,,16:00,computed
2005-07-15,ppi,Producer Price Indexes release,June 2005,08:30,bls:sched2005
2005-07-20,vix_expiry,VIX futures/options expiration (SOQ at the open),,09:30,computed
2005-07-21,fomc_minutes,minutes of 2005-06-30 meeting,,14:00,fed:fomchistorical2005
2005-08-05,nfp,Employment Situation release,July 2005,08:30,bls:sched2005
2005-08-09,fomc_decision,August 9 Meeting - 2005,,14:15,fed:fomchistorical2005
2005-08-16,cpi,Consumer Price Index release,July 2005,08:30,bls:sched2005
2005-08-17,ppi,Producer Price Indexes release,July 2005,08:30,bls:sched2005
2005-08-17,vix_expiry,VIX futures/options expiration (SOQ at the open),,09:30,computed
2005-08-19,opex,monthly options expiration,,16:00,computed
2005-08-26,jackson_hole,"Jackson Hole symposium Aug 25-27, 2005",2005,10:00,manual:kcfed
2005-08-30,fomc_minutes,minutes of 2005-08-09 meeting,,14:00,fed:fomchistorical2005
2005-09-02,nfp,Employment Situation release,August 2005,08:30,bls:sched2005
2005-09-13,ppi,Producer Price Indexes release,August 2005,08:30,bls:sched2005
2005-09-15,cpi,Consumer Price Index release,August 2005,08:30,bls:sched2005
2005-09-16,opex,quad witching,,16:00,computed
2005-09-16,quad_witching,quad witching,,16:00,computed
2005-09-20,fomc_decision,September 20 Meeting - 2005,,14:15,fed:fomchistorical2005
2005-09-21,vix_expiry,VIX futures/options expiration (SOQ at the open),,09:30,computed
2005-10-07,nfp,Employment Situation release,September 2005,08:30,bls:sched2005
2005-10-11,fomc_minutes,minutes of 2005-09-20 meeting,,14:00,fed:fomchistorical2005
2005-10-14,cpi,Consumer Price Index release,September 2005,08:30,bls:sched2005
2005-10-18,ppi,Producer Price Indexes release,September 2005,08:30,bls:sched2005
2005-10-19,vix_expiry,VIX futures/options expiration (SOQ at the open),,09:30,computed
2005-10-21,opex,monthly options expiration,,16:00,computed
2005-11-01,fomc_decision,November 1 Meeting - 2005,,14:15,fed:fomchistorical2005
2005-11-04,nfp,Employment Situation release,October 2005,08:30,bls:sched2005
2005-11-15,ppi,Producer Price Indexes release,October 2005,08:30,bls:sched2005
2005-11-16,cpi,Consumer Price Index release,October 2005,08:30,bls:sched2005
2005-11-16,vix_expiry,VIX futures/options expiration (SOQ at the open),,09:30,computed
2005-11-18,opex,monthly options expiration,,16:00,computed
2005-11-22,fomc_minutes,minutes of 2005-11-01 meeting,,14:00,fed:fomchistorical2005
2005-12-02,nfp,Employment Situation release,November 2005,08:30,bls:sched2005
2005-12-13,fomc_decision,December 13 Meeting - 2005,,14:15,fed:fomchistorical2005
2005-12-15,cpi,Consumer Price Index release,November 2005,08:30,bls:sched2005
2005-12-16,opex,quad witching,,16:00,computed
2005-12-16,quad_witching,quad witching,,16:00,computed
2005-12-20,ppi,Producer Price Indexes release,November 2005,08:30,bls:sched2005
2005-12-21,vix_expiry,VIX futures/options expiration (SOQ at the open),,09:30,computed
2006-01-03,fomc_minutes,minutes of 2005-12-13 meeting,,14:00,fed:fomchistorical2005
2006-01-05,nfp,Employment Situation release,December 2006,08:30,bls:sched2006
2006-01-06,nfp,Employment Situation release,December 2005,08:30,bls:sched2005
2006-01-17,ppi,Producer Price Indexes release,December 2006,08:30,bls:sched2006
2006-01-18,cpi,Consumer Price Index release,December 2006,08:30,bls:sched2006
2006-01-18,vix_expiry,VIX futures/options expiration (SOQ at the open),,09:30,computed
2006-01-20,opex,monthly options expiration,,16:00,computed
2006-01-31,fomc_decision,January 31 Meeting - 2006,,14:15,fed:fomchistorical2006
2006-02-03,nfp,Employment Situation release,January 2006,08:30,bls:sched2006
2006-02-15,vix_expiry,VIX futures/options expiration (SOQ at the open),,09:30,computed
2006-02-17,opex,monthly options expiration,,16:00,computed
2006-02-17,ppi,Producer Price Indexes release,January 2006,08:30,bls:sched2006
2006-02-21,fomc_minutes,minutes of 2006-01-31 meeting,,14:00,fed:fomchistorical2006
2006-02-22,cpi,Consumer Price Indexes release,January 2006,08:30,bls:sched2006
2006-03-10,nfp,Employment Situation release,February 2006,08:30,bls:sched2006
2006-03-16,cpi,Consumer Price Index release,February 2006,08:30,bls:sched2006
2006-03-17,opex,quad witching,,16:00,computed
2006-03-17,quad_witching,quad witching,,16:00,computed
2006-03-21,ppi,Producer Price Indexes release,February 2006,08:30,bls:sched2006
2006-03-22,vix_expiry,VIX futures/options expiration (SOQ at the open),,09:30,computed
2006-03-28,fomc_decision,March 27-28 Meeting - 2006,,14:15,fed:fomchistorical2006
2006-04-07,nfp,Employment Situation release,March 2006,08:30,bls:sched2006
2006-04-18,fomc_minutes,minutes of 2006-03-28 meeting,,14:00,fed:fomchistorical2006
2006-04-18,ppi,Producer Price Indexes release,March 2006,08:30,bls:sched2006
2006-04-19,cpi,Consumer Price Index release,March 2006,08:30,bls:sched2006
2006-04-19,vix_expiry,VIX futures/options expiration (SOQ at the open),,09:30,computed
2006-04-21,opex,monthly options expiration,,16:00,computed
2006-05-05,nfp,Employment Situation release,April 2006,08:30,bls:sched2006
2006-05-10,fomc_decision,May 10 Meeting - 2006,,14:15,fed:fomchistorical2006
2006-05-16,ppi,Producer Price Indexes release,April 2006,08:30,bls:sched2006
2006-05-17,cpi,Consumer Price Index release,April 2006,08:30,bls:sched2006
2006-05-17,vix_expiry,VIX futures/options expiration (SOQ at the open),,09:30,computed
2006-05-19,opex,monthly options expiration,,16:00,computed
2006-05-31,fomc_minutes,minutes of 2006-05-10 meeting,,14:00,fed:fomchistorical2006
2006-06-02,nfp,Employment Situation release,May 2006,08:30,bls:sched2006
2006-06-13,ppi,Producer Price Indexes release,May 2006,08:30,bls:sched2006
2006-06-14,cpi,Consumer Price Index release,May 2006,08:30,bls:sched2006
2006-06-16,opex,quad witching,,16:00,computed
2006-06-16,quad_witching,quad witching,,16:00,computed
2006-06-21,vix_expiry,VIX futures/options expiration (SOQ at the open),,09:30,computed
2006-06-29,fomc_decision,June 28-29 Meeting - 2006,,14:15,fed:fomchistorical2006
2006-07-07,nfp,Employment Situation release,June 2006,08:30,bls:sched2006
2006-07-18,ppi,Producer Price Indexes release,June 2006,08:30,bls:sched2006
2006-07-19,cpi,Consumer Price Index release,June 2006,08:30,bls:sched2006
2006-07-19,vix_expiry,VIX futures/options expiration (SOQ at the open),,09:30,computed
2006-07-20,fomc_minutes,minutes of 2006-06-29 meeting,,14:00,fed:fomchistorical2006
2006-07-21,opex,monthly options expiration,,16:00,computed
2006-08-04,nfp,Employment Situation release,July 2006,08:30,bls:sched2006
2006-08-08,fomc_decision,August 8 Meeting - 2006,,14:15,fed:fomchistorical2006
2006-08-15,ppi,Producer Price Indexes release,July 2006,08:30,bls:sched2006
2006-08-16,cpi,Consumer Price Index release,July 2006,08:30,bls:sched2006
2006-08-16,vix_expiry,VIX futures/options expiration (SOQ at the open),,09:30,computed
2006-08-18,opex,monthly options expiration,,16:00,computed
2006-08-25,jackson_hole,"Jackson Hole symposium Aug 24-26, 2006",2006,10:00,manual:kcfed
2006-08-29,fomc_minutes,minutes of 2006-08-08 meeting,,14:00,fed:fomchistorical2006
2006-09-01,nfp,Employment Situation release,August 2006,08:30,bls:sched2006
2006-09-15,cpi,Consumer Price Index release,August 2006,08:30,bls:sched2006
2006-09-15,opex,quad witching,,16:00,computed
2006-09-15,quad_witching,quad witching,,16:00,computed
2006-09-19,ppi,Producer Price Indexes release,August 2006,08:30,bls:sched2006
2006-09-20,fomc_decision,September 20 Meeting - 2006,,14:15,fed:fomchistorical2006
2006-09-20,vix_expiry,VIX futures/options expiration (SOQ at the open),,09:30,computed
2006-10-06,nfp,Employment Situation release,September 2006,08:30,bls:sched2006
2006-10-11,fomc_minutes,minutes of 2006-09-20 meeting,,14:00,fed:fomchistorical2006
2006-10-17,ppi,Producer Price Indexes release,September 2006,08:30,bls:sched2006
2006-10-18,cpi,Consumer Price Index release,September 2006,08:30,bls:sched2006
2006-10-18,vix_expiry,VIX futures/options expiration (SOQ at the open),,09:30,computed
2006-10-20,opex,monthly options expiration,,16:00,computed
2006-10-25,fomc_decision,October 24-25 Meeting - 2006,,14:15,fed:fomchistorical2006
2006-11-03,nfp,Employment Situation release,October 2006,08:30,bls:sched2006
2006-11-07,election,US general election (midterm),,,computed
2006-11-14,ppi,Producer Price Indexes release,October 2006,08:30,bls:sched2006
2006-11-15,fomc_minutes,minutes of 2006-10-25 meeting,,14:00,fed:fomchistorical2006
2006-11-15,vix_expiry,VIX futures/options expiration (SOQ at the open),,09:30,computed
2006-11-16,cpi,Consumer Price Index release,October 2006,08:30,bls:sched2006
2006-11-17,opex,monthly options expiration,,16:00,computed
2006-12-08,nfp,Employment Situation release,November 2006,08:30,bls:sched2006
2006-12-12,fomc_decision,December 12 Meeting - 2006,,14:15,fed:fomchistorical2006
2006-12-15,cpi,Consumer Price Index release,November 2006,08:30,bls:sched2006
2006-12-15,opex,quad witching,,16:00,computed
2006-12-15,quad_witching,quad witching,,16:00,computed
2006-12-19,ppi,Producer Price Indexes release,November 2006,08:30,bls:sched2006
2006-12-20,vix_expiry,VIX futures/options expiration (SOQ at the open),,09:30,computed
2007-01-03,fomc_minutes,minutes of 2006-12-12 meeting,,14:00,fed:fomchistorical2006
2007-01-15,ppi,Producer Price Indexes release,December 2007,08:30,bls:sched2007
2007-01-16,cpi,Consumer Price Index release,December 2007,08:30,bls:sched2007
2007-01-17,vix_expiry,VIX futures/options expiration (SOQ at the open),,09:30,computed
2007-01-19,opex,monthly options expiration,,16:00,computed
2007-01-31,fomc_decision,January 30-31 Meeting - 2007,,14:15,fed:fomchistorical2007
2007-02-02,nfp,Employment Situation release,January 2007,08:30,bls:sched2007
2007-02-14,vix_expiry,VIX futures/options expiration (SOQ at the open),,09:30,computed
2007-02-16,opex,monthly options expiration,,16:00,computed
2007-02-16,ppi,Producer Price Indexes release,January 2007,08:30,bls:sched2007
2007-02-21,cpi,Consumer Price Indexes release,January 2007,08:30,bls:sched2007
2007-02-21,fomc_minutes,minutes of 2007-01-31 meeting,,14:00,fed:fomchistorical2007
2007-03-09,nfp,Employment Situation release,February 2007,08:30,bls:sched2007
2007-03-15,ppi,Producer Price Indexes release,February 2007,08:30,bls:sched2007
2007-03-16,cpi,Consumer Price Index release,February 2007,08:30,bls:sched2007
2007-03-16,opex,quad witching,,16:00,computed
2007-03-16,quad_witching,quad witching,,16:00,computed
2007-03-21,fomc_decision,March 20-21 Meeting - 2007,,14:15,fed:fomchistorical2007
2007-03-21,vix_expiry,VIX futures/options expiration (SOQ at the open),,09:30,computed
2007-04-06,nfp,Employment Situation release,March 2007,08:30,bls:sched2007
2007-04-11,fomc_minutes,minutes of 2007-03-21 meeting,,14:00,fed:fomchistorical2007
2007-04-13,ppi,Producer Price Indexes release,March 2007,08:30,bls:sched2007
2007-04-17,cpi,Consumer Price Index release,March 2007,08:30,bls:sched2007
2007-04-18,vix_expiry,VIX futures/options expiration (SOQ at the open),,09:30,computed
2007-04-20,opex,monthly options expiration,,16:00,computed
2007-05-04,nfp,Employment Situation release,April 2007,08:30,bls:sched2007
2007-05-09,fomc_decision,May 9 Meeting - 2007,,14:15,fed:fomchistorical2007
2007-05-11,ppi,Producer Price Indexes release,April 2007,08:30,bls:sched2007
2007-05-15,cpi,Consumer Price Index release,April 2007,08:30,bls:sched2007
2007-05-16,vix_expiry,VIX futures/options expiration (SOQ at the open),,09:30,computed
2007-05-18,opex,monthly options expiration,,16:00,computed
2007-05-30,fomc_minutes,minutes of 2007-05-09 meeting,,14:00,fed:fomchistorical2007
2007-06-01,nfp,Employment Situation release,May 2007,08:30,bls:sched2007
2007-06-14,ppi,Producer Price Indexes release,May 2007,08:30,bls:sched2007
2007-06-15,cpi,Consumer Price Index release,May 2007,08:30,bls:sched2007
2007-06-15,opex,quad witching,,16:00,computed
2007-06-15,quad_witching,quad witching,,16:00,computed
2007-06-20,vix_expiry,VIX futures/options expiration (SOQ at the open),,09:30,computed
2007-06-28,fomc_decision,June 27-28 Meeting - 2007,,14:15,fed:fomchistorical2007
2007-07-06,nfp,Employment Situation release,June 2007,08:30,bls:sched2007
2007-07-17,ppi,Producer Price Indexes release,June 2007,08:30,bls:sched2007
2007-07-18,cpi,Consumer Price Index release,June 2007,08:30,bls:sched2007
2007-07-18,vix_expiry,VIX futures/options expiration (SOQ at the open),,09:30,computed
2007-07-19,fomc_minutes,minutes of 2007-06-28 meeting,,14:00,fed:fomchistorical2007
2007-07-20,opex,monthly options expiration,,16:00,computed
2007-08-03,nfp,Employment Situation release,July 2007,08:30,bls:sched2007
2007-08-07,fomc_decision,August 7 Meeting - 2007,,14:15,fed:fomchistorical2007
2007-08-14,ppi,Producer Price Indexes release,July 2007,08:30,bls:sched2007
2007-08-15,cpi,Consumer Price Index release,July 2007,08:30,bls:sched2007
2007-08-17,fomc_intermeeting,discount rate cut statement,,,manual
2007-08-17,opex,monthly options expiration,,16:00,computed
2007-08-22,vix_expiry,VIX futures/options expiration (SOQ at the open),,09:30,computed
2007-08-28,fomc_minutes,minutes of 2007-08-07 meeting,,14:00,fed:fomchistorical2007
2007-08-31,jackson_hole,"Jackson Hole symposium Aug 30 - Sep 1, 2007",2007,10:00,manual:kcfed
2007-09-07,nfp,Employment Situation release,August 2007,08:30,bls:sched2007
2007-09-18,fomc_decision,September 18 Meeting - 2007,,14:15,fed:fomchistorical2007
2007-09-18,ppi,Producer Price Indexes release,August 2007,08:30,bls:sched2007
2007-09-19,cpi,Consumer Price Index release,August 2007,08:30,bls:sched2007
2007-09-19,vix_expiry,VIX futures/options expiration (SOQ at the open),,09:30,computed
2007-09-21,opex,quad witching,,16:00,computed
2007-09-21,quad_witching,quad witching,,16:00,computed
2007-10-05,nfp,Employment Situation release,September 2007,08:30,bls:sched2007
2007-10-09,fomc_minutes,minutes of 2007-09-18 meeting,,14:00,fed:fomchistorical2007
2007-10-12,ppi,Producer Price Indexes release,September 2007,08:30,bls:sched2007
2007-10-17,cpi,Consumer Price Index release,September 2007,08:30,bls:sched2007
2007-10-17,vix_expiry,VIX futures/options expiration (SOQ at the open),,09:30,computed
2007-10-19,opex,monthly options expiration,,16:00,computed
2007-10-31,fomc_decision,October 30-31 Meeting - 2007,,14:15,fed:fomchistorical2007
2007-11-02,nfp,Employment Situation release,October 2007,08:30,bls:sched2007
2007-11-14,ppi,Producer Price Indexes release,October 2007,08:30,bls:sched2007
2007-11-15,cpi,Consumer Price Index release,October 2007,08:30,bls:sched2007
2007-11-16,opex,monthly options expiration,,16:00,computed
2007-11-20,fomc_minutes,minutes of 2007-10-31 meeting,,14:00,fed:fomchistorical2007
2007-11-21,vix_expiry,VIX futures/options expiration (SOQ at the open),,09:30,computed
2007-12-07,nfp,Employment Situation release,November 2007,08:30,bls:sched2007
2007-12-11,fomc_decision,December 11 Meeting - 2007,,14:15,fed:fomchistorical2007
2007-12-13,ppi,Producer Price Indexes release,November 2007,08:30,bls:sched2007
2007-12-14,cpi,Consumer Price Index release,November 2007,08:30,bls:sched2007
2007-12-19,vix_expiry,VIX futures/options expiration (SOQ at the open),,09:30,computed
2007-12-21,opex,quad witching,,16:00,computed
2007-12-21,quad_witching,quad witching,,16:00,computed
2008-01-02,fomc_minutes,minutes of 2007-12-11 meeting,,14:00,fed:fomchistorical2007
2008-01-04,nfp,Employment Situation release,December 2007,08:30,bls:sched2007
2008-01-16,vix_expiry,VIX futures/options expiration (SOQ at the open),,09:30,computed
2008-01-18,opex,monthly options expiration,,16:00,computed
2008-01-22,fomc_intermeeting,surprise 75bp cut (pre-open),,,manual
2008-01-30,fomc_decision,January 29-30 Meeting - 2008,,14:15,fed:fomchistorical2008
2008-02-01,nfp,Employment Situation release,January 2008,08:30,bls:sched2008
2008-02-15,opex,monthly options expiration,,16:00,computed
2008-02-19,vix_expiry,VIX futures/options expiration (SOQ at the open),,09:30,computed
2008-02-20,cpi,Consumer Price Index release,January 2008,08:30,bls:sched2008
2008-02-20,fomc_minutes,minutes of 2008-01-30 meeting,,14:00,fed:fomchistorical2008
2008-02-26,ppi,Producer Price Index release,January 2008,08:30,bls:sched2008
2008-03-07,nfp,Employment Situation release,February 2008,08:30,bls:sched2008
2008-03-14,cpi,Consumer Price Index release,February 2008,08:30,bls:sched2008
2008-03-18,fomc_decision,March 18 Meeting - 2008,,14:15,fed:fomchistorical2008
2008-03-18,ppi,Producer Price Index release,February 2008,08:30,bls:sched2008
2008-03-19,vix_expiry,VIX futures/options expiration (SOQ at the open),,09:30,computed
2008-03-20,opex,quad witching,,16:00,computed
2008-03-20,quad_witching,quad witching,,16:00,computed
2008-04-04,nfp,Employment Situation release,March 2008,08:30,bls:sched2008
2008-04-08,fomc_minutes,minutes of 2008-03-18 meeting,,14:00,fed:fomchistorical2008
2008-04-15,ppi,Producer Price Index release,March 2008,08:30,bls:sched2008
2008-04-16,cpi,Consumer Price Index release,March 2008,08:30,bls:sched2008
2008-04-16,vix_expiry,VIX futures/options expiration (SOQ at the open),,09:30,computed
2008-04-18,opex,monthly options expiration,,16:00,computed
2008-04-30,fomc_decision,April 29-30 Meeting - 2008,,14:15,fed:fomchistorical2008
2008-05-02,nfp,Employment Situation release,April 2008,08:30,bls:sched2008
2008-05-14,cpi,Consumer Price Index release,April 2008,08:30,bls:sched2008
2008-05-16,opex,monthly options expiration,,16:00,computed
2008-05-20,ppi,Producer Price Index release,April 2008,08:30,bls:sched2008
2008-05-21,fomc_minutes,minutes of 2008-04-30 meeting,,14:00,fed:fomchistorical2008
2008-05-21,vix_expiry,VIX futures/options expiration (SOQ at the open),,09:30,computed
2008-06-06,nfp,Employment Situation release,May 2008,08:30,bls:sched2008
2008-06-13,cpi,Consumer Price Index release,May 2008,08:30,bls:sched2008
2008-06-17,ppi,Producer Price Index release,May 2008,08:30,bls:sched2008
2008-06-18,vix_expiry,VIX futures/options expiration (SOQ at the open),,09:30,computed
2008-06-20,opex,quad witching,,16:00,computed
2008-06-20,quad_witching,quad witching,,16:00,computed
2008-06-25,fomc_decision,June 24-25 Meeting - 2008,,14:15,fed:fomchistorical2008
2008-07-03,nfp,Employment Situation release,June 2008,08:30,bls:sched2008
2008-07-15,ppi,Producer Price Index release,June 2008,08:30,bls:sched2008
2008-07-16,cpi,Consumer Price Index release,June 2008,08:30,bls:sched2008
2008-07-16,fomc_minutes,minutes of 2008-06-25 meeting,,14:00,fed:fomchistorical2008
2008-07-16,vix_expiry,VIX futures/options expiration (SOQ at the open),,09:30,computed
2008-07-18,opex,monthly options expiration,,16:00,computed
2008-08-01,nfp,Employment Situation release,July 2008,08:30,bls:sched2008
2008-08-05,fomc_decision,August 5 Meeting - 2008,,14:15,fed:fomchistorical2008
2008-08-14,cpi,Consumer Price Index release,July 2008,08:30,bls:sched2008
2008-08-15,opex,monthly options expiration,,16:00,computed
2008-08-19,ppi,Producer Price Index release,July 2008,08:30,bls:sched2008
2008-08-20,vix_expiry,VIX futures/options expiration (SOQ at the open),,09:30,computed
2008-08-22,jackson_hole,"Jackson Hole symposium Aug 21-23, 2008",2008,10:00,manual:kcfed
2008-08-26,fomc_minutes,minutes of 2008-08-05 meeting,,14:00,fed:fomchistorical2008
2008-09-05,nfp,Employment Situation release,August 2008,08:30,bls:sched2008
2008-09-12,ppi,Producer Price Index release,August 2008,08:30,bls:sched2008
2008-09-16,cpi,Consumer Price Index release,August 2008,08:30,bls:sched2008
2008-09-16,fomc_decision,September 16 Meeting - 2008,,14:15,fed:fomchistorical2008
2008-09-17,vix_expiry,VIX futures/options expiration (SOQ at the open),,09:30,computed
2008-09-19,opex,quad witching,,16:00,computed
2008-09-19,quad_witching,quad witching,,16:00,computed
2008-10-03,nfp,Employment Situation release,September 2008,08:30,bls:sched2008
2008-10-07,fomc_minutes,minutes of 2008-09-16 meeting,,14:00,fed:fomchistorical2008
2008-10-08,fomc_intermeeting,coordinated global 50bp cut,,,manual
2008-10-15,ppi,Producer Price Index release,September 2008,08:30,bls:sched2008
2008-10-16,cpi,Consumer Price Index release,September 2008,08:30,bls:sched2008
2008-10-17,opex,monthly options expiration,,16:00,computed
2008-10-22,vix_expiry,VIX futures/options expiration (SOQ at the open),,09:30,computed
2008-10-29,fomc_decision,October 28-29 Meeting - 2008,,14:15,fed:fomchistorical2008
2008-11-04,election,US general election (presidential),,,computed
2008-11-07,nfp,Employment Situation release,October 2008,08:30,bls:sched2008
2008-11-18,ppi,Producer Price Index release,October 2008,08:30,bls:sched2008
2008-11-19,cpi,Consumer Price Index release,October 2008,08:30,bls:sched2008
2008-11-19,fomc_minutes,minutes of 2008-10-29 meeting,,14:00,fed:fomchistorical2008
2008-11-19,vix_expiry,VIX futures/options expiration (SOQ at the open),,09:30,computed
2008-11-21,opex,monthly options expiration,,16:00,computed
2008-12-05,nfp,Employment Situation release,November 2008,08:30,bls:sched2008
2008-12-12,ppi,Producer Price Index release,November 2008,08:30,bls:sched2008
2008-12-16,cpi,Consumer Price Index release,November 2008,08:30,bls:sched2008
2008-12-16,fomc_decision,December 15-16 Meeting - 2008,,14:15,fed:fomchistorical2008
2008-12-17,vix_expiry,VIX futures/options expiration (SOQ at the open),,09:30,computed
2008-12-19,opex,quad witching,,16:00,computed
2008-12-19,quad_witching,quad witching,,16:00,computed
2009-01-06,fomc_minutes,minutes of 2008-12-16 meeting,,14:00,fed:fomchistorical2008
2009-01-09,nfp,Employment Situation release,December 2008,08:30,bls:sched2009
2009-01-15,ppi,Producer Price Index release,December 2008,08:30,bls:sched2009
2009-01-16,cpi,Consumer Price Index release,December 2008,08:30,bls:sched2009
2009-01-16,opex,monthly options expiration,,16:00,computed
2009-01-21,vix_expiry,VIX futures/options expiration (SOQ at the open),,09:30,computed
2009-01-28,fomc_decision,January 27-28 Meeting - 2009,,14:15,fed:fomchistorical2009
2009-02-06,nfp,Employment Situation release,January 2009,08:30,bls:sched2009
2009-02-18,fomc_minutes,minutes of 2009-01-28 meeting,,14:00,fed:fomchistorical2009
2009-02-18,vix_expiry,VIX futures/options expiration (SOQ at the open),,09:30,computed
2009-02-19,ppi,Producer Price Index release,January 2009,08:30,bls:sched2009
2009-02-20,cpi,Consumer Price Index release,January 2009,08:30,bls:sched2009
2009-02-20,opex,monthly options expiration,,16:00,computed
2009-03-06,nfp,Employment Situation release,February 2009,08:30,bls:sched2009
2009-03-17,ppi,Producer Price Index release,February 2009,08:30,bls:sched2009
2009-03-18,cpi,Consumer Price Index release,February 2009,08:30,bls:sched2009
2009-03-18,fomc_decision,March 17-18 Meeting - 2009,,14:15,fed:fomchistorical2009
2009-03-18,vix_expiry,VIX futures/options expiration (SOQ at the open),,09:30,computed
2009-03-20,opex,quad witching,,16:00,computed
2009-03-20,quad_witching,quad witching,,16:00,computed
2009-04-03,nfp,Employment Situation release,March 2009,08:30,bls:sched2009
2009-04-08,fomc_minutes,minutes of 2009-03-18 meeting,,14:00,fed:fomchistorical2009
2009-04-14,ppi,Producer Price Index release,March 2009,08:30,bls:sched2009
2009-04-15,cpi,Consumer Price Index release,March 2009,08:30,bls:sched2009
2009-04-15,vix_expiry,VIX futures/options expiration (SOQ at the open),,09:30,computed
2009-04-17,opex,monthly options expiration,,16:00,computed
2009-04-29,fomc_decision,April 28-29 Meeting - 2009,,14:15,fed:fomchistorical2009
2009-05-08,nfp,Employment Situation release,April 2009,08:30,bls:sched2009
2009-05-14,ppi,Producer Price Index release,April 2009,08:30,bls:sched2009
2009-05-15,cpi,Consumer Price Index release,April 2009,08:30,bls:sched2009
2009-05-15,opex,monthly options expiration,,16:00,computed
2009-05-20,fomc_minutes,minutes of 2009-04-29 meeting,,14:00,fed:fomchistorical2009
2009-05-20,vix_expiry,VIX futures/options expiration (SOQ at the open),,09:30,computed
2009-06-05,nfp,Employment Situation release,May 2009,08:30,bls:sched2009
2009-06-16,ppi,Producer Price Index release,May 2009,08:30,bls:sched2009
2009-06-17,cpi,Consumer Price Index release,May 2009,08:30,bls:sched2009
2009-06-17,vix_expiry,VIX futures/options expiration (SOQ at the open),,09:30,computed
2009-06-19,opex,quad witching,,16:00,computed
2009-06-19,quad_witching,quad witching,,16:00,computed
2009-06-24,fomc_decision,June 23-24 Meeting - 2009,,14:15,fed:fomchistorical2009
2009-07-02,nfp,Employment Situation release,June 2009,08:30,bls:sched2009
2009-07-14,ppi,Producer Price Index release,June 2009,08:30,bls:sched2009
2009-07-15,cpi,Consumer Price Index release,June 2009,08:30,bls:sched2009
2009-07-15,fomc_minutes,minutes of 2009-06-24 meeting,,14:00,fed:fomchistorical2009
2009-07-17,opex,monthly options expiration,,16:00,computed
2009-07-22,vix_expiry,VIX futures/options expiration (SOQ at the open),,09:30,computed
2009-08-07,nfp,Employment Situation release,July 2009,08:30,bls:sched2009
2009-08-12,fomc_decision,August 11-12 Meeting - 2009,,14:15,fed:fomchistorical2009
2009-08-14,cpi,Consumer Price Index release,July 2009,08:30,bls:sched2009
2009-08-18,ppi,Producer Price Index release,July 2009,08:30,bls:sched2009
2009-08-19,vix_expiry,VIX futures/options expiration (SOQ at the open),,09:30,computed
2009-08-21,jackson_hole,"Jackson Hole symposium Aug 20-22, 2009",2009,10:00,manual:kcfed
2009-08-21,opex,monthly options expiration,,16:00,computed
2009-09-02,fomc_minutes,minutes of 2009-08-12 meeting,,14:00,fed:fomchistorical2009
2009-09-04,nfp,Employment Situation release,August 2009,08:30,bls:sched2009
2009-09-15,ppi,Producer Price Index release,August 2009,08:30,bls:sched2009
2009-09-16,cpi,Consumer Price Index release,August 2009,08:30,bls:sched2009
2009-09-16,vix_expiry,VIX futures/options expiration (SOQ at the open),,09:30,computed
2009-09-18,opex,quad witching,,16:00,computed
2009-09-18,quad_witching,quad witching,,16:00,computed
2009-09-23,fomc_decision,September 22-23 Meeting - 2009,,14:15,fed:fomchistorical2009
2009-10-02,nfp,Employment Situation release,September 2009,08:30,bls:sched2009
2009-10-14,fomc_minutes,minutes of 2009-09-23 meeting,,14:00,fed:fomchistorical2009
2009-10-15,cpi,Consumer Price Index release,September 2009,08:30,bls:sched2009
2009-10-16,opex,monthly options expiration,,16:00,computed
2009-10-20,ppi,Producer Price Index release,September 2009,08:30,bls:sched2009
2009-10-21,vix_expiry,VIX futures/options expiration (SOQ at the open),,09:30,computed
2009-11-04,fomc_decision,November 3-4 Meeting - 2009,,14:15,fed:fomchistorical2009
2009-11-06,nfp,Employment Situation release,October 2009,08:30,bls:sched2009
2009-11-17,ppi,Producer Price Index release,October 2009,08:30,bls:sched2009
2009-11-18,cpi,Consumer Price Index release,October 2009,08:30,bls:sched2009
2009-11-18,vix_expiry,VIX futures/options expiration (SOQ at the open),,09:30,computed
2009-11-20,opex,monthly options expiration,,16:00,computed
2009-11-24,fomc_minutes,minutes of 2009-11-04 meeting,,14:00,fed:fomchistorical2009
2009-12-04,nfp,Employment Situation release,November 2009,08:30,bls:sched2009
2009-12-15,ppi,Producer Price Index release,November 2009,08:30,bls:sched2009
2009-12-16,cpi,Consumer Price Index release,November 2009,08:30,bls:sched2009
2009-12-16,fomc_decision,December 15-16 Meeting - 2009,,14:15,fed:fomchistorical2009
2009-12-16,vix_expiry,VIX futures/options expiration (SOQ at the open),,09:30,computed
2009-12-18,opex,quad witching,,16:00,computed
2009-12-18,quad_witching,quad witching,,16:00,computed
2010-01-06,fomc_minutes,minutes of 2009-12-16 meeting,,14:00,fed:fomchistorical2009
2010-01-08,nfp,Employment Situation release,December 2009,08:30,bls:sched2010
2010-01-15,cpi,Consumer Price Index release,December 2009,08:30,bls:sched2010
2010-01-15,opex,monthly options expiration,,16:00,computed
2010-01-20,ppi,Producer Price Index release,December 2009,08:30,bls:sched2010
2010-01-20,vix_expiry,VIX futures/options expiration (SOQ at the open),,09:30,computed
2010-01-27,fomc_decision,January 26-27 Meeting - 2010,,14:15,fed:fomchistorical2010
2010-02-05,nfp,Employment Situation release,January 2010,08:30,bls:sched2010
2010-02-17,fomc_minutes,minutes of 2010-01-27 meeting,,14:00,fed:fomchistorical2010
2010-02-17,vix_expiry,VIX futures/options expiration (SOQ at the open),,09:30,computed
2010-02-18,ppi,Producer Price Index release,January 2010,08:30,bls:sched2010
2010-02-19,cpi,Consumer Price Index release,January 2010,08:30,bls:sched2010
2010-02-19,opex,monthly options expiration,,16:00,computed
2010-03-05,nfp,Employment Situation release,February 2010,08:30,bls:sched2010
2010-03-16,fomc_decision,March 16 Meeting - 2010,,14:15,fed:fomchistorical2010
2010-03-17,ppi,Producer Price Index release,February 2010,08:30,bls:sched2010
2010-03-17,vix_expiry,VIX futures/options expiration (SOQ at the open),,09:30,computed
2010-03-18,cpi,Consumer Price Index release,February 2010,08:30,bls:sched2010
2010-03-19,opex,quad witching,,16:00,computed
2010-03-19,quad_witching,quad witching,,16:00,computed
2010-04-02,nfp,Employment Situation release,March 2010,08:30,bls:sched2010
2010-04-06,fomc_minutes,minutes of 2010-03-16 meeting,,14:00,fed:fomchistorical2010
2010-04-14,cpi,Consumer Price Index release,March 2010,08:30,bls:sched2010
2010-04-16,opex,monthly options expiration,,16:00,computed
2010-04-21,vix_expiry,VIX futures/options expiration (SOQ at the open),,09:30,computed
2010-04-22,ppi,Producer Price Index release,March 2010,08:30,bls:sched2010
2010-04-28,fomc_decision,April 27-28 Meeting - 2010,,14:15,fed:fomchistorical2010
2010-05-07,nfp,Employment Situation release,April 2010,08:30,bls:sched2010
2010-05-18,ppi,Producer Price Index release,April 2010,08:30,bls:sched2010
2010-05-19,cpi,Consumer Price Index release,April 2010,08:30,bls:sched2010
2010-05-19,fomc_minutes,minutes of 2010-04-28 meeting,,14:00,fed:fomchistorical2010
2010-05-19,vix_expiry,VIX futures/options expiration (SOQ at the open),,09:30,computed
2010-05-21,opex,monthly options expiration,,16:00,computed
2010-06-04,nfp,Employment Situation release,May 2010,08:30,bls:sched2010
2010-06-16,ppi,Producer Price Index release,May 2010,08:30,bls:sched2010
2010-06-16,vix_expiry,VIX futures/options expiration (SOQ at the open),,09:30,computed
2010-06-17,cpi,Consumer Price Index release,May 2010,08:30,bls:sched2010
2010-06-18,opex,quad witching,,16:00,computed
2010-06-18,quad_witching,quad witching,,16:00,computed
2010-06-23,fomc_decision,June 22-23 Meeting - 2010,,14:15,fed:fomchistorical2010
2010-07-02,nfp,Employment Situation release,June 2010,08:30,bls:sched2010
2010-07-14,fomc_minutes,minutes of 2010-06-23 meeting,,14:00,fed:fomchistorical2010
2010-07-15,ppi,Producer Price Index release,June 2010,08:30,bls:sched2010
2010-07-16,cpi,Consumer Price Index release,June 2010,08:30,bls:sched2010
2010-07-16,opex,monthly options expiration,,16:00,computed
2010-07-21,vix_expiry,VIX futures/options expiration (SOQ at the open),,09:30,computed
2010-08-06,nfp,Employment Situation release,July 2010,08:30,bls:sched2010
2010-08-10,fomc_decision,August 10 Meeting - 2010,,14:15,fed:fomchistorical2010
2010-08-13,cpi,Consumer Price Index release,July 2010,08:30,bls:sched2010
2010-08-17,ppi,Producer Price Index release,July 2010,08:30,bls:sched2010
2010-08-18,vix_expiry,VIX futures/options expiration (SOQ at the open),,09:30,computed
2010-08-20,opex,monthly options expiration,,16:00,computed
2010-08-27,jackson_hole,"Jackson Hole symposium Aug 26-28, 2010",2010,10:00,manual:kcfed
2010-08-31,fomc_minutes,minutes of 2010-08-10 meeting,,14:00,fed:fomchistorical2010
2010-09-03,nfp,Employment Situation release,August 2010,08:30,bls:sched2010
2010-09-15,vix_expiry,VIX futures/options expiration (SOQ at the open),,09:30,computed
2010-09-16,ppi,Producer Price Index release,August 2010,08:30,bls:sched2010
2010-09-17,cpi,Consumer Price Index release,August 2010,08:30,bls:sched2010
2010-09-17,opex,quad witching,,16:00,computed
2010-09-17,quad_witching,quad witching,,16:00,computed
2010-09-21,fomc_decision,September 21 Meeting - 2010,,14:15,fed:fomchistorical2010
2010-10-08,nfp,Employment Situation release,September 2010,08:30,bls:sched2010
2010-10-12,fomc_minutes,minutes of 2010-09-21 meeting,,14:00,fed:fomchistorical2010
2010-10-14,ppi,Producer Price Index release,September 2010,08:30,bls:sched2010
2010-10-15,cpi,Consumer Price Index release,September 2010,08:30,bls:sched2010
2010-10-15,opex,monthly options expiration,,16:00,computed
2010-10-20,vix_expiry,VIX futures/options expiration (SOQ at the open),,09:30,computed
2010-11-02,election,US general election (midterm),,,computed
2010-11-03,fomc_decision,November 2-3 Meeting - 2010,,14:15,fed:fomchistorical2010
2010-11-05,nfp,Employment Situation release,October 2010,08:30,bls:sched2010
2010-11-16,ppi,Producer Price Index release,October 2010,08:30,bls:sched2010
2010-11-17,cpi,Consumer Price Index release,October 2010,08:30,bls:sched2010
2010-11-17,vix_expiry,VIX futures/options expiration (SOQ at the open),,09:30,computed
2010-11-19,opex,monthly options expiration,,16:00,computed
2010-11-23,fomc_minutes,minutes of 2010-11-03 meeting,,14:00,fed:fomchistorical2010
2010-12-03,nfp,Employment Situation release,November 2010,08:30,bls:sched2010
2010-12-14,fomc_decision,December 14 Meeting - 2010,,14:15,fed:fomchistorical2010
2010-12-14,ppi,Producer Price Index release,November 2010,08:30,bls:sched2010
2010-12-15,cpi,Consumer Price Index release,November 2010,08:30,bls:sched2010
2010-12-17,opex,quad witching,,16:00,computed
2010-12-17,quad_witching,quad witching,,16:00,computed
2010-12-22,vix_expiry,VIX futures/options expiration (SOQ at the open),,09:30,computed
2011-01-04,fomc_minutes,minutes of 2010-12-14 meeting,,14:00,fed:fomchistorical2010
2011-01-07,nfp,Employment Situation release,December 2010,08:30,bls:sched2011
2011-01-13,ppi,Producer Price Index release,December 2010,08:30,bls:sched2011
2011-01-14,cpi,Consumer Price Index release,December 2010,08:30,bls:sched2011
2011-01-19,vix_expiry,VIX futures/options expiration (SOQ at the open),,09:30,computed
2011-01-21,opex,monthly options expiration,,16:00,computed
2011-01-26,fomc_decision,January 25-26 Meeting - 2011,,14:15,fed:fomchistorical2011
2011-02-04,nfp,Employment Situation release,January 2011,08:30,bls:sched2011
2011-02-16,fomc_minutes,minutes of 2011-01-26 meeting,,14:00,fed:fomchistorical2011
2011-02-16,ppi,Producer Price Index release,January 2011,08:30,bls:sched2011
2011-02-16,vix_expiry,VIX futures/options expiration (SOQ at the open),,09:30,computed
2011-02-17,cpi,Consumer Price Index release,January 2011,08:30,bls:sched2011
2011-02-18,opex,monthly options expiration,,16:00,computed
2011-03-04,nfp,Employment Situation release,February 2011,08:30,bls:sched2011
2011-03-15,fomc_decision,March 15 Meeting - 2011,,14:15,fed:fomchistorical2011
2011-03-16,ppi,Producer Price Index release,February 2011,08:30,bls:sched2011
2011-03-16,vix_expiry,VIX futures/options expiration (SOQ at the open),,09:30,computed
2011-03-17,cpi,Consumer Price Index release,February 2011,08:30,bls:sched2011
2011-03-18,opex,quad witching,,16:00,computed
2011-03-18,quad_witching,quad witching,,16:00,computed
2011-04-01,nfp,Employment Situation release,March 2011,08:30,bls:sched2011
2011-04-05,fomc_minutes,minutes of 2011-03-15 meeting,,14:00,fed:fomchistorical2011
2011-04-14,ppi,Producer Price Index release,March 2011,08:30,bls:sched2011
2011-04-15,cpi,Consumer Price Index release,March 2011,08:30,bls:sched2011
2011-04-15,opex,monthly options expiration,,16:00,computed
2011-04-20,vix_expiry,VIX futures/options expiration (SOQ at the open),,09:30,computed
2011-04-27,fomc_decision,April 26-27 Meeting - 2011,,14:15,fed:fomchistorical2011
2011-05-06,nfp,Employment Situation release,April 2011,08:30,bls:sched2011
2011-05-12,ppi,Producer Price Index release,April 2011,08:30,bls:sched2011
2011-05-13,cpi,Consumer Price Index release,April 2011,08:30,bls:sched2011
2011-05-18,fomc_minutes,minutes of 2011-04-27 meeting,,14:00,fed:fomchistorical2011
2011-05-18,vix_expiry,VIX futures/options expiration (SOQ at the open),,09:30,computed
2011-05-20,opex,monthly options expiration,,16:00,computed
2011-06-03,nfp,Employment Situation release,May 2011,08:30,bls:sched2011
2011-06-14,ppi,Producer Price Index release,May 2011,08:30,bls:sched2011
2011-06-15,cpi,Consumer Price Index release,May 2011,08:30,bls:sched2011
2011-06-15,vix_expiry,VIX futures/options expiration (SOQ at the open),,09:30,computed
2011-06-17,opex,quad witching,,16:00,computed
2011-06-17,quad_witching,quad witching,,16:00,computed
2011-06-22,fomc_decision,June 21-22 Meeting - 2011,,14:15,fed:fomchistorical2011
2011-07-08,nfp,Employment Situation release,June 2011,08:30,bls:sched2011
2011-07-12,fomc_minutes,minutes of 2011-06-22 meeting,,14:00,fed:fomchistorical2011
2011-07-14,ppi,Producer Price Index release,June 2011,08:30,bls:sched2011
2011-07-15,cpi,Consumer Price Index release,June 2011,08:30,bls:sched2011
2011-07-15,opex,monthly options expiration,,16:00,computed
2011-07-20,vix_expiry,VIX futures/options expiration (SOQ at the open),,09:30,computed
2011-08-05,nfp,Employment Situation release,July 2011,08:30,bls:sched2011
2011-08-09,fomc_decision,August 9 Meeting - 2011,,14:15,fed:fomchistorical2011
2011-08-17,ppi,Producer Price Index release,July 2011,08:30,bls:sched2011
2011-08-17,vix_expiry,VIX futures/options expiration (SOQ at the open),,09:30,computed
2011-08-18,cpi,Consumer Price Index release,July 2011,08:30,bls:sched2011
2011-08-19,opex,monthly options expiration,,16:00,computed
2011-08-26,jackson_hole,"Jackson Hole symposium Aug 25-27, 2011",2011,10:00,manual:kcfed
2011-08-30,fomc_minutes,minutes of 2011-08-09 meeting,,14:00,fed:fomchistorical2011
2011-09-02,nfp,Employment Situation release,August 2011,08:30,bls:sched2011
2011-09-14,ppi,Producer Price Index release,August 2011,08:30,bls:sched2011
2011-09-15,cpi,Consumer Price Index release,August 2011,08:30,bls:sched2011
2011-09-16,opex,quad witching,,16:00,computed
2011-09-16,quad_witching,quad witching,,16:00,computed
2011-09-21,fomc_decision,September 20-21 Meeting - 2011,,14:15,fed:fomchistorical2011
2011-09-21,vix_expiry,VIX futures/options expiration (SOQ at the open),,09:30,computed
2011-10-07,nfp,Employment Situation release,September 2011,08:30,bls:sched2011
2011-10-12,fomc_minutes,minutes of 2011-09-21 meeting,,14:00,fed:fomchistorical2011
2011-10-18,ppi,Producer Price Index release,September 2011,08:30,bls:sched2011
2011-10-19,cpi,Consumer Price Index release,September 2011,08:30,bls:sched2011
2011-10-19,vix_expiry,VIX futures/options expiration (SOQ at the open),,09:30,computed
2011-10-21,opex,monthly options expiration,,16:00,computed
2011-11-02,fomc_decision,November 1-2 Meeting - 2011,,14:15,fed:fomchistorical2011
2011-11-04,nfp,Employment Situation release,October 2011,08:30,bls:sched2011
2011-11-15,ppi,Producer Price Index release,October 2011,08:30,bls:sched2011
2011-11-16,cpi,Consumer Price Index release,October 2011,08:30,bls:sched2011
2011-11-16,vix_expiry,VIX futures/options expiration (SOQ at the open),,09:30,computed
2011-11-18,opex,monthly options expiration,,16:00,computed
2011-11-22,fomc_minutes,minutes of 2011-11-02 meeting,,14:00,fed:fomchistorical2011
2011-12-02,nfp,Employment Situation release,November 2011,08:30,bls:sched2011
2011-12-13,fomc_decision,December 13 Meeting - 2011,,14:15,fed:fomchistorical2011
2011-12-15,ppi,Producer Price Index release,November 2011,08:30,bls:sched2011
2011-12-16,cpi,Consumer Price Index release,November 2011,08:30,bls:sched2011
2011-12-16,opex,quad witching,,16:00,computed
2011-12-16,quad_witching,quad witching,,16:00,computed
2011-12-21,vix_expiry,VIX futures/options expiration (SOQ at the open),,09:30,computed
2012-01-03,fomc_minutes,minutes of 2011-12-13 meeting,,14:00,fed:fomchistorical2011
2012-01-06,nfp,Employment Situation release,December 2011,08:30,bls:sched2012
2012-01-18,ppi,Producer Price Index release,December 2011,08:30,bls:sched2012
2012-01-18,vix_expiry,VIX futures/options expiration (SOQ at the open),,09:30,computed
2012-01-19,cpi,Consumer Price Index release,December 2011,08:30,bls:sched2012
2012-01-20,opex,monthly options expiration,,16:00,computed
2012-01-25,fomc_decision,January 24-25 Meeting - 2012,,14:15,fed:fomchistorical2012
2012-02-03,nfp,Employment Situation release,January 2012,08:30,bls:sched2012
2012-02-15,fomc_minutes,minutes of 2012-01-25 meeting,,14:00,fed:fomchistorical2012
2012-02-15,vix_expiry,VIX futures/options expiration (SOQ at the open),,09:30,computed
2012-02-16,ppi,Producer Price Index release,January 2012,08:30,bls:sched2012
2012-02-17,cpi,Consumer Price Index release,January 2012,08:30,bls:sched2012
2012-02-17,opex,monthly options expiration,,16:00,computed
2012-03-09,nfp,Employment Situation release,February 2012,08:30,bls:sched2012
2012-03-13,fomc_decision,March 13 Meeting - 2012,,14:15,fed:fomchistorical2012
2012-03-15,ppi,Producer Price Index release,February 2012,08:30,bls:sched2012
2012-03-16,cpi,Consumer Price Index release,February 2012,08:30,bls:sched2012
2012-03-16,opex,quad witching,,16:00,computed
2012-03-16,quad_witching,quad witching,,16:00,computed
2012-03-21,vix_expiry,VIX futures/options expiration (SOQ at the open),,09:30,computed
2012-04-03,fomc_minutes,minutes of 2012-03-13 meeting,,14:00,fed:fomchistorical2012
2012-04-06,nfp,Employment Situation release,March 2012,08:30,bls:sched2012
2012-04-12,ppi,Producer Price Index release,March 2012,08:30,bls:sched2012
2012-04-13,cpi,Consumer Price Index release,March 2012,08:30,bls:sched2012
2012-04-18,vix_expiry,VIX futures/options expiration (SOQ at the open),,09:30,computed
2012-04-20,opex,monthly options expiration,,16:00,computed
2012-04-25,fomc_decision,April 24-25 Meeting - 2012,,14:15,fed:fomchistorical2012
2012-05-04,nfp,Employment Situation release,April 2012,08:30,bls:sched2012
2012-05-11,ppi,Producer Price Index release,April 2012,08:30,bls:sched2012
2012-05-15,cpi,Consumer Price Index release,April 2012,08:30,bls:sched2012
2012-05-16,fomc_minutes,minutes of 2012-04-25 meeting,,14:00,fed:fomchistorical2012
2012-05-16,vix_expiry,VIX futures/options expiration (SOQ at the open),,09:30,computed
2012-05-18,opex,monthly options expiration,,16:00,computed
2012-06-01,nfp,Employment Situation release,May 2012,08:30,bls:sched2012
2012-06-13,ppi,Producer Price Index release,May 2012,08:30,bls:sched2012
2012-06-14,cpi,Consumer Price Index release,May 2012,08:30,bls:sched2012
2012-06-15,opex,quad witching,,16:00,computed
2012-06-15,quad_witching,quad witching,,16:00,computed
2012-06-20,fomc_decision,June 19-20 Meeting - 2012,,14:15,fed:fomchistorical2012
2012-06-20,vix_expiry,VIX futures/options expiration (SOQ at the open),,09:30,computed
2012-07-06,nfp,Employment Situation release,June 2012,08:30,bls:sched2012
2012-07-11,fomc_minutes,minutes of 2012-06-20 meeting,,14:00,fed:fomchistorical2012
2012-07-13,ppi,Producer Price Index release,June 2012,08:30,bls:sched2012
2012-07-17,cpi,Consumer Price Index release,June 2012,08:30,bls:sched2012
2012-07-18,vix_expiry,VIX futures/options expiration (SOQ at the open),,09:30,computed
2012-07-20,opex,monthly options expiration,,16:00,computed
2012-08-01,fomc_decision,July 31-August 1  Meeting - 2012,,14:15,fed:fomchistorical2012
2012-08-03,nfp,Employment Situation release,July 2012,08:30,bls:sched2012
2012-08-14,ppi,Producer Price Index release,July 2012,08:30,bls:sched2012
2012-08-15,cpi,Consumer Price Index release,July 2012,08:30,bls:sched2012
2012-08-17,opex,monthly options expiration,,16:00,computed
2012-08-22,fomc_minutes,minutes of 2012-08-01 meeting,,14:00,fed:fomchistorical2012
2012-08-22,vix_expiry,VIX futures/options expiration (SOQ at the open),,09:30,computed
2012-08-31,jackson_hole,"Jackson Hole symposium Aug 30 - Sep 1, 2012",2012,10:00,manual:kcfed
2012-09-07,nfp,Employment Situation release,August 2012,08:30,bls:sched2012
2012-09-13,fomc_decision,September 12-13 Meeting - 2012,,14:15,fed:fomchistorical2012
2012-09-13,ppi,Producer Price Index release,August 2012,08:30,bls:sched2012
2012-09-14,cpi,Consumer Price Index release,August 2012,08:30,bls:sched2012
2012-09-19,vix_expiry,VIX futures/options expiration (SOQ at the open),,09:30,computed
2012-09-21,opex,quad witching,,16:00,computed
2012-09-21,quad_witching,quad witching,,16:00,computed
2012-10-04,fomc_minutes,minutes of 2012-09-13 meeting,,14:00,fed:fomchistorical2012
2012-10-05,nfp,Employment Situation release,September 2012,08:30,bls:sched2012
2012-10-12,ppi,Producer Price Index release,September 2012,08:30,bls:sched2012
2012-10-16,cpi,Consumer Price Index release,September 2012,08:30,bls:sched2012
2012-10-17,vix_expiry,VIX futures/options expiration (SOQ at the open),,09:30,computed
2012-10-19,opex,monthly options expiration,,16:00,computed
2012-10-24,fomc_decision,October 23-24 Meeting - 2012,,14:15,fed:fomchistorical2012
2012-11-02,nfp,Employment Situation release,October 2012,08:30,bls:sched2012
2012-11-06,election,US general election (presidential),,,computed
2012-11-14,fomc_minutes,minutes of 2012-10-24 meeting,,14:00,fed:fomchistorical2012
2012-11-14,ppi,Producer Price Index release,October 2012,08:30,bls:sched2012
2012-11-15,cpi,Consumer Price Index release,October 2012,08:30,bls:sched2012
2012-11-16,opex,monthly options expiration,,16:00,computed
2012-11-21,vix_expiry,VIX futures/options expiration (SOQ at the open),,09:30,computed
2012-12-07,nfp,Employment Situation release,November 2012,08:30,bls:sched2012
2012-12-12,fomc_decision,December 11-12 Meeting - 2012,,14:15,fed:fomchistorical2012
2012-12-13,ppi,Producer Price Index release,November 2012,08:30,bls:sched2012
2012-12-14,cpi,Consumer Price Index release,November 2012,08:30,bls:sched2012
2012-12-19,vix_expiry,VIX futures/options expiration (SOQ at the open),,09:30,computed
2012-12-21,opex,quad witching,,16:00,computed
2012-12-21,quad_witching,quad witching,,16:00,computed
2013-01-03,fomc_minutes,minutes of 2012-12-12 meeting,,14:00,fed:fomchistorical2012
2013-01-04,nfp,Employment Situation release,December 2012,08:30,bls:sched2013
2013-01-15,ppi,Producer Price Index release,December 2012,08:30,bls:sched2013
2013-01-16,cpi,Consumer Price Index release,December 2012,08:30,bls:sched2013
2013-01-16,vix_expiry,VIX futures/options expiration (SOQ at the open),,09:30,computed
2013-01-18,opex,monthly options expiration,,16:00,computed
2013-01-30,fomc_decision,January 29-30 Meeting - 2013,,14:00,fed:fomchistorical2013
2013-02-01,nfp,Employment Situation release,January 2013,08:30,bls:sched2013
2013-02-13,vix_expiry,VIX futures/options expiration (SOQ at the open),,09:30,computed
2013-02-15,opex,monthly options expiration,,16:00,computed
2013-02-20,fomc_minutes,minutes of 2013-01-30 meeting,,14:00,fed:fomchistorical2013
2013-02-20,ppi,Producer Price Index release,January 2013,08:30,bls:sched2013
2013-02-21,cpi,Consumer Price Index release,January 2013,08:30,bls:sched2013
2013-03-08,nfp,Employment Situation release,February 2013,08:30,bls:sched2013
2013-03-14,ppi,Producer Price Index release,February 2013,08:30,bls:sched2013
2013-03-15,cpi,Consumer Price Index release,February 2013,08:30,bls:sched2013
2013-03-15,opex,quad witching,,16:00,computed
2013-03-15,quad_witching,quad witching,,16:00,computed
2013-03-20,fomc_decision,March 19-20 Meeting - 2013,,14:00,fed:fomchistorical2013
2013-03-20,vix_expiry,VIX futures/options expiration (SOQ at the open),,09:30,computed
2013-04-05,nfp,Employment Situation release,March 2013,08:30,bls:sched2013
2013-04-10,fomc_minutes,minutes of 2013-03-20 meeting,,14:00,fed:fomchistorical2013
2013-04-12,ppi,Producer Price Index release,March 2013,08:30,bls:sched2013
2013-04-16,cpi,Consumer Price Index release,March 2013,08:30,bls:sched2013
2013-04-17,vix_expiry,VIX futures/options expiration (SOQ at the open),,09:30,computed
2013-04-19,opex,monthly options expiration,,16:00,computed
2013-05-01,fomc_decision,April/May 30-1 Meeting - 2013,,14:00,fed:fomchistorical2013
2013-05-03,nfp,Employment Situation release,April 2013,08:30,bls:sched2013
2013-05-15,ppi,Producer Price Index release,April 2013,08:30,bls:sched2013
2013-05-16,cpi,Consumer Price Index release,April 2013,08:30,bls:sched2013
2013-05-17,opex,monthly options expiration,,16:00,computed
2013-05-22,fomc_minutes,minutes of 2013-05-01 meeting,,14:00,fed:fomchistorical2013
2013-05-22,vix_expiry,VIX futures/options expiration (SOQ at the open),,09:30,computed
2013-06-07,nfp,Employment Situation release,May 2013,08:30,bls:sched2013
2013-06-14,ppi,Producer Price Index release,May 2013,08:30,bls:sched2013
2013-06-18,cpi,Consumer Price Index release,May 2013,08:30,bls:sched2013
2013-06-19,fomc_decision,June 18-19 Meeting - 2013,,14:00,fed:fomchistorical2013
2013-06-19,vix_expiry,VIX futures/options expiration (SOQ at the open),,09:30,computed
2013-06-21,opex,quad witching,,16:00,computed
2013-06-21,quad_witching,quad witching,,16:00,computed
2013-07-05,nfp,Employment Situation release,June 2013,08:30,bls:sched2013
2013-07-10,fomc_minutes,minutes of 2013-06-19 meeting,,14:00,fed:fomchistorical2013
2013-07-12,ppi,Producer Price Index release,June 2013,08:30,bls:sched2013
2013-07-16,cpi,Consumer Price Index release,June 2013,08:30,bls:sched2013
2013-07-17,vix_expiry,VIX futures/options expiration (SOQ at the open),,09:30,computed
2013-07-19,opex,monthly options expiration,,16:00,computed
2013-07-31,fomc_decision,July 30-31 Meeting - 2013,,14:00,fed:fomchistorical2013
2013-08-02,nfp,Employment Situation release,July 2013,08:30,bls:sched2013
2013-08-14,ppi,Producer Price Index release,July 2013,08:30,bls:sched2013
2013-08-15,cpi,Consumer Price Index release,July 2013,08:30,bls:sched2013
2013-08-16,opex,monthly options expiration,,16:00,computed
2013-08-21,fomc_minutes,minutes of 2013-07-31 meeting,,14:00,fed:fomchistorical2013
2013-08-21,vix_expiry,VIX futures/options expiration (SOQ at the open),,09:30,computed
2013-08-23,jackson_hole,"Jackson Hole symposium Aug 22-24 (no chair speech), 2013",2013,10:00,manual:kcfed
2013-09-06,nfp,Employment Situation release,August 2013,08:30,bls:sched2013
2013-09-13,ppi,Producer Price Index release,August 2013,08:30,bls:sched2013
2013-09-17,cpi,Consumer Price Index release,August 2013,08:30,bls:sched2013
2013-09-18,fomc_decision,September 17-18 Meeting - 2013,,14:00,fed:fomchistorical2013
2013-09-18,vix_expiry,VIX futures/options expiration (SOQ at the open),,09:30,computed
2013-09-20,opex,quad witching,,16:00,computed
2013-09-20,quad_witching,quad witching,,16:00,computed
2013-10-09,fomc_minutes,minutes of 2013-09-18 meeting,,14:00,fed:fomchistorical2013
2013-10-16,vix_expiry,VIX futures/options expiration (SOQ at the open),,09:30,computed
2013-10-18,opex,monthly options expiration,,16:00,computed
2013-10-22,nfp,Employment Situation release,September 2013,08:30,bls:sched2013+revised
2013-10-29,ppi,Producer Price Index release,September 2013,08:30,bls:sched2013+revised
2013-10-30,cpi,Consumer Price Index release,September 2013,08:30,bls:sched2013+revised
2013-10-30,fomc_decision,October 29-30 Meeting - 2013,,14:00,fed:fomchistorical2013
2013-11-08,nfp,Employment Situation release,October 2013,08:30,bls:sched2013+revised
2013-11-15,opex,monthly options expiration,,16:00,computed
2013-11-20,cpi,Consumer Price Index release,October 2013,08:30,bls:sched2013+revised
2013-11-20,fomc_minutes,minutes of 2013-10-30 meeting,,14:00,fed:fomchistorical2013
2013-11-20,vix_expiry,VIX futures/options expiration (SOQ at the open),,09:30,computed
2013-11-21,ppi,Producer Price Index release,October 2013,08:30,bls:sched2013+revised
2013-12-06,nfp,Employment Situation release,November 2013,08:30,bls:sched2013
2013-12-13,ppi,Producer Price Index release,November 2013,08:30,bls:sched2013
2013-12-17,cpi,Consumer Price Index release,November 2013,08:30,bls:sched2013
2013-12-18,fomc_decision,December 17-18 Meeting - 2013,,14:00,fed:fomchistorical2013
2013-12-18,vix_expiry,VIX futures/options expiration (SOQ at the open),,09:30,computed
2013-12-20,opex,quad witching,,16:00,computed
2013-12-20,quad_witching,quad witching,,16:00,computed
2014-01-08,fomc_minutes,minutes of 2013-12-18 meeting,,14:00,fed:fomchistorical2013
2014-01-10,nfp,Employment Situation release,December 2013,08:30,bls:sched2014
2014-01-15,ppi,Producer Price Index release,December 2013,08:30,bls:sched2014
2014-01-16,cpi,Consumer Price Index release,December 2013,08:30,bls:sched2014
2014-01-17,opex,monthly options expiration,,16:00,computed
2014-01-22,vix_expiry,VIX futures/options expiration (SOQ at the open),,09:30,computed
2014-01-29,fomc_decision,January 28-29 Meeting - 2014,,14:00,fed:fomchistorical2014
2014-02-07,nfp,Employment Situation release,January 2014,08:30,bls:sched2014
2014-02-19,fomc_minutes,minutes of 2014-01-29 meeting,,14:00,fed:fomchistorical2014
2014-02-19,ppi,Producer Price Index release,January 2014,08:30,bls:sched2014
2014-02-19,vix_expiry,VIX futures/options expiration (SOQ at the open),,09:30,computed
2014-02-20,cpi,Consumer Price Index release,January 2014,08:30,bls:sched2014
2014-02-21,opex,monthly options expiration,,16:00,computed
2014-03-07,nfp,Employment Situation release,February 2014,08:30,bls:sched2014
2014-03-14,ppi,Producer Price Index release,February 2014,08:30,bls:sched2014
2014-03-18,cpi,Consumer Price Index release,February 2014,08:30,bls:sched2014
2014-03-18,vix_expiry,VIX futures/options expiration (SOQ at the open),,09:30,computed
2014-03-19,fomc_decision,March 18-19 Meeting - 2014,,14:00,fed:fomchistorical2014
2014-03-21,opex,quad witching,,16:00,computed
2014-03-21,quad_witching,quad witching,,16:00,computed
2014-04-04,nfp,Employment Situation release,March 2014,08:30,bls:sched2014
2014-04-09,fomc_minutes,minutes of 2014-03-19 meeting,,14:00,fed:fomchistorical2014
2014-04-11,ppi,Producer Price Index release,March 2014,08:30,bls:sched2014
2014-04-15,cpi,Consumer Price Index release,March 2014,08:30,bls:sched2014
2014-04-16,vix_expiry,VIX futures/options expiration (SOQ at the open),,09:30,computed
2014-04-17,opex,monthly options expiration,,16:00,computed
2014-04-30,fomc_decision,April 29-30 Meeting - 2014,,14:00,fed:fomchistorical2014
2014-05-02,nfp,Employment Situation release,April 2014,08:30,bls:sched2014
2014-05-14,ppi,Producer Price Index release,April 2014,08:30,bls:sched2014
2014-05-15,cpi,Consumer Price Index release,April 2014,08:30,bls:sched2014
2014-05-16,opex,monthly options expiration,,16:00,computed
2014-05-21,fomc_minutes,minutes of 2014-04-30 meeting,,14:00,fed:fomchistorical2014
2014-05-21,vix_expiry,VIX futures/options expiration (SOQ at the open),,09:30,computed
2014-06-06,nfp,Employment Situation release,May 2014,08:30,bls:sched2014
2014-06-13,ppi,Producer Price Index release,May 2014,08:30,bls:sched2014
2014-06-17,cpi,Consumer Price Index release,May 2014,08:30,bls:sched2014
2014-06-18,fomc_decision,June 17-18 Meeting - 2014,,14:00,fed:fomchistorical2014
2014-06-18,vix_expiry,VIX futures/options expiration (SOQ at the open),,09:30,computed
2014-06-20,opex,quad witching,,16:00,computed
2014-06-20,quad_witching,quad witching,,16:00,computed
2014-07-03,nfp,Employment Situation release,June 2014,08:30,bls:sched2014
2014-07-09,fomc_minutes,minutes of 2014-06-18 meeting,,14:00,fed:fomchistorical2014
2014-07-16,ppi,Producer Price Index release,June 2014,08:30,bls:sched2014
2014-07-16,vix_expiry,VIX futures/options expiration (SOQ at the open),,09:30,computed
2014-07-18,opex,monthly options expiration,,16:00,computed
2014-07-22,cpi,Consumer Price Index release,June 2014,08:30,bls:sched2014
2014-07-30,fomc_decision,July 29-30 Meeting - 2014,,14:00,fed:fomchistorical2014
2014-08-01,nfp,Employment Situation release,July 2014,08:30,bls:sched2014
2014-08-15,opex,monthly options expiration,,16:00,computed
2014-08-15,ppi,Producer Price Index release,July 2014,08:30,bls:sched2014
2014-08-19,cpi,Consumer Price Index release,July 2014,08:30,bls:sched2014
2014-08-20,fomc_minutes,minutes of 2014-07-30 meeting,,14:00,fed:fomchistorical2014
2014-08-20,vix_expiry,VIX futures/options expiration (SOQ at the open),,09:30,computed
2014-08-22,jackson_hole,"Jackson Hole symposium Aug 21-23, 2014",2014,10:00,manual:kcfed
2014-09-05,nfp,Employment Situation release,August 2014,08:30,bls:sched2014
2014-09-16,ppi,Producer Price Index release,August 2014,08:30,bls:sched2014
2014-09-17,cpi,Consumer Price Index release,August 2014,08:30,bls:sched2014
2014-09-17,fomc_decision,September 16-17 Meeting - 2014,,14:00,fed:fomchistorical2014
2014-09-17,vix_expiry,VIX futures/options expiration (SOQ at the open),,09:30,computed
2014-09-19,opex,quad witching,,16:00,computed
2014-09-19,quad_witching,quad witching,,16:00,computed
2014-10-03,nfp,Employment Situation release,September 2014,08:30,bls:sched2014
2014-10-08,fomc_minutes,minutes of 2014-09-17 meeting,,14:00,fed:fomchistorical2014
2014-10-15,ppi,Producer Price Index release,September 2014,08:30,bls:sched2014
2014-10-17,opex,monthly options expiration,,16:00,computed
2014-10-22,cpi,Consumer Price Index release,September 2014,08:30,bls:sched2014
2014-10-22,vix_expiry,VIX futures/options expiration (SOQ at the open),,09:30,computed
2014-10-29,fomc_decision,October 28-29 Meeting - 2014,,14:00,fed:fomchistorical2014
2014-11-04,election,US general election (midterm),,,computed
2014-11-07,nfp,Employment Situation release,October 2014,08:30,bls:sched2014
2014-11-18,ppi,Producer Price Index release,October 2014,08:30,bls:sched2014
2014-11-19,fomc_minutes,minutes of 2014-10-29 meeting,,14:00,fed:fomchistorical2014
2014-11-19,vix_expiry,VIX futures/options expiration (SOQ at the open),,09:30,computed
2014-11-20,cpi,Consumer Price Index release,October 2014,08:30,bls:sched2014
2014-11-21,opex,monthly options expiration,,16:00,computed
2014-12-05,nfp,Employment Situation release,November 2014,08:30,bls:sched2014
2014-12-12,ppi,Producer Price Index release,November 2014,08:30,bls:sched2014
2014-12-17,cpi,Consumer Price Index release,November 2014,08:30,bls:sched2014
2014-12-17,fomc_decision,December 16-17 Meeting - 2014,,14:00,fed:fomchistorical2014
2014-12-17,vix_expiry,VIX futures/options expiration (SOQ at the open),,09:30,computed
2014-12-19,opex,quad witching,,16:00,computed
2014-12-19,quad_witching,quad witching,,16:00,computed
2015-01-07,fomc_minutes,minutes of 2014-12-17 meeting,,14:00,fed:fomchistorical2014
2015-01-09,nfp,Employment Situation release,December 2014,08:30,bls:sched2015
2015-01-15,ppi,Producer Price Index release,December 2014,08:30,bls:sched2015
2015-01-16,cpi,Consumer Price Index release,December 2014,08:30,bls:sched2015
2015-01-16,opex,monthly options expiration,,16:00,computed
2015-01-21,vix_expiry,VIX futures/options expiration (SOQ at the open),,09:30,computed
2015-01-28,fomc_decision,January 27-28 Meeting - 2015,,14:00,fed:fomchistorical2015
2015-02-06,nfp,Employment Situation release,January 2015,08:30,bls:sched2015
2015-02-18,fomc_minutes,minutes of 2015-01-28 meeting,,14:00,fed:fomchistorical2015
2015-02-18,ppi,Producer Price Index release,January 2015,08:30,bls:sched2015
2015-02-18,vix_expiry,VIX futures/options expiration (SOQ at the open),,09:30,computed
2015-02-20,opex,monthly options expiration,,16:00,computed
2015-02-26,cpi,Consumer Price Index release,January 2015,08:30,bls:sched2015
2015-03-06,nfp,Employment Situation release,February 2015,08:30,bls:sched2015
2015-03-13,ppi,Producer Price Index release,February 2015,08:30,bls:sched2015
2015-03-18,fomc_decision,March 17-18 Meeting - 2015,,14:00,fed:fomchistorical2015
2015-03-18,vix_expiry,VIX futures/options expiration (SOQ at the open),,09:30,computed
2015-03-20,opex,quad witching,,16:00,computed
2015-03-20,quad_witching,quad witching,,16:00,computed
2015-03-24,cpi,Consumer Price Index release,February 2015,08:30,bls:sched2015
2015-04-03,nfp,Employment Situation release,March 2015,08:30,bls:sched2015
2015-04-08,fomc_minutes,minutes of 2015-03-18 meeting,,14:00,fed:fomchistorical2015
2015-04-14,ppi,Producer Price Index release,March 2015,08:30,bls:sched2015
2015-04-15,vix_expiry,VIX futures/options expiration (SOQ at the open),,09:30,computed
2015-04-17,cpi,Consumer Price Index release,March 2015,08:30,bls:sched2015
2015-04-17,opex,monthly options expiration,,16:00,computed
2015-04-29,fomc_decision,April 28-29 Meeting - 2015,,14:00,fed:fomchistorical2015
2015-05-08,nfp,Employment Situation release,April 2015,08:30,bls:sched2015
2015-05-14,ppi,Producer Price Index release,April 2015,08:30,bls:sched2015
2015-05-15,opex,monthly options expiration,,16:00,computed
2015-05-20,fomc_minutes,minutes of 2015-04-29 meeting,,14:00,fed:fomchistorical2015
2015-05-20,vix_expiry,VIX futures/options expiration (SOQ at the open),,09:30,computed
2015-05-22,cpi,Consumer Price Index release,April 2015,08:30,bls:sched2015
2015-06-05,nfp,Employment Situation release,May 2015,08:30,bls:sched2015
2015-06-12,ppi,Producer Price Index release,May 2015,08:30,bls:sched2015
2015-06-17,fomc_decision,June 16-17 Meeting - 2015,,14:00,fed:fomchistorical2015
2015-06-17,vix_expiry,VIX futures/options expiration (SOQ at the open),,09:30,computed
2015-06-18,cpi,Consumer Price Index release,May 2015,08:30,bls:sched2015
2015-06-19,opex,quad witching,,16:00,computed
2015-06-19,quad_witching,quad witching,,16:00,computed
2015-07-02,nfp,Employment Situation release,June 2015,08:30,bls:sched2015
2015-07-08,fomc_minutes,minutes of 2015-06-17 meeting,,14:00,fed:fomchistorical2015
2015-07-15,ppi,Producer Price Index release,June 2015,08:30,bls:sched2015
2015-07-17,cpi,Consumer Price Index release,June 2015,08:30,bls:sched2015
2015-07-17,opex,monthly options expiration,,16:00,computed
2015-07-22,vix_expiry,VIX futures/options expiration (SOQ at the open),,09:30,computed
2015-07-29,fomc_decision,July 28-29 Meeting - 2015,,14:00,fed:fomchistorical2015
2015-08-07,nfp,Employment Situation release,July 2015,08:30,bls:sched2015
2015-08-14,ppi,Producer Price Index release,July 2015,08:30,bls:sched2015
2015-08-19,cpi,Consumer Price Index release,July 2015,08:30,bls:sched2015
2015-08-19,fomc_minutes,minutes of 2015-07-29 meeting,,14:00,fed:fomchistorical2015
2015-08-19,vix_expiry,VIX futures/options expiration (SOQ at the open),,09:30,computed
2015-08-21,opex,monthly options expiration,,16:00,computed
2015-08-28,jackson_hole,"Jackson Hole symposium Aug 27-29 (no chair speech), 2015",2015,10:00,manual:kcfed
2015-09-04,nfp,Employment Situation release,August 2015,08:30,bls:sched2015
2015-09-11,ppi,Producer Price Index release,August 2015,08:30,bls:sched2015
2015-09-16,cpi,Consumer Price Index release,August 2015,08:30,bls:sched2015
2015-09-16,vix_expiry,VIX futures/options expiration (SOQ at the open),,09:30,computed
2015-09-17,fomc_decision,September 16-17 Meeting - 2015,,14:00,fed:fomchistorical2015
2015-09-18,opex,quad witching,,16:00,computed
2015-09-18,quad_witching,quad witching,,16:00,computed
2015-10-02,nfp,Employment Situation release,September 2015,08:30,bls:sched2015
2015-10-08,fomc_minutes,minutes of 2015-09-17 meeting,,14:00,fed:fomchistorical2015
2015-10-14,ppi,Producer Price Index release,September 2015,08:30,bls:sched2015
2015-10-15,cpi,Consumer Price Index release,September 2015,08:30,bls:sched2015
2015-10-16,opex,monthly options expiration,,16:00,computed
2015-10-21,vix_expiry,VIX futures/options expiration (SOQ at the open),,09:30,computed
2015-10-28,fomc_decision,October 27-28 Meeting - 2015,,14:00,fed:fomchistorical2015
2015-11-06,nfp,Employment Situation release,October 2015,08:30,bls:sched2015
2015-11-13,ppi,Producer Price Index release,October 2015,08:30,bls:sched2015
2015-11-17,cpi,Consumer Price Index release,October 2015,08:30,bls:sched2015
2015-11-18,fomc_minutes,minutes of 2015-10-28 meeting,,14:00,fed:fomchistorical2015
2015-11-18,vix_expiry,VIX futures/options expiration (SOQ at the open),,09:30,computed
2015-11-20,opex,monthly options expiration,,16:00,computed
2015-12-04,nfp,Employment Situation release,November 2015,08:30,bls:sched2015
2015-12-11,ppi,Producer Price Index release,November 2015,08:30,bls:sched2015
2015-12-15,cpi,Consumer Price Index release,November 2015,08:30,bls:sched2015
2015-12-16,fomc_decision,December 15-16 Meeting - 2015,,14:00,fed:fomchistorical2015
2015-12-16,vix_expiry,VIX futures/options expiration (SOQ at the open),,09:30,computed
2015-12-18,opex,quad witching,,16:00,computed
2015-12-18,quad_witching,quad witching,,16:00,computed
2016-01-06,fomc_minutes,minutes of 2015-12-16 meeting,,14:00,fed:fomchistorical2015
2016-01-08,nfp,Employment Situation release,December 2015,08:30,bls:sched2016
2016-01-15,opex,monthly options expiration,,16:00,computed
2016-01-15,ppi,Producer Price Index release,December 2015,08:30,bls:sched2016
2016-01-20,cpi,Consumer Price Index release,December 2015,08:30,bls:sched2016
2016-01-20,vix_expiry,VIX futures/options expiration (SOQ at the open),,09:30,computed
2016-01-27,fomc_decision,January 26-27 Meeting - 2016,,14:00,fed:fomchistorical2016
2016-02-05,nfp,Employment Situation release,January 2016,08:30,bls:sched2016
2016-02-17,fomc_minutes,minutes of 2016-01-27 meeting,,14:00,fed:fomchistorical2016
2016-02-17,ppi,Producer Price Index release,January 2016,08:30,bls:sched2016
2016-02-17,vix_expiry,VIX futures/options expiration (SOQ at the open),,09:30,computed
2016-02-19,cpi,Consumer Price Index release,January 2016,08:30,bls:sched2016
2016-02-19,opex,monthly options expiration,,16:00,computed
2016-03-04,nfp,Employment Situation release,February 2016,08:30,bls:sched2016
2016-03-15,ppi,Producer Price Index release,February 2016,08:30,bls:sched2016
2016-03-16,cpi,Consumer Price Index release,February 2016,08:30,bls:sched2016
2016-03-16,fomc_decision,March 15-16 Meeting - 2016,,14:00,fed:fomchistorical2016
2016-03-16,vix_expiry,VIX futures/options expiration (SOQ at the open),,09:30,computed
2016-03-18,opex,quad witching,,16:00,computed
2016-03-18,quad_witching,quad witching,,16:00,computed
2016-04-01,nfp,Employment Situation release,March 2016,08:30,bls:sched2016
2016-04-06,fomc_minutes,minutes of 2016-03-16 meeting,,14:00,fed:fomchistorical2016
2016-04-13,ppi,Producer Price Index release,March 2016,08:30,bls:sched2016
2016-04-14,cpi,Consumer Price Index release,March 2016,08:30,bls:sched2016
2016-04-15,opex,monthly options expiration,,16:00,computed
2016-04-20,vix_expiry,VIX futures/options expiration (SOQ at the open),,09:30,computed
2016-04-27,fomc_decision,April 26-27 Meeting - 2016,,14:00,fed:fomchistorical2016
2016-05-06,nfp,Employment Situation release,April 2016,08:30,bls:sched2016
2016-05-13,ppi,Producer Price Index release,April 2016,08:30,bls:sched2016
2016-05-17,cpi,Consumer Price Index release,April 2016,08:30,bls:sched2016
2016-05-18,fomc_minutes,minutes of 2016-04-27 meeting,,14:00,fed:fomchistorical2016
2016-05-18,vix_expiry,VIX futures/options expiration (SOQ at the open),,09:30,computed
2016-05-20,opex,monthly options expiration,,16:00,computed
2016-06-03,nfp,Employment Situation release,May 2016,08:30,bls:sched2016
2016-06-15,fomc_decision,June 14-15 Meeting - 2016,,14:00,fed:fomchistorical2016
2016-06-15,ppi,Producer Price Index release,May 2016,08:30,bls:sched2016
2016-06-15,vix_expiry,VIX futures/options expiration (SOQ at the open),,09:30,computed
2016-06-16,cpi,Consumer Price Index release,May 2016,08:30,bls:sched2016
2016-06-17,opex,quad witching,,16:00,computed
2016-06-17,quad_witching,quad witching,,16:00,computed
2016-07-06,fomc_minutes,minutes of 2016-06-15 meeting,,14:00,fed:fomchistorical2016
2016-07-08,nfp,Employment Situation release,June 2016,08:30,bls:sched2016
2016-07-14,ppi,Producer Price Index release,June 2016,08:30,bls:sched2016
2016-07-15,cpi,Consumer Price Index release,June 2016,08:30,bls:sched2016
2016-07-15,opex,monthly options expiration,,16:00,computed
2016-07-20,vix_expiry,VIX futures/options expiration (SOQ at the open),,09:30,computed
2016-07-27,fomc_decision,July 26-27 Meeting - 2016,,14:00,fed:fomchistorical2016
2016-08-05,nfp,Employment Situation release,July 2016,08:30,bls:sched2016
2016-08-12,ppi,Producer Price Index release,July 2016,08:30,bls:sched2016
2016-08-16,cpi,Consumer Price Index release,July 2016,08:30,bls:sched2016
2016-08-17,fomc_minutes,minutes of 2016-07-27 meeting,,14:00,fed:fomchistorical2016
2016-08-17,vix_expiry,VIX futures/options expiration (SOQ at the open),,09:30,computed
2016-08-19,opex,monthly options expiration,,16:00,computed
2016-08-26,jackson_hole,"Jackson Hole symposium Aug 25-27, 2016",2016,10:00,manual:kcfed
2016-09-02,nfp,Employment Situation release,August 2016,08:30,bls:sched2016
2016-09-15,ppi,Producer Price Index release,August 2016,08:30,bls:sched2016
2016-09-16,cpi,Consumer Price Index release,August 2016,08:30,bls:sched2016
2016-09-16,opex,quad witching,,16:00,computed
2016-09-16,quad_witching,quad witching,,16:00,computed
2016-09-21,fomc_decision,September 20-21 Meeting - 2016,,14:00,fed:fomchistorical2016
2016-09-21,vix_expiry,VIX futures/options expiration (SOQ at the open),,09:30,computed
2016-10-07,nfp,Employment Situation release,September 2016,08:30,bls:sched2016
2016-10-12,fomc_minutes,minutes of 2016-09-21 meeting,,14:00,fed:fomchistorical2016
2016-10-14,ppi,Producer Price Index release,September 2016,08:30,bls:sched2016
2016-10-18,cpi,Consumer Price Index release,September 2016,08:30,bls:sched2016
2016-10-19,vix_expiry,VIX futures/options expiration (SOQ at the open),,09:30,computed
2016-10-21,opex,monthly options expiration,,16:00,computed
2016-11-02,fomc_decision,November 1-2 Meeting - 2016,,14:00,fed:fomchistorical2016
2016-11-04,nfp,Employment Situation release,October 2016,08:30,bls:sched2016
2016-11-08,election,US general election (presidential),,,computed
2016-11-16,ppi,Producer Price Index release,October 2016,08:30,bls:sched2016
2016-11-16,vix_expiry,VIX futures/options expiration (SOQ at the open),,09:30,computed
2016-11-17,cpi,Consumer Price Index release,October 2016,08:30,bls:sched2016
2016-11-18,opex,monthly options expiration,,16:00,computed
2016-11-23,fomc_minutes,minutes of 2016-11-02 meeting,,14:00,fed:fomchistorical2016
2016-12-02,nfp,Employment Situation release,November 2016,08:30,bls:sched2016
2016-12-14,fomc_decision,December 13-14 Meeting - 2016,,14:00,fed:fomchistorical2016
2016-12-14,ppi,Producer Price Index release,November 2016,08:30,bls:sched2016
2016-12-15,cpi,Consumer Price Index release,November 2016,08:30,bls:sched2016
2016-12-16,opex,quad witching,,16:00,computed
2016-12-16,quad_witching,quad witching,,16:00,computed
2016-12-21,vix_expiry,VIX futures/options expiration (SOQ at the open),,09:30,computed
2017-01-04,fomc_minutes,minutes of 2016-12-14 meeting,,14:00,fed:fomchistorical2016
2017-01-06,nfp,Employment Situation release,December 2016,08:30,bls:sched2017
2017-01-13,ppi,Producer Price Index release,December 2016,08:30,bls:sched2017
2017-01-18,cpi,Consumer Price Index release,December 2016,08:30,bls:sched2017
2017-01-18,vix_expiry,VIX futures/options expiration (SOQ at the open),,09:30,computed
2017-01-20,opex,monthly options expiration,,16:00,computed
2017-02-01,fomc_decision,Jan/Feb 31-1 Meeting - 2017,,14:00,fed:fomchistorical2017
2017-02-03,nfp,Employment Situation release,January 2017,08:30,bls:sched2017
2017-02-14,ppi,Producer Price Index release,January 2017,08:30,bls:sched2017
2017-02-15,cpi,Consumer Price Index release,January 2017,08:30,bls:sched2017
2017-02-15,vix_expiry,VIX futures/options expiration (SOQ at the open),,09:30,computed
2017-02-17,opex,monthly options expiration,,16:00,computed
2017-02-22,fomc_minutes,minutes of 2017-02-01 meeting,,14:00,fed:fomchistorical2017
2017-03-10,nfp,Employment Situation release,February 2017,08:30,bls:sched2017
2017-03-14,ppi,Producer Price Index release,February 2017,08:30,bls:sched2017
2017-03-15,cpi,Consumer Price Index release,February 2017,08:30,bls:sched2017
2017-03-15,fomc_decision,March 14-15 Meeting - 2017,,14:00,fed:fomchistorical2017
2017-03-17,opex,quad witching,,16:00,computed
2017-03-17,quad_witching,quad witching,,16:00,computed
2017-03-22,vix_expiry,VIX futures/options expiration (SOQ at the open),,09:30,computed
2017-04-05,fomc_minutes,minutes of 2017-03-15 meeting,,14:00,fed:fomchistorical2017
2017-04-07,nfp,Employment Situation release,March 2017,08:30,bls:sched2017
2017-04-13,ppi,Producer Price Index release,March 2017,08:30,bls:sched2017
2017-04-14,cpi,Consumer Price Index release,March 2017,08:30,bls:sched2017
2017-04-19,vix_expiry,VIX futures/options expiration (SOQ at the open),,09:30,computed
2017-04-21,opex,monthly options expiration,,16:00,computed
2017-05-03,fomc_decision,May 2-3 Meeting - 2017,,14:00,fed:fomchistorical2017
2017-05-05,nfp,Employment Situation release,April 2017,08:30,bls:sched2017
2017-05-11,ppi,Producer Price Index release,April 2017,08:30,bls:sched2017
2017-05-12,cpi,Consumer Price Index release,April 2017,08:30,bls:sched2017
2017-05-17,vix_expiry,VIX futures/options expiration (SOQ at the open),,09:30,computed
2017-05-19,opex,monthly options expiration,,16:00,computed
2017-05-24,fomc_minutes,minutes of 2017-05-03 meeting,,14:00,fed:fomchistorical2017
2017-06-02,nfp,Employment Situation release,May 2017,08:30,bls:sched2017
2017-06-13,ppi,Producer Price Index release,May 2017,08:30,bls:sched2017
2017-06-14,cpi,Consumer Price Index release,May 2017,08:30,bls:sched2017
2017-06-14,fomc_decision,June 13-14 Meeting - 2017,,14:00,fed:fomchistorical2017
2017-06-16,opex,quad witching,,16:00,computed
2017-06-16,quad_witching,quad witching,,16:00,computed
2017-06-21,vix_expiry,VIX futures/options expiration (SOQ at the open),,09:30,computed
2017-07-05,fomc_minutes,minutes of 2017-06-14 meeting,,14:00,fed:fomchistorical2017
2017-07-07,nfp,Employment Situation release,June 2017,08:30,bls:sched2017
2017-07-13,ppi,Producer Price Index release,June 2017,08:30,bls:sched2017
2017-07-14,cpi,Consumer Price Index release,June 2017,08:30,bls:sched2017
2017-07-19,vix_expiry,VIX futures/options expiration (SOQ at the open),,09:30,computed
2017-07-21,opex,monthly options expiration,,16:00,computed
2017-07-26,fomc_decision,July 25-26 Meeting - 2017,,14:00,fed:fomchistorical2017
2017-08-04,nfp,Employment Situation release,July 2017,08:30,bls:sched2017
2017-08-10,ppi,Producer Price Index release,July 2017,08:30,bls:sched2017
2017-08-11,cpi,Consumer Price Index release,July 2017,08:30,bls:sched2017
2017-08-16,fomc_minutes,minutes of 2017-07-26 meeting,,14:00,fed:fomchistorical2017
2017-08-16,vix_expiry,VIX futures/options expiration (SOQ at the open),,09:30,computed
2017-08-18,opex,monthly options expiration,,16:00,computed
2017-08-25,jackson_hole,"Jackson Hole symposium Aug 24-26, 2017",2017,10:00,manual:kcfed
2017-09-01,nfp,Employment Situation release,August 2017,08:30,bls:sched2017
2017-09-13,ppi,Producer Price Index release,August 2017,08:30,bls:sched2017
2017-09-14,cpi,Consumer Price Index release,August 2017,08:30,bls:sched2017
2017-09-15,opex,quad witching,,16:00,computed
2017-09-15,quad_witching,quad witching,,16:00,computed
2017-09-20,fomc_decision,September 19-20 Meeting - 2017,,14:00,fed:fomchistorical2017
2017-09-20,vix_expiry,VIX futures/options expiration (SOQ at the open),,09:30,computed
2017-10-06,nfp,Employment Situation release,September 2017,08:30,bls:sched2017
2017-10-11,fomc_minutes,minutes of 2017-09-20 meeting,,14:00,fed:fomchistorical2017
2017-10-12,ppi,Producer Price Index release,September 2017,08:30,bls:sched2017
2017-10-13,cpi,Consumer Price Index release,September 2017,08:30,bls:sched2017
2017-10-18,vix_expiry,VIX futures/options expiration (SOQ at the open),,09:30,computed
2017-10-20,opex,monthly options expiration,,16:00,computed
2017-11-01,fomc_decision,Oct/Nov 31-1 Meeting - 2017,,14:00,fed:fomchistorical2017
2017-11-03,nfp,Employment Situation release,October 2017,08:30,bls:sched2017
2017-11-14,ppi,Producer Price Index release,October 2017,08:30,bls:sched2017
2017-11-15,cpi,Consumer Price Index release,October 2017,08:30,bls:sched2017
2017-11-15,vix_expiry,VIX futures/options expiration (SOQ at the open),,09:30,computed
2017-11-17,opex,monthly options expiration,,16:00,computed
2017-11-22,fomc_minutes,minutes of 2017-11-01 meeting,,14:00,fed:fomchistorical2017
2017-12-08,nfp,Employment Situation release,November 2017,08:30,bls:sched2017
2017-12-12,ppi,Producer Price Index release,November 2017,08:30,bls:sched2017
2017-12-13,cpi,Consumer Price Index release,November 2017,08:30,bls:sched2017
2017-12-13,fomc_decision,December 12-13 Meeting - 2017,,14:00,fed:fomchistorical2017
2017-12-15,opex,quad witching,,16:00,computed
2017-12-15,quad_witching,quad witching,,16:00,computed
2017-12-20,vix_expiry,VIX futures/options expiration (SOQ at the open),,09:30,computed
2018-01-03,fomc_minutes,minutes of 2017-12-13 meeting,,14:00,fed:fomchistorical2017
2018-01-05,nfp,Employment Situation release,December 2017,08:30,bls:sched2018
2018-01-11,ppi,Producer Price Index release,December 2017,08:30,bls:sched2018
2018-01-12,cpi,Consumer Price Index release,December 2017,08:30,bls:sched2018
2018-01-17,vix_expiry,VIX futures/options expiration (SOQ at the open),,09:30,computed
2018-01-19,opex,monthly options expiration,,16:00,computed
2018-01-31,fomc_decision,January 30-31 Meeting - 2018,,14:00,fed:fomchistorical2018
2018-02-02,nfp,Employment Situation release,January 2018,08:30,bls:sched2018
2018-02-14,cpi,Consumer Price Index release,January 2018,08:30,bls:sched2018
2018-02-14,vix_expiry,VIX futures/options expiration (SOQ at the open),,09:30,computed
2018-02-15,ppi,Producer Price Index release,January 2018,08:30,bls:sched2018
2018-02-16,opex,monthly options expiration,,16:00,computed
2018-02-21,fomc_minutes,minutes of 2018-01-31 meeting,,14:00,fed:fomchistorical2018
2018-03-09,nfp,Employment Situation release,February 2018,08:30,bls:sched2018
2018-03-13,cpi,Consumer Price Index release,February 2018,08:30,bls:sched2018
2018-03-14,ppi,Producer Price Index release,February 2018,08:30,bls:sched2018
2018-03-16,opex,quad witching,,16:00,computed
2018-03-16,quad_witching,quad witching,,16:00,computed
2018-03-21,fomc_decision,March 20-21 Meeting - 2018,,14:00,fed:fomchistorical2018
2018-03-21,vix_expiry,VIX futures/options expiration (SOQ at the open),,09:30,computed
2018-04-06,nfp,Employment Situation release,March 2018,08:30,bls:sched2018
2018-04-10,ppi,Producer Price Index release,March 2018,08:30,bls:sched2018
2018-04-11,cpi,Consumer Price Index release,March 2018,08:30,bls:sched2018
2018-04-11,fomc_minutes,minutes of 2018-03-21 meeting,,14:00,fed:fomchistorical2018
2018-04-18,vix_expiry,VIX futures/options expiration (SOQ at the open),,09:30,computed
2018-04-20,opex,monthly options expiration,,16:00,computed
2018-05-02,fomc_decision,May 1-2 Meeting - 2018,,14:00,fed:fomchistorical2018
2018-05-04,nfp,Employment Situation release,April 2018,08:30,bls:sched2018
2018-05-09,ppi,Producer Price Index release,April 2018,08:30,bls:sched2018
2018-05-10,cpi,Consumer Price Index release,April 2018,08:30,bls:sched2018
2018-05-16,vix_expiry,VIX futures/options expiration (SOQ at the open),,09:30,computed
2018-05-18,opex,monthly options expiration,,16:00,computed
2018-05-23,fomc_minutes,minutes of 2018-05-02 meeting,,14:00,fed:fomchistorical2018
2018-06-01,nfp,Employment Situation release,May 2018,08:30,bls:sched2018
2018-06-12,cpi,Consumer Price Index release,May 2018,08:30,bls:sched2018
2018-06-13,fomc_decision,June 12-13 Meeting - 2018,,14:00,fed:fomchistorical2018
2018-06-13,ppi,Producer Price Index release,May 2018,08:30,bls:sched2018
2018-06-15,opex,quad witching,,16:00,computed
2018-06-15,quad_witching,quad witching,,16:00,computed
2018-06-20,vix_expiry,VIX futures/options expiration (SOQ at the open),,09:30,computed
2018-07-05,fomc_minutes,minutes of 2018-06-13 meeting,,14:00,fed:fomchistorical2018
2018-07-06,nfp,Employment Situation release,June 2018,08:30,bls:sched2018
2018-07-11,ppi,Producer Price Index release,June 2018,08:30,bls:sched2018
2018-07-12,cpi,Consumer Price Index release,June 2018,08:30,bls:sched2018
2018-07-18,vix_expiry,VIX futures/options expiration (SOQ at the open),,09:30,computed
2018-07-20,opex,monthly options expiration,,16:00,computed
2018-08-01,fomc_decision,Jul/Aug 31-1 Meeting - 2018,,14:00,fed:fomchistorical2018
2018-08-03,nfp,Employment Situation release,July 2018,08:30,bls:sched2018
2018-08-09,ppi,Producer Price Index release,July 2018,08:30,bls:sched2018
2018-08-10,cpi,Consumer Price Index release,July 2018,08:30,bls:sched2018
2018-08-17,opex,monthly options expiration,,16:00,computed
2018-08-22,fomc_minutes,minutes of 2018-08-01 meeting,,14:00,fed:fomchistorical2018
2018-08-22,vix_expiry,VIX futures/options expiration (SOQ at the open),,09:30,computed
2018-08-24,jackson_hole,"Jackson Hole symposium Aug 23-25, 2018",2018,10:00,manual:kcfed
2018-09-07,nfp,Employment Situation release,August 2018,08:30,bls:sched2018
2018-09-12,ppi,Producer Price Index release,August 2018,08:30,bls:sched2018
2018-09-13,cpi,Consumer Price Index release,August 2018,08:30,bls:sched2018
2018-09-19,vix_expiry,VIX futures/options expiration (SOQ at the open),,09:30,computed
2018-09-21,opex,quad witching,,16:00,computed
2018-09-21,quad_witching,quad witching,,16:00,computed
2018-09-26,fomc_decision,September 25-26 Meeting - 2018,,14:00,fed:fomchistorical2018
2018-10-05,nfp,Employment Situation release,September 2018,08:30,bls:sched2018
2018-10-10,ppi,Producer Price Index release,September 2018,08:30,bls:sched2018
2018-10-11,cpi,Consumer Price Index release,September 2018,08:30,bls:sched2018
2018-10-17,fomc_minutes,minutes of 2018-09-26 meeting,,14:00,fed:fomchistorical2018
2018-10-17,vix_expiry,VIX futures/options expiration (SOQ at the open),,09:30,computed
2018-10-19,opex,monthly options expiration,,16:00,computed
2018-11-02,nfp,Employment Situation release,October 2018,08:30,bls:sched2018
2018-11-06,election,US general election (midterm),,,computed
2018-11-08,fomc_decision,November 7-8 Meeting - 2018,,14:00,fed:fomchistorical2018
2018-11-09,ppi,Producer Price Index release,October 2018,08:30,bls:sched2018
2018-11-14,cpi,Consumer Price Index release,October 2018,08:30,bls:sched2018
2018-11-16,opex,monthly options expiration,,16:00,computed
2018-11-21,vix_expiry,VIX futures/options expiration (SOQ at the open),,09:30,computed
2018-11-29,fomc_minutes,minutes of 2018-11-08 meeting,,14:00,fed:fomchistorical2018
2018-12-07,nfp,Employment Situation release,November 2018,08:30,bls:sched2018
2018-12-11,ppi,Producer Price Index release,November 2018,08:30,bls:sched2018
2018-12-12,cpi,Consumer Price Index release,November 2018,08:30,bls:sched2018
2018-12-19,fomc_decision,December 18-19 Meeting - 2018,,14:00,fed:fomchistorical2018
2018-12-19,vix_expiry,VIX futures/options expiration (SOQ at the open),,09:30,computed
2018-12-21,opex,quad witching,,16:00,computed
2018-12-21,quad_witching,quad witching,,16:00,computed
2019-01-04,nfp,Employment Situation release,December 2018,08:30,bls:sched2019
2019-01-09,fomc_minutes,minutes of 2018-12-19 meeting,,14:00,fed:fomchistorical2018
2019-01-11,cpi,Consumer Price Index release,December 2018,08:30,bls:sched2019
2019-01-15,ppi,Producer Price Index release,December 2018,08:30,bls:sched2019
2019-01-16,vix_expiry,VIX futures/options expiration (SOQ at the open),,09:30,computed
2019-01-18,opex,monthly options expiration,,16:00,computed
2019-01-30,fomc_decision,January 29-30 Meeting - 2019,,14:00,fed:fomchistorical2019
2019-02-01,nfp,Employment Situation release,January 2019,08:30,bls:sched2019
2019-02-13,cpi,Consumer Price Index release,January 2019,08:30,bls:sched2019
2019-02-13,vix_expiry,VIX futures/options expiration (SOQ at the open),,09:30,computed
2019-02-14,ppi,Producer Price Index release,January 2019,08:30,bls:sched2019
2019-02-15,opex,monthly options expiration,,16:00,computed
2019-02-20,fomc_minutes,minutes of 2019-01-30 meeting,,14:00,fed:fomchistorical2019
2019-03-08,nfp,Employment Situation release,February 2019,08:30,bls:sched2019
2019-03-12,cpi,Consumer Price Index release,February 2019,08:30,bls:sched2019
2019-03-13,ppi,Producer Price Index release,February 2019,08:30,bls:sched2019
2019-03-15,opex,quad witching,,16:00,computed
2019-03-15,quad_witching,quad witching,,16:00,computed
2019-03-19,vix_expiry,VIX futures/options expiration (SOQ at the open),,09:30,computed
2019-03-20,fomc_decision,March 19-20 Meeting - 2019,,14:00,fed:fomchistorical2019
2019-04-05,nfp,Employment Situation release,March 2019,08:30,bls:sched2019
2019-04-10,cpi,Consumer Price Index release,March 2019,08:30,bls:sched2019
2019-04-10,fomc_minutes,minutes of 2019-03-20 meeting,,14:00,fed:fomchistorical2019
2019-04-11,ppi,Producer Price Index release,March 2019,08:30,bls:sched2019
2019-04-17,vix_expiry,VIX futures/options expiration (SOQ at the open),,09:30,computed
2019-04-18,opex,monthly options expiration,,16:00,computed
2019-05-01,fomc_decision,April/May 30-1 Meeting - 2019,,14:00,fed:fomchistorical2019
2019-05-03,nfp,Employment Situation release,April 2019,08:30,bls:sched2019
2019-05-09,ppi,Producer Price Index release,April 2019,08:30,bls:sched2019
2019-05-10,cpi,Consumer Price Index release,April 2019,08:30,bls:sched2019
2019-05-17,opex,monthly options expiration,,16:00,computed
2019-05-22,fomc_minutes,minutes of 2019-05-01 meeting,,14:00,fed:fomchistorical2019
2019-05-22,vix_expiry,VIX futures/options expiration (SOQ at the open),,09:30,computed
2019-06-07,nfp,Employment Situation release,May 2019,08:30,bls:sched2019
2019-06-11,ppi,Producer Price Index release,May 2019,08:30,bls:sched2019
2019-06-12,cpi,Consumer Price Index release,May 2019,08:30,bls:sched2019
2019-06-19,fomc_decision,June 18-19 Meeting - 2019,,14:00,fed:fomchistorical2019
2019-06-19,vix_expiry,VIX futures/options expiration (SOQ at the open),,09:30,computed
2019-06-21,opex,quad witching,,16:00,computed
2019-06-21,quad_witching,quad witching,,16:00,computed
2019-07-05,nfp,Employment Situation release,June 2019,08:30,bls:sched2019
2019-07-10,fomc_minutes,minutes of 2019-06-19 meeting,,14:00,fed:fomchistorical2019
2019-07-11,cpi,Consumer Price Index release,June 2019,08:30,bls:sched2019
2019-07-12,ppi,Producer Price Index release,June 2019,08:30,bls:sched2019
2019-07-17,vix_expiry,VIX futures/options expiration (SOQ at the open),,09:30,computed
2019-07-19,opex,monthly options expiration,,16:00,computed
2019-07-31,fomc_decision,July 30-31 Meeting - 2019,,14:00,fed:fomchistorical2019
2019-08-02,nfp,Employment Situation release,July 2019,08:30,bls:sched2019
2019-08-09,ppi,Producer Price Index release,July 2019,08:30,bls:sched2019
2019-08-13,cpi,Consumer Price Index release,July 2019,08:30,bls:sched2019
2019-08-16,opex,monthly options expiration,,16:00,computed
2019-08-21,fomc_minutes,minutes of 2019-07-31 meeting,,14:00,fed:fomchistorical2019
2019-08-21,vix_expiry,VIX futures/options expiration (SOQ at the open),,09:30,computed
2019-08-23,jackson_hole,"Jackson Hole symposium Aug 22-24, 2019",2019,10:00,manual:kcfed
2019-09-06,nfp,Employment Situation release,August 2019,08:30,bls:sched2019
2019-09-11,ppi,Producer Price Index release,August 2019,08:30,bls:sched2019
2019-09-12,cpi,Consumer Price Index release,August 2019,08:30,bls:sched2019
2019-09-18,fomc_decision,September 17-18 Meeting - 2019,,14:00,fed:fomchistorical2019
2019-09-18,vix_expiry,VIX futures/options expiration (SOQ at the open),,09:30,computed
2019-09-20,opex,quad witching,,16:00,computed
2019-09-20,quad_witching,quad witching,,16:00,computed
2019-10-04,nfp,Employment Situation release,September 2019,08:30,bls:sched2019
2019-10-08,ppi,Producer Price Index release,September 2019,08:30,bls:sched2019
2019-10-09,fomc_minutes,minutes of 2019-09-18 meeting,,14:00,fed:fomchistorical2019
2019-10-10,cpi,Consumer Price Index release,September 2019,08:30,bls:sched2019
2019-10-16,vix_expiry,VIX futures/options expiration (SOQ at the open),,09:30,computed
2019-10-18,opex,monthly options expiration,,16:00,computed
2019-10-30,fomc_decision,October 29-30 Meeting - 2019,,14:00,fed:fomchistorical2019
2019-11-01,nfp,Employment Situation release,October 2019,08:30,bls:sched2019
2019-11-13,cpi,Consumer Price Index release,October 2019,08:30,bls:sched2019
2019-11-14,ppi,Producer Price Index release,October 2019,08:30,bls:sched2019
2019-11-15,opex,monthly options expiration,,16:00,computed
2019-11-20,fomc_minutes,minutes of 2019-10-30 meeting,,14:00,fed:fomchistorical2019
2019-11-20,vix_expiry,VIX futures/options expiration (SOQ at the open),,09:30,computed
2019-12-06,nfp,Employment Situation release,November 2019,08:30,bls:sched2019
2019-12-11,cpi,Consumer Price Index release,November 2019,08:30,bls:sched2019
2019-12-11,fomc_decision,December 10-11 Meeting - 2019,,14:00,fed:fomchistorical2019
2019-12-12,ppi,Producer Price Index release,November 2019,08:30,bls:sched2019
2019-12-18,vix_expiry,VIX futures/options expiration (SOQ at the open),,09:30,computed
2019-12-20,opex,quad witching,,16:00,computed
2019-12-20,quad_witching,quad witching,,16:00,computed
2020-01-03,fomc_minutes,minutes of 2019-12-11 meeting,,14:00,fed:fomchistorical2019
2020-01-10,nfp,Employment Situation release,December 2019,08:30,bls:sched2020
2020-01-14,cpi,Consumer Price Index release,December 2019,08:30,bls:sched2020
2020-01-15,ppi,Producer Price Index release,December 2019,08:30,bls:sched2020
2020-01-17,opex,monthly options expiration,,16:00,computed
2020-01-22,vix_expiry,VIX futures/options expiration (SOQ at the open),,09:30,computed
2020-01-29,fomc_decision,January 28-29 Meeting - 2020,,14:00,fed:fomchistorical2020
2020-02-07,nfp,Employment Situation release,January 2020,08:30,bls:sched2020
2020-02-13,cpi,Consumer Price Index release,January 2020,08:30,bls:sched2020
2020-02-19,fomc_minutes,minutes of 2020-01-29 meeting,,14:00,fed:fomchistorical2020
2020-02-19,ppi,Producer Price Index release,January 2020,08:30,bls:sched2020
2020-02-19,vix_expiry,VIX futures/options expiration (SOQ at the open),,09:30,computed
2020-02-21,opex,monthly options expiration,,16:00,computed
2020-03-03,fomc_intermeeting,emergency 50bp cut,,,manual
2020-03-06,nfp,Employment Situation release,February 2020,08:30,bls:sched2020
2020-03-11,cpi,Consumer Price Index release,February 2020,08:30,bls:sched2020
2020-03-12,ppi,Producer Price Index release,February 2020,08:30,bls:sched2020
2020-03-15,fomc_intermeeting,emergency cut to zero + QE (Sunday),,,manual
2020-03-18,vix_expiry,VIX futures/options expiration (SOQ at the open),,09:30,computed
2020-03-20,opex,quad witching,,16:00,computed
2020-03-20,quad_witching,quad witching,,16:00,computed
2020-03-23,fomc_intermeeting,QE-unlimited announcement,,,manual
2020-04-03,nfp,Employment Situation release,March 2020,08:30,bls:sched2020
2020-04-09,ppi,Producer Price Index release,March 2020,08:30,bls:sched2020
2020-04-10,cpi,Consumer Price Index release,March 2020,08:30,bls:sched2020
2020-04-15,vix_expiry,VIX futures/options expiration (SOQ at the open),,09:30,computed
2020-04-17,opex,monthly options expiration,,16:00,computed
2020-04-29,fomc_decision,April 28-29 Meeting - 2020,,14:00,fed:fomchistorical2020
2020-05-08,nfp,Employment Situation release,April 2020,08:30,bls:sched2020
2020-05-12,cpi,Consumer Price Index release,April 2020,08:30,bls:sched2020
2020-05-13,ppi,Producer Price Index release,April 2020,08:30,bls:sched2020
2020-05-15,opex,monthly options expiration,,16:00,computed
2020-05-20,fomc_minutes,minutes of 2020-04-29 meeting,,14:00,fed:fomchistorical2020
2020-05-20,vix_expiry,VIX futures/options expiration (SOQ at the open),,09:30,computed
2020-06-05,nfp,Employment Situation release,May 2020,08:30,bls:sched2020
2020-06-10,cpi,Consumer Price Index release,May 2020,08:30,bls:sched2020
2020-06-10,fomc_decision,June 9-10 Meeting - 2020,,14:00,fed:fomchistorical2020
2020-06-11,ppi,Producer Price Index release,May 2020,08:30,bls:sched2020
2020-06-17,vix_expiry,VIX futures/options expiration (SOQ at the open),,09:30,computed
2020-06-19,opex,quad witching,,16:00,computed
2020-06-19,quad_witching,quad witching,,16:00,computed
2020-07-01,fomc_minutes,minutes of 2020-06-10 meeting,,14:00,fed:fomchistorical2020
2020-07-02,nfp,Employment Situation release,June 2020,08:30,bls:sched2020
2020-07-10,ppi,Producer Price Index release,June 2020,08:30,bls:sched2020
2020-07-14,cpi,Consumer Price Index release,June 2020,08:30,bls:sched2020
2020-07-17,opex,monthly options expiration,,16:00,computed
2020-07-22,vix_expiry,VIX futures/options expiration (SOQ at the open),,09:30,computed
2020-07-29,fomc_decision,July 28-29 Meeting - 2020,,14:00,fed:fomchistorical2020
2020-08-07,nfp,Employment Situation release,July 2020,08:30,bls:sched2020
2020-08-11,ppi,Producer Price Index release,July 2020,08:30,bls:sched2020
2020-08-12,cpi,Consumer Price Index release,July 2020,08:30,bls:sched2020
2020-08-19,fomc_minutes,minutes of 2020-07-29 meeting,,14:00,fed:fomchistorical2020
2020-08-19,vix_expiry,VIX futures/options expiration (SOQ at the open),,09:30,computed
2020-08-21,opex,monthly options expiration,,16:00,computed
2020-08-27,jackson_hole,"Jackson Hole symposium Aug 27-28 (virtual, keynote Thu), 2020",2020,10:00,manual:kcfed
2020-09-04,nfp,Employment Situation release,August 2020,08:30,bls:sched2020
2020-09-10,ppi,Producer Price Index release,August 2020,08:30,bls:sched2020
2020-09-11,cpi,Consumer Price Index release,August 2020,08:30,bls:sched2020
2020-09-16,fomc_decision,September 15-16 Meeting - 2020,,14:00,fed:fomchistorical2020
2020-09-16,vix_expiry,VIX futures/options expiration (SOQ at the open),,09:30,computed
2020-09-18,opex,quad witching,,16:00,computed
2020-09-18,quad_witching,quad witching,,16:00,computed
2020-10-02,nfp,Employment Situation release,September 2020,08:30,bls:sched2020
2020-10-07,fomc_minutes,minutes of 2020-09-16 meeting,,14:00,fed:fomchistorical2020
2020-10-13,cpi,Consumer Price Index release,September 2020,08:30,bls:sched2020
2020-10-14,ppi,Producer Price Index release,September 2020,08:30,bls:sched2020
2020-10-16,opex,monthly options expiration,,16:00,computed
2020-10-21,vix_expiry,VIX futures/options expiration (SOQ at the open),,09:30,computed
2020-11-03,election,US general election (presidential),,,computed
2020-11-05,fomc_decision,November 4-5 Meeting - 2020,,14:00,fed:fomchistorical2020
2020-11-06,nfp,Employment Situation release,October 2020,08:30,bls:sched2020
2020-11-12,cpi,Consumer Price Index release,October 2020,08:30,bls:sched2020
2020-11-13,ppi,Producer Price Index release,October 2020,08:30,bls:sched2020
2020-11-18,vix_expiry,VIX futures/options expiration (SOQ at the open),,09:30,computed
2020-11-20,opex,monthly options expiration,,16:00,computed
2020-11-25,fomc_minutes,minutes of 2020-11-05 meeting,,14:00,fed:fomchistorical2020
2020-12-04,nfp,Employment Situation release,November 2020,08:30,bls:sched2020
2020-12-10,cpi,Consumer Price Index release,November 2020,08:30,bls:sched2020
2020-12-11,ppi,Producer Price Index release,November 2020,08:30,bls:sched2020
2020-12-16,fomc_decision,December 15-16 Meeting - 2020,,14:00,fed:fomchistorical2020
2020-12-16,vix_expiry,VIX futures/options expiration (SOQ at the open),,09:30,computed
2020-12-18,opex,quad witching,,16:00,computed
2020-12-18,quad_witching,quad witching,,16:00,computed
2021-01-06,fomc_minutes,minutes of 2020-12-16 meeting,,14:00,fed:fomchistorical2020
2021-01-08,nfp,Employment Situation release,December 2020,08:30,bls:sched2021
2021-01-13,cpi,Consumer Price Index release,December 2020,08:30,bls:sched2021
2021-01-15,opex,monthly options expiration,,16:00,computed
2021-01-15,ppi,Producer Price Index release,December 2020,08:30,bls:sched2021
2021-01-20,vix_expiry,VIX futures/options expiration (SOQ at the open),,09:30,computed
2021-01-27,fomc_decision,January 26-27 Meeting - 2021,,14:00,fed:fomccalendars
2021-02-05,nfp,Employment Situation release,January 2021,08:30,bls:sched2021
2021-02-10,cpi,Consumer Price Index release,January 2021,08:30,bls:sched2021
2021-02-17,fomc_minutes,minutes of 2021-01-27 meeting,,14:00,fed:fomccalendars
2021-02-17,ppi,Producer Price Index release,January 2021,08:30,bls:sched2021
2021-02-17,vix_expiry,VIX futures/options expiration (SOQ at the open),,09:30,computed
2021-02-19,opex,monthly options expiration,,16:00,computed
2021-03-05,nfp,Employment Situation release,February 2021,08:30,bls:sched2021
2021-03-10,cpi,Consumer Price Index release,February 2021,08:30,bls:sched2021
2021-03-12,ppi,Producer Price Index release,February 2021,08:30,bls:sched2021
2021-03-17,fomc_decision,March 16-17* Meeting - 2021,,14:00,fed:fomccalendars
2021-03-17,vix_expiry,VIX futures/options expiration (SOQ at the open),,09:30,computed
2021-03-19,opex,quad witching,,16:00,computed
2021-03-19,quad_witching,quad witching,,16:00,computed
2021-04-02,nfp,Employment Situation release,March 2021,08:30,bls:sched2021
2021-04-07,fomc_minutes,minutes of 2021-03-17 meeting,,14:00,fed:fomccalendars
2021-04-09,ppi,Producer Price Index release,March 2021,08:30,bls:sched2021
2021-04-13,cpi,Consumer Price Index release,March 2021,08:30,bls:sched2021
2021-04-16,opex,monthly options expiration,,16:00,computed
2021-04-21,vix_expiry,VIX futures/options expiration (SOQ at the open),,09:30,computed
2021-04-28,fomc_decision,April 27-28 Meeting - 2021,,14:00,fed:fomccalendars
2021-05-07,nfp,Employment Situation release,April 2021,08:30,bls:sched2021
2021-05-12,cpi,Consumer Price Index release,April 2021,08:30,bls:sched2021
2021-05-13,ppi,Producer Price Index release,April 2021,08:30,bls:sched2021
2021-05-19,fomc_minutes,minutes of 2021-04-28 meeting,,14:00,fed:fomccalendars
2021-05-19,vix_expiry,VIX futures/options expiration (SOQ at the open),,09:30,computed
2021-05-21,opex,monthly options expiration,,16:00,computed
2021-06-04,nfp,Employment Situation release,May 2021,08:30,bls:sched2021
2021-06-10,cpi,Consumer Price Index release,May 2021,08:30,bls:sched2021
2021-06-15,ppi,Producer Price Index release,May 2021,08:30,bls:sched2021
2021-06-16,fomc_decision,June 15-16* Meeting - 2021,,14:00,fed:fomccalendars
2021-06-16,vix_expiry,VIX futures/options expiration (SOQ at the open),,09:30,computed
2021-06-18,opex,quad witching,,16:00,computed
2021-06-18,quad_witching,quad witching,,16:00,computed
2021-07-02,nfp,Employment Situation release,June 2021,08:30,bls:sched2021
2021-07-07,fomc_minutes,minutes of 2021-06-16 meeting,,14:00,fed:fomccalendars
2021-07-13,cpi,Consumer Price Index release,June 2021,08:30,bls:sched2021
2021-07-14,ppi,Producer Price Index release,June 2021,08:30,bls:sched2021
2021-07-16,opex,monthly options expiration,,16:00,computed
2021-07-21,vix_expiry,VIX futures/options expiration (SOQ at the open),,09:30,computed
2021-07-28,fomc_decision,July 27-28 Meeting - 2021,,14:00,fed:fomccalendars
2021-08-06,nfp,Employment Situation release,July 2021,08:30,bls:sched2021
2021-08-11,cpi,Consumer Price Index release,July 2021,08:30,bls:sched2021
2021-08-12,ppi,Producer Price Index release,July 2021,08:30,bls:sched2021
2021-08-18,fomc_minutes,minutes of 2021-07-28 meeting,,14:00,fed:fomccalendars
2021-08-18,vix_expiry,VIX futures/options expiration (SOQ at the open),,09:30,computed
2021-08-20,opex,monthly options expiration,,16:00,computed
2021-08-27,jackson_hole,"Jackson Hole symposium Aug 27 (virtual), 2021",2021,10:00,manual:kcfed
2021-09-03,nfp,Employment Situation release,August 2021,08:30,bls:sched2021
2021-09-10,ppi,Producer Price Index release,August 2021,08:30,bls:sched2021
2021-09-14,cpi,Consumer Price Index release,August 2021,08:30,bls:sched2021
2021-09-15,vix_expiry,VIX futures/options expiration (SOQ at the open),,09:30,computed
2021-09-17,opex,quad witching,,16:00,computed
2021-09-17,quad_witching,quad witching,,16:00,computed
2021-09-22,fomc_decision,September 21-22* Meeting - 2021,,14:00,fed:fomccalendars
2021-10-08,nfp,Employment Situation release,September 2021,08:30,bls:sched2021
2021-10-13,cpi,Consumer Price Index release,September 2021,08:30,bls:sched2021
2021-10-13,fomc_minutes,minutes of 2021-09-22 meeting,,14:00,fed:fomccalendars
2021-10-14,ppi,Producer Price Index release,September 2021,08:30,bls:sched2021
2021-10-15,opex,monthly options expiration,,16:00,computed
2021-10-20,vix_expiry,VIX futures/options expiration (SOQ at the open),,09:30,computed
2021-11-03,fomc_decision,November 2-3 Meeting - 2021,,14:00,fed:fomccalendars
2021-11-05,nfp,Employment Situation release,October 2021,08:30,bls:sched2021
2021-11-09,ppi,Producer Price Index release,October 2021,08:30,bls:sched2021
2021-11-10,cpi,Consumer Price Index release,October 2021,08:30,bls:sched2021
2021-11-17,vix_expiry,VIX futures/options expiration (SOQ at the open),,09:30,computed
2021-11-19,opex,monthly options expiration,,16:00,computed
2021-11-24,fomc_minutes,minutes of 2021-11-03 meeting,,14:00,fed:fomccalendars
2021-12-03,nfp,Employment Situation release,November 2021,08:30,bls:sched2021
2021-12-10,cpi,Consumer Price Index release,November 2021,08:30,bls:sched2021
2021-12-14,ppi,Producer Price Index release,November 2021,08:30,bls:sched2021
2021-12-15,fomc_decision,December 14-15* Meeting - 2021,,14:00,fed:fomccalendars
2021-12-17,opex,quad witching,,16:00,computed
2021-12-17,quad_witching,quad witching,,16:00,computed
2021-12-22,vix_expiry,VIX futures/options expiration (SOQ at the open),,09:30,computed
2022-01-05,fomc_minutes,minutes of 2021-12-15 meeting,,14:00,fed:fomccalendars
2022-01-07,nfp,Employment Situation release,December 2021,08:30,bls:sched2022
2022-01-12,cpi,Consumer Price Index release,December 2021,08:30,bls:sched2022
2022-01-13,ppi,Producer Price Index release,December 2021,08:30,bls:sched2022
2022-01-19,vix_expiry,VIX futures/options expiration (SOQ at the open),,09:30,computed
2022-01-21,opex,monthly options expiration,,16:00,computed
2022-01-26,fomc_decision,January 25-26 Meeting - 2022,,14:00,fed:fomccalendars
2022-02-04,nfp,Employment Situation release,January 2022,08:30,bls:sched2022
2022-02-10,cpi,Consumer Price Index release,January 2022,08:30,bls:sched2022
2022-02-15,ppi,Producer Price Index release,January 2022,08:30,bls:sched2022
2022-02-16,fomc_minutes,minutes of 2022-01-26 meeting,,14:00,fed:fomccalendars
2022-02-16,vix_expiry,VIX futures/options expiration (SOQ at the open),,09:30,computed
2022-02-18,opex,monthly options expiration,,16:00,computed
2022-03-04,nfp,Employment Situation release,February 2022,08:30,bls:sched2022
2022-03-10,cpi,Consumer Price Index release,February 2022,08:30,bls:sched2022
2022-03-15,ppi,Producer Price Index release,February 2022,08:30,bls:sched2022
2022-03-15,vix_expiry,VIX futures/options expiration (SOQ at the open),,09:30,computed
2022-03-16,fomc_decision,March 15-16* Meeting - 2022,,14:00,fed:fomccalendars
2022-03-18,opex,quad witching,,16:00,computed
2022-03-18,quad_witching,quad witching,,16:00,computed
2022-04-01,nfp,Employment Situation release,March 2022,08:30,bls:sched2022
2022-04-06,fomc_minutes,minutes of 2022-03-16 meeting,,14:00,fed:fomccalendars
2022-04-12,cpi,Consumer Price Index release,March 2022,08:30,bls:sched2022
2022-04-13,ppi,Producer Price Index release,March 2022,08:30,bls:sched2022
2022-04-14,opex,monthly options expiration,,16:00,computed
2022-04-20,vix_expiry,VIX futures/options expiration (SOQ at the open),,09:30,computed
2022-05-04,fomc_decision,May 3-4 Meeting - 2022,,14:00,fed:fomccalendars
2022-05-06,nfp,Employment Situation release,April 2022,08:30,bls:sched2022
2022-05-11,cpi,Consumer Price Index release,April 2022,08:30,bls:sched2022
2022-05-12,ppi,Producer Price Index release,April 2022,08:30,bls:sched2022
2022-05-18,vix_expiry,VIX futures/options expiration (SOQ at the open),,09:30,computed
2022-05-20,opex,monthly options expiration,,16:00,computed
2022-05-25,fomc_minutes,minutes of 2022-05-04 meeting,,14:00,fed:fomccalendars
2022-06-03,nfp,Employment Situation release,May 2022,08:30,bls:sched2022
2022-06-10,cpi,Consumer Price Index release,May 2022,08:30,bls:sched2022
2022-06-14,ppi,Producer Price Index release,May 2022,08:30,bls:sched2022
2022-06-15,fomc_decision,June 14-15* Meeting - 2022,,14:00,fed:fomccalendars
2022-06-15,vix_expiry,VIX futures/options expiration (SOQ at the open),,09:30,computed
2022-06-17,opex,quad witching,,16:00,computed
2022-06-17,quad_witching,quad witching,,16:00,computed
2022-07-06,fomc_minutes,minutes of 2022-06-15 meeting,,14:00,fed:fomccalendars
2022-07-08,nfp,Employment Situation release,June 2022,08:30,bls:sched2022
2022-07-13,cpi,Consumer Price Index release,June 2022,08:30,bls:sched2022
2022-07-14,ppi,Producer Price Index release,June 2022,08:30,bls:sched2022
2022-07-15,opex,monthly options expiration,,16:00,computed
2022-07-20,vix_expiry,VIX futures/options expiration (SOQ at the open),,09:30,computed
2022-07-27,fomc_decision,July 26-27 Meeting - 2022,,14:00,fed:fomccalendars
2022-08-05,nfp,Employment Situation release,July 2022,08:30,bls:sched2022
2022-08-10,cpi,Consumer Price Index release,July 2022,08:30,bls:sched2022
2022-08-11,ppi,Producer Price Index release,July 2022,08:30,bls:sched2022
2022-08-17,fomc_minutes,minutes of 2022-07-27 meeting,,14:00,fed:fomccalendars
2022-08-17,vix_expiry,VIX futures/options expiration (SOQ at the open),,09:30,computed
2022-08-19,opex,monthly options expiration,,16:00,computed
2022-08-26,jackson_hole,"Jackson Hole symposium Aug 25-27, 2022",2022,10:00,manual:kcfed
2022-09-02,nfp,Employment Situation release,August 2022,08:30,bls:sched2022
2022-09-13,cpi,Consumer Price Index release,August 2022,08:30,bls:sched2022
2022-09-14,ppi,Producer Price Index release,August 2022,08:30,bls:sched2022
2022-09-16,opex,quad witching,,16:00,computed
2022-09-16,quad_witching,quad witching,,16:00,computed
2022-09-21,fomc_decision,September 20-21* Meeting - 2022,,14:00,fed:fomccalendars
2022-09-21,vix_expiry,VIX futures/options expiration (SOQ at the open),,09:30,computed
2022-10-07,nfp,Employment Situation release,September 2022,08:30,bls:sched2022
2022-10-12,fomc_minutes,minutes of 2022-09-21 meeting,,14:00,fed:fomccalendars
2022-10-12,ppi,Producer Price Index release,September 2022,08:30,bls:sched2022
2022-10-13,cpi,Consumer Price Index release,September 2022,08:30,bls:sched2022
2022-10-19,vix_expiry,VIX futures/options expiration (SOQ at the open),,09:30,computed
2022-10-21,opex,monthly options expiration,,16:00,computed
2022-11-02,fomc_decision,November 1-2 Meeting - 2022,,14:00,fed:fomccalendars
2022-11-04,nfp,Employment Situation release,October 2022,08:30,bls:sched2022
2022-11-08,election,US general election (midterm),,,computed
2022-11-10,cpi,Consumer Price Index release,October 2022,08:30,bls:sched2022
2022-11-15,ppi,Producer Price Index release,October 2022,08:30,bls:sched2022
2022-11-16,vix_expiry,VIX futures/options expiration (SOQ at the open),,09:30,computed
2022-11-18,opex,monthly options expiration,,16:00,computed
2022-11-23,fomc_minutes,minutes of 2022-11-02 meeting,,14:00,fed:fomccalendars
2022-12-02,nfp,Employment Situation release,November 2022,08:30,bls:sched2022
2022-12-09,ppi,Producer Price Index release,November 2022,08:30,bls:sched2022
2022-12-13,cpi,Consumer Price Index release,November 2022,08:30,bls:sched2022
2022-12-14,fomc_decision,December 13-14* Meeting - 2022,,14:00,fed:fomccalendars
2022-12-16,opex,quad witching,,16:00,computed
2022-12-16,quad_witching,quad witching,,16:00,computed
2022-12-21,vix_expiry,VIX futures/options expiration (SOQ at the open),,09:30,computed
2023-01-04,fomc_minutes,minutes of 2022-12-14 meeting,,14:00,fed:fomccalendars
2023-01-06,nfp,Employment Situation release,December 2022,08:30,bls:sched2023
2023-01-12,cpi,Consumer Price Index release,December 2022,08:30,bls:sched2023
2023-01-18,ppi,Producer Price Index release,December 2022,08:30,bls:sched2023
2023-01-18,vix_expiry,VIX futures/options expiration (SOQ at the open),,09:30,computed
2023-01-20,opex,monthly options expiration,,16:00,computed
2023-02-01,fomc_decision,Jan/Feb 31-1 Meeting - 2023,,14:00,fed:fomccalendars
2023-02-03,nfp,Employment Situation release,January 2023,08:30,bls:sched2023
2023-02-14,cpi,Consumer Price Index release,January 2023,08:30,bls:sched2023
2023-02-15,vix_expiry,VIX futures/options expiration (SOQ at the open),,09:30,computed
2023-02-16,ppi,Producer Price Index release,January 2023,08:30,bls:sched2023
2023-02-17,opex,monthly options expiration,,16:00,computed
2023-02-22,fomc_minutes,minutes of 2023-02-01 meeting,,14:00,fed:fomccalendars
2023-03-10,nfp,Employment Situation release,February 2023,08:30,bls:sched2023
2023-03-14,cpi,Consumer Price Index release,February 2023,08:30,bls:sched2023
2023-03-15,ppi,Producer Price Index release,February 2023,08:30,bls:sched2023
2023-03-17,opex,quad witching,,16:00,computed
2023-03-17,quad_witching,quad witching,,16:00,computed
2023-03-22,fomc_decision,March 21-22* Meeting - 2023,,14:00,fed:fomccalendars
2023-03-22,vix_expiry,VIX futures/options expiration (SOQ at the open),,09:30,computed
2023-04-07,nfp,Employment Situation release,March 2023,08:30,bls:sched2023
2023-04-12,cpi,Consumer Price Index release,March 2023,08:30,bls:sched2023
2023-04-12,fomc_minutes,minutes of 2023-03-22 meeting,,14:00,fed:fomccalendars
2023-04-13,ppi,Producer Price Index release,March 2023,08:30,bls:sched2023
2023-04-19,vix_expiry,VIX futures/options expiration (SOQ at the open),,09:30,computed
2023-04-21,opex,monthly options expiration,,16:00,computed
2023-05-03,fomc_decision,May 2-3 Meeting - 2023,,14:00,fed:fomccalendars
2023-05-05,nfp,Employment Situation release,April 2023,08:30,bls:sched2023
2023-05-10,cpi,Consumer Price Index release,April 2023,08:30,bls:sched2023
2023-05-11,ppi,Producer Price Index release,April 2023,08:30,bls:sched2023
2023-05-17,vix_expiry,VIX futures/options expiration (SOQ at the open),,09:30,computed
2023-05-19,opex,monthly options expiration,,16:00,computed
2023-05-24,fomc_minutes,minutes of 2023-05-03 meeting,,14:00,fed:fomccalendars
2023-06-02,nfp,Employment Situation release,May 2023,08:30,bls:sched2023
2023-06-13,cpi,Consumer Price Index release,May 2023,08:30,bls:sched2023
2023-06-14,fomc_decision,June 13-14* Meeting - 2023,,14:00,fed:fomccalendars
2023-06-14,ppi,Producer Price Index release,May 2023,08:30,bls:sched2023
2023-06-16,opex,quad witching,,16:00,computed
2023-06-16,quad_witching,quad witching,,16:00,computed
2023-06-21,vix_expiry,VIX futures/options expiration (SOQ at the open),,09:30,computed
2023-07-05,fomc_minutes,minutes of 2023-06-14 meeting,,14:00,fed:fomccalendars
2023-07-07,nfp,Employment Situation release,June 2023,08:30,bls:sched2023
2023-07-12,cpi,Consumer Price Index release,June 2023,08:30,bls:sched2023
2023-07-13,ppi,Producer Price Index release,June 2023,08:30,bls:sched2023
2023-07-19,vix_expiry,VIX futures/options expiration (SOQ at the open),,09:30,computed
2023-07-21,opex,monthly options expiration,,16:00,computed
2023-07-26,fomc_decision,July 25-26 Meeting - 2023,,14:00,fed:fomccalendars
2023-08-04,nfp,Employment Situation release,July 2023,08:30,bls:sched2023
2023-08-10,cpi,Consumer Price Index release,July 2023,08:30,bls:sched2023
2023-08-11,ppi,Producer Price Index release,July 2023,08:30,bls:sched2023
2023-08-16,fomc_minutes,minutes of 2023-07-26 meeting,,14:00,fed:fomccalendars
2023-08-16,vix_expiry,VIX futures/options expiration (SOQ at the open),,09:30,computed
2023-08-18,opex,monthly options expiration,,16:00,computed
2023-08-25,jackson_hole,"Jackson Hole symposium Aug 24-26, 2023",2023,10:00,manual:kcfed
2023-09-01,nfp,Employment Situation release,August 2023,08:30,bls:sched2023
2023-09-13,cpi,Consumer Price Index release,August 2023,08:30,bls:sched2023
2023-09-14,ppi,Producer Price Index release,August 2023,08:30,bls:sched2023
2023-09-15,opex,quad witching,,16:00,computed
2023-09-15,quad_witching,quad witching,,16:00,computed
2023-09-20,fomc_decision,September 19-20* Meeting - 2023,,14:00,fed:fomccalendars
2023-09-20,vix_expiry,VIX futures/options expiration (SOQ at the open),,09:30,computed
2023-10-06,nfp,Employment Situation release,September 2023,08:30,bls:sched2023
2023-10-11,fomc_minutes,minutes of 2023-09-20 meeting,,14:00,fed:fomccalendars
2023-10-11,ppi,Producer Price Index release,September 2023,08:30,bls:sched2023
2023-10-12,cpi,Consumer Price Index release,September 2023,08:30,bls:sched2023
2023-10-18,vix_expiry,VIX futures/options expiration (SOQ at the open),,09:30,computed
2023-10-20,opex,monthly options expiration,,16:00,computed
2023-11-01,fomc_decision,Oct/Nov 31-1 Meeting - 2023,,14:00,fed:fomccalendars
2023-11-03,nfp,Employment Situation release,October 2023,08:30,bls:sched2023
2023-11-14,cpi,Consumer Price Index release,October 2023,08:30,bls:sched2023
2023-11-15,ppi,Producer Price Index release,October 2023,08:30,bls:sched2023
2023-11-15,vix_expiry,VIX futures/options expiration (SOQ at the open),,09:30,computed
2023-11-17,opex,monthly options expiration,,16:00,computed
2023-11-21,fomc_minutes,minutes of 2023-11-01 meeting,,14:00,fed:fomccalendars
2023-12-08,nfp,Employment Situation release,November 2023,08:30,bls:sched2023
2023-12-12,cpi,Consumer Price Index release,November 2023,08:30,bls:sched2023
2023-12-13,fomc_decision,December 12-13* Meeting - 2023,,14:00,fed:fomccalendars
2023-12-13,ppi,Producer Price Index release,November 2023,08:30,bls:sched2023
2023-12-15,opex,quad witching,,16:00,computed
2023-12-15,quad_witching,quad witching,,16:00,computed
2023-12-20,vix_expiry,VIX futures/options expiration (SOQ at the open),,09:30,computed
2024-01-03,fomc_minutes,minutes of 2023-12-13 meeting,,14:00,fed:fomccalendars
2024-01-05,nfp,Employment Situation release,December 2023,08:30,bls:sched2024
2024-01-11,cpi,Consumer Price Index release,December 2023,08:30,bls:sched2024
2024-01-12,ppi,Producer Price Index release,December 2023,08:30,bls:sched2024
2024-01-17,vix_expiry,VIX futures/options expiration (SOQ at the open),,09:30,computed
2024-01-19,opex,monthly options expiration,,16:00,computed
2024-01-31,fomc_decision,January 30-31 Meeting - 2024,,14:00,fed:fomccalendars
2024-02-02,nfp,Employment Situation release,January 2024,08:30,bls:sched2024
2024-02-13,cpi,Consumer Price Index release,January 2024,08:30,bls:sched2024
2024-02-14,vix_expiry,VIX futures/options expiration (SOQ at the open),,09:30,computed
2024-02-16,opex,monthly options expiration,,16:00,computed
2024-02-16,ppi,Producer Price Index release,January 2024,08:30,bls:sched2024
2024-02-21,fomc_minutes,minutes of 2024-01-31 meeting,,14:00,fed:fomccalendars
2024-03-08,nfp,Employment Situation release,February 2024,08:30,bls:sched2024
2024-03-12,cpi,Consumer Price Index release,February 2024,08:30,bls:sched2024
2024-03-14,ppi,Producer Price Index release,February 2024,08:30,bls:sched2024
2024-03-15,opex,quad witching,,16:00,computed
2024-03-15,quad_witching,quad witching,,16:00,computed
2024-03-20,fomc_decision,March 19-20* Meeting - 2024,,14:00,fed:fomccalendars
2024-03-20,vix_expiry,VIX futures/options expiration (SOQ at the open),,09:30,computed
2024-04-05,nfp,Employment Situation release,March 2024,08:30,bls:sched2024
2024-04-10,cpi,Consumer Price Index release,March 2024,08:30,bls:sched2024
2024-04-10,fomc_minutes,minutes of 2024-03-20 meeting,,14:00,fed:fomccalendars
2024-04-11,ppi,Producer Price Index release,March 2024,08:30,bls:sched2024
2024-04-17,vix_expiry,VIX futures/options expiration (SOQ at the open),,09:30,computed
2024-04-19,opex,monthly options expiration,,16:00,computed
2024-05-01,fomc_decision,Apr/May 30-1 Meeting - 2024,,14:00,fed:fomccalendars
2024-05-03,nfp,Employment Situation release,April 2024,08:30,bls:sched2024
2024-05-14,ppi,Producer Price Index release,April 2024,08:30,bls:sched2024
2024-05-15,cpi,Consumer Price Index release,April 2024,08:30,bls:sched2024
2024-05-17,opex,monthly options expiration,,16:00,computed
2024-05-22,fomc_minutes,minutes of 2024-05-01 meeting,,14:00,fed:fomccalendars
2024-05-22,vix_expiry,VIX futures/options expiration (SOQ at the open),,09:30,computed
2024-06-07,nfp,Employment Situation release,May 2024,08:30,bls:sched2024
2024-06-12,cpi,Consumer Price Index release,May 2024,08:30,bls:sched2024
2024-06-12,fomc_decision,June 11-12* Meeting - 2024,,14:00,fed:fomccalendars
2024-06-13,ppi,Producer Price Index release,May 2024,08:30,bls:sched2024
2024-06-19,vix_expiry,VIX futures/options expiration (SOQ at the open),,09:30,computed
2024-06-21,opex,quad witching,,16:00,computed
2024-06-21,quad_witching,quad witching,,16:00,computed
2024-07-03,fomc_minutes,minutes of 2024-06-12 meeting,,14:00,fed:fomccalendars
2024-07-05,nfp,Employment Situation release,June 2024,08:30,bls:sched2024
2024-07-11,cpi,Consumer Price Index release,June 2024,08:30,bls:sched2024
2024-07-12,ppi,Producer Price Index release,June 2024,08:30,bls:sched2024
2024-07-17,vix_expiry,VIX futures/options expiration (SOQ at the open),,09:30,computed
2024-07-19,opex,monthly options expiration,,16:00,computed
2024-07-31,fomc_decision,July 30-31 Meeting - 2024,,14:00,fed:fomccalendars
2024-08-02,nfp,Employment Situation release,July 2024,08:30,bls:sched2024
2024-08-13,ppi,Producer Price Index release,July 2024,08:30,bls:sched2024
2024-08-14,cpi,Consumer Price Index release,July 2024,08:30,bls:sched2024
2024-08-16,opex,monthly options expiration,,16:00,computed
2024-08-21,fomc_minutes,minutes of 2024-07-31 meeting,,14:00,fed:fomccalendars
2024-08-21,vix_expiry,VIX futures/options expiration (SOQ at the open),,09:30,computed
2024-08-23,jackson_hole,"Jackson Hole symposium Aug 22-24, 2024",2024,10:00,manual:kcfed
2024-09-06,nfp,Employment Situation release,August 2024,08:30,bls:sched2024
2024-09-11,cpi,Consumer Price Index release,August 2024,08:30,bls:sched2024
2024-09-12,ppi,Producer Price Index release,August 2024,08:30,bls:sched2024
2024-09-18,fomc_decision,September 17-18* Meeting - 2024,,14:00,fed:fomccalendars
2024-09-18,vix_expiry,VIX futures/options expiration (SOQ at the open),,09:30,computed
2024-09-20,opex,quad witching,,16:00,computed
2024-09-20,quad_witching,quad witching,,16:00,computed
2024-10-04,nfp,Employment Situation release,September 2024,08:30,bls:sched2024
2024-10-09,fomc_minutes,minutes of 2024-09-18 meeting,,14:00,fed:fomccalendars
2024-10-10,cpi,Consumer Price Index release,September 2024,08:30,bls:sched2024
2024-10-11,ppi,Producer Price Index release,September 2024,08:30,bls:sched2024
2024-10-16,vix_expiry,VIX futures/options expiration (SOQ at the open),,09:30,computed
2024-10-18,opex,monthly options expiration,,16:00,computed
2024-11-01,nfp,Employment Situation release,October 2024,08:30,bls:sched2024
2024-11-05,election,US general election (presidential),,,computed
2024-11-07,fomc_decision,November 6-7 Meeting - 2024,,14:00,fed:fomccalendars
2024-11-13,cpi,Consumer Price Index release,October 2024,08:30,bls:sched2024
2024-11-14,ppi,Producer Price Index release,October 2024,08:30,bls:sched2024
2024-11-15,opex,monthly options expiration,,16:00,computed
2024-11-20,vix_expiry,VIX futures/options expiration (SOQ at the open),,09:30,computed
2024-11-26,fomc_minutes,minutes of 2024-11-07 meeting,,14:00,fed:fomccalendars
2024-12-06,nfp,Employment Situation release,November 2024,08:30,bls:sched2024
2024-12-11,cpi,Consumer Price Index release,November 2024,08:30,bls:sched2024
2024-12-12,ppi,Producer Price Index release,November 2024,08:30,bls:sched2024
2024-12-18,fomc_decision,December 17-18* Meeting - 2024,,14:00,fed:fomccalendars
2024-12-18,vix_expiry,VIX futures/options expiration (SOQ at the open),,09:30,computed
2024-12-20,opex,quad witching,,16:00,computed
2024-12-20,quad_witching,quad witching,,16:00,computed
2025-01-08,fomc_minutes,minutes of 2024-12-18 meeting,,14:00,fed:fomccalendars
2025-01-10,nfp,Employment Situation release,December 2024,08:30,bls:sched2025
2025-01-14,ppi,Producer Price Index release,December 2024,08:30,bls:sched2025
2025-01-15,cpi,Consumer Price Index release,December 2024,08:30,bls:sched2025
2025-01-17,opex,monthly options expiration,,16:00,computed
2025-01-22,vix_expiry,VIX futures/options expiration (SOQ at the open),,09:30,computed
2025-01-29,fomc_decision,January 28-29 Meeting - 2025,,14:00,fed:fomccalendars
2025-02-07,nfp,Employment Situation release,January 2025,08:30,bls:sched2025
2025-02-12,cpi,Consumer Price Index release,January 2025,08:30,bls:sched2025
2025-02-13,ppi,Producer Price Index release,January 2025,08:30,bls:sched2025
2025-02-19,fomc_minutes,minutes of 2025-01-29 meeting,,14:00,fed:fomccalendars
2025-02-19,vix_expiry,VIX futures/options expiration (SOQ at the open),,09:30,computed
2025-02-21,opex,monthly options expiration,,16:00,computed
2025-03-07,nfp,Employment Situation release,February 2025,08:30,bls:sched2025
2025-03-12,cpi,Consumer Price Index release,February 2025,08:30,bls:sched2025
2025-03-13,ppi,Producer Price Index release,February 2025,08:30,bls:sched2025
2025-03-18,vix_expiry,VIX futures/options expiration (SOQ at the open),,09:30,computed
2025-03-19,fomc_decision,March 18-19* Meeting - 2025,,14:00,fed:fomccalendars
2025-03-21,opex,quad witching,,16:00,computed
2025-03-21,quad_witching,quad witching,,16:00,computed
2025-04-04,nfp,Employment Situation release,March 2025,08:30,bls:sched2025
2025-04-09,fomc_minutes,minutes of 2025-03-19 meeting,,14:00,fed:fomccalendars
2025-04-10,cpi,Consumer Price Index release,March 2025,08:30,bls:sched2025
2025-04-11,ppi,Producer Price Index release,March 2025,08:30,bls:sched2025
2025-04-16,vix_expiry,VIX futures/options expiration (SOQ at the open),,09:30,computed
2025-04-17,opex,monthly options expiration,,16:00,computed
2025-05-02,nfp,Employment Situation release,April 2025,08:30,bls:sched2025
2025-05-07,fomc_decision,May 6-7 Meeting - 2025,,14:00,fed:fomccalendars
2025-05-13,cpi,Consumer Price Index release,April 2025,08:30,bls:sched2025
2025-05-15,ppi,Producer Price Index release,April 2025,08:30,bls:sched2025
2025-05-16,opex,monthly options expiration,,16:00,computed
2025-05-21,vix_expiry,VIX futures/options expiration (SOQ at the open),,09:30,computed
2025-05-28,fomc_minutes,minutes of 2025-05-07 meeting,,14:00,fed:fomccalendars
2025-06-06,nfp,Employment Situation release,May 2025,08:30,bls:sched2025
2025-06-11,cpi,Consumer Price Index release,May 2025,08:30,bls:sched2025
2025-06-12,ppi,Producer Price Index release,May 2025,08:30,bls:sched2025
2025-06-18,fomc_decision,June 17-18* Meeting - 2025,,14:00,fed:fomccalendars
2025-06-18,vix_expiry,VIX futures/options expiration (SOQ at the open),,09:30,computed
2025-06-20,opex,quad witching,,16:00,computed
2025-06-20,quad_witching,quad witching,,16:00,computed
2025-07-03,nfp,Employment Situation release,June 2025,08:30,bls:sched2025
2025-07-09,fomc_minutes,minutes of 2025-06-18 meeting,,14:00,fed:fomccalendars
2025-07-15,cpi,Consumer Price Index release,June 2025,08:30,bls:sched2025
2025-07-16,ppi,Producer Price Index release,June 2025,08:30,bls:sched2025
2025-07-16,vix_expiry,VIX futures/options expiration (SOQ at the open),,09:30,computed
2025-07-18,opex,monthly options expiration,,16:00,computed
2025-07-30,fomc_decision,July 29-30 Meeting - 2025,,14:00,fed:fomccalendars
2025-08-01,nfp,Employment Situation release,July 2025,08:30,bls:sched2025
2025-08-12,cpi,Consumer Price Index release,July 2025,08:30,bls:sched2025
2025-08-14,ppi,Producer Price Index release,July 2025,08:30,bls:sched2025
2025-08-15,opex,monthly options expiration,,16:00,computed
2025-08-20,fomc_minutes,minutes of 2025-07-30 meeting,,14:00,fed:fomccalendars
2025-08-20,vix_expiry,VIX futures/options expiration (SOQ at the open),,09:30,computed
2025-08-22,jackson_hole,"Jackson Hole symposium Aug 21-23, 2025",2025,10:00,manual:kcfed
2025-09-05,nfp,Employment Situation release,August 2025,08:30,bls:sched2025
2025-09-10,ppi,Producer Price Index release,August 2025,08:30,bls:sched2025
2025-09-11,cpi,Consumer Price Index release,August 2025,08:30,bls:sched2025
2025-09-17,fomc_decision,September 16-17* Meeting - 2025,,14:00,fed:fomccalendars
2025-09-17,vix_expiry,VIX futures/options expiration (SOQ at the open),,09:30,computed
2025-09-19,opex,quad witching,,16:00,computed
2025-09-19,quad_witching,quad witching,,16:00,computed
2025-10-08,fomc_minutes,minutes of 2025-09-17 meeting,,14:00,fed:fomccalendars
2025-10-17,opex,monthly options expiration,,16:00,computed
2025-10-22,vix_expiry,VIX futures/options expiration (SOQ at the open),,09:30,computed
2025-10-24,cpi,Consumer Price Index release,September 2025,08:30,bls:sched2025+revised
2025-10-29,fomc_decision,October 28-29 Meeting - 2025,,14:00,fed:fomccalendars
2025-11-19,fomc_minutes,minutes of 2025-10-29 meeting,,14:00,fed:fomccalendars
2025-11-19,vix_expiry,VIX futures/options expiration (SOQ at the open),,09:30,computed
2025-11-20,nfp,Employment Situation release,September 2025,08:30,bls:sched2025+revised
2025-11-21,opex,monthly options expiration,,16:00,computed
2025-11-25,ppi,Producer Price Index release,September 2025,08:30,bls:sched2025+revised
2025-12-10,fomc_decision,December 9-10* Meeting - 2025,,14:00,fed:fomccalendars
2025-12-16,nfp,NFP release,November 2025,08:30,bls:current:empsit+revised
2025-12-17,vix_expiry,VIX futures/options expiration (SOQ at the open),,09:30,computed
2025-12-18,cpi,CPI release,November 2025,08:30,bls:current:cpi+revised
2025-12-19,opex,quad witching,,16:00,computed
2025-12-19,quad_witching,quad witching,,16:00,computed
2025-12-30,fomc_minutes,minutes of 2025-12-10 meeting,,14:00,fed:fomccalendars
2026-01-09,nfp,NFP release,December 2025,08:30,bls:current:empsit
2026-01-13,cpi,CPI release,December 2025,08:30,bls:current:cpi
2026-01-14,ppi,PPI release,November 2025,08:30,bls:current:ppi+revised
2026-01-16,opex,monthly options expiration,,16:00,computed
2026-01-21,vix_expiry,VIX futures/options expiration (SOQ at the open),,09:30,computed
2026-01-28,fomc_decision,January 27-28 Meeting - 2026,,14:00,fed:fomccalendars
2026-01-30,ppi,PPI release,December 2025,08:30,bls:current:ppi+revised
2026-02-11,nfp,NFP release,January 2026,08:30,bls:current:empsit+revised
2026-02-13,cpi,CPI release,January 2026,08:30,bls:current:cpi+revised
2026-02-18,fomc_minutes,minutes of 2026-01-28 meeting,,14:00,fed:fomccalendars
2026-02-18,vix_expiry,VIX futures/options expiration (SOQ at the open),,09:30,computed
2026-02-20,opex,monthly options expiration,,16:00,computed
2026-02-27,ppi,PPI release,January 2026,08:30,bls:current:ppi+revised
2026-03-06,nfp,NFP release,February 2026,08:30,bls:current:empsit
2026-03-11,cpi,CPI release,February 2026,08:30,bls:current:cpi
2026-03-18,fomc_decision,March 17-18* Meeting - 2026,,14:00,fed:fomccalendars
2026-03-18,ppi,PPI release,February 2026,08:30,bls:current:ppi+revised
2026-03-18,vix_expiry,VIX futures/options expiration (SOQ at the open),,09:30,computed
2026-03-20,opex,quad witching,,16:00,computed
2026-03-20,quad_witching,quad witching,,16:00,computed
2026-04-03,nfp,NFP release,March 2026,08:30,bls:current:empsit
2026-04-08,fomc_minutes,minutes of 2026-03-18 meeting,,14:00,fed:fomccalendars
2026-04-10,cpi,CPI release,March 2026,08:30,bls:current:cpi
2026-04-14,ppi,PPI release,March 2026,08:30,bls:current:ppi
2026-04-15,vix_expiry,VIX futures/options expiration (SOQ at the open),,09:30,computed
2026-04-17,opex,monthly options expiration,,16:00,computed
2026-04-29,fomc_decision,April 28-29 Meeting - 2026,,14:00,fed:fomccalendars
2026-05-08,nfp,NFP release,April 2026,08:30,bls:current:empsit
2026-05-12,cpi,CPI release,April 2026,08:30,bls:current:cpi
2026-05-13,ppi,PPI release,April 2026,08:30,bls:current:ppi
2026-05-15,opex,monthly options expiration,,16:00,computed
2026-05-20,fomc_minutes,minutes of 2026-04-29 meeting,,14:00,fed:fomccalendars
2026-05-20,vix_expiry,VIX futures/options expiration (SOQ at the open),,09:30,computed
2026-06-05,nfp,NFP release,May 2026,08:30,bls:current:empsit
2026-06-10,cpi,CPI release,May 2026,08:30,bls:current:cpi
2026-06-11,ppi,PPI release,May 2026,08:30,bls:current:ppi
2026-06-17,fomc_decision,June 16-17* Meeting - 2026,,14:00,fed:fomccalendars
2026-06-17,vix_expiry,VIX futures/options expiration (SOQ at the open),,09:30,computed
2026-06-19,opex,quad witching,,16:00,computed
2026-06-19,quad_witching,quad witching,,16:00,computed
2026-07-02,nfp,NFP release,June 2026,08:30,bls:current:empsit
2026-07-08,fomc_minutes,minutes of 2026-06-17 meeting,,14:00,fed:fomccalendars
2026-07-14,cpi,CPI release,June 2026,08:30,bls:current:cpi
2026-07-15,ppi,PPI release,June 2026,08:30,bls:current:ppi
2026-07-17,opex,monthly options expiration,,16:00,computed
2026-07-22,vix_expiry,VIX futures/options expiration (SOQ at the open),,09:30,computed
2026-07-29,fomc_decision,July 28-29 Meeting - 2026,,14:00,fed:fomccalendars
2026-08-07,nfp,NFP release,July 2026,08:30,bls:current:empsit
2026-08-12,cpi,CPI release,July 2026,08:30,bls:current:cpi
2026-08-13,ppi,PPI release,July 2026,08:30,bls:current:ppi
2026-08-19,vix_expiry,VIX futures/options expiration (SOQ at the open),,09:30,computed
2026-08-21,opex,monthly options expiration,,16:00,computed
2026-08-28,jackson_hole,"Jackson Hole symposium Aug 27-29, 2026",2026,10:00,manual:kcfed
2026-09-04,nfp,NFP release,August 2026,08:30,bls:current:empsit
2026-09-10,ppi,PPI release,August 2026,08:30,bls:current:ppi
2026-09-11,cpi,CPI release,August 2026,08:30,bls:current:cpi
2026-09-16,fomc_decision,September 15-16* Meeting - 2026,,14:00,fed:fomccalendars
2026-09-16,vix_expiry,VIX futures/options expiration (SOQ at the open),,09:30,computed
2026-09-18,opex,quad witching,,16:00,computed
2026-09-18,quad_witching,quad witching,,16:00,computed
2026-10-02,nfp,NFP release,September 2026,08:30,bls:current:empsit
2026-10-14,cpi,CPI release,September 2026,08:30,bls:current:cpi
2026-10-15,ppi,PPI release,September 2026,08:30,bls:current:ppi
2026-10-16,opex,monthly options expiration,,16:00,computed
2026-10-21,vix_expiry,VIX futures/options expiration (SOQ at the open),,09:30,computed
2026-10-28,fomc_decision,October 27-28 Meeting - 2026,,14:00,fed:fomccalendars
2026-11-03,election,US general election (midterm),,,computed
2026-11-06,nfp,NFP release,October 2026,08:30,bls:current:empsit
2026-11-10,cpi,CPI release,October 2026,08:30,bls:current:cpi
2026-11-13,ppi,PPI release,October 2026,08:30,bls:current:ppi
2026-11-18,vix_expiry,VIX futures/options expiration (SOQ at the open),,09:30,computed
2026-11-20,opex,monthly options expiration,,16:00,computed
2026-12-04,nfp,NFP release,November 2026,08:30,bls:current:empsit
2026-12-09,fomc_decision,December 8-9* Meeting - 2026,,14:00,fed:fomccalendars
2026-12-10,cpi,CPI release,November 2026,08:30,bls:current:cpi
2026-12-15,ppi,PPI release,November 2026,08:30,bls:current:ppi
2026-12-16,vix_expiry,VIX futures/options expiration (SOQ at the open),,09:30,computed
2026-12-18,opex,quad witching,,16:00,computed
2026-12-18,quad_witching,quad witching,,16:00,computed
2027-01-15,opex,monthly options expiration,,16:00,computed
2027-01-20,vix_expiry,VIX futures/options expiration (SOQ at the open),,09:30,computed
2027-01-27,fomc_decision,January 26-27 Meeting - 2027,,14:00,fed:fomccalendars
2027-02-17,vix_expiry,VIX futures/options expiration (SOQ at the open),,09:30,computed
2027-02-19,opex,monthly options expiration,,16:00,computed
2027-03-17,fomc_decision,March 16-17* Meeting - 2027,,14:00,fed:fomccalendars
2027-03-17,vix_expiry,VIX futures/options expiration (SOQ at the open),,09:30,computed
2027-03-19,opex,quad witching,,16:00,computed
2027-03-19,quad_witching,quad witching,,16:00,computed
2027-04-16,opex,monthly options expiration,,16:00,computed
2027-04-21,vix_expiry,VIX futures/options expiration (SOQ at the open),,09:30,computed
2027-04-28,fomc_decision,April 27-28 Meeting - 2027,,14:00,fed:fomccalendars
2027-05-19,vix_expiry,VIX futures/options expiration (SOQ at the open),,09:30,computed
2027-05-21,opex,monthly options expiration,,16:00,computed
2027-06-09,fomc_decision,June 8-9* Meeting - 2027,,14:00,fed:fomccalendars
2027-06-16,vix_expiry,VIX futures/options expiration (SOQ at the open),,09:30,computed
2027-06-18,opex,quad witching,,16:00,computed
2027-06-18,quad_witching,quad witching,,16:00,computed
2027-07-16,opex,monthly options expiration,,16:00,computed
2027-07-21,vix_expiry,VIX futures/options expiration (SOQ at the open),,09:30,computed
2027-07-28,fomc_decision,July 27-28 Meeting - 2027,,14:00,fed:fomccalendars
2027-08-18,vix_expiry,VIX futures/options expiration (SOQ at the open),,09:30,computed
2027-08-20,opex,monthly options expiration,,16:00,computed
2027-09-15,fomc_decision,September 14-15* Meeting - 2027,,14:00,fed:fomccalendars
2027-09-15,vix_expiry,VIX futures/options expiration (SOQ at the open),,09:30,computed
2027-09-17,opex,quad witching,,16:00,computed
2027-09-17,quad_witching,quad witching,,16:00,computed
2027-10-15,opex,monthly options expiration,,16:00,computed
2027-10-20,vix_expiry,VIX futures/options expiration (SOQ at the open),,09:30,computed
2027-10-27,fomc_decision,October 26-27 Meeting - 2027,,14:00,fed:fomccalendars
2027-11-17,vix_expiry,VIX futures/options expiration (SOQ at the open),,09:30,computed
2027-11-19,opex,monthly options expiration,,16:00,computed
2027-12-08,fomc_decision,December 7-8* Meeting - 2027,,14:00,fed:fomccalendars
2027-12-17,opex,quad witching,,16:00,computed
2027-12-17,quad_witching,quad witching,,16:00,computed
2027-12-22,vix_expiry,VIX futures/options expiration (SOQ at the open),,09:30,computed
