,worst,best,best_clean,close
2003-01-21,-374.09132126399425,1534.7347476141795,0.0,-356.366858754839
2003-01-22,-2074.4845169612463,3307.340682165951,1793.6772136688232,-1640.9334763118322
2003-01-23,-368.962646484375,6229.692750930786,6229.692750930786,4587.57299545833
2003-01-24,-10651.17678833007,3246.7156677246176,0.0,-9801.437607901416
2003-01-27,-6232.78778369086,2540.829182556699,642.596923828125,-4519.468096801219
2003-01-28,-59.57701873779297,2269.5770378112793,2269.5770378112793,1575.7981452941895
2003-01-29,-2094.0394401550293,2105.8272743225098,2105.8272743225098,1102.8348990167874
2003-01-31,-26.8771318708109,4218.760563441689,0.0,3598.079411097939
2003-02-03,0.0,2109.840576171875,2109.840576171875,1090.31884765625
2003-02-04,-4750.68115234375,0.0,0.0,-2860.3982587541886
2003-02-06,-1335.1259765625073,1124.3896484374927,0.0,-237.52050781250728
2003-02-07,-2564.802734375,1697.91015625,1697.91015625,-1895.044921875
2003-02-10,-1379.833984375,1673.2734375,1673.2734375,1406.5654296875073
2003-02-13,-1779.4240842546808,1556.660815647663,0.0,691.4197267804755
2003-02-14,-521.8123779296875,3906.96435546875,3906.96435546875,3906.96435546875
2003-02-18,0.0,4009.53564453125,3270.009376525879,3269.6159177507743
2003-02-25,-1837.3423288209099,8352.402088369643,0.0,7252.120382513319
2003-02-26,-6458.032470703125,1131.321641921997,1131.321641921997,-5982.122262954712
2003-02-27,-179.33477783203125,7489.341493606567,7489.341493606567,5691.001880441393
2003-03-04,-380.89515958513874,1609.9494563511405,0.0,74.14879144940716
2003-03-05,-1023.8199520111084,1592.7374267578125,1592.7374267578125,284.4523067474365
2003-03-06,-1820.2015266418457,739.4576740264893,739.4576740264893,-341.6010981968437
2003-03-11,-842.6597473962008,1869.6055838721097,0.0,-765.1880066735446
2003-03-12,-4187.649845668244,2717.0797342572932,335.62213134765625,1160.9355685370392
2003-03-13,0.0,9768.335998535156,8708.513092041016,8701.252438136506
2003-04-08,-603.9942286695693,3394.179559401109,0.0,1291.0296532426623
2003-04-09,-6192.684951782227,2987.2692260742188,2987.2692260742188,-5403.388120651245
2003-04-10,-6308.046062707901,4269.582193136215,1547.8375568389893,-1013.4601287160663
2003-04-11,-727.805495262146,3882.0319175720215,3882.0319175720215,364.00043964385986
2003-04-14,-242.5781488418579,4124.6455907821655,4124.6455907821655,4124.818156480789
2003-04-23,-124.08483852658864,681.2723716327132,0.0,142.1500495501936
2003-04-24,0.0,565.7476634979248,565.7476634979248,232.9553165435791
2003-04-25,0.0,718.8286399841309,641.0954211779996,569.8946339062272
2003-05-16,-1086.3731575012207,799.2154455184937,0.0,-1086.0
2003-05-20,-2694.6278882196966,5977.209998590606,0.0,2250.8736748525075
2003-05-21,-4094.7529697418213,7525.8292417526245,7364.6729999780655,6521.863600100787
2003-05-22,-445.37951469421387,5974.390996932983,5974.390996932983,4556.262725046705
2003-05-30,-665.2591359615343,772.2866499423964,0.0,-454.0
2003-06-02,-3230.3939293452727,5647.833502905703,0.0,2593.719176428653
2003-06-03,-2881.091007437023,14496.034011636464,2935.7993879318283,3044.262087617606
2003-06-04,-6386.962706565857,11722.476043701172,11462.862479686737,5062.557667800359
2003-06-05,-3680.133972440449,4567.5434977667655,3485.783561706543,273.31578322819087
2003-06-06,-782.6804275512695,1064.422664642334,1064.422664642334,1064.422664642334
2003-06-09,-3099.668624435175,4901.154991592657,699.3232642582502,-145.80234074594637
2003-06-10,-411.73344802856445,4956.872526168823,4956.872526168823,4826.204027175903
2003-06-11,-4510.146380526669,9305.906895535343,5219.973224639893,7406.393818310361
2003-06-12,-3254.10531437397,3389.279116511345,1990.8963203430176,1599.9292830228806
2003-06-13,-7745.191963195801,3206.8222332000732,3206.8222332000732,-4352.316569226138
2003-06-16,-1895.0727863311768,0.007985115051269531,0.007985115051269531,-1748.6855982542038
2003-06-23,-3056.6956079347037,1538.9107229368783,0.0,-1736.1335046632194
2003-06-24,-1110.0701071194073,4264.919326169167,1769.4650421142578,1576.7382272311786
2003-06-25,-2614.7019424438477,5264.341220855713,2834.4420433044434,-1338.794134344349
2003-06-26,0.0,3466.6428871154785,3466.6428871154785,3079.1894117763895
2003-06-30,-969.5163888931377,2057.737639427175,0.0,-352.4351282119854
2003-07-01,-6187.271012800085,15339.1521029302,1575.3390655517578,10686.018144794865
2003-07-02,0.0,10046.215233802795,10046.215233802795,9917.26896599362
2003-07-03,-10106.765995025635,736.8336887359619,736.8336887359619,-6456.8519825765015
2003-07-08,-2999.1966658660285,6349.338751690733,0.0,-343.3630953856822
2003-07-09,-2549.6081409454346,4036.8682765960693,4036.8682765960693,-531.1687965393066
2003-07-10,0.0,10729.559711456299,8074.204865353446,8074.531891924989
2003-07-29,-2635.5408066340624,1281.6828032902538,0.0,-850.4750641413868
2003-07-30,-1165.2604293823242,867.7159423828125,867.7159423828125,-595.031494140625
2003-07-31,0.0,4338.723411560059,4338.723411560059,570.5065582820118
2003-08-08,-545.9176548549199,2715.4130336216426,0.0,-124.32903180804487
2003-08-11,0.0,3240.17724609375,3240.17724609375,2236.329031808045
2003-08-25,-356.31281151092276,4476.02567420685,0.0,1670.1540463992335
2003-08-26,-3429.2942504882812,1434.2334365844727,1434.2334365844727,561.2972030639648
2003-08-27,-1683.6747665405273,779.2602081298828,779.2602081298828,93.54875053680189
2003-09-12,-174.68389238629436,4135.656988961362,0.0,3767.429938180112
2003-09-15,-1819.4320678710938,418.75030517578125,418.75030517578125,-1379.429938180112
2003-09-29,-907.2699953487906,4653.366124493739,0.0,4405.951466900966
2003-09-30,-6621.27551651001,0.0,0.0,-5214.857437133789
2003-10-01,0.0,7638.896045684814,7638.896045684814,7073.905970232823
2003-10-23,-793.0198497772092,2921.002084732068,0.0,642.4594402313357
2003-10-24,-2779.6969718933105,752.0593490600586,752.0593490600586,-569.5127143859863
2003-10-27,0.0,4238.056064605713,4238.056064605713,3372.0532741546504
2003-10-29,-264.10025400775703,2032.6725121055242,0.0,632.2045441184637
2003-10-30,-2772.9084730148315,0.0,0.0,-1400.4458904266357
2003-10-31,-700.2339839935303,2240.7619953155518,2240.7619953155518,1120.3809976577759
2003-11-03,-1120.3699588775635,560.2070569992065,560.2070569992065,560.2070569992065
2003-11-04,-700.2671003341675,2660.8648538589478,2660.8648538589478,2436.7886543273926
2003-11-05,-476.1798620223999,3277.093720436096,3277.093720436096,1680.5438995361328
2003-11-06,-1400.4017353057861,0.0,0.0,-308.026123046875
2003-11-07,-392.2520160675049,1904.5317888259888,1904.5317888259888,-168.1758165359497
2003-11-10,-7448.743996211426,2774.352499416931,224.153470993042,-6263.649582454102
2003-11-11,-8142.05557344645,5396.446078317466,1204.9910402297974,-4156.98731025632
2003-11-12,-139.98277187347412,21043.5094499588,21043.5094499588,20354.59209864477
2003-11-13,-6566.698329925537,2478.0899620056152,2478.0899620056152,159.1648807355732
2003-11-14,-2240.717840194702,980.376148223877,980.376148223877,-1484.46204662323
2003-11-17,-10306.888696670547,9715.425152778611,0.0,933.7528734207008
2003-11-18,-14789.739039421082,9737.187536239624,8040.249738693237,-13116.008127212532
2003-11-19,-1852.8916549682617,10146.086290359497,10146.086290359497,7294.612809181235
2003-11-20,-1568.4892416000366,0.0,0.0,-1540.4728174209595
2003-11-21,-1008.3263397216797,1092.3866510391235,1092.3866510391235,252.10366249084473
2003-11-24,0.0,3725.2681970596313,3725.2681970596313,3305.132222175598
2003-11-25,-644.2452907562256,1708.56032371521,1708.56032371521,336.08670234680176
2003-11-26,-0.044155120849609375,2324.745035171509,2324.745035171509,2128.6742210388184
2003-11-28,-756.2889099121094,392.09747314453125,392.09747314453125,-756.2889099121094
2003-12-01,-697.4190765448961,12166.446478264674,2296.8941926956177,2088.3506530693617
2003-12-02,-6288.049010276794,28.038501739501953,28.038501739501953,-3562.970850944519
2003-12-03,-7650.747745513916,1980.971842765808,1980.971842765808,-5890.319490807399
2003-12-04,-2744.936203956604,0.0,0.0,-2492.854619026184
2003-12-05,-1456.4345836639404,0.0,0.0,-1260.36376953125
2003-12-08,-716.3477510043449,5051.644358294361,2268.7453031539917,4137.324247973316
2003-12-09,-5387.931365966797,2368.7610807418823,2368.7610807418823,-4811.720350265503
2003-12-10,-4989.78822517395,1566.4436149597168,0.0,-4807.176332133167
2003-12-11,0.0,2941.0401344299316,2941.0401344299316,2941.0401344299316
2003-12-12,-980.376148223877,280.05385398864746,280.05385398864746,83.98303985595703
2003-12-15,-980.2657604217529,1036.4089965820312,1036.4089965820312,-616.1515951156616
2003-12-16,-7856.836569445459,5711.749443394812,364.0589714050293,1779.2501815387332
2003-12-17,-7081.627938270569,2710.898220062256,2710.898220062256,96.61638259887695
2003-12-18,-1003.1404218673706,13238.466793060303,13238.466793060303,11843.464893000453
2003-12-19,-2016.641640663147,0.0,0.0,-111.99946403503418
2003-12-22,-392.11955070495605,1344.4682359695435,1344.4682359695435,392.14162826538086
2003-12-23,-1036.375880241394,644.1900968551636,644.1900968551636,-112.0656967163086
2003-12-24,-560.2401733398438,1260.3748083114624,1260.3748083114624,83.98303985595703
2003-12-26,0.0,1064.4585371017456,1064.4585371017456,588.3007526397705
2003-12-29,-532.234787940979,1344.4130420684814,1344.4130420684814,1232.3694229125977
2003-12-30,-644.201135635376,168.0764675140381,168.0764675140381,168.0764675140381
2003-12-31,-1512.5778198242188,224.00996685028076,224.00996685028076,-1512.5778198242188
2004-01-02,-168.1095838546753,1512.4674320220947,1512.4674320220947,1120.3368425369263
2004-01-05,-167.89984703063965,1232.5791597366333,1232.5791597366333,1232.5791597366333
2004-01-06,-896.4262247085571,1288.3029222488403,1288.3029222488403,560.0635528564453
2004-01-07,-3053.0285596847534,0.0,0.0,-756.2557935714722
2004-01-08,-1764.5159006118774,0.0,0.0,-1316.363501548767
2004-01-09,-1260.4520797729492,2688.881278038025,2688.881278038025,2296.7506885528564
2004-01-12,-1232.4577331542969,1316.3966178894043,1316.3966178894043,-924.3543386459351
2004-01-13,-2604.8871994018555,140.03796577453613,140.03796577453613,-1260.4300022125244
2004-01-14,-924.3322610855103,1148.3643054962158,1148.3643054962158,140.02692699432373
2004-01-15,-1204.3750762939453,1260.4631185531616,1260.4631185531616,952.3597240447998
2004-01-16,-616.1957502365112,1008.3484172821045,1008.3484172821045,-392.11955070495605
2004-01-20,-140.04900455474854,1680.5659770965576,1680.5659770965576,420.1470136642456
2004-01-21,-2772.952628135681,168.04335117340088,168.04335117340088,-2352.8056144714355
2004-01-22,-2268.778419494629,56.01077079772949,56.01077079772949,-1764.6042108535767
2004-01-23,-1708.5492849349976,0.0,0.0,-1680.5328607559204
2004-01-26,-1624.6104001998901,1624.4889736175537,1624.4889736175537,1036.2875699996948
2004-01-27,-280.04281520843506,7562.613129615784,7562.613129615784,6442.232131958008
2004-01-28,0.0,11960.021615028381,7694.583915386896,7694.253408380926
2004-01-29,-2730.9536089216244,5374.326298304938,0.0,4622.392582484626
2004-01-30,-3479.1009521484375,1319.935791015625,1319.935791015625,-1519.803466796875
2004-02-02,-2836.434814453125,6056.052978515625,6056.052978515625,639.4108843122497
2004-02-24,-719.6574369157922,3432.039927891337,0.0,1364.8816332136023
2004-02-25,-208.3207550048828,2883.7529296875,2883.7529296875,2779.5215377807617
2004-02-26,-1042.402687072754,1893.3150329589844,1893.3150329589844,1215.5968290056362
2004-03-09,-8555.749440772199,8192.458994286395,0.0,-1497.8084541388976
2004-03-10,-25866.302103042603,6832.897146224976,3572.789846420288,-15598.98899446214
2004-03-11,-16985.477638551107,12495.166613272319,4358.000465393066,-13547.337796211192
2004-03-12,-5027.488224029541,7189.698088645935,6345.989278793335,4660.17662773811
2004-03-15,-10865.182165145885,5808.155822753895,0.0,-7578.870179312609
2004-03-16,-3149.055774893076,5715.012962136953,3244.5068359375,2554.130262170534
2004-03-17,0.0,4833.6907081604,4833.6907081604,4057.760093688965
2004-03-18,-4267.129070281982,289.52248764038086,289.52248764038086,-1850.061559472769
2004-03-22,-4989.779899052183,1882.0367742266249,0.0,-2111.926028660338
2004-03-23,-2500.8336219787598,3462.5848503112793,3462.5848503112793,-2008.6379699707031
2004-03-24,-1512.1626014709473,4723.943717956543,4723.943717956543,2087.5639986310407
2004-04-07,-8.892153075764044,1107.123619743755,0.0,702.296296783855
2004-04-08,-289.9623155593872,596.2834453582764,436.8204087189273,236.6260617460527
2004-04-12,-390.60368728637695,0.0019998550415039062,0.0019998550415039062,-258.9223585299078
2004-04-14,-612.0438910211669,3869.9060105596436,0.0,1700.5524834905518
2004-04-15,-3847.576789855957,1371.1311416625977,1371.1311416625977,-1841.968147277832
2004-04-16,-1678.0771179199219,2988.077949523926,2988.077949523926,1801.4156637872802
2004-04-29,-192.73694321086953,4325.116250072211,0.0,1062.2247572285835
2004-04-30,-564.7238368988037,2666.7846851348877,2666.7846851348877,-156.86128425598145
2004-05-03,-1631.4859237670898,1066.6728038787842,1066.6728038787842,-62.79272651672363
2004-05-04,0.0,5427.736139297485,5427.736139297485,5208.117841720581
2004-05-05,-1600.0672397613525,658.8638210296631,658.8638210296631,-1349.0659713745117
2004-05-06,-3011.934865951538,0.0,0.0,-2352.6226168019475
2004-05-10,-2610.1187617097526,3233.6413682188363,0.0,-62.89411037308264
2004-05-11,0.0,5780.264654159546,5780.264654159546,4475.809875488281
2004-05-12,-8442.634370803833,1487.1539306640625,1487.1539306640625,1216.0842348848012
2004-06-14,-872.7435011182343,1026.361615725943,0.0,140.11539132256158
2004-06-15,0.0,2152.394130706787,2152.394130706787,1392.7605743408203
2004-06-16,-1139.6201419830322,126.44286060333252,126.44286060333252,-379.98658561706543
2004-06-17,-1392.6332187652588,126.65511989593506,126.65511989593506,-1139.4078826904297
2004-06-18,-1690.178295135498,851.4144744873047,851.4144744873047,-38.14299488067627
2004-06-21,-1270.923740386963,1397.7698936462402,1397.7698936462402,-381.3450450897217
2004-06-22,-5451.592868804873,9952.643905639707,889.727276802063,8535.661564827024
2004-06-23,-5882.6852769851685,12176.214210510254,12176.214210510254,10656.990252494812
2004-06-24,-6842.258942604065,7912.864875793457,7387.079210281372,-3035.943880081235
2004-06-25,-3049.890097618103,381.2813673019409,0.0,-1858.7013946260895
2004-07-08,-1515.4605712890625,2271.4908447265625,0.0,-1460.10986328125
2004-07-09,0.0,3504.981689453125,3504.981689453125,1534.10986328125
2004-07-19,-1086.856985092163,2253.686107635498,0.0,-218.33782768249512
2004-07-20,0.0,6614.296766281128,6614.296766281128,5545.318748474121
2004-07-21,-7282.281560897827,1469.9410400390625,1469.9410400390625,-6880.980920791626
2004-08-10,-1301.8646183013916,5315.993902206421,0.0,-762.3612003326416
2004-08-11,-863.1822204589844,4100.211669921875,4100.211669921875,1294.8135681152344
2004-08-12,-755.3101501464844,8200.369689941406,8200.369689941406,7445.547632217407
2004-08-31,-2847.179414612908,4573.282444136481,0.0,3650.443386214118
2004-09-01,-4226.117631094807,7850.642716271526,5292.625780105591,3178.4877842494316
2004-09-02,-1523.134744644165,11282.508386611938,10548.914712905884,9606.223300797601
2004-09-03,-575.9988098144531,1612.6291580200195,1612.6291580200195,1382.245216369629
2004-09-07,-6307.150672265452,9952.352539709645,2649.4542846679688,-1328.154410668773
2004-09-08,-6289.511119842529,6463.465665817261,6463.465665817261,1821.7076778411865
2004-09-09,-11027.09188079834,1587.7158660888672,1587.7158660888672,-6717.793959311086
2004-09-10,-2073.338607788086,299.5887222290039,299.5887222290039,207.4390411376953
2004-09-13,-2649.395851135254,0.0,0.0,-2096.478286743164
2004-09-14,-3156.2483139038086,0.0,0.0,-2427.1197498866386
2004-09-22,-549.9230532646179,2517.8274445533752,0.0,1495.2405514717102
2004-09-23,-1051.7719535827637,204.54486846923828,204.54486846923828,-477.1729393005371
2004-09-24,-1917.953693492081,1771.4587572983244,126.59077262878418,-666.0287819930575
2004-09-27,-7581.974086148417,10783.693228381002,2989.816764831543,-129.08403716770363
2004-09-28,-15847.397811889648,6964.246425628662,6018.669008255005,-6895.4789332321625
2004-09-29,-4690.096939086914,12474.058374404907,12474.058374404907,9256.64149223057
2004-09-30,-486.94201850891113,2045.1636047363281,2045.1636047363281,1509.5238208770752
2004-10-01,-866.7397899627686,477.2340278625488,477.2340278625488,9.763988494873047
2004-10-04,-4002.7414836883545,759.57008934021,759.57008934021,-3515.7994651794434
2004-10-05,-2609.9731769561768,0.0,0.0,-2046.6056962013245
2004-10-12,-1506.68701171875,2821.495361328125,0.0,2048.20556640625
2004-10-13,-1822.093505859375,3556.79443359375,3556.79443359375,-102.20556640625
2004-10-25,-881.8104648590313,3705.532171249367,0.0,1700.7093563079607
2004-10-26,-1393.7876358032227,7115.200294494629,7115.200294494629,6789.03466796875
2004-10-27,-2093.1371688842773,11965.700859069824,7259.1011753082275,7259.25597572329
2004-11-09,-925.1885833740234,1270.175199508667,0.0,940.8661365509033
2004-11-10,-172.48147773742676,1552.442138671875,1552.442138671875,344.99134826660156
2004-11-11,-109.77126502990723,1050.6374015808105,1050.6374015808105,674.2862148284912
2004-11-12,-1144.7263813018799,0.0,0.0,-282.26220703125
2004-11-15,-2087.101797648844,596.7506193433437,0.0,-1536.2849889482823
2004-11-16,-1126.0959396362305,689.9874286651611,689.9874286651611,-383.5555057525635
2004-11-17,-297.9492244720459,3812.042760848999,3812.042760848999,2416.115463256836
2004-11-18,-1537.0780925750732,562.9022350311279,562.9022350311279,-278.9296340942383
2004-11-19,-2945.1002807617188,1011.0583877563477,1011.0583877563477,-1263.4848670959473
2004-11-22,-1645.3347597122192,4936.353873252869,2540.741901397705,3931.6927633285522
2004-11-23,-7953.6553376402135,5781.775231054855,636.5898628234863,-779.7563775266882
2004-11-24,-434.09169578552246,13992.606674194336,13992.606674194336,10294.63820552826
2004-11-26,-3983.379192352295,3421.723762512207,3421.723762512207,-1056.3435885225063
2004-11-29,-9882.886883871877,2700.980578286325,941.3206748962402,-6678.011931555594
2004-11-30,-2995.386016845703,2371.2837448120117,764.9543991088867,-815.3956211635223
2004-12-01,-608.4876381329103,3087.3726142474607,2412.376428604126,1951.7286819049316
2004-12-02,-1856.4118003845215,784.3461818695068,784.3461818695068,-1013.7967128753662
2004-12-03,-313.39451599121094,3157.4120349884033,3157.4120349884033,2868.9658676556155
2004-12-06,-5172.161825180054,0.0,0.0,-4309.325839996338
2004-12-07,-9174.231737954282,6226.981669562197,697.2748565673828,-5440.4459084102145
2004-12-08,-2202.105556488037,21209.637630462646,17323.191484378323,16834.428719384337
2004-12-09,-1656.0327072143555,714.7116508483887,714.7116508483887,400.9379653930664
2004-12-10,-1377.132610321045,0.0,0.0,-488.10224533081055
2004-12-13,0.0,3521.2281799316406,3521.2281799316406,3521.2281799316406
2004-12-14,-766.9826507568359,505.5390396118164,505.5390396118164,-17.407257080078125
2004-12-15,-1161.2596122707503,5853.982982448183,1603.7715530395508,551.6414640460832
2004-12-16,-14755.030339241026,719.1017160415659,0.0,-13498.858927726744
2004-12-17,-1917.587248802185,13397.201278686523,13380.86216524669,1214.5314796822267
2004-12-20,-88.60969257354736,3587.0264205932617,3587.0264205932617,2267.042566640036
2004-12-21,-9888.940504550934,5766.561906337738,0.0,-8842.833086490631
2004-12-22,-4516.352634429932,5324.63463973999,5324.63463973999,1897.8854370117188
2004-12-23,-5024.821014404297,5482.44645690918,5482.44645690918,4493.705500125885
2004-12-27,0.0,1098.1832847595215,1098.1832847595215,522.9266052246094
2004-12-28,-418.34522247314453,434.0688591003418,434.0688591003418,209.2021484375
2004-12-29,-1785.0192463738608,1559.1544520514321,0.0,-123.29203919002299
2004-12-30,-1229.6847534179688,1355.0346488952637,1355.0346488952637,-456.30248641967773
2004-12-31,-1534.669765472412,2837.1344451904297,1268.0632514953613,-954.3371238708496
2005-01-03,-11566.110032081604,7954.605166435242,2497.1299743652344,-8439.772194862366
2005-01-04,-23837.828163146936,4388.202051162758,278.330381309887,-10830.929978370628
2005-01-05,-10199.729433945235,9426.17722804207,2235.0791454315186,-9127.42253105981
2005-01-06,-7395.244576317905,20565.587024824978,13860.811920166016,9624.991910866325
2005-01-07,-10244.434203147888,10136.011100769043,10136.011100769043,-1354.93251187462
2005-01-10,-1262.4044609069824,3605.3209228515625,3605.3209228515625,508.9585255213958
2005-01-11,-958.7578506469727,156.89176559448242,156.89176559448242,-854.1666221618652
2005-01-12,0.0,1045.892593383789,1045.892593383789,976.1651077270508
2005-01-13,-2980.8352432250977,0.0,0.0,-2667.0615577697754
2005-01-14,0.0,1481.7238388061523,1481.7238388061523,941.340747833252
2005-01-18,0.0,2004.6602897644043,2004.6602897644043,1778.0410385131836
2005-01-19,0.0,2109.2810554504395,2109.2810554504395,348.647274017334
2005-01-20,-801.8759307861328,331.19078826904297,331.19078826904297,-784.4489822387695
2005-01-21,-1743.686892986287,3248.7778954506025,1115.6594619750977,-718.6710906028641
2005-01-24,-5080.620896373477,6936.788983310971,2104.909959793091,-3527.7482996327544
2005-01-25,-1345.73801612854,11333.34034538269,11333.34034538269,2222.9445398194393
2005-01-26,-363.41726303100586,7879.786691665649,7879.786691665649,4549.763272523886
2005-01-27,-2084.0634574890137,1817.1866512298584,1817.1866512298584,1086.7731609344482
2005-01-28,-3021.765790939331,726.9348621368408,726.9348621368408,-366.88679695129395
2005-01-31,-1842.4744749069214,4411.931515693665,3187.2510719299316,1871.6708707809448
2005-02-01,-2392.3409349237154,5052.534110852652,3942.6651153564453,2385.2100752081205
2005-02-02,-452.9952907562256,6694.075483322144,6694.075483322144,5464.2795696258545
2005-02-03,-6134.019330978394,1054.8671016693115,1054.8671016693115,-1135.2194557189941
2005-02-04,-1338.9133834838867,4982.0706424713135,4982.0706424713135,2901.29443359375
2005-02-07,-7094.307134628296,857.4517135620117,857.4517135620117,-5684.676349639893
2005-02-08,-2138.930570602417,7801.832326889038,7801.832326889038,5931.43616104126
2005-02-09,-6032.594482421875,3378.167043685913,3378.167043685913,-4417.566473007202
2005-02-10,-969.1060123443604,8852.814907073975,8852.814907073975,6868.607732772827
2005-02-11,-2004.0162715911865,7110.548538208008,7110.548538208008,4837.874580383301
2005-02-14,-2244.7581787109375,4242.01485824585,4242.01485824585,1160.4855613708496
2005-02-15,-2184.5945587158203,4347.0160121917725,4347.0160121917725,50.91617829459574
2005-02-16,-573.2080993652344,6398.592830657959,6398.592830657959,5758.502754211426
2005-02-17,-4620.795925140381,1500.3146057128906,1500.3146057128906,-3649.9290809631348
2005-02-18,-3652.1428230830616,4054.9680262974316,3378.4649600982666,-306.13251004900417
2005-02-22,-8546.561197280884,3281.5249099731445,3281.5249099731445,-7236.022756576538
2005-02-23,-2698.462474822998,5140.595365524292,5140.595365524292,2581.4156188964844
2005-02-24,-4314.477212905884,3495.5629348754883,3495.5629348754883,2633.704969406128
2005-02-25,-9154.030939051096,16070.438059857901,5548.059295654297,2852.366238900591
2005-02-28,-8982.388143539429,4630.460548400879,4383.727415493556,-1470.8552162987849
2005-03-01,-6267.637229919434,5651.390685081482,5651.390685081482,-610.0061501775472
2005-03-02,-6068.808971405029,4229.312391281128,4229.312391281128,1021.1614818572998
2005-03-03,-2769.171724319458,7332.065874099731,7332.065874099731,3768.935968399048
2005-03-04,-2599.1962933540226,13396.317342281354,9715.806941986084,7989.531676769268
2005-03-07,-6447.701676130295,10792.806294679642,9521.106707572937,5199.963449716568
2005-03-08,-9675.917049407959,4486.0383586883545,3847.3324320656816,-6348.813140392315
2005-03-09,-8234.598819732666,1356.5306663513184,1356.5306663513184,-6928.796096801758
2005-03-10,-5639.245279312134,3756.816535949707,3756.816535949707,-1852.3623008728027
2005-03-11,-3434.4684162139893,7374.436567306519,7374.436567306519,899.7219524383545
2005-03-14,-4246.74245262146,4525.395877838135,4525.395877838135,35.27851104736328
2005-03-15,-4046.1336059570312,7809.467082977295,7809.467082977295,-311.6627902984619
2005-03-16,-6032.582521438599,2545.411308288574,1786.8719844818115,-4665.13853420531
2005-03-17,-1132.8865356445312,4528.542051315308,3583.414541244507,2002.4388301372528
2005-03-18,-585.2482089996338,2364.9451065063477,2364.9451065063477,914.1966857910156
2005-03-21,-2904.0009002685547,940.2577991485596,940.2577991485596,-685.8143615722656
2005-03-22,-1858.2633209228516,2765.330337524414,2765.330337524414,-1231.8145561218262
2005-03-23,-4669.132678440641,1346.9422822679767,0.0,-2330.3764814649335
2005-03-24,-1308.8470211029053,4312.638732910156,4312.638732910156,-245.65492057800293
2005-03-28,-8521.002439498901,2558.829090118408,2558.829090118408,-5107.319004058838
2005-03-29,-8201.980200767543,9163.623625755285,1531.6138648986816,-5676.256836039702
2005-03-30,-408.7242832183838,15412.40307044983,15412.40307044983,14459.632667541504
2005-03-31,-4099.743232727051,3150.6010093688965,3150.6010093688965,-640.8878870010121
2005-04-01,-2500.517713546753,2003.4740962982178,2003.4740962982178,-1157.348726272583
2005-04-04,-1762.3626487595834,5519.592221464416,1771.375867843628,3740.036046232482
2005-04-05,-1505.2977619171143,3154.5756912231445,3154.5756912231445,936.2796535491943
2005-04-06,-3416.224843978882,3839.3816318511963,3839.3816318511963,-767.0161945479117
2005-04-07,-686.0718269348145,1908.57271194458,1908.57271194458,1375.627477645874
2005-04-08,-4856.413137435913,80.61784362792969,80.61784362792969,-4015.352075576782
2005-04-11,-450.60895919799805,2642.3806285858154,2642.3806285858154,1838.6385345458984
2005-04-12,-3657.4713916778564,724.7140369415283,724.7140369415283,191.7813491821289
2005-04-13,-4615.161598205566,0.04391288757324219,0.04391288757324219,-3945.982250213623
2005-04-14,-12449.596207022667,2652.2768493890762,1351.845697402954,-6778.079054781367
2005-04-15,-27820.634304591593,5553.200052670063,450.58386611938477,-23641.97292251247
2005-04-18,-6531.187113353193,14779.21511118752,8917.633935928345,10083.240149906691
2005-04-19,0.0,15219.39750957489,15219.39750957489,12344.801355498197
2005-04-20,-1109.189353942871,346.62324142456055,346.62324142456055,-1109.189353942871
2005-04-21,0.0,1767.7697486877441,1767.7697486877441,1455.8063220977783
2005-04-22,-866.589469909668,762.534746170044,762.534746170044,-173.3492603302002
2005-04-25,0.0,1767.845027923584,1767.845027923584,1733.178939819336
2005-04-26,-1490.503776550293,381.2516899108887,381.2516899108887,-658.6117610931396
2005-04-27,-3708.863664627075,0.0,0.0,-2565.0019493103027
2005-04-28,-2668.9876670837402,0.0,0.0,-2565.008222579956
2005-04-29,-2599.6429443359375,0.02509307861328125,0.02509307861328125,-1109.1642608642578
2005-05-02,-2010.4386386871338,173.286527633667,173.286527633667,-1213.2064380645752
2005-05-03,-1317.1733360290527,485.2687740325928,0.0,-846.1018350805571
2005-05-05,-991.4242623192976,806.3352400915911,0.0,-537.6227352959821
2005-05-06,0.0,1343.9317989349365,1343.9317989349365,1029.762014389038
2005-05-09,-628.3133926391602,209.4770622253418,209.4770622253418,174.57076263427734
2005-05-10,-2129.37589263916,0.0,0.0,-1553.39577293396
2005-05-11,-279.27002906799316,1378.8577308654785,1378.8577308654785,1169.4068450927734
2005-05-12,-1832.6723461151123,279.2503967285156,279.2503967285156,-1780.3128967285156
2005-05-13,-6648.804194876137,4020.948820642051,418.895227432251,-4882.27036041874
2005-05-16,-6745.822992903841,10036.991113083708,5668.959091186523,7552.315035240996
2005-05-17,-5027.849360466003,10830.805324554443,10830.805324554443,9250.335960388184
2005-05-18,-6870.569803237915,15729.638206481934,9474.845973474643,1860.1987256493012
2005-05-19,-1303.5935896124224,8427.110500505985,7639.095935821533,6755.310234240116
2005-05-20,-4815.57781791687,3012.3100566864014,3012.3100566864014,-2134.4503440856934
2005-05-23,-504.85569763183594,8138.693803787231,8138.693803787231,4675.568021774292
2005-05-24,-1290.0128421783447,3779.6774501800537,3779.6774501800537,1960.988868713379
2005-05-25,-3429.3331089019775,4701.098045349121,4701.098045349121,1925.5329551696777
2005-05-26,0.0,7416.039546966553,7416.039546966553,5452.326524734497
2005-05-27,-1114.4766464233398,3897.781774520874,3329.0680303914132,2022.1079255172135
2005-05-31,-1743.672269821167,1028.325117111206,1028.325117111206,225.80700874328613
2005-06-01,-4307.706932067871,2572.606939315796,2127.82887840271,-3469.4419269561768
2005-06-02,-3252.1273231506348,709.180269241333,709.180269241333,70.26237678527832
2005-06-03,-6286.809976577759,412.281005859375,52.21680450439453,-3856.3216609954834
2005-06-06,-418.90831565856934,2719.004741668701,2719.004741668701,2544.5590534210205
2005-06-07,-2004.1573162078857,731.6623268127441,731.6623268127441,-1934.5211963653564
2005-06-08,-748.7832641601562,732.305627822876,732.305627822876,-243.4353313446045
2005-06-09,-348.2275218963623,2597.5659008026123,2597.5659008026123,2039.0892219543457
2005-06-10,-2213.653440475464,0.0,0.0,-1254.8214206695557
2005-06-13,-4232.881596769599,1795.084772859307,0.03272056579589844,-2882.891360487251
2005-06-14,-4410.112646102905,383.9627513885498,383.9627513885498,-1128.3607082366943
2005-06-15,-1525.7352046966553,1847.6230773925781,1847.6230773925781,130.77793884277344
2005-06-16,-1301.8356837885758,6779.182567630492,2155.3404293060303,2018.7595806462386
2005-06-17,-7454.0614013671875,2940.817029953003,2940.817029953003,-1030.5396976470947
2005-06-20,-5800.612865447998,1828.8132801055908,1828.8132801055908,-1879.91361049243
2005-06-21,-1104.6976280212402,2155.503164291382,2155.503164291382,1094.2990856170654
2005-06-22,-1447.225715637207,3820.6141109466553,1430.121976852417,292.051118850708
2005-06-23,-6488.235723495483,1154.1858940124512,1154.1858940124512,-5720.516321182251
2005-06-24,-9510.721751161971,4987.57689385756,2167.228151321411,-7772.005589229713
2005-06-27,-6556.507812636268,6251.004626137841,2411.7382621765137,-793.2352105549683
2005-06-28,-905.8834896087646,19267.03539943695,18779.615473747253,15852.846966522075
2005-06-29,-2852.937074661255,2381.4750576019287,2381.4750576019287,-1476.3925617762693
2005-06-30,-1047.241340637207,680.6924743652344,680.6924743652344,-890.162992477417
2005-07-01,0.0,1047.2282524108887,1047.2282524108887,925.0562038421631
2005-07-05,0.0,2129.362804412842,2129.362804412842,2024.6439056396484
2005-07-06,-418.86905097961426,593.4594459533691,593.4594459533691,122.21131324768066
2005-07-07,-2967.1728916168213,0.0,0.0,-1047.2347965240479
2005-07-08,-558.5466022491455,226.88440322875977,226.88440322875977,87.25266075134277
2005-07-11,-1117.053939819336,261.81033515930176,261.81033515930176,-698.158712387085
2005-07-12,-1515.5769109725936,1155.7766141891495,244.3310089111328,59.560252189637836
2005-07-13,-858.7989883422852,1633.5163860321045,1581.3767741748252,36.43975537163806
2005-07-14,-1290.03267288208,1422.503345489502,1422.503345489502,1004.1936894144321
2005-07-15,-296.782075881958,977.350212097168,977.350212097168,628.2741279602051
2005-07-18,-52.35944938659668,575.9801197052002,575.9801197052002,0.0
2005-07-19,-157.08489227294922,645.7992630004883,645.7992630004883,-69.8125991821289
2005-07-20,-977.389476776123,715.6380386352539,715.6380386352539,226.93021202087402
2005-07-21,-977.4287414550781,279.2569408416748,279.2569408416748,-942.5224418640137
2005-07-22,-1186.8403625488281,767.9974880218506,767.9974880218506,767.9974880218506
2005-07-25,-830.6449491977708,1678.7059447765334,680.6859302520752,-412.5004150867478
2005-07-26,-298.4458999633789,2691.344307899475,2691.344307899475,1301.3430404663086
2005-07-27,-1527.7944402694702,2146.5176401138306,2146.5176401138306,-155.09318828582764
2005-07-28,-453.8080711364746,3454.716034889221,3454.716034889221,2219.020199775696
2005-07-29,-485.17767333984375,4652.969140052795,4652.969140052795,1647.6271953582764
2005-08-01,-1924.109637260437,647.1159820556641,647.1159820556641,-927.1357402801514
2005-08-02,-3820.4718111753623,6786.5188943147505,1673.774269104004,-282.8615130186239
2005-08-03,-2122.726064682007,14574.995042800903,11399.319026947021,10628.46287727356
2005-08-04,-5571.904205322266,7211.184510231018,7211.184510231018,1619.0797406775764
2005-08-05,-6530.409050941467,330.3194761276245,330.3194761276245,-6051.388174057007
2005-08-08,-2735.8026146888633,5350.0258984565835,4347.195147514343,-481.7496943473716
2005-08-09,-567.4116849899292,5997.748804092407,5997.748804092407,3851.4402952194214
2005-08-10,-1350.505142211914,6232.622149467468,6232.622149467468,2368.390655040731
2005-08-11,-4330.82213973999,2813.311025619507,2813.311025619507,-1111.1580257415771
2005-08-12,-3815.5244440351144,8620.836271830975,3981.6250762939453,5889.199040004192
2005-08-15,-3265.452307701111,4347.449816703796,4347.449816703796,2424.378191947937
2005-08-16,-8246.884322166443,1122.3029346466064,1122.3029346466064,-6293.069692611688
2005-08-17,-3893.382593154907,1225.0144023895264,1225.0144023895264,-184.93187141418457
2005-08-18,-2793.118626390178,3247.803650106709,1460.9801769256592,1002.6418869154857
2005-08-19,-2791.0425338745117,2372.166157722473,2372.166157722473,-1009.4739238875316
2005-08-22,-3621.2654815401665,8200.696798733272,4574.663146018982,19.681797436273996
2005-08-23,-4782.290030479431,2172.6799087524414,2172.6799087524414,-1168.150728225708
2005-08-24,-4497.550359725952,9032.595481872559,9032.595481872559,-1103.4678739819892
2005-08-25,-423.0860900878906,5702.06459236145,5702.06459236145,3912.7771310806274
2005-08-26,-3762.247082710266,2201.2920141220093,1571.541528838019,-736.265629359661
2005-08-29,-2885.5610847473145,1687.1151895523071,1687.1151895523071,1321.7679605484009
2005-08-30,-3966.308418273926,26.24139404296875,26.24139404296875,-2321.9004850387573
2005-08-31,-1722.517762184143,2167.126021385193,2167.126021385193,2035.9014158248901
2005-09-01,-2584.1757069996315,6356.998441559939,1252.1378946304321,-185.1032010487038
2005-09-02,-2060.4385924679964,9046.058147873191,7439.9517800467265,4522.6795685972365
2005-09-06,-26013.207898463508,13149.778339062428,6787.234393937242,-18269.217231801573
2005-09-07,-14543.808099337988,16489.873987606592,15302.878057813452,9037.141289676943
2005-09-08,-5478.063076019287,6250.004757881165,6250.004757881165,911.8381406068747
2005-09-09,-6706.097802196226,15834.113209690371,4871.071249961853,3906.174554790773
2005-09-12,-3598.132604598999,14138.785967826843,14138.785967826843,7406.993567466736
2005-09-13,-7162.739047050476,11160.820499420166,9414.390249354496,2637.1764192921737
2005-09-14,-3152.0263652801514,4435.533802032471,4435.533802032471,1489.7303762435913
2005-09-15,-2861.5265369415283,1975.0625953674316,1975.0625953674316,-684.5728410993279
2005-09-16,-769.9974784851074,7145.948059082031,7145.948059082031,4685.047794342041
2005-09-19,-4299.2140073776245,1970.5456943511963,1970.5456943511963,-1219.5091247558594
2005-09-20,-4383.889790534973,2362.0992822647095,2362.0992822647095,-3568.2934720856865
2005-09-21,-7138.289002282315,6428.894570486851,1999.2674674987793,-2180.4618938991357
2005-09-22,-10080.25755964008,12195.270535605281,7682.667394229352,7278.723833492815
2005-09-23,-5552.051113128662,7827.450476646423,7810.945294788909,3637.7551799502007
2005-09-26,-5581.0050230026245,4567.104629516602,4567.104629516602,-1792.489213126033
2005-09-27,-2417.9232358932495,716.1975317001343,716.1975317001343,-1229.3576374053955
2005-09-28,-1332.1551733016968,1647.9067697525024,1647.9067697525024,-437.762921333313
2005-09-29,-2067.0790758132935,2996.0561656951904,2996.0561656951904,2814.4278173446655
2005-09-30,-1614.0931520462036,1754.1211137771606,1754.1211137771606,903.2565250396729
2005-10-03,-1360.4879121780396,913.7690505981445,913.7690505981445,-83.51240158081055
2005-10-04,-3475.3099308013916,1256.2310199737549,1256.2310199737549,-3220.476224899292
2005-10-05,-5052.656215667725,118.92395210266113,118.92395210266113,-4860.480076789856
2005-10-06,-21197.531497274133,22604.19867202213,433.26273250579834,-2332.3435051781853
2005-10-07,-2266.776303291321,24671.28335571289,24240.82799077034,16949.760291780745
2005-10-10,-11175.380289077759,1235.1486339569092,1235.1486339569092,-10021.202554157793
2005-10-11,-10430.065840857365,3651.0778826304886,0.0,-7160.0661677292355
2005-10-12,-6888.522446087418,4886.326926776352,880.6353549957275,-935.0161974770617
2005-10-13,-5429.4221868515015,5198.233180999756,5198.233180999756,2408.67878927503
2005-10-14,-1671.6454315185547,1347.3022842407227,1347.3022842407227,1147.6977157592773
2005-10-17,-2819.343147277832,2070.8545684814453,2070.8545684814453,-973.0484771728516
2005-10-18,-5114.748096466064,349.29847717285156,349.29847717285156,-4865.242385864258
2005-10-19,0.0,7784.39733505249,7784.39733505249,7510.413605962473
2005-10-27,0.0,1232.173194885254,0.0,778.2173843383789
2005-10-28,-6.745684623713416,7205.959450721745,2308.6850967407227,6816.854470252995
2005-10-31,0.0,9014.766620635986,3875.9009523391624,3629.687384605404
2005-11-01,-544.7736968994141,1737.9740371704102,1737.9740371704102,376.10660552978516
2005-11-02,-246.4420623779297,3022.0516510009766,3022.0516510009766,2723.73486328125
2005-11-03,-622.6080551147461,843.0236740112305,843.0236740112305,246.39752197265625
2005-11-04,-4113.714221409391,1824.80179268973,246.49402618408203,-1129.1643251691567
2005-11-07,-1692.2793273925781,3525.176414489746,2053.894218444824,2766.607955932617
2005-11-08,-4874.864372253418,1249.0350036621094,1249.0350036621094,-1782.9136352539062
2005-11-09,-1086.6872253417969,4683.536659240723,4683.536659240723,2756.4834213256836
2005-11-10,-1689.3993682861328,5791.131935119629,5791.131935119629,4827.099746704102
2005-11-11,-1965.8893432617188,2053.655662536621,2053.655662536621,874.8656845092773
2005-11-14,-3798.565116882324,3119.511459350586,3119.511459350586,-1581.7589416503906
2005-11-15,-4028.160629272461,2733.4340438842773,2733.4340438842773,-1706.6984405517578
2005-11-16,-4474.147425889969,2680.341171979904,2005.4244384765625,-1026.3622772693634
2005-11-17,-808.7824630737305,7925.234256744385,7925.234256744385,7398.422744750977
2005-11-18,-2705.212682723999,4552.911041259766,4552.911041259766,1212.1441299915314
2005-11-21,-6655.349970545086,3924.6318638665352,3080.68856048584,-986.5293910162775
2005-11-22,-6345.918132679804,2976.557453257696,1865.000473022461,-2509.673459904536
2005-11-23,-2466.021495308194,8404.597321067538,6892.525489807129,5350.681639909744
2005-11-25,-5327.665321350098,1651.062599182129,1651.0612239837646,-3389.068129284041
2005-11-28,-2001.3430728912354,2692.9157123565674,2692.9157123565674,499.2322922604419
2005-11-29,-4428.98016667366,4924.347531080246,4274.6881103515625,-1275.156172990799
2005-11-30,-4996.72900390625,2333.008855819702,1102.7549209594727,-4282.303726911545
2005-12-01,-322.92938232421875,14614.92919921875,14614.92919921875,13806.491065979004
2005-12-02,-6331.844047171728,2361.576458351954,1686.7572021484375,-1774.008205039159
2005-12-05,-4864.32137298584,1412.8010425567627,1346.4842045136847,-1297.072417923383
2005-12-06,-2651.3539514541626,5202.224520683289,5202.224520683289,248.86811380726863
2005-12-07,-5403.4834060668945,520.7473297119141,520.7473297119141,-3134.6477432250977
2005-12-08,-2218.696437903804,7656.648643425542,3214.064239501953,1266.9263190542038
2005-12-09,-11478.289639728417,8881.146260959755,3763.779136657715,1605.0410649606104
2005-12-12,-22797.126227378845,5479.751377105713,5406.937799130172,2832.627087678222
2005-12-13,-1840.45267868042,6063.2821044921875,6063.2821044921875,2386.710620164875
2005-12-14,-2068.6057510375977,2100.606086730957,2100.606086730957,-55.02442169189453
2005-12-15,-7027.370719909668,579.4914169311523,579.4914169311523,-3849.073402404785
2005-12-16,-2721.805679321289,4358.013954162598,4358.013954162598,223.61722564697266
2005-12-19,-7476.793766975403,5595.619152069092,2469.8705444335938,-5311.9281940460205
2005-12-20,-3106.0873191356723,12885.309108972544,8590.207123756409,6197.290591478342
2005-12-21,-2437.408289909363,14610.12838935852,14610.12838935852,6112.790568658276
2005-12-22,-2719.883211817065,7272.701033864698,4423.0541915893555,4366.654686655325
2005-12-23,-3582.064080374579,5423.298680169244,4728.136974334717,2665.9736870356996
2005-12-27,-7957.980625152588,1943.572998046875,1943.572998046875,-6683.5610637664795
2005-12-28,-2720.24395942688,6144.167879104614,6144.167879104614,2325.327123641968
2005-12-29,-1534.0771696907725,7419.189502443627,4729.682470321655,977.511726106957
2005-12-30,-12894.881531715393,2548.971911430359,1564.622787475586,-8435.616715158776
2006-01-03,-6530.502271107263,27425.66957146781,25949.33537864685,25078.205910273962
2006-01-04,-8954.900690078735,19967.838052749634,19018.653853416443,10002.19106388092
2006-01-05,-7250.588050842285,8995.046352386475,8995.046352386475,-152.07576370239258
2006-01-06,-3459.22058899062,14276.86890380723,9873.763776506705,6923.71528540339
2006-01-09,-8748.080017089844,9430.642757415771,9430.642757415771,1859.7205028533936
2006-01-10,-9461.136975288391,5621.548622131348,5621.548622131348,-3160.471068007603
2006-01-11,-17975.13793124471,11487.549378020427,6721.8145179748535,-1792.5127786568182
2006-01-12,-12538.097059249878,5571.907441139221,5571.907441139221,-7558.353688240051
2006-01-13,-9818.938872337341,19679.11888885498,19679.11888885498,-1914.8285676070664
2006-01-17,-13315.773202896118,2068.844675064087,2068.844675064087,-5485.109935760498
2006-01-18,-7429.087344169617,9259.550699234009,9259.550699234009,3667.793026379175
2006-01-19,-5293.664891242981,11981.65966796875,11981.65966796875,4416.1599979400635
2006-01-20,-19242.73937034607,2682.2511558532715,2530.7091102600098,-16816.087742328644
2006-01-23,-7297.713083199116,9261.22806365147,7679.223647117615,1356.234306403545
2006-01-24,-6415.290762901306,13793.72404384613,12679.38421535492,3910.5897121429443
2006-01-25,-16177.45776462555,8356.496126174927,8356.496126174927,-6305.909351416973
2006-01-26,-3529.9745483398438,18224.41048336029,18224.41048336029,12576.882887840271
2006-01-27,-10667.59547328949,20770.1936750412,15056.30880151477,4828.39619990758
2006-01-30,-10530.770288467407,8015.554895401001,7095.7856798172,-5267.988394737244
2006-01-31,-14826.049015045166,5552.099823951721,5552.099823951721,-1276.0176725387573
2006-02-01,-6037.605176925659,9363.515162467957,9363.515162467957,2898.8976850509644
2006-02-02,-15210.993273666925,4832.935253211432,3754.1322708129883,-7327.972237518854
2006-02-03,-15697.135402679443,3112.7540340423584,3112.7540340423584,-7212.990456581116
2006-02-06,-10572.390315055847,11580.165565490723,11580.165565490723,3511.948022842407
2006-02-07,-11016.441288948059,6159.35001373291,3841.0356521606445,-8092.65564250946
2006-02-08,-11564.446373939514,5529.984065055847,1578.292218208313,-4560.825080735345
2006-02-09,-958.2258377075195,8308.00761795044,8308.00761795044,2849.69845867157
2006-02-10,-7462.115629196167,1231.532078742981,1231.532078742981,-3133.401873588562
2006-02-13,-5084.472118377686,747.5657892227173,747.5657892227173,-3674.8905506134033
2006-02-14,-2439.7022790908813,9561.64653968811,9561.64653968811,7740.193168640137
2006-02-15,-4227.098396846224,9762.812524250578,4198.181927680969,7155.965284756254
2006-02-16,-6916.480116980418,6915.784030778066,3771.59951305389,330.48825972420536
2006-02-17,-4624.4492156165015,4399.605588231765,3011.610206604004,636.4233248574369
2006-02-21,-5548.21374797821,5875.062232017517,5875.062232017517,68.05373001098633
2006-02-22,-6509.660064697266,6346.38271522522,6346.38271522522,-222.0641689300537
2006-02-23,-7308.414583206177,4097.380620002747,4097.380620002747,1170.727578163147
2006-02-24,-3512.8324432373047,2290.6971187591553,2290.6971187591553,-138.96361446380615
2006-02-27,-3934.2540349960327,4488.57555770874,4488.57555770874,-621.7954750061035
2006-02-28,-6268.794926643372,1613.4515380859375,1613.4515380859375,-3728.6003189086914
2006-03-01,-1082.5516805648804,8685.690561294556,8685.690561294556,6749.279578208923
2006-03-02,-4619.110724449158,5123.649072647095,5123.649072647095,2257.064687728882
2006-03-03,-7750.3690185546875,2956.3540229797363,2956.3540229797363,-5103.83195400238
2006-03-06,-11981.294551031962,3389.7782171794033,1703.1110916137695,-7622.71694959916
2006-03-07,-14085.27640914917,1493.3766450881958,1493.3766450881958,-7526.0532740183935
2006-03-08,-10390.966075897217,1224.9543008804321,1224.9543008804321,-2503.083825111389
2006-03-09,-3209.785919189453,5336.855544090271,5336.855544090271,-497.54372215270996
2006-03-10,-1590.3818073272705,6915.178672790527,6915.178672790527,5789.4040241241455
2006-03-13,-1245.7705154418945,5102.860777854919,5102.860777854919,2172.8998050689697
2006-03-14,-3668.354603767395,5598.943867683411,5598.943867683411,3895.045419692993
2006-03-15,-4110.025403806134,13702.673031977252,10797.129626274109,4582.991218737201
2006-03-16,-6712.996254137583,3593.11794454711,3052.3463287353516,-2907.991758516855
2006-03-17,-3982.1511631011963,8889.340191841125,8889.340191841125,3414.962214299603
2006-03-20,-5595.595915794373,2457.6411542892456,2412.8219399792797,-1906.510779210501
2006-03-21,-5475.940895080566,2373.975724220276,2373.975724220276,-3837.208995819092
2006-03-22,-2758.9270277023315,5104.55539894104,5104.55539894104,3901.868613243103
2006-03-23,-3295.944974899292,6155.644772529602,6155.644772529602,3009.7476844787598
2006-03-24,-6048.779619216919,5205.522327423096,5205.522327423096,1547.9176559448242
2006-03-27,-3342.4126768112183,5234.153869628906,5234.153869628906,1390.1596431732178
2006-03-28,-3747.811364173889,4142.493485450745,4142.493485450745,1441.645276069641
2006-03-29,-2610.059552192688,5534.3893003463745,5534.3893003463745,1633.3829917907715
2006-03-30,-1878.4889392852783,10589.990566253662,10192.793486595154,5963.212268829346
2006-03-31,-3574.72079372406,2618.6170330047607,2618.6170330047607,-303.7740602493286
2006-04-03,-696.1022109985352,6544.40318775177,6544.40318775177,2513.6392860412598
2006-04-04,-2139.2275190353394,3755.806981086731,3755.806981086731,1208.6427955627441
2006-04-05,-1951.675518989563,5862.285223007202,4051.265416349678,2606.70804112298
2006-04-06,-3237.7678213119507,2048.475242614746,2048.475242614746,253.7433443069458
2006-04-07,-6115.000408172607,1514.2127180099487,1514.2127180099487,-5008.525470801765
2006-04-10,-937.4001312255859,1387.5648460388184,1387.5648460388184,811.7855339050293
2006-04-11,-247.26245498657227,1985.4397315979004,1985.4397315979004,703.0005035400391
2006-04-12,-851.2076072692871,1651.7905578613281,1651.7905578613281,1519.434368133545
2006-04-13,-2006.4992713928223,286.95999908447266,286.95999908447266,-1187.9034843444824
2006-04-17,-128.24456405639648,4724.154235839844,4724.154235839844,3765.296001434326
2006-04-18,-1014.8002624511719,3813.734462738037,3813.734462738037,3047.9858894348145
2006-04-19,-2786.1818946770254,1908.7879425116955,1029.3167724609375,-864.2344345024646
2006-04-20,-2211.0820846557617,1689.038091659546,1489.6385122367308,592.8679067407332
2006-04-21,-1635.9318008422852,2561.1774291992188,2561.1774291992188,-241.35740259715521
2006-04-24,-2131.0283966064453,952.0899276733398,952.0899276733398,-1294.3261032104492
2006-04-25,-357.2247009277344,2018.3826904296875,2018.3826904296875,1466.1644287109375
2006-04-26,-274.78324127197266,5367.782760620117,5367.782760620117,4061.7729721069336
2006-04-27,-1834.4131927490234,1824.0528717041016,1824.0528717041016,512.8023529052734
2006-04-28,-4177.954584581528,3114.951272504654,1218.1685485839844,-645.6908774205781
2006-05-01,-5164.1439661298555,9285.589836665555,7383.4785232543945,-1029.7116483960904
2006-05-02,-11923.531204223633,9568.992016792297,9568.992016792297,-3514.3353505304713
2006-05-03,-4870.728240966797,3183.922462463379,3183.922462463379,-1501.6905555725098
2006-05-04,-1891.4567413330078,8367.156799316406,8367.156799316406,5273.579132080078
2006-05-05,-3609.0456295013387,7214.233587265018,4683.544731140137,2143.0628757476848
2006-05-08,-2549.1252670288086,7724.601051330566,7724.601051330566,1926.3279266357422
2006-05-09,-4814.18936920166,4763.250873565674,4763.250873565674,-456.0566158294714
2006-05-10,-6732.878803389415,5374.705638749257,2200.304672241211,-3698.6535645893664
2006-05-11,-8210.022094726562,4325.718181610107,4325.718181610107,-4446.084621429443
2006-05-12,-15670.297422613414,8625.305064950673,4439.619831085205,-10578.543920585082
2006-05-15,-13932.267307826478,14083.159879139464,9697.695520401001,9891.89003317694
2006-05-16,-13222.489841461182,8659.363868713379,8659.363868713379,-4980.793523584096
2006-05-17,-23236.665454864502,601.9973754882812,601.9973754882812,-19437.83223288397
2006-05-18,-6509.112719399635,9489.290246146018,2409.6549530029297,-5665.749434471173
2006-05-19,-17508.2774835314,25002.36722700937,9593.321662902832,15454.66264098032
2006-05-22,-45328.882120132446,5471.965866088867,3920.333053588867,-21678.08096613198
2006-05-23,-3901.2210388183594,4410.415191650391,4410.415191650391,-3872.686412266335
2006-05-24,-280.6802673339844,982.3874816894531,982.3874816894531,364.8882751464844
2006-05-25,0.0,1291.1370849609375,1291.1370849609375,1150.7904052734375
2006-05-26,0.0,1964.7880554199219,1964.7880554199219,1403.4275207519531
2006-05-30,-1880.540771484375,84.22109985351562,84.22109985351562,-1543.7218322753906
2006-05-31,-701.7464904785156,1459.500732421875,1459.500732421875,785.8628540039062
2006-06-01,-84.19491577148438,1768.2896118164062,1768.2896118164062,1487.6093444824219
2006-06-02,-449.13555908203125,1122.668701171875,1122.668701171875,870.0577697753906
2006-06-05,-1655.9468078613281,757.9113464355469,757.9113464355469,-1459.4614562988281
2006-06-06,-4785.218624864319,3434.4215805189815,785.8497619628906,1131.341826643249
2006-06-07,-3471.1221237182617,6358.798767089844,6358.798767089844,-2554.0923614501953
2006-06-08,-21780.961172308253,3916.0599172455813,701.7072143554688,-6018.994837215966
2006-06-09,-4039.719018936157,3819.6974716186523,3819.6974716186523,-1390.293141160681
2006-06-12,-6436.195489474706,2362.035101345607,505.248046875,-6168.055451938085
2006-06-13,-12547.825704642708,11953.501230171743,0.0,-7737.369046279357
2006-06-14,-2947.9144172668457,8225.087455749512,8225.087455749512,5973.952583312988
2006-06-15,0.0,16026.28791809082,15633.82372045517,15106.507284232554
2006-07-31,0.0,1596.2526741027832,0.0,1223.7989501953125
2006-08-01,-1130.697063446045,438.9484748840332,438.9484748840332,-678.421932220459
2006-08-02,-718.3557243347168,492.1350402832031,492.1350402832031,186.185302734375
2006-08-03,-971.0265426635742,425.686466217041,425.686466217041,252.7631721496582
2006-08-04,-26.616371154785156,1343.489501953125,1343.489501953125,345.83735275268555
2006-08-07,-744.8889770507812,172.96023559570312,172.96023559570312,-425.6402893066406
2006-08-08,0.0,1702.6719818115234,1702.6719818115234,1170.5846786499023
2006-08-09,-10328.969046865222,5266.286164011242,891.2513122558594,-8985.938041005847
2006-08-10,-3598.0207824366767,16101.501463924102,2863.7984313964844,9036.085758107045
2006-08-11,-4750.333019256592,1788.4114904403687,1788.4114904403687,-1742.1399688720703
2006-08-14,-1613.19114112854,10016.499110221863,7867.746642487389,4146.35073086197
2006-08-15,-1090.7909774780273,4557.0214195251465,4557.0214195251465,1983.3995208740234
2006-08-16,-1078.467056274414,2960.1383514404297,2960.1383514404297,2523.7315254211426
2006-08-17,-583.2153100967425,4548.208399772642,3376.4795886448405,3693.9932083402364
2006-08-18,-736.9157066345215,3051.9143142700195,3051.9143142700195,2729.5050659179688
2006-08-21,-233.65097519329862,3210.9417448384397,1711.4853744506836,1717.6741247517698
2006-08-22,-644.8283958435059,2190.720287322998,2190.720287322998,509.76254653930664
2006-08-23,-5092.746273040772,1657.6994018554676,570.1994018554688,-3133.688175201417
2006-08-24,-4371.1757436479875,3980.6163782392196,3254.381416320801,143.45235007149472
2006-08-25,-5775.411463703426,5736.753800426213,3333.9366760253906,-2875.8793725626792
2006-08-28,-3336.608367919922,9394.26872253418,9394.26872253418,2748.8873767852783
2006-08-29,-12058.810409818374,6288.939935411729,3480.6565475463867,-989.4600975854012
2006-08-30,-7722.718074798584,2140.725175857544,2140.725175857544,-3535.6569471699827
2006-08-31,-4510.970443725586,15829.042678833008,15829.042678833008,5023.94676399231
2006-09-01,-1934.3172645568848,8724.463422775269,8724.463422775269,5263.55361366272
2006-09-05,-3206.220371246338,5022.6976890563965,5022.6976890563965,915.3136672973633
2006-09-06,-10107.6063747406,831.3526000976562,831.3526000976562,-9253.583448410034
2006-09-07,-8938.661650248941,4528.91201155526,1908.6940021514893,-2678.1547780718156
2006-09-08,-2227.788423538208,6389.05192565918,6389.05192565918,2057.3002820696183
2006-09-11,-4991.39444732666,8606.218267440796,8606.218267440796,5881.4624476773415
2006-09-12,-2373.2310791015625,6349.861347198486,2663.688342503132,2608.809713636123
2006-09-13,-7613.048352616186,6498.160061461572,1435.9659690856934,-2478.6267084053716
2006-09-14,-5918.785289134282,9611.32334867547,6818.616325378418,2649.090510044795
2006-09-15,-4599.5497398376465,15125.569806098938,15125.569806098938,2538.1917833260254
2006-09-18,-6206.801632710895,6792.237891367475,3384.229229927063,1636.5528401817332
2006-09-19,-9917.221070289612,6056.475909233093,6056.475909233093,-2801.838508605957
2006-09-20,0.0,9611.431273460388,9611.431273460388,7432.731967926025
2006-09-21,-10066.098217010498,1864.7589349746704,1864.7589349746704,-7162.377210617065
2006-09-22,-5591.954993247986,1361.2591667175293,1361.2591667175293,-1927.3492584228516
2006-09-25,-1658.7277612686157,10925.576847076416,10925.576847076416,7931.713603973389
2006-09-26,-3508.4738779067993,7650.3420753479,7650.3420753479,6682.175026893616
2006-09-27,-4056.369110107422,3366.471237182617,3366.471237182617,411.557936668396
2006-09-28,-4600.5039138793945,3918.131594657898,3918.131594657898,-397.6258907318115
2006-09-29,-5451.049198150635,6737.669878959656,6737.669878959656,-1.093092918395996
2006-10-02,-7168.3498458862305,2160.7677936553955,2160.7677936553955,-4623.396877288818
2006-10-03,-1578.7014770507812,9519.248448371887,9519.248448371887,6471.385187149048
2006-10-04,-2136.029472351074,13963.931259155273,13963.931259155273,12944.297598838806
2006-10-05,-2710.5803928375244,6569.381066322327,6569.381066322327,2113.9490785598755
2006-10-06,-6561.476218223572,946.0679025650024,946.0679025650024,-2439.150866508484
2006-10-09,-4447.759415626526,3938.8682537078857,3938.8682537078857,2425.085129737854
2006-10-10,-4127.874398231506,2900.938652038574,2900.938652038574,297.7344341278076
2006-10-11,-10232.06709575653,1424.2348709106445,1424.2348709106445,-3308.9442081451416
2006-10-12,0.0,11203.598463058472,11203.598463058472,9664.049060821533
2006-10-13,-4460.457455635071,3305.32848072052,3305.32848072052,1633.1852340698242
2006-10-16,-5521.620726585388,2136.5824213027954,2136.5824213027954,-2056.29439163208
2006-10-17,-8351.947311401367,1118.964012145996,1118.964012145996,-2130.425660133362
2006-10-18,-1956.2201404571533,9269.039213180542,9269.039213180542,3331.106372833252
2006-10-19,-7367.3919601440475,2760.390695571895,1485.0143432617188,-1958.9376087188768
2006-10-20,-11122.77261352539,1068.8530941009521,1068.8530941009521,-6104.986763000488
2006-10-23,-4241.302635192871,11228.473233222961,11228.473233222961,8742.43746471405
2006-10-24,-5088.168674468994,3490.4617652893066,3490.4617652893066,396.3534355163574
2006-10-25,-7621.761770112179,14808.04154505048,6903.857201031322,8177.36232634956
2006-10-26,-9652.480493545532,8465.09156703949,8465.09156703949,5765.952645301819
2006-10-27,-17944.599249941963,4564.3929022720895,2391.3565969467163,-14278.363148791448
2006-10-30,-6045.618541717529,9387.905923843384,9387.905923843384,4762.624134063721
2006-10-31,-11197.2561835561,10206.321101256828,7363.123530387878,-4641.886469772835
2006-11-01,-33368.277308259654,15694.855488981557,7741.667331695557,-21746.38707409588
2006-11-02,-14941.2848198414,7725.2263801097715,1120.0782928466797,-2024.7706303256427
2006-11-03,-18455.230564440997,11537.177576695172,9773.532928466797,-7467.282559718403
2006-11-06,-3468.619668006897,25323.172883987427,25323.172883987427,18419.36904263498
2006-11-07,-6278.73247051239,9276.915887832642,9276.915887832642,860.8532304763794
2006-11-08,-6935.749704360962,9675.68402004242,9675.68402004242,7776.375985145569
2006-11-09,-13097.173278808594,4339.97635269165,4339.97635269165,-10240.98100566864
2006-11-10,-3687.051013946533,14473.999241828918,14473.999241828918,9037.839440345764
2006-11-13,-5613.446094512939,6717.26912689209,6717.26912689209,1069.3704633712769
2006-11-14,-8922.3999376297,6175.662777900696,6175.662777900696,4148.574376106262
2006-11-15,-6877.742263623642,6516.5040590081935,5466.978137969971,-1596.7964990820165
2006-11-16,-6106.162998199463,8179.496047973633,6468.625287464642,140.28083283558954
2006-11-17,-7674.903709411621,3501.9967880249023,3162.220039367676,-1326.5263786315918
2006-11-20,-7696.141798019409,2137.805337905884,2137.805337905884,-4653.127957344055
2006-11-21,-3880.6403255462646,6885.053092002869,6885.053092002869,2477.4748497009277
2006-11-22,-3456.2651805877686,5636.737334251404,5636.737334251404,2469.0201272964478
2006-11-24,-4979.844388961792,3363.219961166382,3363.219961166382,-92.57314491271973
2006-11-27,-17516.10584640503,1170.8508319854736,1170.8508319854736,-14655.24087074825
2006-11-28,-6318.972082274272,14221.951313836264,4785.852033615112,9227.58277784078
2006-11-29,-2974.2712869644165,20285.672568321228,18696.102011680603,13715.668859618021
2006-11-30,-8333.753052030286,9785.865197862902,8022.051555633545,2068.916653360644
2006-12-01,-11123.185144424438,4296.165543556213,4296.165543556213,-3756.659749984741
2006-12-04,-805.8179607391357,12678.109082221985,12678.109082221985,10685.765976905823
2006-12-05,-4926.683193206787,5931.09566116333,5931.09566116333,1951.6831893920898
2006-12-06,-5133.817476272583,4611.815158843994,4611.815158843994,-1633.1591110229492
2006-12-07,-6830.079217910767,5064.1092319488525,5064.1092319488525,73.32290649414062
2006-12-08,-5178.394187927246,7960.251276016235,7960.251276016235,3773.5220832824707
2006-12-11,-6494.138563156128,3706.915117263794,3706.915117263794,-2527.338575363159
2006-12-12,-12322.61192893982,7846.643022537231,7846.643022537231,-2995.2301540374756
2006-12-13,-5039.546852111816,7229.675735473633,7229.675735473633,-951.9533634185791
2006-12-14,-6141.149085998538,9661.00088691711,7536.4430294036865,933.2234687805148
2006-12-15,-8498.640726089478,7930.0142459869385,7638.166711807251,-4196.8520870208695
2006-12-18,-10529.930022239685,2769.0718994140625,2769.0718994140625,-7669.692070007324
2006-12-19,-4739.43122959137,9227.800609588623,9227.800609588623,6419.970901489258
2006-12-20,-1514.354808807373,9825.908462524414,9825.908462524414,2959.8904571533203
2006-12-21,-9100.755115509033,1727.0576763153076,1727.0576763153076,-5559.462923049927
2006-12-22,-5866.331033025493,6250.172930444966,3690.5878620147705,-399.9515927178754
2006-12-26,-4590.981779098511,6382.751770019531,6382.751770019531,2766.7258911132812
2006-12-27,-1528.8734169006348,12957.823587417603,12957.823587417603,11174.274617467632
2006-12-28,-3693.9233989715576,4460.763332366943,4460.763332366943,-52.341224670410156
2006-12-29,-8467.88584804535,6235.169900894165,4044.727466583252,-3976.776017189026
2007-01-03,-11612.17758178711,12390.584825515747,12390.584825515747,-105.12256240844727
2007-01-04,-10932.678853034973,5549.555234909058,5549.555234909058,921.4862823486355
2007-01-05,-11326.654898643494,2042.3869018554688,2042.3869018554688,-6814.230318069458
2007-01-08,-7058.400796890259,5500.713094711304,5500.713094711304,823.0023765563965
2007-01-09,-3628.328851699829,5782.320979118347,5782.320979118347,1278.8868198394775
2007-01-10,-6405.289336204529,7903.975959777832,7903.975959777832,4933.162058830261
2007-01-11,-2385.774468421936,11524.02142238617,11524.02142238617,7380.29274559021
2007-01-12,-3568.1343564987183,7710.408511161804,7710.408511161804,3575.587357521057
2007-01-16,-4869.5822830200195,6318.429762840271,6318.429762840271,-1881.3409852981567
2007-01-17,-3222.4605417251587,6358.027920722961,6358.027920722961,2097.6564359664917
2007-01-18,-5811.12756061554,4048.1355381011963,4048.1355381011963,-3701.641854286194
2007-01-19,-6566.575286746021,9556.895694851879,6371.69212436676,5345.312261700634
2007-01-22,-10378.559876441956,6196.579316139221,6196.579316139221,-2856.804804801941
2007-01-23,-4395.124744415283,23717.591406822205,23717.591406822205,17155.550013542175
2007-01-24,-9591.916215896606,23058.365752220154,12466.864742789949,6443.907371520996
2007-01-25,-13463.879893302917,5606.396389007568,5606.396389007568,-9687.280574798584
2007-01-26,-7532.006170272827,5639.913368225098,5639.913368225098,-75.19541025161743
2007-01-29,-4690.481692314142,10987.052122116096,8833.874791145325,1068.9548314639615
2007-01-30,-4632.521070480347,7180.375680923462,7180.375680923462,4853.441750526428
2007-01-31,-3953.799027442932,13290.989504814148,13290.989504814148,10095.51837195669
2007-02-01,-4056.8444023132324,14654.475193023682,12464.630702972412,7674.71443939209
2007-02-02,-7000.99928702627,5512.990331275121,4806.006381988525,-3584.318077462061
2007-02-05,-7255.018146514893,5678.137052536011,5678.137052536011,-1081.917652130127
2007-02-06,-6910.685598373413,5628.992034912109,5628.992034912109,-754.5079361030025
2007-02-07,-6050.722352981567,8124.563064575195,7476.952095031738,-113.20119730064107
2007-02-08,-8610.90995502472,3638.572916030884,3638.572916030884,-2463.3059520721436
2007-02-09,-15541.161415576946,5225.913752078999,4388.648891448975,-9307.837737560283
2007-02-12,-6739.241277694702,4342.194017410278,3598.8003673553467,-1431.463289737691
2007-02-13,-885.2466735839844,13566.43492603302,13566.43492603302,10567.65334701538
2007-02-14,-2586.9148921966553,9676.436544418335,9676.436544418335,5171.280200958252
2007-02-15,-7851.668040275574,8214.023231506348,8214.023231506348,1308.7296600341797
2007-02-16,-6645.763494491577,3411.124605178833,3411.124605178833,906.8572025299072
2007-02-20,-6484.492063522339,10151.068572998047,10151.068572998047,4764.032386609482
2007-02-21,-6103.547891616821,5524.738307952881,5524.738307952881,1592.1482639312744
2007-02-22,-6188.546062469482,3370.5452671051025,3370.5452671051025,-2865.6354999542236
2007-02-23,-4950.790727615356,3497.718719482422,3497.718719482422,794.1257152557373
2007-02-26,-9311.76332950592,2329.1566047668457,2027.0960121154785,-6208.285367965698
2007-02-27,-34257.647168159485,844.063310623169,844.063310623169,-27275.252089500427
2007-02-28,-2187.3495044708357,10919.549201965321,6415.109962463379,5452.580066680897
2007-03-01,-15363.575141906738,3194.95831489563,3194.95831489563,-2323.6705055236816
2007-03-02,-10822.223554611206,1155.4298973083496,1155.4298973083496,-9483.420566558827
2007-03-05,-11967.9989087241,6257.450086866111,608.7988319396973,-10918.282205309182
2007-03-06,-844.173370906288,25187.860848835535,23224.553873062134,21026.761089052467
2007-03-07,-4572.450736999512,4932.48929977417,4932.48929977417,-1632.1869337899388
2007-03-08,0.0,7247.130039215088,7247.130039215088,5097.309031077797
2007-03-09,-689.5440196990967,2930.3084964752197,2930.3084964752197,457.19660568237305
2007-03-12,-1508.6610050201416,4724.63335609436,4724.63335609436,1812.8526802062988
2007-03-13,-7010.1433029174805,220.35421562194824,220.35421562194824,-6587.686410903931
2007-03-14,-7425.44661385671,8729.690576008403,4191.836622238159,5033.558141163432
2007-03-15,-1625.5220165252686,6583.003448486328,6583.003448486328,3525.0122871398926
2007-03-16,-6314.203592300415,4743.2163734436035,4743.2163734436035,-856.1335740770742
2007-03-19,-1577.8521251678467,5050.054437637329,5050.054437637329,3451.390308380127
2007-03-20,-1937.7897109985352,2710.022445678711,2710.022445678711,925.0921840667725
2007-03-21,-3260.588146209717,2215.0015392303467,2215.0015392303467,1359.563949584961
2007-03-22,-2607.09539604187,2018.5216064453125,2018.5216064453125,201.4955596923828
2007-03-23,-1251.2252254486084,7905.396106719971,7905.396106719971,6401.5291538238525
2007-03-26,-3451.447099685669,3279.943567276001,3279.943567276001,-665.3390846252441
2007-03-27,-4938.168411254883,0.0,0.0,-3791.9166107177734
2007-03-28,-3352.25474357605,2142.604263305664,2142.604263305664,4.222648620605469
2007-03-29,-3989.0938873291016,4180.291385650635,4180.291385650635,1428.5648136138916
2007-03-30,-3543.468553543091,2894.1224632263184,2894.1224632263184,-1438.7683277130127
2007-04-02,-1853.6638507843018,2578.7585983276367,2578.7585983276367,1931.546709060669
2007-04-03,0.0,4859.730716705322,4859.730716705322,3402.7018852233887
2007-04-04,-2450.855312347412,1119.642074584961,1119.642074584961,-1168.9929695129395
2007-04-05,-3122.666774749756,1729.209804534912,1729.209804534912,805.9228439331055
2007-04-09,-1779.837252480646,10928.060307638983,7852.6584843396995,6877.3678550890445
2007-04-10,-1600.0126876831055,2114.2000465393066,1943.638830457417,892.2759105137427
2007-04-11,-1915.251522064209,883.245325088501,883.245325088501,-949.3573134286047
2007-04-12,-2683.1998710632324,1132.6506023406982,1132.6506023406982,733.109203338623
2007-04-13,-1304.8487510681152,1342.155351638794,1342.155351638794,269.2880229949951
2007-04-16,-25.59662628173828,1644.1404857635498,1644.1404857635498,1312.5914134979248
2007-04-17,-1340.2620449066162,420.63986587524414,420.63986587524414,-212.33581352233887
2007-04-18,-2438.057695388794,681.0691261291504,681.0691261291504,-1274.1845245361328
2007-04-19,-2456.738821029663,229.98129272460938,229.98129272460938,-883.3866004943848
2007-04-20,-955.8956890106201,1755.0148162841797,1755.0148162841797,830.8793563842773
2007-04-23,-481.0654945373535,2130.3294944763184,2130.3294944763184,1754.6139430999756
2007-04-24,-4225.346596854095,4660.411087853547,3064.8110675811768,2051.988034112092
2007-04-25,-12022.715917723528,7491.68460069383,5984.325059890747,-3266.315616743914
2007-04-26,-5687.2057056427,7225.596227645874,7225.596227645874,-1353.2828825541774
2007-04-27,-2398.571298599243,1456.4936828613281,1456.4936828613281,333.5455207824707
2007-04-30,-3910.260908126831,2036.356575012207,2036.356575012207,-3693.0608959198
2007-05-01,-15058.677528653921,20297.534183229625,153.32767486572266,8691.774570328764
2007-05-02,-902.4013671875,29064.001445770264,29064.001445770264,20594.861557006836
2007-05-03,-5288.329978942871,16664.916229248047,16470.44692993164,9137.154207502188
2007-05-04,-1367.0655975341797,178.8766098022461,178.8766098022461,-421.61193084716797
2007-05-07,-536.6025772094727,459.95577239990234,459.95577239990234,12.781280517578125
2007-05-08,-511.08770751953125,140.5123291015625,140.5123291015625,-204.45279693603516
2007-05-09,-268.2706298828125,894.3830490112305,894.3830490112305,664.4085693359375
2007-05-10,-1558.7439270019531,140.5191421508789,140.5191421508789,-1418.204345703125
2007-05-11,-3206.8818740844727,0.0,0.0,-2440.2980041503906
2007-05-14,-970.9821624755859,268.32513427734375,268.32513427734375,-332.1634063720703
2007-05-15,-3898.6738624572713,3367.717731475834,0.0,-2098.028712136403
2007-05-16,-1614.8086547851562,1678.1378479003906,1678.1378479003906,1393.1798706054688
2007-05-17,-2216.2410583496094,0.1871337890625,0.1871337890625,-1994.6751747131389
2007-05-18,-111.21697136334224,856.2572317463989,0.0,36.595194850647026
2007-05-21,-161.17379488263677,942.0192307063525,450.14960289001465,409.2221268245165
2007-05-22,-3231.9311686583824,3696.8725632599526,552.6487884521484,-610.0054665974083
2007-05-23,-14100.167491708498,6198.269436086911,4721.719451904297,-11414.708057199221
2007-05-24,-24616.933337552222,10139.782129900781,1102.3131682532164,-5534.296366180703
2007-05-25,-5585.783947740282,8758.915429319655,1951.6672086715698,3584.5377685683125
2007-05-29,-4236.67671585083,11458.140362739563,11458.140362739563,6285.799106121046
2007-05-30,-6434.039367675781,5223.498596191406,5223.498596191406,4827.309831891757
2007-05-31,-540.0310878753662,1500.115460395813,1500.115460395813,893.8914279937744
2007-06-01,-299.6578321456931,3355.8359098434426,2356.5917644500732,2724.859960556028
2007-06-04,-2853.7769060134888,1606.413203239441,1347.0296087265015,102.2629903384626
2007-06-05,-3942.8771648406982,221.01932907104492,221.01932907104492,-1797.5011342593589
2007-06-06,-4166.781897544861,72.79010009765625,72.79010009765625,-4130.381796836853
2007-06-07,-5992.713237762451,133.9136085510254,54.60772705078125,-2922.381027834741
2007-06-08,-2230.931698424488,7082.430289643139,118.29148864746094,4348.670632737011
2007-06-11,-2844.3944127219097,12713.303037915906,7372.2160930633545,4124.9890796457075
2007-06-12,-6248.479293823242,1550.9309616088867,1550.9309616088867,-2259.7853606087783
2007-06-13,-2651.444175720215,3820.582504272461,3820.582504272461,378.7497937338726
2007-06-14,-100.11416625976562,254.77040100097656,254.77040100097656,-45.51654052734375
2007-06-15,-36.40010070800781,191.08663940429688,191.08663940429688,0.0
2007-06-18,0.0,273.00328063964844,273.00328063964844,245.6994171142578
2007-06-19,-136.49911499023438,254.78555297851562,254.78555297851562,254.78555297851562
2007-06-20,-145.59030151367188,0.0050506591796875,0.0050506591796875,-136.489013671875
2007-06-21,-136.49911499023438,63.69386291503906,63.69386291503906,-36.40010070800781
2007-06-22,-200.18287658691406,81.9014892578125,81.9014892578125,-90.99267578125
2007-06-25,-454.98863220214844,36.38494873046875,36.38494873046875,-382.1934814453125
2007-06-26,-127.38267517089844,263.8969421386719,263.8969421386719,36.41020202636719
2007-06-27,-500.48497009277344,0.0,0.0,-154.70169067382812
2007-06-28,-100.10406494140625,218.38040161132812,218.38040161132812,172.87901306152344
2007-06-29,-72.78504943847656,209.29931640625,209.29931640625,72.810302734375
2007-07-02,-136.4839630126953,191.09674072265625,191.09674072265625,109.20030212402344
2007-07-03,-81.89643859863281,154.69158935546875,154.69158935546875,-9.101287841796875
2007-07-05,-127.39277648925781,491.3786315917969,491.3786315917969,464.07981872558594
2007-07-06,-0.0050506591796875,254.78050231933594,254.78050231933594,236.58297729492188
2007-07-09,-1344.5573281901284,4806.430003200252,72.78504943847656,1452.5442495686607
2007-07-10,-1863.6076354980469,13966.848707199097,13966.848707199097,10959.40334892273
2007-07-11,-7132.642433166504,136.49911499023438,136.49911499023438,-5875.412365947444
2007-07-12,-418.5885314941406,172.88406372070312,172.88406372070312,-200.19802856445312
2007-07-13,-367.45583983829744,1002.324555669515,45.506439208984375,708.8635495049642
2007-07-16,-465.9063529968262,1640.6280555725098,1329.8791772297427,575.8328662599824
2007-07-17,-443.59873962402344,500.51332092285156,391.0894750867559,227.09368433270947
2007-07-18,-1906.9934364046328,3431.7227386747127,27.308914184570312,109.74835436685152
2007-07-19,-1217.087028503418,3206.1068115234375,3206.1068115234375,158.81137084960938
2007-07-20,-4218.162349700928,1357.2528610229492,1357.2528610229492,-2803.2852172851562
2007-07-23,-228.21361923217773,3963.805465698242,3963.805465698242,1091.8281326293945
2007-07-24,-8801.887717928217,2587.360218320561,391.9303283691406,-6435.079840387629
2007-07-25,-4738.317169189453,4028.24910736084,1566.9901084899902,-550.078312192632
2007-07-26,-4018.3298149108887,0.0,0.0,-2932.5816078186035
2007-07-27,-2587.2759339468766,4987.395361219139,1141.2398376464844,-871.7945382254409
2007-07-30,-1895.555630683899,14863.487998008728,8756.126014164505,11513.222382272987
2007-07-31,-5443.284004211426,6926.774097442627,6926.774097442627,-3276.3815956115723
2007-08-01,-4393.733020782471,3531.3567695617676,2346.0496940612793,22.94272381918381
2007-08-02,-0.0050506591796875,737.0628967285156,737.0628967285156,555.0674438476562
2007-08-03,-118.306640625,582.3612060546875,582.3612060546875,127.38267517089844
2007-08-06,-2739.7001733779784,5005.646697044384,300.3020935058594,3096.8052816391114
2007-08-07,-2056.1487579345703,3962.7751846313477,3962.7751846313477,1842.6903076171875
2007-08-08,-1424.7638880865875,8396.42040756771,2887.680916786194,1802.5782988411954
2007-08-09,-2345.5272283554077,7784.910487174988,969.3909912109375,2206.387972831726
2007-08-10,-15296.288103546422,5027.633158240993,0.0,-7519.5477231230125
2007-08-13,-488.0877380371094,11155.759002685547,8175.940379858017,5015.269584144871
2007-08-14,-9246.92397829465,6302.138060126982,1964.6768188476562,-7705.539308990756
2007-08-15,-10131.130718231201,3995.792922973633,1425.580551147461,-5543.525189910612
2007-08-16,-18052.537794113163,4509.414621353145,0.0,-3961.4172013146617
2007-08-17,-545.130615234375,19116.890548706055,19116.890548706055,13744.045797348026
2007-08-20,-1392.9609375,985.921875,985.921875,409.44140625
2007-08-28,-5389.727707181666,2518.2278821127675,0.0,-4922.338928495143
2007-08-29,0.0,9895.28288269043,9895.28288269043,9462.486343383789
2007-08-30,-3025.4772720336914,3701.2901153564453,3701.2901153564453,575.8525851113541
2007-09-12,-180.4097889150875,5949.0824939523445,0.0,1692.490271738599
2007-09-13,-6356.533977508545,908.0568904876709,908.0568904876709,-5618.726037979126
2007-09-14,-6640.264991760254,0.0,0.0,-3745.7807292938232
2007-09-17,-1001.9691314016062,5385.406467505864,4710.617435455322,2565.848717587334
2007-09-18,-45.87310791015625,1039.6863708496094,797.2124657630914,543.3970570564267
2007-09-19,-1082.7856870208464,351.88896698611154,0.0,-374.18393814563757
2007-09-20,-444.84052658081055,530.6931972503662,530.6931972503662,463.055944442749
2007-09-21,-163.89164924621582,132.6709747314453,119.23618640218436,33.898714593478275
2007-09-24,-389.4570876530257,1312.795536858693,0.0,-313.46341242109213
2007-09-25,-1459.068588256836,106.39613342285156,106.39613342285156,45.59834289550781
2007-09-26,-341.8238410949707,4165.275157928467,1550.2581481933594,1561.89896774292
2007-09-27,0.0,3105.4088134765625,3105.4088134765625,2793.0945434570312
2007-09-28,-1687.5372695922852,2760.245590209961,2760.245590209961,-509.8960418701172
2007-10-01,-1876.0916955811822,11836.979688848749,4269.8004150390625,5279.779583181635
2007-10-02,-7286.387566413197,14596.456347618785,8743.845455987117,4005.04063185624
2007-10-03,-6532.647850990295,7617.147068023682,7089.100122485841,3718.0400235653087
2007-10-04,-6266.414348602295,1624.296522140503,1624.296522140503,-309.516778520176
2007-10-05,-1215.372299194336,3438.795196533203,3438.795196533203,2948.028350830078
2007-10-08,-4434.57332611084,486.38232421875,486.38232421875,-3415.2878189086914
2007-10-09,-91.2073745727539,4031.094078063965,4031.094078063965,3496.191261291504
2007-10-10,-2442.0698852539062,2542.067611694336,2542.067611694336,1823.3233032226562
2007-10-11,-3555.4982019833124,15277.973111493251,3531.960647583008,5085.692111355921
2007-10-12,-3899.777784347534,4345.28360748291,3882.49813079834,1442.0617693492331
2007-10-15,-1897.4060440063477,5227.891510009766,5227.891510009766,2418.577219758713
2007-10-16,-700.1765289306641,2635.6759490966797,2635.6759490966797,1472.2510833740234
2007-10-17,-2639.128936767578,1849.34423828125,1849.34423828125,-405.4384307861328
2007-10-18,-1058.5679321289062,1899.262924194336,1899.262924194336,1392.3207397460938
2007-10-19,-7790.88166809082,759.9438781738281,759.9438781738281,-7562.904205322266
2007-10-22,-4612.5172119140625,379.97906494140625,379.97906494140625,-2225.8404846191406
2007-10-23,-417.2445373535156,5549.408966064453,5549.408966064453,4822.820159912109
2007-10-24,-3033.835220336914,1721.8367309570312,1721.8367309570312,372.0990753173828
2007-10-25,-272.0437316894531,5511.781829833984,5511.781829833984,3765.4124450683594
2007-10-26,0.0,5829.303283691406,5829.303283691406,3301.9086151123047
2007-10-29,-243.20541381835938,2151.3875427246094,2151.3875427246094,823.21923828125
2007-10-30,-5211.5970458984375,364.7796173095703,364.7796173095703,-4664.452560424805
2007-10-31,-805.5208435058594,5583.234939575195,5583.234939575195,3281.370880126953
2007-11-01,-8107.237040587839,5197.670544556204,1127.157699584961,-6665.473218032297
2007-11-02,-8720.239010947109,10913.064402444004,8095.0310707092285,1409.42421613419
2007-11-05,-14804.534523010254,877.64306640625,877.64306640625,-7075.320344924927
2007-11-06,-2893.2956619262695,10076.39296913147,10076.39296913147,8943.094460623623
2007-11-07,-10545.7331199646,1297.6227416992188,1297.6227416992188,-9415.908994674683
2007-11-08,-10147.188035692476,12153.206018720366,6467.301849365234,2231.476273877297
2007-11-09,-13231.530548095703,2292.631881713867,2292.631881713867,-8354.567855834961
2007-11-12,-18633.97159549168,9346.663044248311,4750.703887939453,-14580.488503864846
2007-11-13,-776.1772003173828,19736.541397094727,19736.541397094727,18378.472911834717
2007-11-14,-9130.179111480713,7737.104606628418,7737.104606628418,-5090.103481565206
2007-11-15,-4083.074493408203,6975.636444091797,6975.636444091797,97.24480574472
2007-11-16,-668.7756958007812,4676.364974975586,4676.364974975586,3278.0870513916016
2007-11-19,-5623.040992736816,166.123046875,166.123046875,-5104.217308044434
2007-11-20,-1204.286018371582,2048.2724227905273,2048.2724227905273,577.0713272094727
2007-11-21,-5680.290105342865,1832.4043564796448,299.0478515625,-3823.4997668266296
2007-11-23,0.0,6796.13822555542,6796.13822555542,6341.332481384277
2007-11-26,-6683.332226616987,8291.897872107378,3237.7911281585693,-5672.811262948164
2007-11-27,-1623.544639314921,11825.148626599996,7688.64977645874,8896.337775366641
2007-11-28,-789.5327072143555,13460.835456848145,13297.971139907837,11813.791314806254
2007-11-29,-5390.323127746582,2701.2793045043945,2701.2793045043945,-1401.997901916504
2007-11-30,-1924.9497890472412,4325.876449584961,4325.876449584961,836.9320545196533
2007-12-03,-4729.3151512146,1205.6393795013428,1205.6393795013428,-2658.7282333374023
2007-12-04,-3103.0655879974365,4513.010160446167,1588.134901046753,2007.8701705932617
2007-12-05,-1094.306785583496,6809.463819503784,6809.463819503784,2491.0351181030273
2007-12-06,-2530.1933002471924,6519.773338317871,6519.773338317871,3071.4755840301514
2007-12-07,-4384.004577636719,4865.022113800049,4865.022113800049,449.0291061401367
2007-12-10,-1710.4650611877441,6646.02244758606,6646.02244758606,2633.3865451812744
2007-12-11,-8914.916564941406,2875.8848152160645,2875.8848152160645,-6515.797399520874
2007-12-12,-4981.718804512694,24994.95334514551,13798.778764724731,4230.146335448549
2007-12-13,-10802.572548185075,8986.755125726973,7619.500195503235,3314.6037985937955
2007-12-14,-16354.503106117249,2113.2569274902344,2113.2569274902344,-12831.035258139895
2007-12-17,-10896.011911392217,7040.8472995758,4495.482772827148,-7897.965349197393
2007-12-18,-8606.747639519821,18580.31635011946,11031.998975753784,6133.70752062117
2007-12-19,-8577.870376586914,9081.002725601196,9081.002725601196,1274.4301501682835
2007-12-20,-3601.1422634124756,8947.085586547852,8947.085586547852,2765.4211499350386
2007-12-21,-1352.6857833862305,11812.08247756958,11812.08247756958,9503.980429785594
2007-12-24,-1405.5529251098633,3311.169443130493,3311.169443130493,1557.2474689483643
2007-12-26,-2900.745409011841,2438.954439163208,2438.954439163208,3.7814998626708984
2007-12-27,-4115.87407875061,2643.380931854248,2643.380931854248,-2880.0291554587247
2007-12-28,-1697.4468231201172,3703.714511871338,3703.714511871338,-816.0244846343994
2007-12-31,-5769.291207994722,3008.7804739815965,2107.4417114257812,-2977.4928280966506
2008-01-02,-20268.359203066135,5852.502777372098,813.36669921875,-14140.861534118654
2008-01-03,-4349.210941314697,3353.9279232025146,3353.9279232025146,-157.29010009765625
2008-01-04,-24774.653759002686,1842.503646850586,805.6954574584961,-12508.33142880032
2008-01-07,-6528.09773601804,13267.535755498073,8566.325035095215,3394.4972022601573
2008-01-08,-10011.278461456299,13389.171949386597,12467.142042160034,-4799.135917050502
2008-01-09,-9692.511666842873,26911.4094776426,15292.223491668701,23388.70849840981
2008-01-10,-15546.985269546509,14980.470026016235,14716.0420627594,6449.194152832031
2008-01-11,-26146.796501159668,920.9229164123535,920.9229164123535,-20860.814753941122
2008-01-14,-7209.384023666382,5163.3736209869385,5163.3736209869385,-4630.695771217346
2008-01-15,-6608.8538646698,1291.2977085113525,1291.2977085113525,-5260.711159229279
2008-01-16,-8711.056772504544,5774.416791643405,3037.9345703125,-4493.892533574795
2008-01-17,-12703.55134579114,3734.160993610106,1095.65576171875,-11402.011625255862
2008-01-18,-9262.602260453365,8163.512581007817,6196.393814086914,-2478.902526480801
2008-01-22,-10011.103649139404,2758.197883605957,443.466796875,-3726.177082198003
2008-01-23,-8824.92105102539,1876.7009391784668,1876.7009391784668,1104.1550788879395
2008-01-24,-3850.9939002990723,1190.6687088012695,1190.6687088012695,-1427.9596252441406
2008-01-25,-3502.7980461120605,3701.4252281188965,1240.0433921813965,-2315.410758972168
2008-01-28,-2804.0037984848027,6729.760834693909,1336.5229873657227,6156.634430885315
2008-01-29,-1119.2710342407227,2155.599723815918,2155.599723815918,900.9564819335938
2008-01-30,-1950.7611770629883,5069.034378051758,5069.034378051758,-1140.7978448867796
2008-02-01,-301.1557718004507,854.2369894300181,0.0,246.13576262337745
2008-02-04,0.0,1378.3601989746094,1087.6338727814816,1066.98358978544
2008-02-05,-1840.5768944876377,3869.623602185946,120.67684629985322,-1165.1029088837597
2008-02-06,-6069.472046443407,7769.485034397658,2548.521812438965,-4973.359112330858
2008-02-07,-6778.703740256184,16728.66092954362,6757.395263671875,5674.793095179941
2008-02-08,-4443.62646484375,4657.116455078125,4657.116455078125,1677.047886439745
2008-02-11,-1396.6669921875,2781.14013671875,2781.14013671875,2227.5016871861153
2008-02-26,-20.48330681664674,828.5360985483435,0.0,205.31901938574583
2008-02-27,-767.7385444641113,298.05641174316406,298.05641174316406,-641.2865829467773
2008-02-28,-265.38053689684216,1723.9784795216149,560.0083808898926,-20.621347359248162
2008-02-29,0.0,1236.3819122314453,1182.4831297057017,1072.0192769595556
2008-03-03,-2482.4781515939044,1276.9437539236737,0.0,-512.6568544251725
2008-03-04,-2718.1270065307617,1547.232681274414,1547.232681274414,1003.5998611450195
2008-03-05,-669.0294799804688,2634.535415649414,2634.535415649414,878.626627240877
2008-03-11,-221.86295400346788,2511.8945533207507,0.0,2471.095038550243
2008-03-12,-469.1717987060547,1244.5254516601562,1244.5254516601562,-244.76089477539062
2008-03-13,-1836.1410369873047,1264.8302001953125,1264.8302001953125,673.6658562251478
2008-04-03,-396.82673817873075,1717.810332477092,0.0,399.6551229357712
2008-04-04,-288.77988052368164,372.6259717941284,372.6259717941284,321.39040660858154
2008-04-07,-479.7526559829712,204.9422607421875,194.2561749645648,140.9544704556472
2008-04-14,-310.45362200056434,1528.6625889369357,0.0,108.56932721818566
2008-04-15,-770.17431640625,1823.604736328125,1823.604736328125,1185.36083984375
2008-04-16,0.0,6025.627685546875,6025.627685546875,5874.069832938065
2008-04-17,-248.90267086029053,1885.8589181900024,0.0,1290.1071138381958
2008-04-18,-860.4096336364746,4137.249710083008,4137.249710083008,2085.225574493408
2008-04-21,-413.7538032531738,1770.6657829284668,1770.6657829284668,1572.0781517028809
2008-04-22,-711.5687141418457,1241.161605834961,1241.161605834961,66.21435928344727
2008-04-23,-2200.9981269836426,0.0,0.0,-1092.254150390625
2008-04-24,-4418.375186920166,0.0,0.0,-3640.592113494873
2008-04-25,0.0,2217.465774536133,2217.465774536133,1919.595417022705
2008-04-28,-463.4118003845215,1505.8637924194336,1505.8637924194336,231.62273025512695
2008-04-29,-3342.7993812561035,0.0,0.0,-3094.564842224121
2008-04-30,-99.22727966308594,2581.639205932617,2581.639205932617,992.9825134277344
2008-05-01,-6090.730966840481,5011.219217027927,0.0,1828.8044631140474
2008-05-02,-1491.4917373657227,2744.1571044921875,2744.1571044921875,-179.05360412597656
2008-05-05,-2505.5593338012695,0.0240631103515625,0.0240631103515625,-567.1656129019502
2008-05-09,-1791.441082545701,2823.6637453351586,0.0,568.6886400495139
2008-05-12,-1131.947021484375,4705.045883178711,4705.045883178711,4324.438498360791
2008-05-13,-609.8445587158203,1688.6875839233398,1688.6875839233398,469.06082916259766
2008-05-14,-1454.2039413452148,2345.428871154785,2345.428871154785,187.61809539794922
2008-05-15,-1313.4202117919922,2955.3046112060547,2955.3046112060547,2204.7698669433594
2008-05-16,-1079.061294555664,1829.3154067993164,1829.3154067993164,281.42407008578994
2008-05-19,-6268.619167532246,7584.258189950664,0.0,1278.8939416749076
2008-05-20,-2766.3792667388916,9483.741225242615,8009.300267219549,4473.236961364748
2008-05-21,-4048.5804366895136,4394.65961076532,3585.8065967559814,1361.3371908494437
2008-05-22,-1436.0158491134644,1325.9717178344727,1140.847727247647,463.3565985304971
2008-05-23,-5222.085715702584,3430.6303525652384,271.6204605102539,-1593.7953568526495
2008-05-27,-731.1075019836426,9028.254196166992,9028.254196166992,8508.041823795846
2008-05-28,-2035.330581665039,689.1229629516602,689.1229629516602,-288.4770393371582
2008-05-29,-1089.7967338562012,2868.667697906494,2868.667697906494,865.3963088989258
2008-05-30,-2676.812680006027,4885.294963121414,1137.861156463623,-1795.0859603881836
2008-06-02,-2035.3166580200195,0.0,0.0,-1009.6383094787598
2008-06-03,-1538.507080078125,817.3458099365234,817.3458099365234,-625.0115394592285
2008-06-04,-1589.0943903923035,1467.7965550422668,448.7173080444336,-650.9726252555847
2008-06-05,-122.73033714294434,4297.148628234863,4076.568160533905,3458.009820461273
2008-06-06,-3365.4781074523926,2446.705837249756,2237.8112773895264,-2730.2570056915283
2008-06-09,-5753.334199087973,3234.0977276393223,929.5077323913574,82.16740689957606
2008-06-10,-4727.553997039795,2199.088134765625,2199.088134765625,-1218.9668579101562
2008-06-11,-8338.61487197876,1234.799747467041,945.5338478088379,-5761.669974190835
2008-06-12,-352.6163101196289,2003.2365798950195,2003.2365798950195,-96.1984634399414
2008-06-13,-384.64765548706055,3301.372814178467,3301.372814178467,3205.216121673584
2008-06-16,-1538.4513854980469,144.2976951599121,144.2976951599121,-96.09403610229492
2008-06-17,-1474.4304656982422,208.3186149597168,208.3186149597168,-769.2744255065918
2008-06-18,-1330.1815032958984,112.18280792236328,112.18280792236328,-496.8165397644043
2008-06-19,-852.1546363830566,2604.4459114074707,1474.409580230713,1628.5697898864746
2008-06-20,-1236.6753120422363,1619.9528007507324,1619.9528007507324,944.742603302002
2008-06-23,-1839.6004447937012,881.4224243164062,881.4224243164062,-998.3282737731934
2008-06-24,-3153.7692427635307,9241.679434299458,592.9871559143066,1861.6366257667432
2008-06-25,-3529.702892303467,11456.429809570312,11456.429809570312,3908.469192504883
2008-06-26,-16313.365837097168,0.0,0.0,-15196.084944248189
2008-06-27,-6041.18815967014,5871.787662778591,0.0,-1500.4974820273173
2008-06-30,-5126.880809783936,3052.3330364227295,3052.3330364227295,-4124.397380011418
2008-07-01,-8648.462873458862,3994.7245769500732,3409.69970703125,2181.713335854654
2008-07-02,-4624.526369094849,55.75545692443848,55.75545692443848,-4624.221508026123
2008-07-03,-1017.9461056845549,3117.4286120278475,0.0,-47.657218660629184
2008-07-07,-279.65248107910156,3016.7805099487305,3016.7805099487305,2025.6572186606293
2008-07-15,-2973.4278774261356,7481.687089920056,0.0,1567.099649429333
2008-07-16,-1068.9560012817383,8977.1650390625,8977.1650390625,7962.77311706543
2008-07-17,-5314.605104207993,6227.561556100845,4924.341117858887,-600.6256768703579
2008-07-18,-2278.0953216552734,1918.3011093139648,1918.3011093139648,-300.2470896244049
2008-07-21,-361.1313168661994,809.7922137124139,0.0,123.96123531885918
2008-07-22,-1538.9303970336914,50.190162658691406,50.190162658691406,0.0
2008-07-23,-100.33587646484375,1856.7841415405273,1856.7841415405273,987.0387646811407
2008-07-24,-2434.454668317525,4868.413938249858,0.0,-540.942247663228
2008-07-25,-1403.4614868164062,3572.959991455078,3572.959991455078,1807.9004516601562
2008-07-28,-2836.1265040806215,3695.619009835394,1584.2455444335938,-1456.430596487848
2008-07-29,-2445.3798065185547,5299.81022644043,5299.81022644043,4181.90891374859
2008-07-30,0.0,4881.274337768555,4881.274337768555,4819.43293762207
2008-07-31,-3206.6317749023438,223.58006286621094,223.58006286621094,-2511.8694588797407
2008-08-01,-574.8565059389435,1143.1608356748259,0.0,941.945618084494
2008-08-04,-2755.0113258361816,386.93461418151855,386.93461418151855,-1764.4494953155518
2008-08-05,0.0,2383.5264415740967,2383.5264415740967,2383.5264415740967
2008-08-06,-2206.3843942880612,2016.7535508871097,835.8064212799072,383.8060344457647
2008-08-07,-6005.298957824707,1168.6361532211304,1056.1529839209131,-3773.5047647782703
2008-08-08,-425.06866455078125,38.64288330078125,38.64288330078125,-425.32383401053414
2008-08-11,-3886.2547045264946,3351.9325274910225,0.0,-1948.6571989570366
2008-08-12,-2300.687110900879,3919.871030807495,3901.947946275984,1319.942562920707
2008-08-13,-1064.9224090576172,6095.274381637573,5846.1993878909525,4695.899160572462
2008-08-14,-1461.5992126464844,3465.160125732422,3465.160125732422,886.8227386474609
2008-08-15,-8282.881363238619,9126.987279568388,0.0,3085.9059607131035
2008-08-18,-607.0126514434814,10381.5365152359,8508.62216510092,5061.635402560239
2008-08-19,-1359.7977924346924,3837.3444786071777,3667.852696316585,3486.4513735430646
2008-08-26,-726.1225035531079,2053.1372925894702,0.0,599.370629991814
2008-08-27,-598.8180999755859,2821.7904052734375,2821.7904052734375,1282.508056640625
2008-08-28,-280.7983292170942,3102.5775062016073,2351.71923828125,1463.777577808914
2008-08-29,-54.30083084106445,369.2249336242676,369.2249336242676,314.9257469177246
2008-09-02,-933.925952911377,21.715728759765625,21.715728759765625,-586.5820113590777
2008-09-05,-6561.85436575754,6562.880619594022,0.0,3270.896366664335
2008-09-08,-6871.48828125,11237.915893554688,10697.879302978516,2281.24645560129
2008-09-09,-4540.166807038446,2578.9770680836245,1718.8494873046875,-3765.24665628161
2008-09-10,-139.11570739746094,510.09092712402344,433.1378998756427,357.94592714309783
2008-09-11,-1488.1550565446964,5676.127269199933,469.1560516357422,4821.760472093328
2008-09-12,-2529.83837890625,1002.626220703125,1002.626220703125,439.39743477955926
2008-09-16,-291.541259765625,4508.984619140625,0.0,3212.097900390625
2008-09-17,-7880.180419921875,0.0,0.0,-7880.180419921875
2008-09-18,-2248.8916015625,6172.2216796875,6172.2216796875,5587.08251953125
2008-09-19,-11827.869164586067,30250.6136521101,0.0,11736.962771296501
2008-09-22,-3681.1320422036324,24007.17832633427,8078.3680361509305,4974.343457307134
2008-09-23,-2363.2359171594953,4910.626303604665,1368.187295675279,-607.4258244718881
2008-09-24,-731.8232154846191,2748.1156578063965,2748.1156578063965,1682.634090423584
2008-09-25,-1324.1504821777344,3233.1312255859375,3233.1312255859375,365.3130045618391
2008-09-26,-1460.5903358459473,240.74798583984375,0.0,-917.8274991171684
2008-09-30,-688.1617870330799,1795.2151050567638,0.0,1474.3934497833263
2008-10-01,-807.9943542480469,277.2447967529297,277.2447967529297,27.718231201171875
2008-10-02,-1980.3663940429688,0.0,0.0,-1667.1116809844982
2008-10-06,-7937.8407673835645,2900.094741344462,0.0,-697.2799763679404
2008-10-07,-9358.38408279419,2668.6622200012207,0.0,-7217.72002363206
2008-10-08,-127.201171875,4210.078125,0.0,1535.0390625
2008-10-09,-3315.357421875,1879.681640625,1879.681640625,-2664.48046875
2008-10-10,-9550.576049804688,8738.773315429688,2034.240234375,1609.2166748046886
2008-10-13,0.0,15047.481079101562,13771.497140066966,13520.799194335938
2008-10-14,-2189.5977783203125,2867.205810546875,267.225341796875,267.4255371093741
2008-10-16,-2232.611964634483,6655.547215053018,0.0,6586.425633021768
2008-10-17,-2754.0008544921875,4095.3828125,4095.3828125,-363.770263671875
2008-10-20,-804.75,3940.3834228515625,3940.3834228515625,3940.3446306501073
2008-10-22,-1761.9168330601271,1013.4535282679979,0.0,-753.6668330601271
2008-10-23,-2217.037109375,997.1527099609375,997.1527099609375,76.592529296875
2008-10-24,-3331.4814453125,0.0,0.0,-1364.9256962367479
2008-10-28,-375.22303444998397,4448.720508030485,0.0,4313.398986271452
2008-10-29,-897.7948760986328,1818.006175994873,1818.006175994873,-232.7617530822754
2008-10-30,-44.78009033203125,1878.126148223877,1878.126148223877,1643.3627668108234
2008-11-06,-5415.801243373328,1884.4023699079216,0.0,-4681.679661342078
2008-11-07,0.0,4117.285400390625,4117.285400390625,3644.76025390625
2008-11-10,-3719.521484375,3075.280029296875,3075.280029296875,-2050.0805925641716
2008-11-13,-1906.8489249093234,6204.671704973489,0.0,6056.748975481301
2008-11-14,-3561.2576904296875,480.7423095703125,480.7423095703125,-3268.0
2008-11-17,-2090.6597900390625,774.0,774.0,-1938.7489754813014
2008-11-18,-2218.7418584823613,3271.6728143692008,0.0,2280.983788490295
2008-11-19,-7114.458602905273,965.1046752929688,965.1046752929688,-6844.537467956543
2008-11-20,-14168.292903150836,12131.63613394328,1185.8402099609375,-10653.782613958636
2008-11-21,-4402.777179718019,18078.015546798706,14012.449430465698,17393.298009872437
2008-11-24,-2200.075164794922,18348.62509918213,15603.834649699067,13837.038283552449
2008-11-25,-580.6646412440718,5483.3287364414755,0.0,-199.83093152727497
2008-11-26,-5243.745872497559,3251.7017822265625,3251.7017822265625,-3515.3644943237305
2008-11-28,-1274.305419921875,1581.9221420288086,1581.9221420288086,-1113.8045741489943
2008-12-02,-164.92899622236365,4836.671063286914,0.0,4534.64827428545
2008-12-03,-3359.742416381836,3956.6808700561523,3956.6808700561523,3375.9514083862305
2008-12-04,-5701.917003631592,907.0867042541504,907.0867042541504,-3402.59968267168
2008-12-08,-753.6929335594177,3809.4742074012756,0.0,4.028448581695557
2008-12-09,-3325.5328483581543,4580.025119781494,4544.650381565094,3978.362804889679
2008-12-10,-1359.2926864624023,1040.956802368164,1040.956802368164,-126.39125347137451
2008-12-15,-388.64887927259804,1269.2958285978855,0.0,424.6817710569918
2008-12-16,-351.9283199310303,477.0440340042114,476.3203449589872,86.8926800659728
2008-12-17,-1024.8253433448945,6017.4073226707305,150.1552963256836,5416.219078174658
2008-12-18,-2035.509123802185,4776.114950180054,3026.038076400757,1410.3261053477022
2008-12-19,-1523.0981788635254,1781.538625717163,1730.7220290047776,-531.1196346453248
2008-12-22,-2342.378374372219,1080.7864205496562,0.0,-652.3219778878438
2008-12-23,-1356.399169921875,936.47509765625,936.47509765625,-968.869384765625
2008-12-24,-172.21923828125,764.31201171875,764.31201171875,538.1913626534688
2008-12-31,-39.03295045239622,775.6060008491785,0.0,36.865153261593036
2009-01-02,-2055.8163083110508,8961.799118706162,470.5668525695801,-782.2275258132371
2009-01-05,-11603.909922208104,2262.971192751612,743.111328125,-10604.092467818942
2009-01-06,-5450.828026175501,10512.977404236792,5607.720365524292,2583.404782993447
2009-01-07,-263.8086223602295,10135.392367362976,9214.032716257234,7326.794424295427
2009-01-08,-2224.453869819641,2085.129686355591,1760.8967455114644,-530.7443669182896
2009-01-12,-4016.085728236598,991.2775530134022,0.0,-2875.605259486598
2009-01-13,-1582.078125,1297.921875,1297.921875,293.75390625
2009-01-14,-6693.1171875,0.0,0.0,-5600.148646763402
2009-02-02,-740.309025355752,1623.815486362998,0.0,918.931941441123
2009-02-03,-456.722900390625,2265.116455078125,2265.116455078125,1725.240966796875
2009-02-04,-1231.562255859375,1760.87548828125,1760.87548828125,-829.172908237998
2009-02-17,-375.03127595356915,4827.288342271529,0.0,-306.39372559956524
2009-02-18,-1290.301456451416,988.2919387817383,988.2919387817383,-260.8169631958008
2009-02-19,-1386.3625221252441,1537.3708610534668,1537.3708610534668,-1166.789311204634
2009-02-27,-2243.736486162463,2595.1791632515997,0.0,-1675.5358636038693
2009-03-02,-12048.493871484481,1200.7679197447674,0.0,-11499.851693902694
2009-03-03,-3165.840544155668,6585.230886050631,5405.015953063965,-930.5412718909101
2009-03-04,-0.004253387451171875,5451.161037445068,5451.161037445068,3244.999719415389
2009-03-05,-2853.7259521484375,0.0,0.0,-2438.070890017916
2009-03-25,-281.4055862426758,1106.647117614746,0.0,529.1006546020508
2009-03-26,-3680.6744996479497,7948.352950913573,0.0,-1255.864071028565
2009-03-27,-4455.92830657959,6702.448011398315,6702.448011398315,3193.349599838257
2009-03-30,0.0,12496.917688369751,9685.044484206603,8797.413816588258
2009-04-02,-8070.543503284453,12545.735152721409,0.0,-2390.7119107246376
2009-04-03,-6529.978256225586,5030.300800323486,5030.300800323486,-5573.312637329102
2009-04-06,-1598.0824012245405,21369.41207318647,16343.916219438821,13313.181616357395
2009-04-07,-373.0648002624512,9148.564302444458,4854.58050504752,4776.358257242608
2009-04-08,-349.3247604370117,290.449161529541,290.449161529541,149.48467445373535
2009-04-09,-1539.769666177889,9309.684322851042,0.0,-511.807400209566
2009-04-13,-5436.687349319458,5730.822006225586,5470.463879721505,-104.75089590890093
2009-04-14,-5472.768454142971,15546.542882374364,6541.539733886719,13841.705663050936
2009-04-15,-5348.167457580566,2983.58642578125,1790.15185546875,-2355.5103901454404
2009-04-16,-7510.002613885062,6116.521781103951,1537.716796875,-876.5248636518272
2009-04-17,-1117.7585573537006,2295.7224378245223,1108.1247825622559,-641.267686162676
2009-04-20,0.0,3747.927896499634,2570.710250173296,2465.3686017990112
2009-04-21,-188.08035278320312,111.13745498657227,107.05548231942299,106.78697122846324
2009-04-28,-2135.9625218766114,5063.5463692290405,0.0,3063.682993565283
2009-04-29,-6888.40228843689,0.0,0.0,-3755.2855854034424
2009-04-30,-10265.96015739441,0.0,0.0,-4333.397408161841
2009-05-04,-1882.564369269777,7526.588138512207,0.0,-868.3862839426286
2009-05-05,-1322.3406982421875,4598.034019470215,3821.158027648926,893.5828828811646
2009-05-06,-9506.081609998435,2233.412221636087,543.0912780761719,-7627.009811605734
2009-05-07,-1836.3837184906006,3081.0478591918945,3026.352753894673,2518.671895214491
2009-05-08,-1536.5358142852783,0.0,0.0,-1536.8586825472944
2009-05-14,-804.481720141001,3551.8783739294336,0.0,2631.0219743933008
2009-05-15,-2001.1252040863037,1186.4608039855957,1186.4608039855957,-1168.8120403289795
2009-05-18,-3373.1784357683955,5115.883734260291,3913.6692180633545,3745.5679366248023
2009-05-19,-326.7080020904541,1961.0049285888672,1961.0049285888672,1416.3051052093506
2009-05-20,0.0,2723.4003887176514,2723.4003887176514,326.9170241015254
2009-05-21,-34.79215575967928,4024.207844240321,0.0,2400.609392625941
2009-05-22,-1631.1292016846785,4426.073787893569,3080.039799690247,1566.0674202101593
2009-05-26,-3366.66767505238,6817.6936101572755,2223.643251146588,935.0244067566655
2009-05-27,-1246.9022178649902,3236.949197769165,3236.949197769165,2800.206519058772
2009-05-28,-3909.8781089782715,0.0,0.0,-2853.9077386515382
2009-06-01,-2519.7980205161252,5585.121050681386,0.0,-65.47684970923952
2009-06-02,-3848.046825511116,4437.279783146721,2618.02717089653,-434.22770629610415
2009-06-03,-504.1048011779785,11438.173781394958,9360.441940580095,7581.973582250733
2009-06-04,-1396.7330350875854,431.48060607910156,405.0452556439816,-922.2690262453885
2009-06-11,-80.98623801980665,915.3795208760673,0.0,480.1848568746026
2009-06-12,-1302.8604075908593,3876.3820860385968,456.4743138551709,2492.6190193891593
2009-06-15,-4271.909648895264,1371.3533630371094,1180.3765527520854,-1448.4447213241035
2009-06-16,-5172.2304611206055,307.7251281738281,0.0,-4189.359154939658
2009-06-18,-293.3627900396067,853.236426421575,0.0,-265.16929524285376
2009-06-19,-338.3607921600342,1306.3573722839355,1249.6878815378454,962.2206418854846
2009-06-22,0.0,924.6150588989258,742.1904768262576,741.948653357369
2009-06-23,-2840.6073306628605,4716.792400019513,0.0,-227.89744601930573
2009-06-24,0.0,11927.908626556396,11927.908626556396,6504.638576507568
2009-06-25,-4415.918720245361,12872.268196105957,12872.268196105957,12191.258869511737
2009-07-06,-3089.87916769299,3938.061235291629,0.0,2084.6017244884065
2009-07-07,-10008.593570709229,443.6564292907715,443.6564292907715,-8859.91588973999
2009-07-08,-6271.031897953603,8799.55604607716,3730.7794609069824,3453.5004183905094
2009-07-09,-595.019775390625,3628.3450927734375,3628.3450927734375,1224.232177734375
2009-07-10,-3666.942138671875,1972.509521484375,1972.509521484375,-198.41843087330085
2009-07-24,-468.12557520185163,1918.2048767634806,0.0,-263.1686699730989
2009-07-27,-529.4689897809698,2015.0697541918084,174.29122924804688,149.0994516100214
2009-07-28,-120.42682838439941,4697.643535614014,2646.1055976322696,1934.4307697841064
2009-07-29,0.0,947.1463603973389,688.0229090281899,412.63844857897124
2009-08-03,-135.34135699272156,4039.7793686389923,0.0,130.58388829231262
2009-08-04,-691.3859176635742,1701.9976329803467,1701.9976329803467,-585.0101852416992
2009-08-05,-4736.328922459064,13693.27982597691,2446.5855026245117,-1475.406597563205
2009-08-06,-9861.25263725008,13820.51958717619,7187.5211794717,10028.243004594537
2009-08-07,-27680.582826989033,22321.846467597148,2688.7251558303833,6.282561727940447
2009-08-10,-9279.803520049365,13237.168429527967,11224.679505893158,4523.11995262759
2009-08-11,-777.8880805969238,19540.2701587677,16794.306627665243,13055.838989547316
2009-08-12,-153.52072525024414,307.0433158874512,307.0433158874512,96.34838601521096
2009-08-13,-214.22287702560425,1040.425865650177,0.0,-180.46413373947144
2009-08-14,-2555.4708146027133,8364.835404498239,984.5882034301758,6039.607340914865
2009-08-17,0.0,5072.60876083374,3091.4297661100077,2691.8567928246066
2009-08-21,-2118.164204359058,9585.645751237866,0.0,2679.2576267719237
2009-08-24,-6758.923875059402,5732.485598359787,1291.0595359802246,2570.8568923813937
2009-08-25,-10426.485759871346,9004.785426003593,3993.2403411865234,-4640.9236082008865
2009-08-26,-4157.653168678284,5031.645051956177,5031.645051956177,-1692.5210769517062
2009-08-27,-14983.038620914733,7438.2760439259655,2359.3796949386597,-10037.683777638846
2009-08-28,-11818.71893320765,16009.968057530265,3271.1041145324707,3426.5606955460116
2009-08-31,0.0,19977.440452575684,19977.440452575684,13175.556204761779
2009-09-01,0.0,12200.113157272339,4981.533761535376,4981.897043330333
2009-09-09,-371.23997247219114,1790.1665445566175,0.0,240.55933248996706
2009-09-10,-728.2001266479492,969.9418354034424,969.9418354034424,-6.321834564208984
2009-09-11,-2734.6308195931547,1902.4000546591647,96.38067054748535,-576.321400557243
2009-09-14,-1635.9181365966797,1745.1065521240234,1745.1065521240234,1745.1065521240234
2009-09-15,-4832.233180999762,14377.6142835617,799.8060150146484,-795.7251844406189
2009-09-16,-13530.237325532093,21459.36504759108,15277.590058360776,11735.93373302051
2009-09-17,-13774.440954344615,8347.3688419887,5310.414014816284,-698.9624109608696
2009-09-18,-2463.5510902404785,7129.823970794678,6423.066430228096,4338.162960324966
2009-09-21,-2314.6450004577637,1414.2923774719238,1394.7760620117183,132.37984248570024
2009-09-22,-380.40204416002587,2350.6752873829428,1675.6919250488281,713.294099943978
2009-09-23,-6760.418093647268,2725.102198634837,870.3128967285156,-5924.298571552541
2009-09-24,-27405.11081668304,11852.080697332161,2361.1832627228314,-12537.482743161023
2009-09-25,-12844.447620391846,6001.688877105713,2267.1447248458862,-7422.338691490083
2009-09-28,-175.24116706848145,5299.412413597107,5299.412413597107,4229.621560556544
2009-09-29,0.0,1930.6275329589844,1930.6275329589844,1165.6638793945312
2009-09-30,-2477.0401000976562,473.556396484375,473.556396484375,-837.81982421875
2009-10-01,-3861.3160552978516,0.0,0.0,-3460.6158294677734
2009-10-02,-1420.6082000732422,145.7559051513672,145.7559051513672,-1347.7520294189453
2009-10-05,0.0,3824.809555053711,3824.809555053711,3533.3848724365234
2009-10-06,0.0,3387.750946044922,3387.750946044922,3132.7630615234375
2009-10-07,-619.2774505615234,947.0866546630859,947.0866546630859,36.41065979003906
2009-10-08,0.0,3059.8546142578125,3059.8546142578125,2149.1786193847656
2009-10-09,-1347.7520294189453,327.90504455566406,327.90504455566406,72.89973449707031
2009-10-12,0.0,1784.8890533447266,1784.8890533447266,874.2130584716797
2009-10-13,-947.1040802001953,291.4159698486328,291.4159698486328,-400.7089385986328
2009-10-14,0.0,3387.6812438964844,3387.6812438964844,2950.5616455078125
2009-10-15,-837.7936859130859,1493.5340728759766,1493.5340728759766,837.8459625244141
2009-10-16,-2294.9170989990234,364.2547149658203,364.2547149658203,-655.6968231201172
2009-10-19,0.0,2841.277389526367,2841.277389526367,1784.906478881836
2009-10-20,-2440.5858764648438,291.4421081542969,291.4421081542969,-1602.7660522460938
2009-10-21,-2914.1422729492188,2149.2047576904297,2149.2047576904297,-2914.1422729492188
2009-10-22,-1964.9552355153155,11117.356980289738,4116.2603759765625,9502.841235126774
2009-10-23,-9067.690980911255,2850.9466247558594,2850.9466247558594,-7253.368034362793
2009-10-26,-12938.472940717398,12165.2135865348,2586.3243560791016,-8845.482657670955
2009-10-27,-12007.448348181524,10219.87131581994,0.0,-5980.910532815079
2009-10-28,-28821.11717292239,3935.408515248996,2459.8356704711914,-25326.14498751502
2009-10-29,0.0,39018.74528503418,39018.74528503418,36470.77737045281
2009-10-30,-14941.287437983916,13108.349463871553,327.87890625,-12968.270165034697
2009-11-02,-7687.3227356502075,20622.697335379453,14732.036123275757,7774.670675005217
2009-11-03,-8510.24718093872,9281.175970077515,4861.29052734375,7513.773490905762
2009-11-04,-2035.98681640625,17697.972185134888,15608.102192265644,3584.640137127468
2009-11-05,-2586.4027709960938,2113.503402709961,2113.503402709961,1405.5174102783203
2009-11-06,-2864.402084350586,1748.4783935546875,1748.4783935546875,90.93875122070312
2009-11-09,0.0,3823.0597534179688,3823.0597534179688,3596.239044189453
2009-11-10,-655.6271209716797,2566.4021759033203,2566.4021759033203,1039.866958618164
2009-11-11,-2006.5097198486328,1997.6849060058594,1997.6849060058594,-913.2480010986328
2009-11-12,-2937.0222778320312,897.1455078125,897.1455078125,-2393.603343963623
2009-11-13,-983.5060272216797,1894.2168731689453,1894.2168731689453,1529.9534454345703
2009-11-16,0.0,3059.8284759521484,3059.8284759521484,2549.8527069091797
2009-11-17,-3205.523391723633,0.0609893798828125,0.0609893798828125,-1311.3152313232422
2009-11-18,-1274.9829864501953,546.3690032958984,546.3690032958984,-72.89973449707031
2009-11-19,-3460.5635528564453,0.0,0.0,-2294.899673461914
2009-11-20,-1639.2115631103516,1784.9151916503906,1784.9151916503906,-254.99659729003906
2009-11-23,0.0,2294.9083862304688,2294.9083862304688,509.98448181152344
2009-11-24,-2422.3583085196387,2029.667852674209,437.0934600830078,161.8286650521386
2009-11-25,0.0,5654.091987609863,5654.091987609863,5284.805736541748
2009-11-27,-10607.07707977295,0.0,0.0,-6173.135118756973
2009-11-30,-3205.6366577148438,218.49880981445312,218.49880981445312,-1493.5602111816406
2009-12-01,0.0,3278.431838989258,3278.431838989258,2294.899673461914
2009-12-02,-254.98788452148438,2003.492416381836,2003.492416381836,218.56851196289062
2009-12-03,-2477.0401000976562,400.7002258300781,400.7002258300781,-2185.6154174804688
2009-12-04,-6950.617224557062,5430.671364920477,3751.979522705078,-2266.64525495257
2009-12-07,-3230.9956533909026,10086.370353460294,1311.376220703125,1659.389425856712
2009-12-08,-2586.306930541992,12313.023505210876,5256.581917047522,4200.527969598788
2009-12-09,-2185.6241302490234,291.4159698486328,291.4159698486328,-1092.816421508789
2009-12-10,0.0,2440.612014770508,2440.612014770508,1966.9022467476952
2009-12-11,-712.4503073011106,674.9051309313113,0.0,-353.0
2009-12-14,-198.62274677412688,674.9946924958927,0.0,175.7864786897403
2009-12-15,-142.65018463134766,427.8739261627197,427.8739261627197,106.95392227172852
2009-12-16,-178.2759494781494,730.9979057312012,685.4855961459011,621.2595990385312
2009-12-18,-1892.4208908081055,1037.7647399902344,0.0,0.0
2009-12-21,-1460.5935363769531,1362.6092376708984,1362.6092376708984,626.1238059997559
2009-12-22,-982.0667686462402,1718.3798141479492,1718.3798141479492,-368.33752822875977
2009-12-23,0.0,3682.478874206543,3682.478874206543,2700.4982986450195
2009-12-24,0.0,4111.996253967285,3791.611017090943,3791.7154235839844
2010-01-04,-3835.611815180111,2084.5804150444983,0.0,-2368.6462428229333
2010-01-05,-3169.773076278823,1349.9519479445046,0.0,-1610.1013360193665
2010-01-06,-553.5651242392414,722.3085577828533,104.4350996017456,-166.2465474264972
2010-01-07,-1048.0377788543701,410.1021671295166,410.1021671295166,-1002.0406835249489
2010-01-08,0.0,503.0812406539917,503.0812406539917,100.03480979374572
2010-01-13,-127.78217789104846,528.9825678212318,0.0,40.227314983097045
2010-01-14,0.0,710.222038269043,679.9770917892444,519.8531026840203
2010-01-15,-18.340700149536133,339.28790855407715,339.28790855407715,219.9195823328826
2010-01-25,-327.7434804780112,941.6926233427896,0.0,174.74697133473296
2010-01-26,-687.6741828918457,1533.8564338684082,1533.8564338684082,105.72628784179688
2010-01-27,-899.1848754882812,1322.3457412719727,1322.3457412719727,925.5267408234702
2010-01-28,-3026.5668805667237,4879.2609678677245,0.0,-1792.9679368563966
2010-01-29,-3628.520797337799,4754.7201351268,2943.309953689575,-3150.807734097748
2010-02-01,-4097.907246419376,14254.55172841888,9634.614964485168,7400.523827723079
2010-02-02,-4311.47905404227,8801.211121967863,8219.884947776794,3012.205803326199
2010-02-03,-10253.486284255981,3604.801124572754,3604.801124572754,-5415.177529607489
2010-02-04,-12974.395747184753,371.4081001281738,371.4081001281738,-12356.457759857178
2010-02-05,-17077.74602353573,3687.4496113061905,1911.5423078536987,-946.8724092245102
2010-02-08,-8626.539507780759,8000.839171494754,6330.946268081665,-4830.699635420529
2010-02-09,-2460.0519321305446,26753.940835203437,22978.293060302734,14726.353518690377
2010-02-10,-10938.202844619751,42634.603914260864,32608.966368726324,27599.15501824447
2010-02-11,-7296.349355697632,12074.057689666748,10840.25073351178,10106.76672131674
2010-02-12,-3004.500587463379,3157.273483276367,3157.273483276367,3156.9599414723207
2010-02-16,-118.81115341186523,1117.3325128555298,1117.3325128555298,1046.021535873413
2010-02-17,-0.05782127380371094,1402.489688873291,735.6260966062546,735.996638417244
2010-02-25,-1112.4979248046875,3152.6173095703125,0.0,3015.9630126953125
2010-02-26,-1312.69140625,1049.2119140625,1049.2119140625,378.0369873046875
2010-03-10,-1008.3608291489738,1232.0786907332283,0.0,-844.3477762086052
2010-03-11,-282.5595874786377,1843.7680263519287,1770.459542070117,734.4861942699981
2010-03-12,-951.5236911773682,233.8419361114502,233.8419361114502,-599.1384180613929
2010-03-17,-6243.773310320718,4426.638264042991,0.0,-1516.4958807400296
2010-03-18,-1541.5573959350586,3289.72847366333,3289.72847366333,1812.7775897979736
2010-03-19,-2017.7623882293701,4052.015124320984,3799.980637959065,3016.718290942056
2010-03-25,-5105.495197023656,4462.6238520486095,0.0,-4800.8174016135
2010-03-26,-1706.5191650390625,4448.792633056641,0.0,-1228.1825983865
2010-03-30,-400.6084581102649,1457.8080114637096,0.0,782.1691412244518
2010-03-31,-694.5083054985314,994.6575470481605,423.91441345214844,110.91147809369318
2010-04-01,-1586.4819765090942,0.0,0.0,-1254.107206753322
2010-04-05,-603.7150812149048,0.0,0.0,-595.9734125648231
2010-04-07,-5752.119049072266,4001.6386947631836,0.0,-5237.467262268066
2010-04-08,-2720.3354301452637,5317.928825378418,5317.928825378418,5146.38321685791
2010-04-09,-4190.659034729004,0.0,0.0,-1347.9159545898438
2010-04-12,-317.2585447856369,604.9768830708084,0.0,467.7848359516678
2010-04-13,-442.06743240356445,312.488826751709,270.2109280994969,-104.58381884438606
2010-04-14,-247.02099609375,59.468017578125,59.468017578125,-229.2010171072817
2010-04-15,-8164.817025865805,4183.8041136605625,0.0,-379.06761332918416
2010-04-16,-5242.622722966323,8575.352130549301,6631.290948152542,-1647.2126389571526
2010-04-19,-7051.568513870239,3136.16157913208,2944.797450917107,-1638.7197477136626
2010-04-23,-1148.92517157963,3065.2256481988125,0.0,-792.7964789526768
2010-04-26,-3444.1208919457026,2163.507774932044,1602.553310394287,1753.819838149207
2010-04-27,-12808.4905986786,11942.330764770499,4627.012783357072,-5140.455155883528
2010-04-28,-1894.2126678058223,14697.399198191493,5439.327329765324,6927.507757595618
2010-04-29,-662.2123985290527,19472.125484466553,18877.486991405487,17230.12190280643
2010-04-30,-4855.599758148193,386.2693328857422,386.2693328857422,-4745.197863715048
2010-05-14,-1202.7860793726816,354.7546196324454,0.0,-393.47794338635345
2010-05-17,-1282.680233001709,763.5,763.5,-748.2296504974365
2010-05-18,-320.6686019897461,1206.3284854888916,1206.3284854888916,259.5901165008545
2010-05-19,-2378.1589126586914,1174.810775756836,397.0232620239258,291.1289310455322
2010-05-20,-5019.586091995239,0.0,0.0,-4818.669630050659
2010-05-21,-1970.5628147125244,13406.736726760864,977.2819805145264,11898.149354934692
2010-05-24,-4468.781656265259,3252.756546020508,3252.756546020508,-3515.4349212646484
2010-05-25,-4810.702175412851,3595.1677148001613,171.0,2990.3731972830715
2010-05-26,-1921.074686050415,3461.8920402526855,3461.8920402526855,-1434.9467582702637
2010-05-27,0.0,5787.675928115845,5787.675928115845,5696.940525327402
2010-05-28,-595.5290679931641,259.5872039794922,259.5872039794922,-91.61918449401855
2010-06-01,-595.5319805145264,244.3168544769287,244.3168544769287,-229.04941749572754
2010-06-02,-122.16279602050781,732.959300994873,732.959300994873,687.1511650085449
2010-06-03,-290.13372802734375,1359.029067993164,1359.029067993164,916.1976699829102
2010-06-04,-2275.2296504974365,0.0,0.0,-1939.290699005127
2010-06-07,-5311.655177252634,3468.626044137137,534.4505825042725,-4872.225669043405
2010-06-08,-5724.61904161316,10466.670987912596,2264.411075592041,6298.082492385594
2010-06-09,-4585.889133453369,11370.735702514648,11235.495322465897,795.2227331910908
2010-06-10,-13.53570556640625,10798.804058074951,10798.804058074951,10337.22277348381
2010-06-11,-992.5523300170898,198.50580596923828,198.50580596923828,122.1569709777832
2010-06-14,0.0,1191.0639610290527,1191.0639610290527,656.610466003418
2010-06-15,0.0,1206.331398010254,1206.331398010254,1206.331398010254
2010-06-16,-626.069766998291,167.97093200683594,167.97093200683594,-229.05233001708984
2010-06-17,0.0,855.1220970153809,855.1220970153809,473.37209701538086
2010-06-18,-91.62209701538086,305.4011650085449,305.4011650085449,76.34883499145508
2010-06-21,-717.6918640136719,962.0116310119629,962.0116310119629,-488.63953399658203
2010-06-22,-397.0174369812012,732.959300994873,732.959300994873,-351.20930099487305
2010-06-23,-274.86046600341797,946.7383689880371,946.7383689880371,626.069766998291
2010-06-24,-1527.0,61.081398010253906,61.081398010253906,-1221.598834991455
2010-06-25,-1406.5502076149119,4628.113801479327,30.540699005126953,1856.1164870262014
2010-06-28,-2570.496940612793,2742.0328063964844,2742.0328063964844,-1558.7555785179138
2010-06-29,-10454.619125366211,0.0,0.0,-8964.881258010852
2010-06-30,-1343.761631011963,335.93895149230957,335.93895149230957,-1221.6017475128174
2010-07-01,-4844.889119556986,1640.3767572130337,0.0,-512.7484545367215
2010-07-02,-2448.1605224609375,1194.110595703125,1194.110595703125,-1025.0552978515625
2010-07-06,-905.2288818359375,4262.8763427734375,4262.8763427734375,1172.4212297712193
2010-07-19,-1117.63118498667,4458.30266053335,0.0,3445.8077951158693
2010-07-20,-6302.99324798584,4615.426170349121,4615.426170349121,4463.795272827148
2010-07-21,-6369.090881347656,3162.8770751953125,3162.8770751953125,-5208.603067943017
2010-07-29,-583.7155121394602,1188.7515899113212,0.0,198.6071349552664
2010-07-30,-1014.5732192993164,1100.1642227172852,1100.1642227172852,696.7717895507812
2010-08-02,-220.03953552246094,1320.1769943237305,1320.1769943237305,1246.837173461914
2010-08-03,-977.8865814208984,550.1055297851562,550.1055297851562,256.7328643798828
2010-08-04,-171.14186096191406,1149.0418243408203,1149.0418243408203,965.6822357177734
2010-08-05,-696.7784805297852,378.92352294921875,378.92352294921875,158.89067840576172
2010-08-06,-1271.2324829101562,293.4261932373047,293.4261932373047,-562.2429656982422
2010-08-09,0.0,1356.816795349121,1356.816795349121,1075.6618576049805
2010-08-10,-2505.8653106689453,0.0,0.0,-1919.1199798583984
2010-08-11,-2432.592399597168,0.0,0.0,-1491.3456192016602
2010-08-12,-4577.6766929626465,1832.2849140167236,256.719482421875,-1307.0479049682617
2010-08-13,-2968.677558898926,2282.9924659729004,2282.9924659729004,-2539.965072631836
2010-08-16,-6636.036095891678,9020.921066965377,2994.0089073181152,3296.8377673285368
2010-08-17,0.0,15779.269538879395,15779.269538879395,10204.951793670654
2010-08-18,-10263.48870517526,11028.22598598685,7234.338543891907,989.664036529407
2010-08-19,-7571.527082443237,6839.990467071533,6839.990467071533,1152.5509662628174
2010-08-20,-7398.798990249634,6448.053686141968,6448.053686141968,-5172.590478403232
2010-08-23,-403.3723602294922,1393.5502700805664,1393.5502700805664,-366.69910430908203
2010-08-24,-4584.674860136843,3847.8525637218,0.0,-1626.009737151003
2010-08-25,-5636.609222412109,5539.722873687744,5539.722873687744,3185.2792930603027
2010-08-26,-5894.876598358154,4036.113094329834,4036.113094329834,-4788.515725953245
2010-08-27,-366.73925018310547,1821.3447036743164,1821.3447036743164,1234.5926818847656
2010-08-30,-1283.5171203613281,61.11540222167969,61.11540222167969,-1246.843864440918
2010-08-31,-623.4052047729492,684.5540618896484,684.5540618896484,110.02645874023438
2010-09-01,0.0,2491.038101196289,2491.038101196289,2000.2012634277344
2010-09-02,0.0,1153.484634399414,1153.484634399414,1055.3212814331055
2010-09-03,0.0,1202.5629653930664,1202.5629653930664,404.93804931640625
2010-09-07,-944.8666000366211,147.26175689697266,147.26175689697266,-613.5493927001953
2010-09-08,0.0,1668.8773651123047,1668.8773651123047,748.5398941040039
2010-09-09,-245.41841888427734,822.1674270629883,822.1674270629883,24.54920196533203
2010-09-10,-454.06321716308594,441.7384338378906,441.7384338378906,-233.1806182861328
2010-09-13,-12.251182556152344,1092.1484298706055,1092.1484298706055,613.5761566162109
2010-09-14,-748.5398941040039,503.12147521972656,503.12147521972656,0.0
2010-09-15,-687.1836166381836,466.29432678222656,466.29432678222656,257.6896743774414
2010-09-16,-858.9811935424805,0.0,0.0,-454.0431442260742
2010-09-17,0.0,920.3307800292969,920.3307800292969,748.533203125
2010-09-20,0.0,1386.6719436645508,1386.6719436645508,417.24945068359375
2010-09-21,-122.73262786865234,858.9544296264648,858.9544296264648,61.32951354980469
2010-09-22,-1362.0692138671875,674.9324340820312,674.9324340820312,-932.5819625854492
2010-09-23,-1619.7923431396484,73.62084197998047,73.62084197998047,-1190.3050918579102
2010-09-24,0.0,2208.785842895508,2208.785842895508,1828.3769226074219
2010-09-27,-392.6667938232422,576.7556991577148,576.7556991577148,110.45468139648438
2010-09-28,-5121.632492337886,2693.8312985556686,1521.5888442993164,990.9393918173872
2010-09-29,-2671.753372192383,1222.7857971191406,1222.7857971191406,-304.9536819458008
2010-09-30,-3566.0995712280273,5040.340782165527,5040.340782165527,-948.6346661704147
2010-10-01,-1373.8243308748495,3063.1192039762245,809.8760986328125,862.3561598914036
2010-10-04,-3459.4269659859856,1303.6384560721199,362.9416198730469,-737.9215796334464
2010-10-05,-807.3374938964844,8888.617420196533,8888.617420196533,6266.203800201416
2010-10-06,-2134.232967376709,1782.5801010131836,1782.5801010131836,-74.0241928100586
2010-10-07,-1437.042381286621,3421.327377319336,3421.327377319336,1092.270118713379
2010-10-08,-2249.0960540771484,1655.3768463134766,1655.3768463134766,121.53474807739258
2010-10-11,-1940.0159650019282,2957.1271786519414,2060.1242141723633,-153.75024940286823
2010-10-12,-4084.4956789016724,1669.147081375122,1669.147081375122,68.52276039123535
2010-10-13,-1153.689673423767,4698.61158657074,4698.61158657074,3170.383625984192
2010-10-14,-2643.6247940063477,3795.2168855667114,3795.2168855667114,1704.2266864776611
2010-10-15,-2214.6145524978638,3999.389916419983,3999.389916419983,146.81022930145264
2010-10-18,-2524.479518890381,2428.146288871765,2428.146288871765,315.99132537841797
2010-10-19,-9170.066375868673,4392.422247750406,883.4362945556641,-3121.0776215962123
2010-10-20,-475.66199493408203,11381.095344543457,11381.095344543457,7193.5656633377075
2010-10-21,-6379.797564506531,6634.190990447998,6634.190990447998,385.5035211018276
2010-10-22,-2268.0547075271606,5586.7407331466675,5586.7407331466675,406.8298444747925
2010-10-25,-317.0556831359863,6398.827028274536,6398.827028274536,2466.6677856445312
2010-10-26,-4717.592285633087,6046.678283214569,2110.468557357788,679.3456625938416
2010-10-27,-9271.00823879242,2375.3223934173584,2375.3223934173584,397.89150701250765
2010-10-28,-3305.280662536621,4403.398822784424,4403.398822784424,955.6980319023132
2010-10-29,-2372.497491836548,2769.7391052246094,2769.7391052246094,1814.7277736663818
2010-11-01,-1521.9809559413434,5837.589115279055,4232.465064048767,1724.2982226780414
2010-11-02,-135.90059280395508,6914.702561378479,6914.702561378479,4839.551470756531
2010-11-03,-2760.9352703094482,3305.282519340515,3305.282519340515,1802.8925312587262
2010-11-04,-407.67892837524414,7052.056621551514,7052.056621551514,5978.100571632385
2010-11-05,-2969.4193906784058,1155.4781646728516,1155.4781646728516,215.48866844177246
2010-11-08,-5057.578823021481,2864.481758185794,262.2689895629883,-689.0653619085053
2010-11-09,-2515.0977687835693,4354.957269668579,4354.957269668579,-299.4168949127197
2010-11-10,-5109.509763717651,4750.105833053589,4750.105833053589,1690.3399057388306
2010-11-11,-7081.6979331970215,1014.3254299163818,1014.3254299163818,-2211.0499086380005
2010-11-12,-7086.824195861816,182.34920501708984,182.34920501708984,-5982.918025016785
2010-11-15,-1084.3847570419312,6225.30190372467,6225.30190372467,3570.862774848938
2010-11-16,-39158.039091348655,17528.31123518943,0.0,-18699.267269372947
2010-11-17,-11984.026424407959,18355.195239067078,18355.195239067078,2558.0945014953613
2010-11-18,-182.34920501708984,59847.76556968689,59847.76556968689,44544.634522676475
2010-11-19,-3866.345209121704,1922.1250686645508,1922.1250686645508,876.0761032104492
2010-11-22,-4596.519691467285,2865.729845046997,2865.729845046997,1670.2509508132935
2010-11-23,-10120.089252471924,0.0,0.0,-4049.5023164749146
2010-11-24,0.0,7222.672714233398,6822.835580962035,6435.100343976699
2010-11-26,-3317.7618255615234,3099.9464225769043,3099.9464225769043,1378.3965978622437
2010-11-29,-5676.969594546734,3852.6884903226514,417.8747081756592,1139.8077120099683
2010-11-30,-7810.942049026489,384.604287147522,384.604287147522,-5082.515674591064
2010-12-01,-181.17794036865234,14264.124911308289,14264.124911308289,11921.94775349754
2010-12-02,-2130.932063102722,5015.851146697998,5015.851146697998,2599.3345766067505
2010-12-03,-3851.4445400238037,1368.5950937271118,1368.5950937271118,-961.6032457351685
2010-12-06,-729.0931625366211,2397.1136951446533,2397.1136951446533,613.8323593139648
2010-12-07,-260.5009937286377,5564.394497871399,5564.394497871399,2257.675374031067
2010-12-08,-1182.7086601257324,4166.139525413513,4166.139525413513,1415.5817346572876
2010-12-09,-3796.4713191986084,1364.5464134216309,1364.5464134216309,-1776.7526550292969
2010-12-10,-690.6569738388062,4527.631183624268,4527.631183624268,3266.1026582717896
2010-12-13,-2220.2875189781084,8287.906127452861,3305.6064682006836,5536.905884265911
2010-12-14,-1890.437456846273,15223.368675470316,8868.961517333984,7808.727133035623
2010-12-15,-14252.134314537048,3929.755626678467,3929.755626678467,-9119.641999721538
2010-12-16,-4397.81094455719,10775.086281776428,10775.086281776428,7948.779530286825
2010-12-17,-1749.0306758880615,13843.589303016663,12144.297365324841,11939.329059873315
2010-12-20,-2959.911612510681,669.8451147079468,669.8451147079468,-1893.428913116455
2010-12-21,-531.4240980148315,2957.714365005493,2957.714365005493,2349.6772413253784
2010-12-22,-1024.2006285531174,2861.9947297232497,2337.732907295227,242.64424964359887
2010-12-23,-1063.52250289917,1840.352177619934,1840.352177619934,-120.11337566375732
2010-12-27,-4129.562096595764,494.6121940612793,494.6121940612793,-2017.230277742659
2010-12-28,-1351.5437107086182,843.2260046005249,843.2260046005249,349.7701606750488
2010-12-29,-581.926025390625,898.3701505661011,898.3701505661011,486.7956733703613
2010-12-30,-978.196517109868,1275.762234568599,740.4895629882812,31.31408774853054
2010-12-31,-3861.5162899834677,2292.4292828696207,1138.3384432111443,-2624.0243335451323
2011-01-03,-419.41840744018555,11184.899821281433,11184.899821281433,8387.695063029016
2011-01-04,-8528.189280509949,1595.6423797607422,1595.6423797607422,-4678.954657282157
2011-01-05,-1964.3481334958706,8178.933855601725,1891.2417726516724,4381.072847911295
2011-01-06,-11563.316694259644,1477.2022104263306,1477.2022104263306,-8305.752323610437
2011-01-07,-6467.858642578125,521.0019874572754,521.0019874572754,-4214.183940887451
2011-01-10,-3194.827663421631,5427.302536010742,156.29860877990723,-521.760474749979
2011-01-11,-0.0062046051025390625,2359.0707359313965,2359.0707359313965,1517.7086200714111
2011-01-12,-781.4980125427246,1896.0048179626465,1896.0048179626465,5.828672409057617
2011-01-13,-953.3212070465088,2186.3046226501465,2186.3046226501465,1424.9975109100342
2011-01-14,-463.17997550964355,3942.267599105835,3942.267599105835,3057.5163249969482
2011-01-18,-2049.3258571624756,1206.0965175628662,1206.0965175628662,-277.8035640716553
2011-01-19,-3916.249261856079,1100.8891677856445,1100.8891677856445,-2693.8104705810547
2011-01-20,-3739.7225246429443,1152.0623226165771,1152.0623226165771,80.06741333007812
2011-01-21,-2298.26371383667,3315.160011291504,3315.160011291504,-1135.5687637329102
2011-01-24,-3099.9575958251953,1745.464256286621,1745.464256286621,-2468.8984966278076
2011-01-25,-3951.958543777466,270.1795291900635,270.1795291900635,-575.0188045501709
2011-01-26,-694.7048149108887,4202.8244342803955,4202.8244342803955,3662.4653759002686
2011-01-27,-1419.2754554748535,2409.238925933838,2409.238925933838,1528.3226337432861
2011-01-28,-3934.6125411987305,752.5963134765625,752.5963134765625,-3934.6125411987305
2011-01-31,-1708.1646866117435,5892.150922366528,1783.0593757629395,2964.463115283398
2011-02-01,0.0,12942.236000061035,10589.284907341003,10248.535677364918
2011-02-02,-1407.7841796875,1180.9640216827393,1180.9640216827393,329.9171657562256
2011-02-03,-2985.218027114868,0.0,0.0,-1598.705307006836
2011-02-04,-2509.850350345881,1641.1654863698175,347.3337936401367,-1399.9028825419257
2011-02-07,-428.39873123168945,3481.1505279541016,3481.1505279541016,1847.0889053344727
2011-02-08,-1305.4899787902832,3497.898857116699,3497.898857116699,3266.1073951040016
2011-02-09,-2730.961230959205,5523.850837980004,1603.3294525146484,-91.89476367404882
2011-02-10,-11443.524948120117,2940.0699214935303,2940.0699214935303,-3282.7672748565674
2011-02-11,-17598.903381347656,473.713191986084,473.713191986084,-13297.008652005883
2011-02-14,-7117.421504974365,1178.1912841796875,1178.1912841796875,-5739.178483963013
2011-02-15,-2707.6179943084717,1945.6262512207031,741.1526412963867,-1800.7328987121582
2011-02-16,-871.0329132080078,1434.323673248291,1434.323673248291,723.9031429290771
2011-02-17,-1064.6313743591309,770.071268081665,770.071268081665,-276.67838287353516
2011-02-18,-1706.397180557251,299.42588996887207,299.42588996887207,-146.85153007507324
2011-02-22,-2715.7006426879416,10899.443869488572,1275.3779182434082,4959.388916867112
2011-02-23,-13771.115054471156,1376.3516966274772,701.3541164398193,-5735.755391495569
2011-02-24,-2665.101198196411,8157.858924865723,7477.117643015729,3651.2062058448873
2011-02-25,-39.13244438171387,2097.163423538208,2097.163423538208,1927.1142539978027
2011-02-28,0.0,3029.490020751953,3029.490020751953,1100.6587772369385
2011-03-01,-3277.962287902832,1287.133794784546,1287.133794784546,-2656.344814300537
2011-03-02,-122.5287810734153,6187.6861313411355,2942.239423751831,3631.763298852122
2011-03-03,0.0,10194.76489830017,9593.54028892517,9217.327689307058
2011-03-04,-2244.6480617523193,1176.6387634277344,1176.6387634277344,-697.7366828918457
2011-03-07,-3875.38889503479,485.36632537841797,485.36632537841797,-3026.1303901672363
2011-03-08,-850.2763366699219,2888.8427963256836,2888.8427963256836,2250.858892440796
2011-03-09,-2427.7579917907715,553.0113639831543,553.0113639831543,-1158.0681972503662
2011-03-10,-4093.5501194000244,0.0,0.0,-2344.459009170532
2011-03-11,-886.6923599243164,7587.324396133423,1674.760290145874,6632.97714805603
2011-03-14,-6066.471483503048,3388.0036008017614,1091.701250076294,-1124.384975705807
2011-03-15,-13674.019811630249,4656.11307144165,0.0,-1423.3871876853063
2011-03-16,-6713.667048283984,3563.1891795907727,2868.953052520752,-4388.4066704000725
2011-03-17,-2803.9862995147705,7882.768173217773,7882.768173217773,3483.176898956299
2011-03-18,-4743.77631187439,6474.33543586731,6474.33543586731,-2054.90313911438
2011-03-21,-1993.303659439087,10755.477476119995,10755.477476119995,7567.088857650757
2011-03-22,-5750.310804367065,1999.1766738891602,1999.1766738891602,-3348.4405212402344
2011-03-23,-5982.675922393799,2295.959426879883,2295.959426879883,-1180.0914611816406
2011-03-24,-2283.1609230041504,7138.102386474609,7138.102386474609,4233.043687820435
2011-03-25,-1496.9425773620605,6397.078172683716,6397.078172683716,1088.6583099365234
2011-03-28,-4843.95308303833,4838.633163452148,4838.633163452148,-3705.1628494262695
2011-03-29,-4080.279857635498,10689.159595489502,8101.874496459961,8884.395118713379
2011-03-30,-1425.5916061401367,11127.491897583008,11127.491897583008,5825.705395528246
2011-03-31,-4460.19033241272,3159.7110290527344,3159.7110290527344,604.7394733428955
2011-04-01,0.0,5876.134895324707,5876.134895324707,5426.356088638306
2011-04-04,-1253.4532470703125,4067.4329872131348,4067.4329872131348,-156.70674324035645
2011-04-05,-5987.340957522391,2705.5371915102014,1973.5727424621582,-2495.1982287168494
2011-04-06,-1606.0857840265555,6696.889183929988,4824.119007110596,3530.2244157109935
2011-04-07,-5733.492538452148,2252.2127723693848,1710.2503326279775,-3442.912501386234
2011-04-08,-3855.0370483398438,2618.1972827911377,2618.1972827911377,-1491.5102863311768
2011-04-11,-5204.351041793823,1232.3165340423584,1232.3165340423584,-3999.6005783081055
2011-04-12,-3221.3488998413086,1003.3194961547852,1003.3194961547852,-1098.3438167572021
2011-04-13,-9279.392208712465,6621.171166760557,3632.0652980804443,-5963.764114992983
2011-04-14,-6256.314186096191,2239.353261947632,558.7543392181396,-1798.730388028257
2011-04-15,-485.8538990020752,5034.759021759033,5034.759021759033,4293.164958953857
2011-04-18,-5855.949522018433,402.2087211608887,291.5233154296875,-2614.0467281341553
2011-04-19,-1033.925157546997,3517.1591567993164,3517.1591567993164,532.022497177124
2011-04-20,0.0,7128.862451553345,7128.862451553345,6118.512733459473
2011-04-21,-4429.862382377911,9646.254025016498,3171.4522609710693,1342.62578633852
2011-04-25,-10914.142826080322,7600.157283782959,7600.157283782959,-1875.605541229248
2011-04-26,-10232.551469802856,13629.170791625977,13629.170791625977,1952.7787053244592
2011-04-27,-4135.394563129967,7682.404409953529,6893.801362991333,6000.513006755286
2011-04-28,-6546.621223449707,7239.603172302246,7239.603172302246,-991.3318099975586
2011-04-29,-5659.3222579956055,3233.519983291626,3233.519983291626,-829.1694679260254
2011-05-02,-2618.6797428131104,5294.012657165527,5294.012657165527,1245.376148223877
2011-05-03,-10174.362884521484,4849.519634246826,2911.752954210543,-2534.669891357422
2011-05-04,-10436.083612442017,2676.898344039917,2223.4146099090576,-3261.6431238651276
2011-05-05,-3356.7700157165527,1679.4415321350098,1679.4415321350098,-534.4621906280518
2011-05-06,-738.2073515483252,7852.783939497817,4947.703094482422,2651.2639571258032
2011-05-09,-1935.6275329589844,2643.5741271972656,2643.5741271972656,741.401969909668
2011-05-10,-192.39882278442383,4240.583591461182,4240.583591461182,3197.739097595215
2011-05-11,-6627.070579528809,877.6014366149902,877.6014366149902,-4315.805191040039
2011-05-12,-2969.4538764953613,4581.825332641602,4581.825332641602,3131.3774375915527
2011-05-13,-4037.8662719726562,1367.3721618652344,1367.3721618652344,-3208.5510787963867
2011-05-16,-8246.98928976061,3154.814207553843,1112.6461944580078,-6691.834985256215
2011-05-17,-10163.109452741504,6454.339567644238,1866.6845512390137,-820.8865499666731
2011-05-18,-2479.169677734375,11636.85000705719,11636.85000705719,10016.891527175903
2011-05-19,-7744.945637702942,4922.979530334473,4922.979530334473,-636.9661192723511
2011-05-20,-4849.901371002197,403.75158309936523,403.75158309936523,-3672.931465285171
2011-05-23,-3088.6844024658203,74.40774917602539,74.40774917602539,-1608.322811126709
2011-05-24,-1361.0816762106815,2972.025390897473,1447.7767372131348,1028.4174464089474
2011-05-25,-3186.248242616657,10798.618393659588,3196.5656700134277,7890.966627836224
2011-05-26,-4009.089376449585,6715.937395095825,6715.937395095825,4571.569914579395
2011-05-27,-1484.499740600586,3951.582286834717,3712.8626494407654,690.8186593055725
2011-05-31,-610.4419746398926,3975.308536529541,3975.308536529541,3045.4119758605957
2011-06-01,-8216.898712158203,2091.1714820861816,2074.0207238878543,-2328.516617093762
2011-06-02,-512.8538208007812,1605.9337120056152,1605.9337120056152,454.6633529663086
2011-06-03,-3512.005573272705,59.29644012451172,59.29644012451172,-2485.1812133789062
2011-06-06,-2933.9525060653687,3153.4403886795044,532.649299621582,-1221.8910360336304
2011-06-07,-2647.256662505014,7562.248102051871,3490.626480102539,-1681.6493779591158
2011-06-08,-14027.299415588379,1519.2436752319336,298.78978729248047,-9312.188905307228
2011-06-09,-2263.9619522094727,8327.517333984375,8327.517333984375,4404.193060057504
2011-06-13,-211.59289959497556,2397.451976503657,0.0,821.1525532858839
2011-06-14,0.0,4511.566497802734,4511.566497802734,3804.948699951172
2011-06-15,-6950.111413478851,1495.3878140449524,0.0,-5912.925273145961
2011-06-16,-1865.8164691925049,932.9594039916992,932.9594039916992,-932.8911781311035
2011-06-17,-1097.5689125061035,603.6429214477539,603.6429214477539,-384.1505813598633
2011-06-20,-878.0570793151855,713.4037113189697,713.4037113189697,329.25312995910645
2011-06-21,0.0,3512.1552181243896,3512.1552181243896,3237.7605533599854
2011-06-22,-878.0375862121582,1262.1979141235352,1262.1979141235352,-439.01391983032227
2011-06-23,-3237.770299911499,54.892578125,54.892578125,-54.863338470458984
2011-06-24,-768.3206558227539,1481.6610145568848,1481.6610145568848,-274.4239044189453
2011-06-27,-1042.6373481750488,878.0863189697266,878.0863189697266,274.4239044189453
2011-06-28,0.0,2140.216007232666,2140.216007232666,2030.7293543815613
2011-07-01,-1257.2371717180629,719.2717394147496,0.0,582.9616808209996
2011-07-05,0.0,4975.34326171875,4975.34326171875,4975.34326171875
2011-07-06,0.0,2317.297119140625,2316.0933598109686,2315.6950574602506
2011-07-12,-993.599385942709,5150.593145642984,0.0,295.54815891813087
2011-07-13,-2594.067798614502,4318.480373382568,4318.480373382568,-1348.194679260254
2011-07-14,-3778.035789489746,2683.8138885498047,2683.8138885498047,-3170.8920462472324
2011-07-15,0.0,13309.62297821045,13309.62297821045,12212.135967254639
2011-07-18,-4090.6724433898926,0.0,0.0,-3013.129981994629
2011-07-19,-3033.062602996826,878.0134658813477,878.0134658813477,-937.8471145629883
2011-07-20,0.0,5726.960506439209,5726.960506439209,3531.9626274108887
2011-07-21,-678.5083274841309,917.8429222106934,917.8429222106934,-239.51352310180664
2011-07-22,-798.1398391723633,738.3419761657715,738.3419761657715,279.4026222229004
2011-07-25,-2434.177402496338,0.0,0.0,-2152.5441398620605
2011-07-26,-301.7090263366699,1267.3854675292969,1267.3854675292969,1227.162368774414
2011-07-27,-1086.3457374572754,1146.608814239502,1146.608814239502,663.8004150390625
2011-07-28,-1931.2097396850586,281.62133407592773,281.62133407592773,-1890.9627838134766
2011-07-29,-2212.807216644287,382.2506523132324,382.2506523132324,-2212.807216644287
2011-08-01,-1589.2776145935059,1227.043083190918,1227.043083190918,-945.5410346984863
2011-08-02,-4586.636442780495,1391.2610934972763,40.27081298828125,-3983.1348901987076
2011-08-03,-5669.77347946167,2800.6900491714478,2800.6900491714478,-795.4645442962646
2011-08-04,-14127.306072235107,0.0,0.0,-8146.226276397705
2011-08-05,-13540.948048761918,5403.800934621261,2551.2516498565674,-2163.868246248795
2011-08-08,-26139.03119945526,230.23301315307617,230.23301315307617,-23728.87312543392
2011-08-09,-5045.662573541913,16563.869738851274,9904.815299987793,16411.966487203325
2011-08-10,-13326.494829177856,4.974609375,4.974609375,-12661.765571594238
2011-08-11,0.0,26083.868715286255,25578.57745552063,20842.659298624312
2011-08-12,-1842.6759815216064,3570.443145751953,3570.443145751953,-460.87277109281786
2011-08-22,-29.44951193672307,3789.4719358171833,0.0,243.34351784843318
2011-08-23,0.0,8408.735656738281,6748.975451878131,6627.783361162454
2011-08-24,-455.6795654296875,5240.3204345703125,328.92044939313905,328.87312098911207
2011-09-22,-1122.6227743966224,2280.8381631033776,0.0,-140.5632040841224
2011-09-23,-6106.936828613281,3329.202461242676,3171.06884765625,-674.4165191650391
2011-09-26,-5218.197120666504,3610.0058212280273,3610.0058212280273,2212.979723249162
2011-09-29,-478.5475529261955,4229.584771292554,0.0,2203.0186091831793
2011-09-30,-3806.86767578125,0.0,0.0,-3796.37744140625
2011-10-03,-8144.0064859390295,7041.336184501644,991.6629638671875,-7869.669950621475
2011-10-04,-6455.162995134077,17851.075904096877,0.0,6032.0362665312705
2011-10-05,-2282.7850189208984,6713.8736000061035,4899.6390862464905,4899.9925163132775
2011-10-18,-246.3449118477889,5381.720884050648,0.0,4177.577474321644
2011-10-19,-2447.5712966918945,654.4058532714844,654.4058532714844,-1897.8595428466797
2011-10-20,-1714.531982421875,1269.6433410644531,1269.6433410644531,693.2820685250354
2011-10-26,-4837.627235412609,2077.822471618641,0.0,1626.8479843139535
2011-10-27,0.0,7366.4241943359375,7366.4241943359375,6013.373840332031
2011-10-28,-5358.451751708984,2513.4266662597656,0.0,-2307.717643737782
2011-10-31,0.0,8914.624267578125,8914.624267578125,8914.624267578125
2011-11-01,-7866.9202092715595,12611.238082545153,8118.4512939453125,424.59492744719074
2011-11-02,-75.23643493652344,9143.1472158432,9143.1472158432,6495.938737869263
2011-11-03,-2536.750144958496,9309.387432098389,9309.387432098389,8428.33788619722
2011-11-21,-2570.939208984375,458.47265625,0.0,-707.939208984375
2011-11-22,-1560.851806640625,1044.911865234375,1044.911865234375,420.405029296875
2011-11-23,-4032.9931640625,0.0,0.0,-4033.4658203125
2011-11-25,-323.46664864677405,2265.278956821976,0.0,-309.53305489677405
2011-11-28,0.0,6308.2744140625,6308.2744140625,6013.88720703125
2011-11-29,-1512.89599609375,1345.61279296875,1345.61279296875,-1052.354152134476
2011-12-08,-56.94632448470384,2137.9198578425667,0.0,275.6210659571907
2011-12-09,0.0,2527.4522857666016,2527.4522857666016,2194.884895324707
2011-12-12,-3126.0810737609863,0.0,0.0,-1928.8796367645264
2011-12-13,-2327.878168106079,1795.8115119934082,1795.8115119934082,-465.5793762207031
2011-12-14,-7311.436171293253,2916.6141083240573,731.6969127655029,-5478.4425952434485
2011-12-15,-1367.2024841308594,7933.8180141448975,7933.8180141448975,4480.813501358032
2011-12-16,-1119.9984016418457,8698.158458709717,8698.158458709717,2063.71404910087
2011-12-19,-5389.081717082428,4867.9208959851985,3391.085512161255,-3935.6282010759583
2011-12-20,-1046.1724323545138,18543.672437259134,16386.097799301147,17362.35591084617
2011-12-21,-10295.383155822754,3143.6508197784424,3143.6508197784424,-640.7598184858089
2011-12-22,-1858.7830801010077,5526.8852720260675,1649.2899570465088,720.0971636090973
2011-12-23,-2448.7277450561523,2818.43363571167,2818.43363571167,-267.75160217285156
2011-12-27,-134.24704360961914,3220.6021041870117,3220.6021041870117,2616.7706403732245
2011-12-28,-1409.4255409240723,268.38180923461914,268.38180923461914,-1073.8453578948975
2011-12-29,0.0,1409.3881149291992,1409.3881149291992,1140.931453704834
2011-12-30,-1208.036262512207,0.0,0.0,-1006.6844100952148
2012-01-03,-490.3954073020346,7259.97196902548,1946.2827243804932,173.69946231161288
2012-01-04,-2752.5794030598463,4916.082134110564,597.0567226409912,1854.7710035868827
2012-01-05,-6528.716776847839,2179.959379196167,2179.959379196167,523.1065139770508
2012-01-06,-6731.370837211609,2073.381808280945,2073.381808280945,-5249.134740693204
2012-01-09,-2838.847812652588,1798.3782320022583,1798.3782320022583,-1180.03316116333
2012-01-10,-1786.9036750793457,4880.941465377808,4880.941465377808,-482.0468511581421
2012-01-11,-7707.272447313587,2889.902974401196,108.54213237762451,-3475.38085528783
2012-01-12,-8623.07694775716,8707.273519924725,3581.2839727401733,-1537.746477672018
2012-01-13,-5686.935079574585,6308.364267349243,6308.364267349243,2359.7873645850545
2012-01-17,-6168.861083984375,4647.761680603027,4647.761680603027,-1767.4580511365775
2012-01-18,-1043.6208667755127,3168.1390285491943,3168.1390285491943,2785.864360809326
2012-01-19,-1715.5014038085938,1849.419485092163,1849.419485092163,-538.4019317626953
2012-01-20,-4058.108511073239,3112.720161335819,764.7874431610107,-2581.639831645138
2012-01-23,-5485.0023467200135,3703.804639135089,3009.4727172851562,-2915.453922952923
2012-01-24,-3559.023483276367,4238.501323699951,4238.501323699951,2482.4073009490967
2012-01-25,-3692.0213201045954,11939.003036737446,11264.03758430481,8479.537631000792
2012-01-26,-9808.219113196648,17850.03765598365,6515.71743730136,5824.616695931974
2012-01-27,-8725.650018692017,6920.489709854126,6549.043981552124,-799.0082923003611
2012-01-30,-11495.898126602173,2445.6044597625732,2291.4128910643767,-4731.892461487223
2012-01-31,-3675.731906890869,3603.464775085449,3603.464775085449,-730.9715900421143
2012-02-01,0.0,11591.67569732666,11591.67569732666,9476.24049949646
2012-02-02,-434.3279399871826,4617.892688751221,4617.892688751221,3271.664876937866
2012-02-03,-3544.7998429707186,15348.351573807846,11198.595796585083,6152.503757476807
2012-02-06,-4400.975150755465,6253.956670113981,3511.6009101867676,2094.7743962492355
2012-02-07,-6374.768166814531,5370.448354448592,4341.946708679199,-2031.2729828698282
2012-02-08,-8796.461106300354,3538.0084075927734,3538.0084075927734,-177.1778268814087
2012-02-09,-7577.224874768936,7790.000256265915,5452.334583282471,1007.792064666749
2012-02-10,-11867.39527130127,2641.533435821533,641.4819183349609,-6499.223550796509
2012-02-13,-1567.5981178283691,15287.073744773865,15287.073744773865,11959.140920639038
2012-02-14,-12605.532009124756,2472.649887084961,2472.649887084961,-5197.140969344551
2012-02-15,-5698.94531917572,6856.80274772644,6856.80274772644,-3310.099720954895
2012-02-16,-1788.28511428833,8530.29045009613,8530.29045009613,5345.401251792908
2012-02-17,-6057.195843696594,5346.47444152832,5346.47444152832,-3674.9627208709717
2012-02-21,-12949.365397453308,3068.931407928467,3068.931407928467,-9830.560486793518
2012-02-22,-8416.859375,4435.141180038452,4099.775840759277,-3254.125805139547
2012-02-23,-1789.167848791391,11332.064264093131,10214.111709594727,8595.399652276725
2012-02-24,-3805.8146743774414,5383.590751647949,5383.590751647949,1197.4009952545166
2012-02-27,-8955.765544891357,6562.0941734313965,6562.0941734313965,2582.7066955566406
2012-02-28,-3923.864517211914,5215.184864044189,5215.184864044189,1982.461015701294
2012-02-29,-3387.5898399353027,7948.672353744507,7948.672353744507,-278.4844570159912
2012-03-01,-4503.511312484741,9230.091333389282,9230.091333389282,5931.321001052856
2012-03-02,-6171.158992767334,4051.020589828491,4051.020589828491,-3604.145332336426
2012-03-05,-7628.082300186157,3904.6535663604736,3904.6535663604736,-1998.8169345855713
2012-03-06,-18554.895917892456,0.0,0.0,-15862.10143933976
2012-03-07,-766.1494235992432,9668.312755584717,9668.312755584717,6922.110610961914
2012-03-08,0.0,11389.231225967407,11389.231225967407,9246.107538223267
2012-03-09,-857.2349319458008,11399.990234375,11399.990234375,7084.927803039551
2012-03-12,-2596.492778778076,3904.3986797332764,3904.3986797332764,400.324670791626
2012-03-13,-870.1246795654297,10039.733156204224,10039.733156204224,9695.95376777649
2012-03-14,-4655.592023849487,3190.715621948242,3190.715621948242,-1994.972188949585
2012-03-15,-2456.8004245758057,8338.885583877563,8338.885583877563,6483.3745403289795
2012-03-16,-4342.960319519043,2465.0743446350098,2465.0743446350098,-1935.9480819702148
2012-03-19,-3931.4318199157715,6055.553354263306,6055.553354263306,2312.8243618011475
2012-03-20,-8579.801527023315,1264.1806449890137,1264.1806449890137,-4955.485849380493
2012-03-21,-851.5757141113281,7090.532913208008,7090.532913208008,3683.3402519226074
2012-03-22,-8630.745958328247,764.8878364562988,764.8878364562988,-3145.1310634613037
2012-03-23,-7619.998443603516,3155.7351417541504,3155.7351417541504,1226.1650848388672
2012-03-26,-319.55435943603516,10476.558658599854,7489.267492566784,5286.139314379016
2012-03-27,-1827.739055633545,4364.229732513428,4364.229732513428,-126.93269348144531
2012-03-28,-6860.303140640259,2003.445858001709,2003.445858001709,-2322.8769035339355
2012-03-29,-6890.111476898193,2681.7530975341797,598.6261825561523,-74.97973251342773
2012-03-30,-3332.956922531128,4967.105699539185,4967.105699539185,-1255.2388286590576
2012-04-02,-3601.3777294158936,4847.291851043701,4847.291851043701,1310.5665760040283
2012-04-03,-3331.407543182373,4345.620216369629,4345.620216369629,895.7651634216309
2012-04-04,-11386.254777908325,0.0,0.0,-6198.813077926636
2012-04-05,-3071.972053527832,4082.481586456299,4082.481586456299,1561.4682388305664
2012-04-09,-10099.097063064575,0.0,0.0,-4869.142709732056
2012-04-10,-13599.530744552612,1422.1556911468506,1422.1556911468506,-12783.838773727417
2012-04-11,-295.05308532714844,8997.287996292114,8997.287996292114,5526.443315505981
2012-04-12,-764.3867645263672,7166.35528755188,7166.35528755188,5764.271390914917
2012-04-13,-4627.392877578735,1752.281150817871,1752.281150817871,-1023.1059398651123
2012-04-16,-8769.861472947261,5239.634594099858,3928.582160949707,-5256.112432343623
2012-04-17,0.0,14791.215251922607,14791.215251922607,12091.658153533936
2012-04-18,-5420.61305809021,3548.3144149780273,3548.3144149780273,-765.858814375737
2012-04-19,-6378.797002792358,2375.042200088501,2375.042200088501,-3958.449380772465
2012-04-20,-372.2229537963867,3999.647129058838,3999.647129058838,2532.926898956299
2012-04-23,-8335.686657564958,3546.90063415257,872.3371047973633,495.05359779087576
2012-04-24,-12728.481745788033,5404.96987526757,4090.593288421631,-6302.838703223641
2012-04-25,0.0,19868.533052444458,19868.533052444458,17272.088925021013
2012-04-26,-1384.973066329956,8769.080879211426,8711.7916654178,7371.632993766243
2012-04-27,-4330.610383987427,3520.49729347229,3520.49729347229,-857.6344890594482
2012-04-30,-5461.948998314995,1996.556187765937,783.971549987793,-2854.9714706965874
2012-05-01,-24493.76342010498,7112.8799686431885,6561.260766983032,-6839.303846154899
2012-05-02,-2834.8040396826577,8363.448016439168,7637.49764251709,5623.702095304219
2012-05-03,-6229.489284515381,9891.929459571838,5610.8499356678485,-180.95555591583252
2012-05-04,-8556.983776501256,2286.004748889368,645.4300994873047,-5944.596076420385
2012-05-07,-3239.907657623291,4535.378390312195,4535.378390312195,721.338451385498
2012-05-08,-14466.115345954895,1635.34654712677,1635.34654712677,-5290.091819081979
2012-05-09,-4186.250267982483,1871.8995819091797,1871.8995819091797,48.972442626953125
2012-05-10,-1290.953712463379,2889.2312870025635,2889.2312870025635,-19.736577033996582
2012-05-11,-2662.0430459976196,2559.5775327682495,2559.5775327682495,84.25420475006104
2012-05-14,-3557.871193885803,3247.0341806411743,1100.7955694198608,-1444.1874723434448
2012-05-15,-6274.536223820292,9917.889991351522,5959.94162273407,-1032.7745498929858
2012-05-16,-3199.9078426361084,11869.547777175903,11869.547777175903,-121.9376671654868
2012-05-17,-44206.50045013428,3396.457696914673,2896.272035598755,-37716.304331915715
2012-05-18,-8751.895692825317,2567.5329818725586,2567.5329818725586,-4485.982219696045
2012-05-21,-3020.6637115478516,8390.267036437988,8390.267036437988,5918.342643737793
2012-05-22,-2517.4450302124023,3396.7960662841797,3396.7960662841797,623.1053232465565
2012-05-23,-1661.7767791748047,1292.439842224121,1292.439842224121,-461.6347351074219
2012-05-24,0.0,3415.830535888672,3415.830535888672,1846.393196105957
2012-05-25,0.0,2123.349052429199,2123.349052429199,1477.1187210083008
2012-05-29,-830.8051071166992,369.3577575683594,369.3577575683594,184.72052001953125
2012-05-30,-1200.1836853027344,830.825927734375,830.825927734375,-1200.1836853027344
2012-05-31,-92.29779815673828,2215.688491821289,2215.688491821289,1200.1836853027344
2012-06-01,-1200.2461471557617,3877.2987060546875,3877.2987060546875,3415.726432800293
2012-06-04,-3518.737467016495,5823.7921312195895,1846.393196105957,3641.3865869385836
2012-06-05,-2195.5870208740234,6100.193759918213,6100.193759918213,3929.79695892334
2012-06-06,-1384.8417434692383,11588.026184082031,11408.693947315216,11316.711954321183
2012-06-07,0.0,2031.051254272461,2031.051254272461,1846.393196105957
2012-06-08,-830.7842864990234,3138.957962036133,1721.8680561610797,1721.795310974121
2012-06-12,-455.68975094388156,4624.689716066617,0.0,4403.704940523404
2012-06-13,-3571.0631256103516,1343.0771293640137,1343.0771293640137,-2356.0657958984375
2012-06-14,-770.7264404296875,4440.0420570373535,4440.0420570373535,3004.3608553750337
2012-06-19,-38.94501359122117,925.6794447217671,0.0,86.87634985787551
2012-06-20,-1408.7859843117726,2380.8348080771434,671.0421333312988,1034.0409199851024
2012-06-21,-4061.5042730058876,4568.370952061251,1857.3349865504667,-2258.115341186517
2012-06-22,-562.46923828125,4326.972652435303,4326.972652435303,3420.281879425049
2012-06-25,-5132.342479705811,0.0,0.0,-3277.523723329829
2012-06-26,0.0,1706.5576171875,1706.5576171875,1221.970458984375
2012-06-27,0.0,2170.06494140625,2170.06494140625,2012.047119140625
2012-06-28,-5446.26708984375,0.0,0.0,-3613.2802734375
2012-06-29,0.0,3623.86376953125,3623.86376953125,3592.250244140625
2012-07-02,-126.391845703125,3413.177490234375,3413.177490234375,3213.012451171875
2012-07-03,-295.01806640625,1316.748779296875,1316.748779296875,1106.0625
2012-07-05,-979.645751953125,0.0,0.0,-579.340576171875
2012-07-06,-3393.22975730896,295.9871292114258,0.0,-1898.2533130645752
2012-07-09,-1354.0110168457031,2487.308629989624,2487.308629989624,1995.186086654663
2012-07-10,-4283.159843444824,2292.641716003418,2292.641716003418,-3182.9767627716064
2012-07-11,-9992.149378095368,1713.1202485220633,236.70473098754883,-5543.444935117463
2012-07-12,-8639.781476974487,6114.803262710571,2865.4975204467773,-801.8087460653987
2012-07-13,-561.1723888942199,4728.79924883161,4274.267955780029,3989.510140555243
2012-07-16,-1437.144853591919,3168.279287338257,3168.279287338257,2204.1123847961426
2012-07-17,-2708.014223098755,5693.766626358032,5693.766626358032,3687.364248275757
2012-07-18,-2622.2573318481445,2529.560245513916,2529.560245513916,1062.3074283599854
2012-07-19,-9270.68099784851,1206.997049331665,1206.997049331665,-5884.965741293769
2012-07-20,-9014.790748102325,720.3209147623592,0.0,-6704.304634554047
2012-07-23,-11943.031689371386,5908.230331693372,2002.599440574646,-317.25276252202093
2012-07-24,-12159.061699731014,3588.0143691471603,1573.7994079589844,-6899.382764680049
2012-07-25,-3775.172721862793,5063.0422620773315,5063.0422620773315,2075.695790018359
2012-07-26,0.0,7788.78088092804,7788.78088092804,5012.684042930603
2012-07-27,0.0,7515.324563026428,7515.324563026428,5114.488301277161
2012-07-30,-5359.305030822754,744.6587820053101,744.6587820053101,-3105.247374534607
2012-07-31,-4256.089858055115,1323.046932220459,1323.046932220459,-3762.042226791382
2012-08-01,-5314.133550643921,2940.7839965820312,2940.7839965820312,-4725.593615531921
2012-08-02,-4233.717422485352,1711.6867008209229,1711.6867008209229,-1244.617223739624
2012-08-03,-163.14105442592265,10033.280493463786,7960.624123573303,4941.9462406124385
2012-08-06,-539.408130645752,3274.2976264953613,3274.2976264953613,1999.6164016723633
2012-08-07,-1553.945411682129,2148.3755989074707,2148.3755989074707,604.3727684020996
2012-08-08,-3706.7077140808105,239.40942764282227,239.40942764282227,-2778.3028106689453
2012-08-09,-2468.3447074890137,1748.4833374023438,1748.4833374023438,-860.8493804931641
2012-08-10,-1741.5696601867676,1398.0001602172852,1398.0001602172852,933.5319976806641
2012-08-13,-2255.5247955322266,2314.0715408325195,2314.0715408325195,1062.8458518981934
2012-08-14,0.0,4285.628803253174,4285.628803253174,3552.503520965576
2012-08-15,-728.831974029541,3196.5044326782227,3196.5044326782227,2821.471366882324
2012-08-16,-4342.803104400635,1421.667137145996,1421.667137145996,-2702.076988220215
2012-08-17,-3301.9404525756836,926.2995262145996,926.2995262145996,-1034.273323059082
2012-08-20,-4876.387157440186,154.20486450195312,154.20486450195312,-889.4950752258301
2012-08-21,-853.4821929931641,2890.380844116211,2890.380844116211,599.6912536621094
2012-08-22,-2048.8965108735165,4485.807153906147,1918.847900390625,2153.498043264667
2012-08-23,-4803.467302322388,1557.7734298706055,1557.7734298706055,-2557.3591861724854
2012-08-24,-4155.706878866473,13048.438649926862,7272.606855392456,11426.119294915876
2012-08-27,-2820.5585594177246,4831.465518951416,4161.296007633209,948.8222963469416
2012-08-28,-2715.105625152588,3004.5355491638184,3004.5355491638184,530.7861461639404
2012-08-29,-1966.2675685882568,2701.1721172332764,2701.1721172332764,699.3903541564941
2012-08-30,-6555.991167068481,192.75901794433594,192.75901794433594,-5029.781940460205
2012-08-31,-1906.680118560791,5896.318532943726,5896.318532943726,4241.156175613403
2012-09-04,-4809.850734710693,4951.4642696380615,4951.4642696380615,3182.4958724975586
2012-09-05,-2515.8995571136475,3580.3543033599854,3580.3543033599854,176.30137825012207
2012-09-06,0.0,13204.076280593872,13204.076280593872,11891.203020095825
2012-09-07,-6310.409885389453,7242.115189569348,2696.788013458252,-2522.455780029297
2012-09-10,-7445.338539123535,1100.7558345794678,1100.7558345794678,-5872.6164627075195
2012-09-11,-2842.322747366763,5649.199669701719,2790.3887042999268,234.30151830401348
2012-09-12,-3559.6700191497803,6371.863000869751,6371.863000869751,2960.675910949707
2012-09-13,-1990.6254501342773,17131.13709640503,17131.13709640503,12349.196545737128
2012-09-14,-10100.330905709943,22933.827180113116,10845.093696594238,2492.4049468040484
2012-09-17,-6490.197560310364,17779.674591064453,17018.100036570002,8857.028992806161
2012-09-18,-9992.106921195984,9864.271042823792,9667.55562889576,868.1429284470419
2012-09-19,-2353.835485458374,5360.173839569092,5360.173839569092,2529.9545198168016
2012-09-20,-6307.235069274902,1127.4874076843262,1127.4874076843262,21.99327850341797
2012-09-21,-746.3380355834961,8331.37649154663,8331.37649154663,2948.2685947418213
2012-09-24,-4385.137767791748,7356.471286773682,7356.471286773682,2307.6777954101562
2012-09-25,-6002.157703399658,4754.247632980347,4754.247632980347,-4775.424415588379
2012-09-26,-16895.82658377714,11831.758377160362,4442.821788242887,-7409.1388569388855
2012-09-27,-2034.6042175292969,29398.381281852722,29398.381281852722,22604.6380109787
2012-09-28,-23295.295565605164,1046.0162334442139,1046.0162334442139,-11833.94170769625
2012-10-01,-4220.864703587133,8116.542555400294,6437.610147476196,-672.9818834577383
2012-10-02,-3015.209478378296,7410.188436508179,6991.392256873002,3095.9507277352495
2012-10-03,-579.3956661224365,5734.2386474609375,5734.2386474609375,4455.4695448194325
2012-10-04,-1349.4301147460938,2515.4797897338867,2515.4797897338867,1937.1776695251465
2012-10-05,-2989.3000469207764,2644.224714279175,2644.224714279175,-1767.5049648284912
2012-10-08,-4760.1864585876465,474.3203887939453,474.3203887939453,-3918.3665714263916
2012-10-09,-5584.943618774414,1352.273941040039,1352.273941040039,-4717.518657684326
2012-10-10,-3020.2745148794766,3469.0270598275547,1617.6463050842285,-1707.1262471335049
2012-10-11,-2241.5720081329346,6199.502391815186,4137.428489685059,-969.4930822508722
2012-10-12,-5151.008563995361,3989.061721801758,2206.081497192383,-679.1245825631504
2012-10-15,-2995.4481658935547,3497.1782608032227,3497.1782608032227,1517.3720474243164
2012-10-16,-262.4157257080078,2482.5001831054688,2482.5001831054688,2179.755683898926
2012-10-17,-90.8162841796875,1180.7294540405273,1180.7294540405273,888.0730361938477
2012-10-18,-1033.2564590317838,1718.5234558241732,1059.6175231933594,669.6270019667513
2012-10-19,-4696.222072601318,666.0174865722656,666.0174865722656,-3524.183036804199
2012-10-22,-4330.317026819515,2777.3110554558752,1209.76469039917,353.57711533136353
2012-10-23,-10206.418201446533,827.5523109436035,827.5523109436035,-5597.236333165847
2012-10-24,-2589.1943893432617,1533.8031539916992,1533.8031539916992,-1259.4557037353406
2012-10-25,-1594.4821014404297,2588.2484741210938,2588.2484741210938,-283.90707778930664
2012-10-26,-5633.99228395734,7185.590735299252,712.5283660888672,2230.0020931788904
2012-10-31,-5554.199905395508,23293.789169311523,18659.805725097653,14888.564644949769
2012-11-01,-855.2233963012695,542.2788848876953,542.2788848876953,291.9770622253418
2012-11-02,-521.4690856933594,1772.9318313598633,1772.9318313598633,-500.60364532470703
2012-11-05,-12877.224358762995,9201.175883088812,1731.219497680664,-6649.220113004938
2012-11-06,-1287.6811790466309,13294.64970779419,13294.64970779419,6759.105247497559
2012-11-07,-16407.981239318848,3986.5006046295166,2015.5304794311523,-7733.5789516312925
2012-11-08,-2780.055721282959,34.62294387817383,34.62294387817383,-2033.029727935791
2012-11-09,-2859.036293847212,5023.636704581133,1313.9465827941895,378.87534516198866
2012-11-12,-1393.2430560248367,5020.395030294133,4232.943487167358,2182.61071218761
2012-11-13,-3160.611261759488,4345.20041140488,3316.3064002990723,1035.146031941684
2012-11-14,-8937.773805890763,2850.931448663985,2183.7125940322876,-5250.8861859185345
2012-11-15,-4381.912096977234,4061.2370052337646,4061.2370052337646,1870.7179164886475
2012-11-16,-4215.2999811172485,4227.173599243164,4227.173599243164,1691.2836427688599
2012-11-19,-630.8204488754272,7811.004784584045,7811.004784584045,6587.004921913147
2012-11-20,-4455.008769989014,2596.8034238815308,2596.8034238815308,1087.8203887939453
2012-11-21,-8444.988229751587,2618.629228591919,2618.629228591919,-540.6593532562256
2012-11-23,-1447.82896900177,5241.863372802734,3132.6571193422633,1721.2395169394476
2012-11-26,-3587.2053842544556,1264.9294652938843,1264.9294652938843,988.2976713180542
2012-11-27,-2488.5529890060425,1834.872163772583,1834.872163772583,612.908166885376
2012-11-28,-2883.991883277893,2229.7049255371094,2229.7049255371094,1984.4804128749054
2012-11-29,-345.79393005371094,2259.636131286621,2259.636131286621,1082.732813153947
2012-11-30,-69.1453857421875,933.6302108764648,933.6302108764648,-69.1453857421875
2012-12-03,-1175.6809368133545,1175.6558113098145,1175.6558113098145,-1002.7755966186523
2012-12-04,-1742.9897613525345,5198.0899581909225,1867.2939224243164,2601.4214553833053
2012-12-05,-8269.204058783387,6452.2508858272095,4575.817865371704,-1598.2376493726474
2012-12-06,-1910.8163585662842,4149.354314804077,4149.354314804077,3666.0150530678948
2012-12-07,-4388.3409996032715,1206.1132678985596,1206.1132678985596,-2337.168333053589
2012-12-10,-1273.4245338439941,4415.094026565552,4415.094026565552,1509.177324295044
2012-12-11,-1640.9219284057617,1775.9027366638184,1775.9027366638184,-570.1768054962158
2012-12-12,-676.2255153656006,3218.7491512298584,3218.7491512298584,305.35780143737793
2012-12-13,-3705.1301670074463,1654.1427536010742,1654.1427536010742,-1765.45432472229
2012-12-14,-2763.178634337016,1422.9037059034629,556.2786483764648,-1751.238437652588
2012-12-17,-2101.7147941589355,4471.201639175415,3348.8547436850276,671.8404494694205
2012-12-18,-312.92977142333984,904.0072422027588,904.0072422027588,591.077470779419
2012-12-19,-1668.9113216400146,0.03350067138671875,0.03350067138671875,-347.6615924835205
2012-12-20,-1147.431495666504,2225.223470687866,2225.223470687866,1355.9815502166748
2012-12-21,-2503.404670715332,1008.328332901001,1008.328332901001,-1981.8662185668945
2012-12-24,-625.826042175293,764.9627056121826,764.9627056121826,208.65055656433105
2012-12-26,-5056.367802619934,2492.151774406433,104.28759002685547,-3160.435690879822
2012-12-27,-12979.394887719813,5273.027570928869,1182.154941558838,-3513.234307084742
2012-12-28,-4358.567798614502,1550.9529151916504,1550.9529151916504,-3969.063575744629
2012-12-31,-1977.4409770965576,9901.954399108887,9901.954399108887,9831.935317788782
2013-01-02,0.0,3581.2971477508545,3581.2971477508545,3511.758129119873
2013-01-03,-1259.9185763767669,1631.1844967433503,347.7034683227539,-706.8806601932952
2013-01-04,-208.61705589294434,2949.595132827759,2949.595132827759,2480.76385307312
2013-01-07,-2760.762855529785,0.0,0.0,-1169.9932117462158
2013-01-08,-1865.6616649627686,164.89904022216797,164.89904022216797,-516.1484375
2013-01-09,-133.50804713793934,2836.0110549586184,2110.7835063934326,1945.677976574219
2013-01-10,-1713.1543292999268,2714.4369258880615,2714.4369258880615,2118.990303039551
2013-01-11,-774.9492645263672,3821.8650798797607,3818.7684144292557,2214.7792549473875
2013-01-14,-1243.0315170288086,1305.1155014038086,1305.1155014038086,743.0866241455078
2013-01-15,-4533.9151248931885,824.3606872558594,824.3606872558594,-868.5538349151611
2013-01-16,-1539.8503818511963,2347.7312965393066,938.7641887664795,1370.8205127716064
2013-01-17,-173.8684844970703,3676.0462341308594,3676.0462341308594,2339.2654304504395
2013-01-18,-1705.713134765625,1907.9417400360107,1907.9417400360107,1083.8376541137695
2013-01-22,-1386.6913146972656,3760.7237644195557,3760.7237644195557,3346.0588779449463
2013-01-23,-1599.0434341430664,1232.722375869751,1232.722375869751,-145.45655632019043
2013-01-24,-1923.4273719787598,4312.361127853394,4312.361127853394,-109.90270042419434
2013-01-25,-487.4415855407738,5248.276821136473,3442.1835289001465,3667.881736755369
2013-01-28,-4055.157944032121,3256.920554808211,2029.727777481079,-881.2393248762371
2013-01-29,-4375.500551223755,3250.041757583618,3250.041757583618,2456.950241088867
2013-01-30,-8592.935645239704,3195.0989883967695,1607.7651691436768,-3960.8701106480303
2013-01-31,-3131.3106803894043,10550.506954193115,10550.506954193115,6979.425102233887
2013-02-01,-4086.784251758052,11662.937450817632,7383.3657302856445,5663.098164013432
2013-02-04,-19349.520706483305,2972.2564389024365,1148.1232166290283,-17253.4821345806
2013-02-05,-2940.963373184204,11546.923223495483,11546.923223495483,5266.779132843018
2013-02-06,-6907.710247039795,5634.064418792725,5284.230129241943,1777.5432379927051
2013-02-07,-10159.304954528809,3377.6112995147705,3377.6112995147705,-3212.5291957855225
2013-02-08,-2931.99959564209,6984.171772003174,6984.171772003174,4271.792528152466
2013-02-11,-5242.2685623168945,1779.591100692749,1779.591100692749,-1573.3927097320557
2013-02-12,-1013.4346961975098,5064.491167068481,5064.491167068481,3483.5924758911133
2013-02-13,-2120.979009628296,3759.3069496154785,3759.3069496154785,1218.7375946044922
2013-02-14,-6344.541704177856,1480.6676235198975,1480.6676235198975,-1535.5449199676514
2013-02-15,-7568.402235031128,5794.589946746826,5623.654388427734,-1316.5472946166992
2013-02-19,-2780.1168291909385,9481.885444368632,8316.690441131592,7191.762881960185
2013-02-20,-15106.175392150879,3178.4895038604736,3178.4895038604736,-14046.402786254883
2013-02-21,-8271.715915679932,6621.141345977783,2819.57291809044,-3058.1948261260986
2013-02-22,-2702.030792236328,8967.917003631592,8967.917003631592,7962.343393325806
2013-02-25,-11704.772961003442,6376.950311320166,5398.147808074951,-9643.582071644922
2013-02-26,-7324.796135102008,17588.95611175468,8768.313436508179,10927.00525922434
2013-02-27,-5162.38117980957,33043.39304065704,31770.422993659973,23579.6191210747
2013-02-28,-4931.437404632568,13236.289797782898,12934.497586250305,4997.926776766768
2013-03-01,-8980.735525131226,8968.709859848022,8968.709859848022,7132.824085235596
2013-03-04,-6113.422836303711,9514.307344436646,9514.307344436646,6214.20131111145
2013-03-05,-92.21804809570312,12555.610620498657,12494.50416810174,10620.03897012984
2013-03-06,-3217.1966409683246,7809.702115058897,6908.261119297576,3476.811463628493
2013-03-07,-3008.335144996643,4277.9759159088135,4277.9759159088135,2096.376356124878
2013-03-08,-484.83790588378906,8538.04534816742,8538.04534816742,6954.767170906067
2013-03-11,-4165.381096839905,4379.694511413574,3765.5791244506927,1251.2461442947406
2013-03-12,-4111.921316146851,2362.7946796417236,2362.7946796417236,-433.9274682998657
2013-03-13,-2221.5658559799194,5621.826014518738,5621.826014518738,3081.0046491622925
2013-03-14,-1335.7747583389282,8304.634931564331,8304.634931564331,6730.764333724976
2013-03-15,-5527.363932609558,1203.5344772338867,1203.5344772338867,-2211.0372858047485
2013-03-18,-8807.655074613407,10884.653477174923,5227.23562148639,5441.064031413649
2013-03-19,-14833.913165092468,6812.977374076843,6812.977374076843,-4858.129602432251
2013-03-20,-1442.933848142622,19950.98927617073,16335.90271949768,14424.71188618453
2013-03-21,-6702.845290184021,9046.724089622498,8313.311757087708,2231.9248218536377
2013-03-22,-4158.929782867432,7905.44099521637,6933.2533761773775,2655.1011006832105
2013-03-25,-3461.3244676589966,5602.826664924622,5602.826664924622,1048.0787734985352
2013-03-26,-1840.1700666291347,5924.778624738969,4923.324931144714,3423.6010982649696
2013-03-27,-5738.244627952576,4375.035978317261,4375.035978317261,628.7665948867798
2013-03-28,-2564.892473254881,4902.12302395276,3972.5459480285645,969.1390130519877
2013-04-01,-11417.60124206543,2336.8176708221436,2336.8176708221436,-8224.327551841736
2013-04-02,-4489.334143093658,5775.0563417162175,5007.43362903595,-1253.9293455055854
2013-04-03,-11388.580308914185,3472.7190475463867,3160.8060599735836,-7630.665296009607
2013-04-04,-3038.043786048889,6349.9002475738525,6349.9002475738525,5542.420959336419
2013-04-05,-10183.442028999329,114.13974380493164,114.13974380493164,-1788.2466000148343
2013-04-08,-1891.473518371582,3906.1210012435913,3906.1210012435913,3124.248730659485
2013-04-09,-3794.620373725891,1763.422043800354,1763.422043800354,-2048.5533685684204
2013-04-10,-427.38442039489746,8541.918634414673,8541.918634414673,6985.351136207581
2013-04-11,-2731.8047437667847,6566.361051559448,4554.42762620109,1802.927598953247
2013-04-12,-2753.41170501709,2824.6109533309937,2824.6109533309937,1772.9030828475952
2013-04-15,-6598.590402603149,0.01748371124267578,0.01748371124267578,-5478.627045631409
2013-04-16,-3053.557190486398,13506.830789974723,5306.649712562561,12715.636432102714
2013-04-17,-25500.648443153965,10467.891729422943,655.0209350585938,-12517.142887047396
2013-04-18,-19386.224230766296,4491.766149520874,4491.766149520874,-11993.529111725875
2013-04-19,-4499.944803237915,4566.768230438232,3348.6381282806396,-721.1643263271853
2013-04-22,-2299.964406967163,3150.8267211914062,3150.8267211914062,1706.1317958831787
2013-04-23,-570.4458618164062,5606.3146867752075,5606.3146867752075,4833.60999584198
2013-04-24,-1196.7514171600342,2694.020339012146,2694.020339012146,1381.7593412399292
2013-04-25,-3167.8510864802993,7377.626864569505,4630.540923118591,3662.0090896061265
2013-04-26,-7180.374652862549,2309.932183265686,2309.932183265686,-1825.5501070022583
2013-04-29,-2412.014281272888,8843.117408752441,7345.418822288513,4987.806160790602
2013-04-30,-2025.0105827195398,12278.462468351627,8906.161695480347,8644.617020811344
2013-05-01,-13529.408477783203,3231.8399333953857,3231.8399333953857,-11157.700058937073
2013-05-02,-587.2609329223633,17689.178849220276,17095.94403839112,15539.716722488405
2013-05-03,0.0,11054.131015777588,11054.131015777588,6068.372627258301
2013-05-06,-1038.5619850158691,5133.322120666504,5133.322120666504,4194.224620819092
2013-05-07,-2976.3225436210632,4427.640463352203,3609.5768547058105,2035.1436791419983
2013-05-08,-4100.642002105713,3323.5074214935303,3323.5074214935303,1635.1525211334229
2013-05-09,-9787.782068252563,11401.674869537354,7261.289334433432,4270.675342355458
2013-05-10,-247.02367210388184,4693.850875854492,4693.850875854492,4296.651948928833
2013-05-13,-1821.7415828704834,1725.7327518463135,1725.7327518463135,93.74383735656738
2013-05-14,-1078.7967624664307,4223.97315788269,4223.97315788269,3056.8513202667236
2013-05-15,-3116.672632217407,1945.2959613800049,1945.2959613800049,-566.7551651000977
2013-05-16,-7330.678871154785,623.421422958374,623.421422958374,-5439.930194854736
2013-05-17,-2065.8096771240234,4276.235443115234,4276.235443115234,3729.7552242279053
2013-05-20,-3478.2622203826904,2597.1853923797607,2597.1853923797607,-1428.0467987060547
2013-05-21,-6759.508797577448,10555.909737655096,2849.6877365112305,3122.922173568182
2013-05-22,-8096.384077072144,16987.03296661377,11081.580408028189,8.917444297244401
2013-05-23,-6913.686410903931,7520.208145141602,7076.054001399449,4905.435587746757
2013-05-24,-8918.18217086792,0.0,0.0,-2720.4120769500732
2013-05-28,-1259.6655090876973,8137.362935202464,7342.664403915405,2225.6380511692605
2013-05-29,-10233.347913742065,979.1933689117432,690.5282906123557,-7879.196112224035
2013-05-30,-2701.8312911987305,4072.5962715148926,4072.5962715148926,-223.73676736014318
2013-05-31,-6480.753566469457,9428.806654248925,2903.62260055542,-4798.600187029149
2013-06-03,-26805.97946521216,14584.216835294435,3760.70574760437,8231.976001739476
2013-06-04,-18700.615023749207,21349.46989904132,19224.994688034058,-2738.3076793125633
2013-06-05,-18067.68297852788,2573.713526827957,409.8478202819824,-14599.367239373034
2013-06-06,-2509.462044239044,6319.030164241791,3889.2612133026123,5141.077378749847
2013-06-07,-265.6292953491211,8583.217163085938,8583.217163085938,6373.1577343940735
2013-06-10,-2824.59920794623,2012.4661301885358,1185.8358306884766,444.13854878289607
2013-06-11,-5059.438488006592,806.010419845581,730.7800004141652,-1935.3373462132054
2013-06-12,-6243.542354106903,5347.19433259964,3266.0393619537354,-4406.977418218342
2013-06-13,-1310.5618629455566,8997.920825958252,8997.920825958252,8421.214675426483
2013-06-14,-1098.5044269561768,5079.958202362061,5079.958202362061,1832.3658256530762
2013-06-17,-696.0600357055664,3948.5767765045166,3948.5767765045166,1266.9422435760498
2013-06-18,-992.8167743682861,4268.7461013793945,4268.7461013793945,3555.2907134464726
2013-06-19,-3213.6314735412598,2202.7856769561768,2202.7856769561768,-3196.960484606888
2013-06-20,-2836.3920192718506,0.0,0.0,-2475.77712059021
2013-06-21,-5804.753731386989,9061.792584759862,0.0,831.3101743289533
2013-06-24,-14284.499829292297,5105.463958740234,3824.6746215820312,-4549.904116153724
2013-06-25,0.0,5931.342987060547,5931.342987060547,3975.7374049595364
2013-06-26,-512.32177734375,1306.3943481445312,1306.3943481445312,128.07037353515625
2013-06-27,0.0,2420.7083129882812,2420.7083129882812,1934.0167236328125
2013-06-28,-1882.7764892578125,0.0,0.0,-1152.7239990234375
2013-07-01,-115.2703857421875,1370.4345703125,1370.4345703125,-76.85028076171875
2013-07-02,-3170.8236232485174,2835.911041668475,0.0,-1227.0289912905096
2013-07-03,-2171.3411865234375,2461.0804748535156,2461.0804748535156,599.9743347167969
2013-07-05,-629.5042724609375,3889.825149536133,3889.825149536133,3535.1999812807444
2013-07-08,0.0,1716.2557983398438,1716.2557983398438,1549.7552490234375
2013-07-09,0.0,2523.138427734375,2127.472850254596,2127.443145751953
2013-07-15,-492.0416012832103,895.6655453613819,0.0,874.6388987473072
2013-07-16,0.0,494.10533809661865,306.586431741715,249.9369442462924
2013-07-17,-321.7339096069336,908.4378890991211,315.3910737718866,315.4241570064005
2013-07-24,-8244.321732384831,2144.5421782902176,0.0,-6718.9680489131515
2013-07-25,-1216.1681823730469,5322.474931716919,3283.687759399414,2382.042453765869
2013-07-26,-3280.822555541992,3699.8191680908203,2403.9856567382812,2110.0550659724777
2013-07-29,-1482.1236419677734,396.8339538574219,396.8339538574219,-866.6015625
2013-07-30,-599.3131256103516,882.7972412109375,882.7972412109375,380.65818786621094
2013-07-31,-712.6563262939453,1619.8400115966797,1619.8400115966797,-615.4756164550781
2013-08-01,-275.39955139160156,1190.51513671875,1190.51513671875,1141.9214630126953
2013-08-02,-9150.897831916809,4864.616389274597,761.2964630126953,-3473.674511909485
2013-08-05,-450.45703887939453,6966.73454284668,6966.73454284668,5968.853073120117
2013-08-06,-1255.3111267089844,4396.297950744629,4396.297950744629,3566.829327583313
2013-08-07,-2356.8031311035156,712.7094268798828,712.7094268798828,-1854.664077758789
2013-08-08,-1085.269775390625,639.8089599609375,639.8089599609375,566.9217681884766
2013-08-09,-971.8933868408203,259.15077209472656,259.15077209472656,-348.2734680175781
2013-08-12,-1678.8359891346568,5893.892415864122,259.1839599609375,4512.755761963976
2013-08-13,-3776.2113647460938,2567.1221084594727,1705.384593963623,911.4588889394508
2013-08-14,-3347.0901927948,1559.6516361236572,1559.6516361236572,-2058.872533593856
2013-08-15,-1555.030746459961,0.0,0.0,-194.4012451171875
2013-08-16,-2393.3536071777053,1878.409088134795,210.5902862548828,-1011.0928802489941
2013-08-19,-5950.83625125885,2960.0895528793335,1008.37939453125,-5561.017106056213
2013-08-20,-175.52278246199072,8525.916151864181,6366.343795776367,3441.568938119035
2013-08-21,-4655.398158482152,6561.946514674586,2355.7915115356445,-2950.2616457258046
2013-08-22,0.0,11800.240409851074,11800.240409851074,9993.61108071465
2013-08-23,0.0,13750.018455505371,4151.140456199646,4151.626687049866
2013-08-27,-5241.862633841427,8373.260702950565,0.0,-4352.45470537463
2013-08-28,-2650.374571425561,6956.756804840918,6303.831146240234,2143.192290680762
2013-08-29,-2401.841812133789,16401.830535888672,15817.839109931669,9927.960511922873
2013-08-30,-480.146240234375,554.4284286499023,554.4284286499023,45.71733856201172
2013-09-03,-3353.786008357994,4375.419876575477,1737.6230239868164,-630.87125349044
2013-09-04,-1601.096035003662,1681.1785564422607,1681.1785564422607,1014.967363357544
2013-09-05,-1494.9074249267578,617.2831592559814,617.2831592559814,-285.69250869750977
2013-09-06,-1981.7466259002686,1301.3305130004883,1301.3305130004883,-1231.3605785369873
2013-09-09,-1184.610673904419,810.8248977661133,810.8248977661133,209.92976760864258
2013-09-10,-814.9494895935059,2439.4725818634033,2439.4725818634033,1582.9123344421387
2013-09-11,-1071.1073589324951,1725.2395191192627,1725.2395191192627,27.848756790161133
2013-09-12,-5.733955383300781,1864.180871963501,1864.180871963501,1064.0536251068115
2013-09-13,-1120.191888809204,1882.6705436706543,1882.6705436706543,37.82695198059082
2013-09-16,-741.7980194091797,3100.058162689209,3100.058162689209,739.7300415039062
2013-09-17,-1057.4302520751953,2091.7381076812744,2091.7381076812744,1194.747083187095
2013-09-18,-411.5486297607422,1246.0520782470703,1246.0520782470703,1023.1314468383789
2013-09-19,-1063.1456909179688,188.62799835205078,188.62799835205078,-194.33726501464844
2013-09-20,-634.4692611694336,245.77621459960938,245.77621459960938,-188.63417053222656
2013-09-23,-6677.254663739856,2923.1380440848507,0.0,-2626.0954459053837
2013-09-24,-2401.283821105957,7038.566368103027,7038.566368103027,1767.4008255004956
2013-09-25,-3725.772476196289,1362.9507369995117,1362.9507369995117,-3011.124974932026
2013-09-26,0.0,914.5504531860352,914.5504531860352,211.4959259033203
2013-09-27,-388.69921875,811.6355209350586,811.6355209350586,194.32492065429688
2013-09-30,-965.9894027709961,45.71733856201172,45.71733856201172,-725.9224548339844
2013-10-01,-102.89024353027344,1537.5641479492188,1537.5641479492188,1520.4178314208984
2013-10-02,-1246.0705947875977,0.0,0.0,-868.8269424438477
2013-10-03,-1709.0334854125977,0.0123443603515625,0.0123443603515625,-1108.8630294799805
2013-10-04,-577.3087005615234,1354.6577606201172,1354.6577606201172,1023.1376190185547
2013-10-07,-1617.6111526489258,0.0,0.0,-1537.5888366699219
2013-10-08,-19510.61954171313,5714.912158421147,331.5571746826172,-18140.477375575436
2013-10-09,-26010.904856136865,11487.802999087742,1119.9706930564616,-6731.9342840740055
2013-10-10,0.0,28952.44164466858,25715.74891090393,25208.404132843014
2013-10-11,-1733.6217098236084,923.4925498962402,923.4925498962402,525.0788059234619
2013-10-14,-1535.566946029663,2218.3805809020996,2218.3805809020996,2082.1238498687744
2013-10-15,-3740.504150390625,558.1509418487549,558.1509418487549,-2648.311155319214
2013-10-16,-2083.9878997802734,2800.305768966675,2800.305768966675,-372.628475189209
2013-10-17,-1437.1087131500244,1215.5328121185303,1215.5328121185303,398.47035026550293
2013-10-18,-1506.0994815826416,746.1105327606201,746.1105327606201,-311.4837188720703
2013-10-21,-2461.454986163546,4005.106043270658,1605.8504676818848,-114.62379033224738
2013-10-22,-2770.028907775879,3919.4241256713867,3919.4241256713867,1674.4943504333496
2013-10-23,-3729.1655597686768,5481.640382766724,5481.640382766724,4388.844259262085
2013-10-24,-3371.317594051361,3586.081919193268,2902.9616680145264,-1133.7533679008484
2013-10-25,-4684.548006057739,3093.8567943573,3093.8567943573,-216.68035888671875
2013-10-28,-3556.506004333496,4648.407014846802,3438.434061050415,-257.69450187683105
2013-10-29,-2218.26180267334,7614.6540603637695,7614.6540603637695,5825.966588973999
2013-10-30,-5696.360812050961,6227.133477347233,2628.9686126708984,192.94109834942992
2013-10-31,-7668.34790948458,8863.237094368265,5069.959543228149,-157.75407079286856
2013-11-01,-12007.691189527548,25688.051933526953,9973.858596801758,11991.397811174356
2013-11-04,-10559.034816741943,17726.65710926056,15584.899151802063,6961.069724389473
2013-11-05,-25136.17449092865,7045.66500377655,7045.66500377655,-9859.832581520039
2013-11-06,-5084.330220222473,7493.276869773865,7493.276869773865,-76.38233757019043
2013-11-07,-24671.748014450073,7657.040360450745,4192.887088775635,-21286.201745033264
2013-11-08,-3387.319118772246,29767.278202738067,12490.61173248291,13444.389966692232
2013-11-11,-8967.111401557922,5869.731168746948,5869.731168746948,1040.826994895935
2013-11-12,-9369.462314605713,8465.226058959961,8465.226058959961,3263.5477059228197
2013-11-13,-6622.3972635269165,12029.117053985596,12029.117053985596,10754.249269485474
2013-11-14,-5889.49420220511,7254.372304371428,5980.424103736877,2080.0569423948045
2013-11-15,-5567.707271575928,6839.678333282471,6839.678333282471,4502.746451377869
2013-11-18,-9908.463293075562,7915.263612747192,7915.263612747192,-5370.578676223755
2013-11-19,-11628.058097430669,6790.591919353999,3987.20689201355,-7021.591184207402
2013-11-20,-6479.702171325684,11008.119194030762,11008.119194030762,-153.434401512146
2013-11-21,-4175.452903747559,21033.486859321594,21033.486859321594,13031.600842067204
2013-11-22,-5917.976068496704,14236.239254951477,14236.239254951477,8815.89404296875
2013-11-25,-2248.0246448516846,16031.397943496704,16031.397943496704,8092.491280555725
2013-11-26,-5336.71223449707,9834.551084518433,9834.551084518433,4349.403293609619
2013-11-27,-3869.8050537109375,6548.938096046448,6548.938096046448,2500.8482961654663
2013-11-29,-4753.312927246094,8649.880563735962,8649.880563735962,34.0153694152832
2013-12-02,-10781.338412284851,6720.310258865356,6720.310258865356,-4365.277732849121
2013-12-03,-15330.85748132635,13663.332703266851,5172.736928939819,-685.239837970026
2013-12-04,-28969.28434753418,9138.449590682983,9138.449590682983,-8866.006181972378
2013-12-05,-9512.214296340942,11961.945852279663,11961.945852279663,4227.413892848125
2013-12-06,-2521.768207550049,16358.313502311707,16358.313502311707,9764.323680877686
2013-12-09,-6661.302092552185,8680.249868392944,8680.249868392944,2242.3386993408203
2013-12-10,-10498.110372543335,8533.860880851746,7063.6792249679565,-2091.703577041626
2013-12-11,-14820.473649978638,8113.349751472473,8113.349751472473,-10543.597283363342
2013-12-12,-11308.537935256958,7704.706043243408,7704.706043243408,-4562.53452205658
2013-12-13,-6575.327751159668,11054.331567764282,11054.331567764282,178.26515769958496
2013-12-16,-2142.5504837036133,16618.19414615631,16618.19414615631,9877.692821502686
2013-12-17,-6578.150066375732,12597.47901725769,12597.47901725769,5742.979131698608
2013-12-18,-10061.384374277959,24865.27495799743,20025.680495262146,19954.831314427483
2013-12-19,-11761.628495897567,12671.050419126237,11944.564157485962,-1327.190633910025
2013-12-20,-6442.377601623535,21064.67600917816,20523.101437296187,9429.652259554183
2013-12-23,-3630.7921924591064,16263.004435539246,16263.004435539246,10389.842580795288
2013-12-24,-6440.621061325073,8507.274309158325,8507.274309158325,2820.598837852478
2013-12-26,-3160.4490633010864,11505.68079662323,11505.68079662323,5759.095426559448
2013-12-27,-8541.954229354858,5825.865572929382,5825.865572929382,-2576.740958213806
2013-12-30,-6759.423717498779,11396.184252738953,11396.184252738953,3821.2399291992188
2013-12-31,-6751.553380012512,8266.358534812927,8266.358534812927,1431.851330757141
2014-01-02,-18144.65414905548,4459.50629234314,4459.50629234314,-9883.139423370361
2014-01-03,-5341.712031636914,14828.28343364171,12555.81135559082,4517.215119089405
2014-01-06,-20698.644880839765,11393.590650013506,9276.924844741821,-9981.775486537397
2014-01-07,-10594.096504007082,29405.48229524066,26881.40041065216,13082.867402553538
2014-01-08,-17698.248353004456,13965.436389923096,13965.436389923096,-1290.3432049069997
2014-01-09,-13817.856914520264,17631.311259269714,17631.311259269714,6394.168904508882
2014-01-10,-12012.421451568604,10406.931665420532,10406.931665420532,3548.446647644043
2014-01-13,-12873.486234664917,12209.592124938965,12209.592124938965,-6415.250782012939
2014-01-14,-5228.849418640153,21260.98659896849,18345.257961273193,13813.699859619124
2014-01-15,-4666.72022151947,14218.903054237366,13324.390725135803,7925.627733230607
2014-01-16,-9078.765591621399,7535.393100738525,7535.393100738525,1023.9169721603394
2014-01-17,-12855.23022685732,8647.500289576396,7971.1639947891235,-4225.920019490377
2014-01-21,-8799.853575706482,11080.51218700409,11080.51218700409,1510.4886226654053
2014-01-22,-7560.412729263306,8961.624782562256,8961.624782562256,428.0329255376514
2014-01-23,-26307.43256357738,3120.8950836317904,1473.9537944793701,-17591.78076151439
2014-01-24,-30216.981548309326,3632.5845680236816,3632.5845680236816,-26559.224459852492
2014-01-27,-20139.924459457437,11698.03722858425,8399.569333076477,-11493.664848804514
2014-01-28,-12066.538654327393,13392.985313415527,13229.030479431152,72.39524398534923
2014-01-29,-20485.98773104804,2979.3508796010674,1621.1155166625977,-18118.878553118015
2014-01-30,-873.2699699401855,10908.990587234497,10908.990587234497,7510.097503662109
2014-01-31,-11624.938470840454,2370.5349559783936,2370.5349559783936,-5032.841300146915
2014-02-03,-22940.355253219604,2741.1167964935303,2061.2063121795654,-17597.379821709223
2014-02-04,-4648.534810883653,11803.836288588394,3628.0342922210693,2859.9082678726736
2014-02-05,-7996.585220336914,6460.93132019043,6460.93132019043,3267.6134071350098
2014-02-06,-628.3782291412354,12634.72106552124,12634.72106552124,11133.835012299669
2014-02-07,-942.6304550170898,3530.1639442443848,3530.1639442443848,232.43946647644043
2014-02-10,-3401.9648151397705,68.35006713867188,68.35006713867188,-1289.367338180542
2014-02-11,-1074.4207604612575,5613.343187979294,2532.773302078247,1801.2391039644017
2014-02-12,-1622.6669616699219,6325.415969848633,5962.033215352463,3425.9876685483096
2014-02-13,-4462.754405975342,2551.548049926758,2551.548049926758,-1251.092590536393
2014-02-14,-1057.178461074829,1246.7781791687012,1246.7781791687012,797.565637588501
2014-02-18,-1050.4252395629883,1893.9042320251465,1893.9042320251465,5.08978421347274
2014-02-19,-1453.2149391174316,353.4653835296631,353.4653835296631,-981.9137363433838
2014-02-20,-353.39525985717773,1178.3581924438477,1178.3581924438477,628.504451751709
2014-02-21,-804.0941276550293,181.25566864013672,181.25566864013672,62.999107360839844
2014-02-24,0.0,1773.6801223754883,1773.6801223754883,1379.5430088043213
2014-02-25,-1356.8890684673167,5585.4522687366625,0.0,2122.3214265278007
2014-02-26,-1718.3516445159912,5054.384214401245,5054.384214401245,2683.3027381896973
2014-02-27,-2658.78077685833,10170.107695698738,7150.68568611145,5057.802395803628
2014-02-28,-1616.0000324249268,4643.712790489197,4643.712790489197,2162.2646198272705
2014-03-03,-5370.963664054871,0.0,0.0,-4327.754561543465
2014-03-04,-236.56922149658203,827.6136074066162,827.6136074066162,196.9914207458496
2014-03-05,-39.38145446777344,1300.695951461792,1300.695951461792,1182.4393901824951
2014-03-06,-157.68008995056152,630.5941371917725,630.5941371917725,-157.68008995056152
2014-03-07,-7314.333826610025,1024.5078157697353,0.0,-3096.1625371660557
2014-03-10,-3244.669948577881,1166.320468902588,1166.320468902588,50.8321418762207
2014-03-11,-3222.165065765381,3058.997528076172,3058.997528076172,-2104.661090305868
2014-03-12,-981.5408338819534,4124.623871394536,551.8031787872314,2134.144451686284
2014-03-13,-5822.806304931641,5928.504985809326,5928.504985809326,-3013.6252880096436
2014-03-14,-5968.452378000526,9063.349564824792,3262.618980407715,-515.6228649956472
2014-03-17,0.0,13914.261100769043,13914.261100769043,10904.002025604248
2014-03-18,-2497.9865131378174,6923.615812301636,6923.615812301636,4259.101740973326
2014-03-19,-1862.7134399414062,1022.5173854827881,1022.5173854827881,-563.9649124145508
2014-03-20,-1325.9918117523193,680.4653434753418,680.4653434753418,116.85102081298828
2014-03-21,0.0,4618.1948890686035,4618.1948890686035,3282.105976172863
2014-03-24,-7372.306237356985,1857.7679203578587,287.8777084350586,-3458.481904166067
2014-03-25,-1527.0125427246094,8561.931343078613,6768.610496520996,3961.1497568402892
2014-03-26,-2861.0654296875,3784.709671020508,3784.709671020508,-2743.159620557523
2014-03-27,-9171.978235040395,8103.750578130991,1427.2054595947266,623.0589239256685
2014-03-28,-1257.2285385131836,11360.80394744873,11360.80394744873,5968.806623254507
2014-03-31,-353.31017303466797,2431.4575119018555,2431.4575119018555,1130.4795455932617
2014-04-01,-1538.7266355241984,4780.943339756563,2615.6147842407227,2367.9331774030475
2014-04-02,-1337.088249206543,2188.6989974975586,2188.6989974975586,760.1704330444336
2014-04-03,-4265.186553955078,976.6694183349609,976.6694183349609,-2050.0638231550006
2014-04-04,-863.6198959350586,3095.73828125,3095.73828125,-550.3342971801758
2014-04-07,-7916.907735279659,6576.012827464481,1897.6241302490234,-4782.083577564816
2014-04-08,-4214.687034402556,13836.943504537874,6633.403495788574,8711.813423361116
2014-04-09,-1174.1737060546875,20038.8673286438,20038.8673286438,18277.024580887413
2014-04-10,-12680.39608001709,444.74029541015625,444.74029541015625,-12039.424195970823
2014-04-11,-9805.564238684525,5886.658783776413,1130.2881317138672,-7402.219003268654
2014-04-14,-2718.647188322878,12349.77523599353,10233.832153320312,9281.78965936389
2014-04-15,-11315.304385593961,14963.951214381625,13234.207344055176,9775.401887621203
2014-04-16,-4019.8327674865723,7025.958938598633,6906.955380439758,1970.012448855805
2014-04-17,-297.77792739868164,4979.460842132568,4979.460842132568,2592.636745452881
2014-04-21,-1365.0832633972168,2872.0893630981445,2872.0893630981445,2401.3371353149414
2014-04-22,-1278.1664237976074,5981.017959594727,5981.017959594727,4632.680038452148
2014-04-23,-977.0420188903809,2830.5670280456543,2830.5670280456543,1255.8290176391602
2014-04-24,-4304.756900582999,3561.358818258554,1107.6396789550781,-1331.5060804230866
2014-04-25,-3408.6890716552734,1008.9244689941406,1008.9244689941406,-1881.3913307189941
2014-04-28,-3089.7458891527976,7567.674348388401,7062.307952880859,1986.8419356686745
2014-04-29,-1260.2177200317383,2680.030969619751,2680.030969619751,11.082427024841309
2014-04-30,-1778.7844696044922,2189.906494140625,2189.906494140625,1138.0368404388428
2014-05-01,-4589.664113998413,1119.7575359344482,1119.7575359344482,-1109.4569025039673
2014-05-02,-4019.510749408174,4476.349183491301,1763.183988571167,-1431.2201600755934
2014-05-05,-4221.595995903015,2360.77130317688,2360.77130317688,525.967321395874
2014-05-06,-3385.4602546691895,3236.684784889221,3236.684784889221,248.0625705718994
2014-05-07,-1031.3653831481934,6614.106670379639,6614.106670379639,5422.672946929932
2014-05-08,-5332.55314540863,3822.8792362213135,3822.8792362213135,-1521.827922821045
2014-05-09,-3040.2633752822876,2430.3625450134277,2430.3625450134277,-75.80264472961426
2014-05-12,-896.2975463867188,5722.737592697144,5722.737592697144,3185.833355392727
2014-05-13,-893.3438415527344,6282.136047363281,6282.136047363281,2253.7556953430176
2014-05-14,-4667.073035921363,3137.8318980080808,1005.5326156616211,-2725.059238161353
2014-05-15,-9697.587501525879,1142.9605865478516,1142.9605865478516,-5031.690582547875
2014-05-16,-2818.069648742676,875.5024375915527,875.5024375915527,57.49022674560547
2014-05-19,-1763.9040908813477,4061.17977142334,4061.17977142334,1444.8097953796387
2014-05-20,-5131.420650482178,743.4835662841797,743.4835662841797,-3313.4806175231934
2014-05-21,-685.6096458435059,3956.5966033935547,3956.5966033935547,2418.569320678711
2014-05-22,-1647.900032043457,4582.322372436523,4582.322372436523,4090.672492980957
2014-05-23,-3253.69779586792,3420.4563217163086,3420.4563217163086,2252.733283996582
2014-05-27,-2361.969638824463,3365.362335205078,3365.362335205078,-814.0844573974609
2014-05-28,-2424.711311340332,825.813045501709,825.813045501709,-900.7136917114258
2014-05-29,-1128.8670082092285,2772.9026679992676,2772.9026679992676,2140.667064666748
2014-05-30,-2302.965473175049,1877.6217308044434,1877.6217308044434,215.58838653564453
2014-06-02,-1404.4343032836914,3350.325771331787,3350.325771331787,2519.8953552246094
2014-06-03,-3176.487991333008,1739.1230812072754,1739.1230812072754,-367.96551513671875
2014-06-04,-1862.7830810546875,2472.965343475342,2472.965343475342,2016.1788749694824
2014-06-05,-1883.0755004882812,6008.375755310059,6008.375755310059,4503.486621856689
2014-06-06,-1394.9646768569964,2678.0287618637067,2010.2426795959473,604.413702964781
2014-06-09,-2985.975727081299,2080.629940032959,2080.629940032959,934.9735374450684
2014-06-10,-4463.353297642302,2535.640472957063,1596.8934200831968,-211.83358233315698
2014-06-11,-3257.673629760742,297.6158676147461,297.6158676147461,-2487.783515930176
2014-06-12,-4562.90700258527,1312.1959560939297,906.5783729553223,-2327.422173636295
2014-06-13,-1276.221965789795,4405.701816558838,4405.701816558838,2620.2310104370117
2014-06-16,-3395.1205406188965,2557.6798095703125,2557.6798095703125,-23.171939849853516
2014-06-17,-2739.155044555664,4308.780292510986,4308.780292510986,1210.2602157592773
2014-06-18,-2575.0588760375977,3678.3726539611816,3678.3726539611816,1656.1547927856445
2014-06-19,-1833.64750289917,3023.317729949951,3023.317729949951,1453.1875
2014-06-20,-2341.349235534668,4124.102516174316,4124.102516174316,1727.6163024902344
2014-06-23,-1972.568675994873,6769.5908851623535,6769.5908851623535,3541.5838584899902
2014-06-24,-3733.97998046875,2111.228946685791,2111.228946685791,-1118.1787872314453
2014-06-25,-2120.9128189086914,3727.272918701172,3727.272918701172,2465.038745880127
2014-06-26,-3926.0039672851562,1166.2708015441895,1166.2708015441895,-854.6650009155273
2014-06-27,-8859.4047164917,1468.434425354004,1468.434425354004,-3174.667122432161
2014-06-30,-2320.4930686950684,2327.6875228881836,2327.6875228881836,1454.9613189697266
2014-07-01,-601.2972793579102,5551.150127410889,5551.150127410889,1427.087905883789
2014-07-02,-3231.0459277970513,6727.100529875068,905.2296371459961,-626.7712924821101
2014-07-03,-671.1517639160156,7761.460849761963,7761.460849761963,4690.325983047485
2014-07-07,-7771.760013580322,1818.514289855957,1818.514289855957,-4614.071731567383
2014-07-08,-6667.06244468689,1581.6532306671143,1581.6532306671143,-2856.717384338379
2014-07-09,-2526.220468521118,6901.391431808472,6901.391431808472,2971.904815673828
2014-07-10,-11434.811559677124,67.070556640625,67.070556640625,-7273.8961181640625
2014-07-11,-4763.975748062134,3523.469549179077,3453.3375968933105,-59.39257792063199
2014-07-14,-1703.9302062988281,6372.395191192627,6372.395191192627,2186.179660797119
2014-07-15,-2523.5312423706055,4352.126605987549,4352.126605987549,-71.52185821533203
2014-07-16,-3238.6647453308105,4929.678909301758,4929.678909301758,2196.2426948547363
2014-07-17,-6973.675254821777,1333.1443977355957,1333.1443977355957,-4376.9499435424805
2014-07-18,-9030.191692352295,4881.575122833252,4881.575122833252,-3716.957405090332
2014-07-21,-9644.909812927246,372.86337661743164,372.86337661743164,-6366.2053827558275
2014-07-22,-12.442657470703125,6223.838066101074,6223.838066101074,3606.1066167695226
2014-07-23,-916.5471947022892,1948.8408096006892,1107.5985221862793,473.5216872862362
2014-07-24,-1803.0675811767578,3534.529252052307,3534.529252052307,98.04090213775635
2014-07-25,-3086.0866661071777,4076.389717102051,2521.081995010376,1608.885757446289
2014-07-28,-2686.1061420440674,2667.9500551223755,2667.9500551223755,1887.5385780334473
2014-07-29,-3384.458848953247,2118.4675302505493,2118.4675302505493,-2614.923568725586
2014-07-30,-2736.91278975352,6105.2868886675005,5230.9547481536865,3200.10868794576
2014-07-31,-12630.805335589814,1316.2607311521301,0.0,-10160.882714816498
2014-08-01,-14939.79094219207,3673.27882480622,2105.7608194351196,-8498.861971855144
2014-08-04,-2577.011506489348,7848.827207156587,7386.510048866272,4373.3805003847365
2014-08-05,-7417.087097167969,3237.0482654571533,3237.0482654571533,-1509.9889059066772
2014-08-06,-5906.0073165893555,8051.249732017517,6867.908844130381,821.0863079343553
2014-08-07,-5895.575295448303,4720.787216186523,4720.787216186523,-3230.7477712631226
2014-08-08,-3371.937505722046,3836.6442165374756,3836.6442165374756,2136.2869482040405
2014-08-11,-1218.1269397735596,7521.966698646545,7521.966698646545,3258.719115257263
2014-08-12,-5477.518668447192,4103.04834147865,2003.7640762329102,-326.703469548876
2014-08-13,-1257.2170515060425,10728.44928264618,10728.44928264618,7213.512823104858
2014-08-14,-4806.9440994262695,9418.32246685028,9418.32246685028,6837.581940923388
2014-08-15,-6233.567385673523,5258.81676197052,5258.81676197052,-406.30375957489014
2014-08-18,-2896.5454692840576,7547.516426086426,7335.697519302368,3326.7457914352417
2014-08-19,-4422.126844406128,3838.5989532470703,3838.5989532470703,-1047.8064966201782
2014-08-20,-6972.215183258057,2285.7597064971924,2285.7597064971924,-2210.0204734802246
2014-08-21,-5691.969593048096,4691.551761627197,4691.551761627197,-1998.9758052825928
2014-08-22,-6465.558082784939,13176.720742021274,5061.950262069702,1914.9310338837627
2014-08-25,-3510.7337942123413,18527.59164905548,14809.058454990387,9112.810564245512
2014-08-26,-2054.044200897217,11474.238784790039,11474.238784790039,7447.242332458496
2014-08-27,-5220.078211784363,6509.088460922241,6509.088460922241,241.937237739563
2014-08-28,-5476.622345924377,8596.632214546204,6359.053616523743,2692.213574409485
2014-08-29,-6474.483536720276,8105.143129348755,8105.143129348755,2177.596131324768
2014-09-02,-6660.8296728134155,8023.243543624878,8023.243543624878,289.3320550918579
2014-09-03,-11558.809776238031,16976.57279975074,12815.451033592224,67.26314646857372
2014-09-04,-15920.751455579446,20709.841276850057,11358.354549407959,-3223.415500913317
2014-09-05,-17812.579547064626,14970.584574563181,11276.404735565186,5503.137309823742
2014-09-08,-10963.497741699219,12303.983684539795,12303.983684539795,4047.682836941267
2014-09-09,-12511.471060752869,4501.511591911316,4501.511591911316,-6746.9386089870095
2014-09-10,-5997.987245219023,26465.034499509064,10435.098991394043,20507.024104459015
2014-09-11,-19896.23465854782,12388.40329044205,9552.455025672913,5251.982760122835
2014-09-12,-22987.374534606934,6041.266384124756,6041.266384124756,-10033.487921101778
2014-09-15,-10688.393540382385,1659.5621271133423,1659.5621271133423,-6166.273015022278
2014-09-16,-4912.024033546448,11186.340092658997,11186.340092658997,6599.75724697113
2014-09-17,-6687.248382568359,9167.576009750366,9167.576009750366,-1025.9849033355713
2014-09-18,-2835.450553894043,9255.29487323761,9255.29487323761,4157.246650695801
2014-09-19,-8520.980550765991,7669.463074684143,7669.463074684143,-4562.284426689148
2014-09-22,-12925.49981212616,4323.105127334595,4323.105127334595,-6199.8518740449545
2014-09-23,-10849.479948350374,5463.762357405241,648.1584482192993,-6372.664674111791
2014-09-24,-2558.449245452881,13409.12974357605,13409.12974357605,10934.613030433655
2014-09-25,-20560.472765922546,1122.6939163208008,1122.6939163208008,-16018.95159595352
2014-09-26,-3088.5094747543335,7441.344469070435,7441.344469070435,4782.199508666992
2014-09-29,-7165.867807388306,6506.7085790634155,6506.7085790634155,2537.7136783599854
2014-09-30,-4964.619312286377,4154.713171005249,4154.713171005249,207.38738536834717
2014-10-01,-11899.512268475126,3352.567960330415,1428.2510995864868,-7535.00462477548
2014-10-02,-8440.770609855652,8725.63126373291,8725.63126373291,3270.5564798627606
2014-10-03,-52.158203125,11218.347462654114,11218.347462654114,8051.317869186401
2014-10-06,-5592.418553352356,6927.125295639038,6927.125295639038,-1509.9849166870117
2014-10-07,-10082.338839922633,12472.638956631934,2747.48237991333,-2654.651404772487
2014-10-08,-12910.904746191847,35069.06955800737,19701.778093338013,32010.38304545198
2014-10-09,-29289.35646724701,3086.8199977874756,3086.8199977874756,-26290.0919008255
2014-10-10,-28776.408562660217,9117.418570518494,8742.92793560028,-23983.163880484437
2014-10-13,-20097.878700665067,6540.904861041475,2232.292368888855,-19106.23165171488
2014-10-14,-4982.942630631582,15668.433453696116,13298.100912094116,2144.29612146106
2014-10-15,-31656.18820599147,2942.1686064856412,1218.2003622055054,-8347.285497392932
2014-10-16,-16969.86340904236,2678.513611793518,2678.513611793518,-6702.07919352396
2014-10-17,-2395.839015007019,12037.166429519653,12037.166429519653,4303.491683959961
2014-10-20,-1272.7677965164185,10496.31093120575,10496.31093120575,9950.134859085083
2014-10-21,-6980.416016578674,13765.263231277466,13765.263231277466,6478.813024742267
2014-10-22,-3251.526901245117,5777.616302490234,5777.616302490234,82.26839065551758
2014-10-23,-2727.7493591308594,6652.56457901001,5868.012925829204,926.502513885498
2014-10-24,-705.7978515625,4438.676380157471,3284.4470443725586,2945.9551162719727
2014-10-27,-2866.1413803100586,3419.660144805908,3419.660144805908,710.2140083312988
2014-10-28,-4801.892566680908,3034.8664741516113,3034.8664741516113,-2240.2141342163086
2014-10-29,-5622.812026977536,3591.769062042239,2058.8429565429688,-11.881561688015267
2014-10-30,-3148.2106323242188,3971.6884384155273,3971.6884384155273,2498.5419158935547
2014-10-31,-3095.7680892944336,7735.003646850586,7238.2495193481445,2164.5527000427246
2014-11-03,-2725.6395301818848,5918.643783569336,5918.643783569336,1536.11226272583
2014-11-04,-3630.936784948623,6452.542844567979,6073.1218185424805,1068.4033792359473
2014-11-05,-7163.174289703369,5514.832889556885,5514.832889556885,-4922.9652099609375
2014-11-06,-3488.393975189757,8539.264140197207,7767.403034210205,4404.355753966737
2014-11-07,-5130.658084869385,8464.345531463623,8464.345531463623,5702.698886871338
2014-11-10,-4524.43665630477,7846.290760687418,7340.047264099121,6119.305409124918
2014-11-11,-5847.6950397491455,3335.271505355835,3335.271505355835,-2072.4087142944336
2014-11-12,-7621.3955078125,2392.7684288024902,2392.7684288024902,-1021.0577246461578
2014-11-13,-5461.068370819092,6212.445243835449,6212.445243835449,-2192.422306060791
2014-11-14,-8401.608715057373,1802.9355506896973,1802.9355506896973,-5702.6735916137695
2014-11-17,-2428.6109046936035,6619.1240310668945,6619.1240310668945,3073.4044799804688
2014-11-18,-2690.037845066642,14115.48514229908,6748.422790527344,6499.756378718758
2014-11-19,-16988.34287261963,1743.7085266113281,1743.7085266113281,-13235.707638331796
2014-11-20,-5919.27316672466,12246.714485100294,3265.4854431152344,9163.03594582417
2014-11-21,-3859.6105880737305,14131.095386505127,14131.095386505127,6122.544090270996
2014-11-24,-2008.9482383728027,11361.647495269775,9934.196441173553,6800.509335177321
2014-11-25,-4320.857166290283,4424.814956665039,4424.814956665039,1017.0496673583984
2014-11-26,-1704.8480110168457,7974.606483459473,7974.606483459473,7122.7991371154785
2014-11-28,-873.0041923522949,15343.616565704346,15343.616565704346,8209.172592163086
2014-12-01,-13966.459335327148,4504.416213989258,4504.416213989258,-9333.50110244751
2014-12-02,-5245.64835357666,5839.689189910889,5839.689189910889,1866.78568649292
2014-12-03,-6862.413005828857,7369.5942459106445,7369.5942459106445,2176.1964836120605
2014-12-04,-6641.5289878845215,5734.070297241211,5734.070297241211,-554.3067169189453
2014-12-05,-3677.7844047546387,9435.923740386963,9435.923740386963,6280.1702308654785
2014-12-08,-7561.681190490723,7661.151119232178,7661.151119232178,-2665.9625358581543
2014-12-09,-12740.108070373535,4474.416313171387,4474.416313171387,-269.6223564147949
2014-12-10,-13180.35731124878,3546.516025543213,3546.516025543213,-11343.134502410889
2014-12-11,-2303.7944241251366,23903.536163261946,13277.971340179443,9259.476926735459
2014-12-12,-25417.33636610847,7574.508616038747,4977.564016342163,-21643.464671543643
2014-12-15,-40216.534729651044,26551.804423638747,14530.50980758667,-25684.87514431138
2014-12-16,-27427.830475977495,37746.81589777129,17290.14521408081,-18915.09444597787
2014-12-17,-4278.326168060303,40440.42541694641,40440.42541694641,36608.42730549401
2014-12-18,-672.0528221130371,27495.544258117676,23757.17545376506,22610.713774851396
2014-12-19,-5611.723423549102,10576.981337956026,8582.950672149658,4794.545806339814
2014-12-22,-7442.515739440918,7531.975959777832,7531.975959777832,1991.575180053711
2014-12-23,-11206.497886657715,8208.356506347656,8208.356506347656,-5656.333267211914
2014-12-24,-856.3352279663086,14006.274780273438,14006.274780273438,9599.966663360596
2014-12-26,-1271.2123930113635,11245.126996789662,10739.162532806396,5239.298768792836
2014-12-29,-3775.9092559814453,8095.52335357666,8095.52335357666,3584.3336143493652
2014-12-30,-9998.901634216309,2645.9844284057617,2645.9844284057617,-8192.505483422963
2014-12-31,-8209.519081115723,8254.987869262695,8254.987869262695,-7093.426120758057
2015-01-02,-9527.06978389197,16419.34984425134,9451.891651153564,3218.8691428048073
2015-01-05,-26675.068557739258,3438.251319885254,3438.251319885254,-22068.500282287598
2015-01-06,-37033.56409563338,18443.763853890552,11247.658554077148,-25710.576754978712
2015-01-07,-823.2687187194824,33736.028717041016,33736.028717041016,27420.157077789307
2015-01-08,0.0,40120.62840652466,36606.204738616965,31460.435837881912
2015-01-09,-10747.210163116455,3891.475654602051,3891.475654602051,-5138.212295532227
2015-01-12,-9309.115091306825,18923.933047311646,11084.747608184814,1110.304102505949
2015-01-13,-9632.095946311949,24431.23128604889,23100.37901953288,5332.22500194822
2015-01-14,-15538.18182849884,11528.553336143494,9556.601284980774,3791.647865738183
2015-01-15,-12836.413077354431,12038.335314750671,11192.93746471405,-5724.455285821642
2015-01-16,-6889.558141810552,17692.504925625668,16974.273336410522,15156.453481572014
2015-01-20,-9142.068448066711,10975.91024684906,9416.437566076003,4354.530505180359
2015-01-21,-9990.259631156921,9441.711964607239,9441.711964607239,1892.233476740973
2015-01-22,-12835.796290397644,10238.516730308533,10238.516730308533,6858.648937225342
2015-01-23,-6160.037552833557,5496.2897481918335,5496.2897481918335,-2069.199737123078
2015-01-26,-6929.208318982794,7626.836190904902,5616.250640869141,6373.258241380976
2015-01-27,-18417.84663772583,3616.8443565368652,3616.8443565368652,-8769.661331176758
2015-01-28,-15140.851245880127,12672.689544677734,10801.223205566406,-12477.500879015253
2015-01-29,-10386.132477351624,17382.53715842108,10009.799507141113,13719.012835911315
2015-01-30,-22430.453012875147,5546.955005237036,4792.407119750977,-20137.291243008207
2015-02-02,-30206.325999055596,20509.774274076728,11930.70881652832,14930.242341790903
2015-02-03,-10063.144760131836,20654.041637420654,20654.041637420654,16416.13830757141
2015-02-04,-15838.04557800293,8573.993310928345,8432.528366225104,-4804.628994737351
2015-02-05,-2713.7598915100098,8871.54845046997,8871.54845046997,6644.76309967041
2015-02-06,-16028.77063369751,2948.3989906311035,2948.3989906311035,-12719.945941925049
2015-02-09,-14614.925487552375,6261.482248272208,1118.424949645996,-9800.038990054816
2015-02-10,-1732.6818011147693,24055.98269626072,23054.890398979187,21527.95286856379
2015-02-11,-9856.737245559692,5107.590213775635,5107.590213775635,-4088.790415287018
2015-02-12,-3277.2629947662354,11025.027080535889,11025.027080535889,7041.448078428002
2015-02-13,-12653.951509952545,6704.144984722138,5257.160484313965,-3403.6562762260437
2015-02-17,-6697.569598555564,7699.316378235818,6969.267467498779,1559.195233941079
2015-02-18,-5563.951930999756,8777.18733882904,8601.076870237077,6527.082872050149
2015-02-19,-6862.639570236206,2142.9741649627686,2142.9741649627686,-2408.339229362352
2015-02-20,-7397.283800125122,5438.2647132873535,5438.2647132873535,3083.1418743133545
2015-02-23,-4554.996770858765,4625.07426071167,4625.07426071167,1651.8896135602772
2015-02-24,-2016.663381576538,6532.404987335205,6532.404987335205,2964.952850341797
2015-02-25,-6960.915855407715,1915.9570922851562,1915.9570922851562,-4804.1478633880615
2015-02-26,-5168.196762084961,2563.8279190063477,2563.8279190063477,-1679.4075870513916
2015-02-27,-4368.542074203491,1452.2403964996338,1452.2403964996338,-2196.0296726226807
2015-03-02,-5737.39688873291,7471.109519958496,7471.109519958496,3580.7729149545994
2015-03-03,-7102.800987243652,480.83168029785156,480.83168029785156,-4389.459804534912
2015-03-04,-6708.542676925659,2398.172866821289,1575.9860916137695,-1488.4489269256592
2015-03-05,-1499.9037017822266,4964.293413162231,4964.293413162231,1260.5289554595947
2015-03-06,-16882.404735565186,410.73424911499023,410.73424911499023,-14022.020477294922
2015-03-09,-1692.1615943908691,7021.483665466309,7021.483665466309,2846.879795074463
2015-03-10,-8104.919086456299,5322.268241882324,5322.268241882324,-2746.967716217041
2015-03-11,-8196.389942918515,6822.743304456974,3109.5367317199707,-4493.125775132869
2015-03-12,-602.4372100830078,25146.957374572754,25146.957374572754,21078.874504089355
2015-03-13,-24884.6001663208,7156.861366271973,2055.658363342285,-11227.952697753906
2015-03-16,-355.0354537963867,24351.484481811523,20711.1367685421,17231.050958633423
2015-03-17,-9772.13488994326,7163.621850626808,2372.4380779266357,-4214.378872258325
2015-03-18,-6823.087977409363,21744.024240493774,21744.024240493774,12414.955773353577
2015-03-19,-10710.656686782837,13523.448616027832,13253.100201538633,4025.586179869526
2015-03-20,-285.0708999633789,7232.912559509277,7232.912559509277,3552.251392364502
2015-03-23,-4971.0627517700195,2327.7425651550293,2154.4136543273926,-3524.062568664551
2015-03-24,-5327.649983269804,8491.90605463303,3898.696273803711,-3199.251175744169
2015-03-25,-53234.48538494112,13252.982583045941,2283.500835418701,-44244.38585104266
2015-03-26,-23894.645187241673,19845.522823469997,3957.544448852539,-4807.622424806854
2015-03-27,-4869.666934967041,15079.085041046143,15079.085041046143,11296.891421181837
2015-03-30,-27.432758331298828,23731.540031433105,21610.316647529602,19289.87991700852
2015-03-31,-6356.194198608398,1902.693733215332,1902.693733215332,-5515.262382507324
2015-04-01,-7802.671775817871,2655.284038543701,2655.284038543701,-2478.2864723205566
2015-04-02,-1312.884162902832,4635.45881652832,4635.45881652832,2623.041477203369
2015-04-06,-3765.9633865356445,4321.015472412109,4321.015472412109,1498.8429832458496
2015-04-07,-2645.7589836120605,3227.2424850463867,3227.2424850463867,-1187.9197463989258
2015-04-08,-968.959545135498,4735.556533813477,4735.556533813477,3546.9603958129883
2015-04-09,-3374.3408393859863,3059.5160903930664,3059.5160903930664,871.9158096313477
2015-04-10,-2279.071746826172,4356.46155166626,4356.46155166626,2909.0659980773926
2015-04-13,-3531.5946311950684,1558.9188690185547,1558.9188690185547,-2177.308280944824
2015-04-14,-20038.534198522586,13291.314720392207,1115.1768493652344,-1845.9845193113742
2015-04-15,-2573.159656524658,24371.99023628235,24371.99023628235,10801.1344871521
2015-04-16,-15481.226556777961,11097.758491516106,6536.19229888916,-7774.044904947267
2015-04-17,-3341.6919441223145,4872.521240234375,4872.521240234375,632.4218711853027
2015-04-20,-4680.81591796875,2517.2231216430664,2517.2231216430664,764.7692565918032
2015-04-21,-1635.8300170898438,986.6924171447754,986.6924171447754,-129.53753280639648
2015-04-22,-1694.7568130493164,591.9496726989746,591.9496726989746,294.741943359375
2015-04-23,-3213.177703857422,35.53131103515625,35.53131103515625,-1368.8545570373535
2015-04-24,-4168.092761993408,1300.0143814086914,1300.0143814086914,-2386.8098106384277
2015-04-27,-1272.0161895751953,1515.5819282531738,1515.5819282531738,-548.0628852844238
2015-04-28,-9365.96911873142,11981.265248639187,1137.0178680419922,8575.018374783596
2015-04-29,-16386.748569624768,2468.977142197741,758.4692268371582,-8973.863937514174
2015-04-30,-29853.86485862733,2918.418548583974,1248.6055068969727,-17474.409068448156
2015-05-01,-648.4595947265625,7605.720039367676,7605.720039367676,6352.532627105713
2015-05-04,-2065.2202758789062,5066.489421844482,5066.489421844482,-306.57164001464844
2015-05-05,-10618.972723007202,4074.406187057495,1235.552375793457,-6513.828355789185
2015-05-06,-14185.815143585205,3437.1162109375,2237.0336303710938,-8139.368552071699
2015-05-07,-921.171329498291,8998.705261230469,8998.705261230469,6320.400556564331
2015-05-08,-802.3163261413574,4498.121444702148,4498.121444702148,1392.967128753662
2015-05-11,-575.0370864868164,12164.88077545166,12164.88077545166,10158.334884643555
2015-05-12,-4082.15062822619,9393.102812630745,3565.838150024414,5590.452040536018
2015-05-13,-4127.58554662978,12001.928232056744,9541.663055419922,1061.194101197369
2015-05-14,-423.2969284057617,15898.776695251465,14649.328765460425,12289.462682042851
2015-05-15,0.0,8359.602928161621,8359.602928161621,7195.9133511952095
2015-06-02,-1360.7385405812988,1630.527957984375,0.0,-1285.9528788839111
2015-06-03,-1719.990234375,1458.2324199676514,0.0,-1592.0471211160889
2015-06-09,-2636.6450823034934,6315.219463518651,0.0,2429.8113481316873
2015-06-10,0.0,18986.42367362976,17389.740814208984,16542.382538386788
2015-06-11,0.0,1693.2512474060059,1693.2512474060059,281.8061134815216
2015-06-26,-639.1520821708045,2529.2170584541955,0.0,790.6130545479455
2015-06-29,-15013.684616088867,1421.2034912109375,0.0,-14633.921859741211
2015-06-30,-4870.140934944117,10080.685406684912,5373.368981130008,874.5077883857444
2015-07-01,-966.0834197998047,9502.603757858276,9502.603757858276,5364.973350524902
2015-07-02,-3589.4235496520996,3415.256317138672,3415.256317138672,-906.1723337173823
2015-07-24,-1061.8211159706116,315.2389750480652,0.0,-994.0985789299011
2015-07-27,-1495.962111336848,4561.984089987615,203.18233394622803,306.0324899128469
2015-07-28,-1319.4141263961792,8843.272504806519,8269.238226004889,7381.5830245018005
2015-07-29,-526.6974487304688,4937.0883712768555,4061.025718688965,3443.4830645152547
2015-08-03,-5793.789136750374,1875.49819006237,0.0,-3815.896085602913
2015-08-04,-1446.166103363037,4643.39005279541,1094.965965270996,-683.1707019805908
2015-08-05,-1791.790843963623,1592.7514915466309,1592.7514915466309,-846.1043930053711
2015-08-06,-5296.9409494740685,3153.059235538749,0.0,-2535.3363677774046
2015-08-07,-2430.7608795166016,1183.26806640625,1183.26806640625,914.4777545928955
2015-08-10,0.0,2990.248514175415,2990.248514175415,2138.800977706909
2015-08-11,-2652.3386268615723,287.8638458251953,287.8638458251953,-1253.3495769500732
2015-08-12,-3629.9385738372803,82.09527969360352,82.09527969360352,-950.0553722381592
2015-08-13,-7735.127065794807,1430.1848352977224,0.0,-4825.127024139673
2015-08-14,-1414.0819969177246,836.3578834533691,836.3578834533691,575.1826324462891
2015-08-17,-1772.7746677398682,4505.919996261597,3198.0877075195312,2976.317720413208
2015-08-18,-1685.1822261810303,1005.7077503204346,1005.7077503204346,-459.1149024963379
2015-08-19,-3525.474889755249,1205.4794292449951,1205.4794292449951,-337.0563793182373
2015-08-20,-4065.3279666900635,729.6366195678711,729.6366195678711,-3891.214485168457
2015-08-21,-24516.779870169506,4855.462498528611,544.8191432952881,-23579.10076693126
2015-08-24,-96827.42997796196,35886.87881033761,151.201171875,-16498.388161114286
2015-08-25,-17810.32942008972,40899.16969490051,25807.678389685483,-11558.46929522922
2015-08-26,0.0,4377.8388671875,4377.8388671875,4239.6044267926845
2015-09-21,-862.5311933244902,2276.732539585666,0.0,754.0474199567598
2015-09-22,-4644.983642578125,0.0,0.0,-3680.4479740687802
2015-09-23,-561.2806396484375,426.55126953125,426.55126953125,-173.59944588797975
2015-09-29,-2426.2986312593866,5382.023771694715,0.0,206.72805636268413
2015-09-30,0.0,8449.957458496094,8449.957458496094,8105.664764404297
2015-10-01,-4196.695472717285,1720.9017791748047,1720.9017791748047,1350.6071792330195
2015-10-08,-4761.5604959215425,2599.048711231778,0.0,1688.688146046231
2015-10-09,-7260.674896240234,0.0,0.0,-7116.352844238281
2015-10-12,-3463.823776245117,5872.942428588867,5872.942428588867,4374.66469819205
2015-10-15,-1340.009059906004,3201.1149024963397,0.0,-157.70440292358205
2015-10-16,-734.4494934082031,4155.986389160156,4155.986389160156,4066.4168090820312
2015-10-19,-277.67877197265625,5911.505126953125,5911.505126953125,5087.287593841551
2015-10-26,-5125.3443046808015,1801.2493690252534,0.0,-1337.370610833145
2015-10-27,-4282.435851539885,1467.803817306245,649.6136865615845,-1067.7308516161793
2015-10-28,-10390.09271144867,7355.500884056091,5407.584171295166,1843.694078087784
2015-10-29,-1926.4723843165812,2546.5510760716024,1854.0263671875,-398.2880695887979
2015-10-30,-2055.0892181396484,1837.444896697998,1837.444896697998,-160.8676872253418
2015-11-02,-2804.5825753211975,2418.20042181015,1637.307632446289,-1571.5955196789328
2015-11-03,-3049.7397422790527,984.8464164733887,984.8464164733887,-305.6443405151367
2015-11-04,-1496.4965286254883,759.817325592041,759.817325592041,-534.8114562034607
2015-11-05,-549.3458290100098,944.1792869567871,944.1792869567871,137.33318710327148
2015-11-06,-51.50267028808594,927.0088233947754,927.0088233947754,360.5012512207031
2015-11-09,-2363.8281974451756,5876.385093723037,2334.7165031433105,-685.1887969629978
2015-11-10,-1689.6603393554688,3405.1295318603516,3405.1295318603516,1724.6940574645996
2015-11-11,-1892.0338172912598,2949.405948638916,2949.405948638916,-1330.4831619262695
2015-11-12,-9016.554547854837,2861.9725517545367,824.0165634155273,-7237.346169607994
2015-11-13,-2519.9669876098633,4992.141204833984,4992.141204833984,-1517.0881576538086
2015-11-16,-1472.303243637085,7109.25016784668,7109.25016784668,6815.507901736674
2015-11-17,-1825.352066040039,1815.1103706359863,1815.1103706359863,-14.03890609741211
2015-11-18,-2154.647699356079,1889.993106842041,1889.993106842041,1100.5790214538574
2015-11-19,-583.4332160949707,1525.2563705444336,1525.2563705444336,386.7016372680664
2015-11-20,-377.68043518066406,4181.330039978027,4181.330039978027,2661.853717803955
2015-11-23,-9997.624238882745,3547.4984351055978,1990.5264320373535,-8033.579552565301
2015-11-24,-3892.0535860061646,2278.465509414673,1030.0141639709473,-968.1531744854801
2015-11-25,-4304.060253143311,194.34685134887695,194.34685134887695,-2264.305351257324
2015-11-27,-1169.8249435424805,2165.6964569091797,2165.6964569091797,44.164222717285156
2015-11-30,-293.28907012939453,2442.205799102783,2442.205799102783,1370.8234977722168
2015-12-01,-1081.5211944580078,1183.46968460083,1183.46968460083,-235.58115768432617
2015-12-02,-2031.642246246338,623.5573348999023,623.5573348999023,-839.8170127868652
2015-12-03,-9831.153823852563,2562.7750434875256,1160.7341804504395,-7769.614356994653
2015-12-04,-955.5641250610352,11800.089359283447,3306.1876290832734,2721.1807212829826
2015-12-07,-2888.519618988037,753.0350570678711,753.0350570678711,-528.4067497253418
2015-12-08,-2003.3889541625977,1023.6712646484375,1023.6712646484375,518.800895690918
2015-12-09,-4160.38898028646,4791.550263030191,2385.3797645568848,-2352.778741257529
2015-12-10,-3454.660577774048,3996.3855724334717,3996.3855724334717,1763.5227178505465
2015-12-11,-3722.938377380371,34.33220672607422,34.33220672607422,-2924.202398300171
2015-12-14,-8975.237064361545,6011.308666229275,786.8105983734131,1854.8393135071074
2015-12-15,-44.97221374511719,12826.004962921143,12826.004962921143,7976.220308303833
2015-12-16,-3183.296184539795,11252.212015151978,7758.525058746338,6752.766025543186
2015-12-17,-1424.693841934204,3493.9742164611816,3493.9742164611816,192.78441429138184
2015-12-18,-6373.686248779297,360.5012512207031,360.5012512207031,-3414.0555176394373
2015-12-21,-1156.666580200187,1917.5220909118736,1150.1856079101562,1794.5107841491783
2015-12-22,-362.1543502807617,1826.2416343688965,1826.2416343688965,1432.3904571533203
2015-12-23,-188.8314971923828,2724.217540740967,2724.217540740967,2574.472915649406
2015-12-24,-480.6770553588867,549.3414688110352,549.3414688110352,-480.6770553588867
2015-12-28,-1424.8563423156738,1115.8490409851074,1115.8490409851074,824.0122032165527
2015-12-29,-102.98789978027344,686.6964569091797,686.6964569091797,652.3598899841309
2015-12-30,-706.923830986023,1741.9126443862915,841.1695861816406,735.2472047805786
2015-12-31,-1342.5351676940918,1105.487117767334,1105.487117767334,-278.9931869506836
2016-01-04,-12698.940201895584,2858.8206089564674,0.0,-6693.768495695937
2016-01-05,-4493.4683837890625,5507.722522735596,5507.722522735596,-918.5812530517578
2016-01-06,-14640.58519744873,17.174823760986328,17.174823760986328,-9811.430365426193
2016-01-07,-3477.943172454834,4149.596984863281,0.0,2320.04190826416
2016-01-08,-7426.480141367216,17028.37114647458,4326.410381317139,-2446.5623709814736
2016-01-11,-9552.407641547064,10383.390110833307,5579.8185386657715,3101.53797245025
2016-01-12,-1621.6171188354492,16255.263690948486,15108.751041412354,12408.542259761258
2016-01-13,-9728.507122039795,2590.3642768859863,1459.8406105041504,-8222.398465020317
2016-01-14,-3383.8510567801095,13265.790010724773,0.0,9865.326731000652
2016-01-15,-19983.93181991577,0.0,0.0,-13364.613395690918
2016-01-19,-4125.217750549316,6388.6595458984375,6388.6595458984375,524.5852028982736
2016-01-20,-3124.361618041992,0.0,0.0,-1115.831600189209
2016-01-21,-652.346809387207,1819.6898002624512,1819.6898002624512,1356.1832084655762
2016-01-22,0.0,2145.8632049560547,2145.8632049560547,2077.1987915039062
2016-01-25,-1098.6916580200195,34.323486328125,34.323486328125,-755.3521499633789
2016-01-26,-373.64126913887236,4081.0855489458445,1854.0220069885254,3252.600533076704
2016-01-27,-4319.189968109131,1287.5144348144531,1287.5144348144531,-3143.5560569763184
2016-01-28,-1011.4149131774902,2869.4758911132812,2869.4758911132812,2035.7351044586649
2016-02-03,-2116.1378043038376,1808.2196175711624,0.0,283.9515511649124
2016-02-04,-1695.87451171875,957.66064453125,957.66064453125,-138.6064453125
2016-02-05,-5257.562255859375,0.0,0.0,-4729.345105852412
2016-02-08,-3294.3956978831916,8960.7079331364,0.0,4518.0440947498655
2016-02-09,-6801.945311546326,7360.593614578247,6753.271989686135,3248.743786266865
2016-02-10,-4292.843159675598,6381.5152769088745,5881.376049177993,-2074.7878810167304
2016-02-29,-2900.741924217771,5948.2937012399925,0.0,-1724.1740550313698
2016-03-01,-2276.4940643310547,5926.094150543213,5926.094150543213,4267.673292160034
2016-03-02,-11481.982755558833,2643.7840348311825,1180.3111267089844,-9185.888599361691
2016-03-03,-1802.795166219986,2464.1182611329195,744.3094348907471,-1005.15302869252
2016-03-04,-4810.607166494645,5637.138225351058,1425.2192268371582,1487.4705921922382
2016-03-07,-9006.37209524427,11532.547486168998,1155.5546703338623,-5039.190520218438
2016-03-08,-1193.5621643066406,32207.989715576172,27138.662803394454,26015.504461918557
2016-03-09,-2018.4925498962402,4490.7925062179565,3267.2292297737968,3267.7578570331852
2016-03-15,-475.61949205397826,2767.4524512291027,0.0,662.9095702171398
2016-03-16,-2242.523889541626,2173.574661254883,2173.574661254883,-758.9918575286865
2016-03-17,-588.7822036061966,6034.458461829594,2725.5170402526855,2170.832344600126
2016-03-18,-2166.183874607086,1973.4278559684756,1850.187109708786,776.7120029926302
2016-03-21,-1130.0662212371826,1507.6642723083496,1507.6642723083496,231.74037950379474
2016-03-22,0.0,44.963579177856445,44.963579177856445,25.797560214996125
2016-03-24,-2750.7023449966173,7832.37161244662,0.0,6855.245031254603
2016-03-28,-2623.6725749969482,7320.475692749023,7320.475692749023,4540.514226913452
2016-03-29,-2857.1562671661377,23302.88505744934,15946.98764038086,15879.240741831944
2016-03-30,-662.0043445995885,785.0216182300013,0.0,-441.8055302074987
2016-03-31,-251.65164184570312,723.5202369689941,723.5202369689941,550.5042915344238
2016-04-01,-251.64801406860352,1022.362003326416,929.8719024998809,222.30123867307486
2016-04-12,-6529.006608384016,13500.631944281697,0.0,4260.877415282366
2016-04-13,-2492.7282354491103,14181.669207368579,12373.991065979004,9829.487916469596
2016-04-14,-1819.7302129268646,3865.9285271167755,2162.701805898121,579.9721646990068
2016-04-15,-128.3914794921875,1193.0559539794922,1164.0242323875427,609.2009106363572
2016-04-18,-396.5680561065674,198.2871437072754,198.2871437072754,-218.53840708732605
2016-04-19,-72.72732904979316,1958.2878992216913,0.0,318.26428243091976
2016-04-20,-1998.4292182922363,0.0,0.0,-564.7720909118652
2016-04-21,-901.4710464477539,705.9723472595215,705.9723472595215,325.83695220947266
2016-04-22,-1329.7770653792834,2655.5707472733047,944.8901252746582,619.3897437027478
2016-04-25,-3763.3856201171875,346.0974864959717,346.0974864959717,-2062.5623321533203
2016-04-26,-1807.9127025604248,3195.5481853485107,3195.5481853485107,3006.6147004195664
2016-04-27,-553.8637924194336,380.19326400756836,380.19326400756836,-510.41577911376953
2016-04-28,-2661.763628278456,3396.9251000540635,338.6491394042969,791.3128831046006
2016-04-29,-5013.670578547884,3358.9004549298993,1192.4408569335938,-4522.308420453754
2016-05-02,-1435.4351806640625,4769.154239654541,4769.154239654541,2851.928550720215
2016-05-03,-1475.2238998413086,3452.0784301757812,3452.0784301757812,1974.2667089189777
2016-05-04,-917.7322235107422,382.34020233154297,382.34020233154297,-666.4594230651855
2016-05-05,-5096.619472503662,142.02778244018555,142.02778244018555,-3893.076400756836
2016-05-06,-1914.3083305358887,2765.8251094818115,2765.8251094818115,2220.8216247558594
2016-05-09,-436.99743270874023,4032.0694255828857,4032.0694255828857,2487.153579711914
2016-05-10,-5281.209381103516,371.45505142211914,371.45505142211914,-970.9412384033203
2016-05-11,-5043.39267539978,0.0,0.0,-4825.680366516113
2016-05-12,-1080.8344038554587,3412.16378416334,994.2060508728027,1022.6543866566262
2016-05-13,-706.0960388183594,1271.579158782959,1271.579158782959,-91.76890182495117
2016-05-16,-1690.9410858154297,1482.0219802856445,1482.0219802856445,189.31138610839844
2016-05-17,-3864.329433441162,305.91267013549805,305.91267013549805,-3159.010269165039
2016-05-18,-2192.5842666625977,1402.8522453308105,1402.8522453308105,-91.1351547241211
2016-05-19,-2951.4985816819385,5445.360999311714,881.9049606323242,4013.0715973036577
2016-05-20,-4050.3940620422363,3280.450508117676,3280.450508117676,-930.0975516864269
2016-05-23,-2634.223487854004,1481.7186660766602,1275.7988624572754,-1153.861631529673
2016-05-24,-569.9483184814453,4552.98148727417,4552.98148727417,3230.8759574890137
2016-05-25,-779.4460906982422,2309.848159790039,2309.848159790039,776.6333847045898
2016-05-26,-692.8225021362305,2082.7202491760254,2082.7202491760254,1145.2390899658203
2016-05-27,-1127.9368867874118,4175.578246116641,2855.2909812927246,2320.9820661544827
2016-05-31,-3918.2750968933105,2494.905750274658,2494.905750274658,-1198.7716789245605
2016-06-01,-2042.2770080566406,1957.0544052124023,1957.0544052124023,1528.3203887939453
2016-06-02,-3113.5947189331055,684.4043426513672,684.4043426513672,-230.54886627197266
2016-06-03,-1726.4103164672852,4117.651588439941,4117.651588439941,2380.511538641803
2016-06-06,-604.3095855712891,1528.0055465698242,1528.0055465698242,179.30949783325195
2016-06-07,-662.5442344801759,2973.710840974536,2110.9791145324707,865.9204871995116
2016-06-08,-3248.2206216539817,3771.514300755076,959.1459617614746,-1608.4405732836203
2016-06-09,-2621.5159759521484,3409.878116607666,3409.878116607666,2371.252938474927
2016-06-10,-5179.256483078003,1492.1708946228027,1492.1708946228027,-1413.4377893720193
2016-06-13,-1844.1201782226562,243.5486183166504,243.5486183166504,-1734.0065116882324
2016-06-14,-11140.310570682797,19453.351388011662,666.6850318908691,10038.558512721746
2016-06-15,-15812.072025299072,20154.392847061157,18937.936359405518,-8918.17676459043
2016-06-16,-31488.98167037964,10799.326553344727,3721.665370941162,-14468.663787773648
2016-06-17,-1587.0232009887695,121.00978469848633,121.00978469848633,-690.048038482666
2016-06-20,0.0,2779.2335243225098,2779.2335243225098,1408.656795501709
2016-06-21,-839.2922172546387,3625.583881378174,1309.0928993225098,1026.407039642334
2016-06-22,-1906.0126495361328,3421.9893074035645,3421.9893074035645,-1157.7789001464844
2016-06-23,-547.9971084594727,7398.591957092285,7398.591957092285,6495.090225219727
2016-06-24,-5687.856056213379,461.72020721435547,461.72020721435547,-4274.432510580334
2016-06-27,-8316.557256017408,1402.3094660895267,611.1010360717773,-4878.224339757641
2016-06-28,-2533.462553858757,13261.590668797493,10153.357048034668,11390.216980099678
2016-06-29,0.0,13078.129130363464,11285.442638124736,9811.876530800542
2016-06-30,-590.7266845703125,271.60103607177734,271.60103607177734,-122.22020721435547
2016-07-01,-546.9067050388901,2579.0787838527112,305.55310821533203,133.83717618669584
2016-07-05,-2663.41943359375,1542.4030227661133,1542.4030227661133,-1324.7502975463867
2016-07-06,-4349.96524810791,203.69689178466797,203.69689178466797,-3279.1050137111097
2016-07-07,-787.6424865722656,0.0,0.0,-156.17227935791016
2016-07-08,0.0,930.2318649291992,930.2318649291992,305.55310821533203
2016-07-11,-156.17227935791016,393.8212432861328,393.8212432861328,-142.5893783569336
2016-07-12,-366.6606216430664,325.91709899902344,325.91709899902344,-291.97020721435547
2016-07-13,-135.80310821533203,441.3458557128906,441.3458557128906,-54.32124328613281
2016-07-14,0.0,787.6373062133789,787.6373062133789,434.55958557128906
2016-07-15,-475.2979278564453,468.51165771484375,468.51165771484375,-448.1424865722656
2016-07-18,0.0,1310.4702072143555,1310.4702072143555,943.8147659301758
2016-07-19,-563.5712432861328,0.0,0.0,-251.23186492919922
2016-07-20,-251.23186492919922,468.51165771484375,468.51165771484375,61.107513427734375
2016-07-21,-1004.9170989990234,74.69041442871094,74.69041442871094,-536.4054412841797
2016-07-22,0.0,1004.9170989990234,1004.9170989990234,998.1256484985352
2016-07-25,-217.27979278564453,217.27979278564453,217.27979278564453,176.54145050048828
2016-07-26,-478.5877594947815,1394.4349093437195,719.7383422851562,61.297067165374756
2016-07-27,-1220.2175273895264,879.5298099517822,879.5298099517822,-363.1944007873535
2016-07-28,-780.6767997741699,1476.3869285583496,1333.8705677986145,883.5696129798889
2016-07-29,-325.92227935791016,291.97020721435547,291.97020721435547,115.42875671386719
2016-08-01,0.0,1052.446891784668,1052.446891784668,549.9883422851562
2016-08-02,-4157.37154943602,1676.5822240625153,210.49352264404297,-2565.555620023178
2016-08-03,-4316.40040397644,9097.172847747803,4426.922847747803,7327.443572998047
2016-08-04,-2501.5786056518555,3641.1334133148193,3641.1334133148193,486.4219988073578
2016-08-05,0.0,3993.4081230163574,3993.4081230163574,2268.859462738037
2016-08-08,-1016.3451536042345,2337.7251798766006,1601.8623275756836,88.76557370594622
2016-08-09,-2283.001079559326,1069.0763149261475,979.7179226534703,-634.3655342033933
2016-08-10,-446.3912363052368,4258.249300956726,4258.249300956726,3536.173885515758
2016-08-11,-1345.2300987243652,1890.0070266723633,1890.0070266723633,-408.66043853759766
2016-08-12,-2381.599452972412,344.08706283569336,344.08706283569336,-1056.2544479370117
2016-08-15,-687.2184410095215,1891.9287567138672,1891.9287567138672,834.252498626709
2016-08-16,-10024.29579997062,3505.9015476703717,0.0,-5887.920473814003
2016-08-17,-6589.510213851945,13692.454519271834,7362.075511932373,7430.510709762558
2016-08-18,-3181.449230194092,11184.821516036987,11184.821516036987,4583.285826444619
2016-08-19,-7751.1222496032715,3492.7733840942383,3492.7733840942383,-307.4315280914093
2016-08-22,-2324.926969255727,6440.357149396617,3682.4811401367188,4628.642225537975
2016-08-23,-6181.783667836868,6871.519497598923,6353.63399887085,-3848.438330922805
2016-08-24,-8016.647518157959,3678.9925117492676,3678.9925117492676,-1699.6781997680664
2016-08-25,-8384.48717880249,8006.630638122559,8006.630638122559,-1373.6049728393555
2016-08-26,-13711.623111724854,4952.972415924072,4952.972415924072,-9470.426665306095
2016-08-29,-997.1693916320801,13382.688472747803,12853.849300384521,10259.653999328613
2016-08-30,-8243.677433422641,8252.695655414029,6784.046836853027,-972.5863994870944
2016-08-31,-9445.42276941027,4097.874857085091,3294.473014831543,-2184.1118715831276
2016-09-01,-5919.53430557251,3913.1570358276367,3913.1570358276367,1412.2796877452315
2016-09-02,-931.7349929809473,10964.471157073986,6354.376602172852,5537.752494812022
2016-09-06,-2790.0035247802734,19333.92031097412,9998.525982516127,6610.225593635014
2016-09-07,-2096.6463890075684,6627.279750823975,5083.572658334442,4175.549385956349
2016-09-08,-4648.267815998643,4010.786018916518,1476.2938613891602,-252.823127201646
2016-09-09,-27636.86593055725,0.0,0.0,-17194.571697780044
2016-09-12,-5366.461829185486,31079.180943489075,3438.488250732422,25765.61707019806
2016-09-13,-30013.436149597168,0.0,0.0,-18983.19673538208
2016-09-14,-6241.401596069336,6493.907451629639,6493.907451629639,-3013.4762197221953
2016-09-15,-2557.8582458496094,158.0708770751953,158.0708770751953,-919.6791229248047
2016-09-16,-1120.8582458496094,0.0,0.0,-934.0521926879883
2016-09-19,-172.4384651184082,1566.3302192687988,1566.3302192687988,330.5093421936035
2016-09-20,-474.20714950561523,517.3208770751953,517.3208770751953,-86.21649169921875
2016-09-21,-129.33021926879883,1681.287368774414,1681.287368774414,1580.6978073120117
2016-09-22,-186.8115348815918,1207.0802192687988,1207.0802192687988,962.7928504943848
2016-09-23,-862.2032890319824,617.9104385375977,617.9104385375977,-14.373069763183594
2016-09-26,-675.3862724304199,804.7219734191895,804.7219734191895,-589.1697807312012
2016-09-27,0.0,2442.901096343994,2442.901096343994,1681.2928504943848
2016-09-28,-344.8824119567871,934.0467109680176,934.0467109680176,474.20714950561523
2016-09-29,-2098.018684387207,373.6230697631836,373.6230697631836,-1796.25
2016-09-30,-546.0615348815918,890.9384651184082,890.9384651184082,474.21263122558594
2016-10-03,-3583.89846025195,3108.632061140873,1695.6604385375977,-1086.2069662639126
2016-10-04,-3820.5069694519043,4182.924758911133,4182.924758911133,-2923.8883934020996
2016-10-05,-549.7646484375,3604.8980827331543,3604.8980827331543,2463.302333831787
2016-10-06,-7744.246840000142,7201.181157588969,2966.602607727051,-4095.306906223287
2016-10-07,-5490.840507507324,3776.433578491211,3776.433578491211,-1945.4015655517578
2016-10-10,-4887.6162185668945,5058.567417144775,4672.769802093506,-927.1047377586465
2016-10-11,-8304.084461927414,1404.8203632831573,43.108245849609375,-5692.08983874321
2016-10-12,-3195.3783016204834,2097.1825637817383,1773.3854904174805,30.27457308769226
2016-10-13,-2964.977565765381,662.7664489746094,662.7664489746094,-1312.249080657959
2016-10-14,-188.29600524902344,2745.09822845459,2745.09822845459,809.5590858459473
2016-10-17,-2688.6048000880965,4386.989537375282,934.0589141845703,-377.54982648580176
2016-10-18,-646.6510963439941,11404.003273010254,11404.003273010254,6070.425205230713
2016-10-19,-2216.750151838578,4903.87687376567,3850.987003326416,1224.8081242016676
2016-10-20,-8151.302968978882,2053.608118057251,1137.3818912506104,-6892.726156234741
2016-10-21,-3275.0326766967773,2498.903553009033,2498.903553009033,-1039.9967010361781
2016-10-24,-826.2332649230957,3097.448787689209,3097.448787689209,-29.36398696899414
2016-10-25,-6754.53662109375,53.28007698059082,53.27458190917969,-5421.351137161255
2016-10-26,-1138.7466888427734,1815.8346252441406,0.0,-1217.0164376667512
2016-10-27,-3139.0514673505436,924.5311742510191,0.0,-1940.89494269234
2016-10-28,-2352.28564453125,7139.893768310547,4643.461151123047,1666.3060607910156
2016-10-31,-985.4456787109375,2914.4617919921875,2914.4617919921875,147.743408203125
2016-11-01,-17462.41565772466,5871.924983297067,2070.0386352539062,-6320.7762419836945
2016-11-02,-5595.607849121094,12405.33784866333,8839.972904069065,6309.911221231741
2016-11-03,-4592.077484130859,3671.6903076171875,1709.1025156293565,-864.2981507437553
2016-11-04,-414.6166687011719,5433.533172607422,1053.0746765136719,915.6937866210938
2016-11-07,0.0,13395.524108886719,9993.057032993896,9920.218505859375
2016-11-08,-645.00341796875,697.6355285644531,697.6355285644531,-125.0640869140625
2016-11-09,-109.9123306274414,16129.921401977539,13235.497253417969,11075.298538208008
2016-11-10,0.0,6704.18733215332,6704.18733215332,2633.8410263061523
2016-11-11,-1412.335021427706,6229.260201045438,3083.794204711914,4707.361610957548
2016-11-14,-11412.293090309415,18769.10778764316,3432.5838056291695,-823.9546797956837
2016-11-15,-6618.066423416138,19036.048696517944,17310.943558182043,3404.3992878028366
2016-11-16,-10160.980367388041,11851.3443510873,11178.82133102417,1372.1113486971226
2016-11-17,-1965.7878646850586,967.7328186035156,967.7328186035156,618.2632904052734
2016-11-18,-1230.0363464355469,1182.5400695800781,1182.5400695800781,-136.89180755615234
2016-11-21,-1216.2658907345376,3312.5427182742515,1823.6963272094727,1498.8537419864097
2016-11-22,-849.0720596313477,4072.5716400146484,4072.5716400146484,1720.4067306518555
2016-11-23,-2026.6583557128906,3315.148349761963,3315.148349761963,2088.170497894287
2016-11-25,-865.5526542663574,2772.420436859131,2772.420436859131,1874.4998245239258
2016-11-28,-6482.949718475342,630.489128112793,630.489128112793,-5705.869579315186
2016-11-29,-543.8248329162598,3366.527992248535,3366.527992248535,2118.3021926879883
2016-11-30,-3796.1149291992188,2098.8563652038574,2098.8563652038574,-3765.637596130371
2016-12-01,-26735.838432039563,7697.541069303209,2609.342041015625,-22909.2051503318
2016-12-02,-2563.352066040039,15641.310195922852,2768.0743522644043,812.3000332968877
2016-12-05,-2356.528984069824,8355.089748382568,8355.089748382568,4614.577739715576
2016-12-06,-4720.4165411676595,8829.431124619085,2733.7961921691895,1638.3038071904948
2016-12-07,-6848.94055186,13951.192981617784,7641.76322555542,4661.8164595535745
2016-12-08,-17196.173070158264,15238.038963113526,4651.534227371216,-5927.023557799201
2016-12-09,-10717.88158461026,14583.283288512906,12978.796560423709,2295.3833473069362
2016-12-12,-14261.578983068453,24915.14455151559,8662.398633650373,14768.477136986603
2016-12-13,-18769.925783906667,16049.433043684276,5845.168314320703,-821.0827642168479
2016-12-14,-7814.707670211792,19079.525506973267,16620.14751366207,4709.30092436927
2016-12-15,-6548.739181518555,2476.9140644073486,2476.9050788879395,-3073.564990384236
2016-12-16,-3957.5597229003906,4057.2215728759766,4057.2215728759766,494.9967498779297
2016-12-19,-3933.744505405426,4675.667117595673,2778.079559326172,1027.996228422434
2016-12-20,-698.6593437194824,5348.055746078491,5348.055746078491,4138.013929367065
2016-12-21,-4916.235729268618,1326.3887328590672,496.0443706512451,-3037.2020412002285
2016-12-22,-11554.666558401927,7611.358313424245,781.6428680419922,-1518.5489913395486
2016-12-23,-22143.939790844917,12589.836007952692,2677.7622966766357,6347.031118324826
2016-12-27,-221.16082763671875,23622.994859695435,17462.538900920328,13106.662707465037
2016-12-28,-6031.95436668396,3122.1392707824707,3122.1392707824707,-3298.6254996061343
2016-12-29,-3754.409575394175,5897.269455977896,1445.6076354980469,-392.94027417042025
2016-12-30,-10551.585102081299,4682.925506591797,4682.925506591797,-6436.8607387542725
2017-01-03,-644.1094207763672,16325.751539230347,16325.751539230347,9095.932734421274
2017-01-04,-478.2770462036133,3057.5235557556152,3057.5235557556152,1406.4561767578125
2017-01-05,-3761.6508174112705,10298.79699848381,1673.823501586914,1299.912024957809
2017-01-06,-7750.816112518311,9163.405584335327,7905.0898848942325,3193.861164637973
2017-01-09,-5397.046455383301,2627.591598510742,2627.591598510742,-585.4312935386531
2017-01-10,-2827.7312049865723,2372.0767250061035,2372.0767250061035,351.6201477050781
2017-01-11,-5677.883925778537,7157.110932009549,1662.2808837890625,375.4450994900185
2017-01-12,-14055.742484739858,7085.009077378672,784.7751197814941,3219.520527192515
2017-01-13,-11392.336288452148,7296.51720905304,7296.51720905304,-9991.781998293729
2017-01-17,-3063.4292612075806,6271.928449630737,6271.928449630737,2311.0488735948384
2017-01-18,-911.8727264404297,2612.254810333252,2612.254810333252,584.2700500488281
2017-01-19,-3058.820659637451,810.7171630859375,810.7171630859375,-1924.650218963623
2017-01-20,-738.5914192199707,2436.058525085449,2436.058525085449,1744.0608520507812
2017-01-23,-3062.0005531311035,445.8760986328125,445.8760986328125,-1747.0161781311035
2017-01-24,-6510.584093417441,8456.164806996072,4909.516757965088,1284.7235857588894
2017-01-25,-730.5845146179199,11337.45756149292,11123.08554504599,5499.540239862034
2017-01-26,-3313.037124633789,3600.7819633483887,3600.7819633483887,-102.80793496540537
2017-01-27,-1404.436279296875,2513.4343338012695,2513.4343338012695,1206.4127388000488
2017-01-30,-4011.3073921203613,446.8790588378906,446.8790588378906,-1262.310188293457
2017-01-31,-11904.765266418457,981.8315467834473,981.8315467834473,-8691.815273284912
2017-02-01,-8889.822368621826,571.2360038757324,571.2360038757324,-3447.420108795166
2017-02-02,-1482.6434135437012,738.0158920288086,738.0158920288086,-217.66102981567383
2017-02-03,-588.0126237188094,3693.5431585993056,2250.15771484375,612.162848540712
2017-02-06,-2197.6557083129883,1543.8953285217285,1543.8953285217285,657.5268402099609
2017-02-07,-1690.3693351745605,1352.8482551574707,1352.8482551574707,-701.7283401489258
2017-02-08,-4714.288135528564,2621.451370239258,2621.451370239258,1294.5037651062012
2017-02-09,-1184.962646484375,1905.2178955078125,1905.2178955078125,-286.28227615356445
2017-02-10,-970.4055862426758,3096.8770904541016,3096.8770904541016,2280.4558143615723
2017-02-13,-1372.69193649292,1867.3952560424805,1867.3952560424805,-95.25650405883789
2017-02-14,-1498.4309349060059,1741.7144927978516,1741.7144927978516,971.8796463012695
2017-02-15,-1332.335735321045,1141.4666442871094,1141.4666442871094,648.7497825622559
2017-02-16,-1641.8341026306152,1539.7837448120117,1539.7837448120117,82.3795280456543
2017-02-17,-14954.218266895812,7682.988737651307,887.1656341552734,-9835.209819793701
2017-02-21,-2914.517303466797,4167.837791442871,2978.323570251465,1463.6441459655762
2017-02-22,-2150.953830718994,11336.673210144043,11336.673210144043,6496.297744750977
2017-02-23,-8086.150367191876,8960.36671502248,3811.997184753418,-126.56804350445788
2017-02-24,-3785.549388885498,9406.248542785645,8237.809422969829,3796.060199260717
2017-02-27,-1945.593116760254,7892.701229095459,7410.590935843337,4849.079168047232
2017-02-28,-2054.8428077697754,4178.454784393311,4178.454784393311,1472.3891410827637
2017-03-01,-2586.2731976509094,7825.087939739227,5003.365337371826,2986.789252758026
2017-03-02,-9126.649983133584,3396.930114064903,2959.4594345092773,-3849.9747702734758
2017-03-03,-5287.546627044678,6012.749904632568,6012.749904632568,3192.6807293891907
2017-03-06,-4840.84281539917,197.64652252197266,197.64652252197266,-2354.874080657959
2017-03-07,-3416.407517024446,4594.27484076364,2761.981212615967,8.53378622872799
2017-03-08,-3812.308662414551,4023.7685470581055,4023.7685470581055,-1674.9800758361816
2017-03-09,-3584.566940307617,4650.292469024658,4650.292469024658,1112.7757720947266
2017-03-10,-1475.935546875,5760.897674560547,5760.897674560547,3251.5718116760254
2017-03-13,-4428.9260330200195,2060.6924743652344,2060.6924743652344,-1185.640781402588
2017-03-14,-4236.626655578613,2222.587371826172,2222.587371826172,-912.6858553205248
2017-03-15,-1815.6671295166016,6293.848083496094,6293.848083496094,4720.051494598389
2017-03-16,-3206.9215393066406,2413.712993621826,2413.712993621826,-1177.9817428588867
2017-03-17,-1832.781105041504,4394.022148132324,4394.022148132324,2129.9768295288086
2017-03-20,-3353.756851196289,2870.1188201904297,2870.1188201904297,-989.6533966064453
2017-03-21,-7239.435921805243,5021.975935799737,3914.615810394287,-5417.657273428778
2017-03-22,-7290.514213562012,9149.330993652344,4104.327136175971,3250.071161815097
2017-03-23,-3157.4311294555664,11004.517890930176,11004.517890930176,3187.1072831835054
2017-03-24,-1960.6840057373047,3854.59720993042,3854.59720993042,311.72936630249023
2017-03-27,-4475.725608825684,2183.3173027038574,2183.3173027038574,-343.83872985839844
2017-03-28,-1535.047794342041,4287.515281677246,4287.515281677246,2368.4215087890625
2017-03-29,-5201.132106781006,2329.6566619873047,839.7613067626953,-1510.4362869262695
2017-03-30,-3219.23384475708,2880.320487976074,2880.320487976074,-574.0935401916504
2017-03-31,-3675.3831787109375,4693.872383117676,4693.872383117676,2516.8929862976074
2017-04-03,-6353.635059356689,2874.58349609375,2874.58349609375,-3811.825527191162
2017-04-04,-7536.685134887695,3059.5869522094727,2820.8174209594727,-1081.792984008789
2017-04-05,-2789.075637817383,4929.254615783691,4929.254615783691,-2081.0590591430664
2017-04-06,-951.5257415771484,4749.94739151001,4749.94739151001,2618.8486862182617
2017-04-07,-2507.96395111084,3280.7707138061523,3280.7707138061523,476.1084403991699
2017-04-10,-1264.9534492492676,4045.3234519958496,4045.3234519958496,570.2296867370605
2017-04-11,-3597.126979827881,2351.7739906311035,2322.393985748291,1059.6861534118652
2017-04-12,-4970.165214538574,1666.9611473083496,1666.9611473083496,-2072.558204650879
2017-04-13,-5774.61238861084,1941.1392288208008,1941.1392288208008,-4787.327674865723
2017-04-17,-99.04319763183594,6459.260627746582,5347.2449334259045,5137.366649627686
2017-04-18,-1851.879035949707,3460.680461883545,3460.680461883545,1881.202449798584
2017-04-19,-2974.0484161376953,3510.2643852233887,3510.2643852233887,-1018.3675384521484
2017-04-20,-342.3884963989258,8925.64278793335,8925.64278793335,6693.95040512085
2017-04-21,-3886.06547164917,1160.3630447387695,1160.3630447387695,-1938.5469245910645
2017-04-24,0.0,10159.258373260498,9509.542430877691,7042.143840789795
2017-04-25,-1094.7884140014648,4382.130813598633,4382.130813598633,1810.9939804077148
2017-04-26,-2202.5973052978516,6329.457733154297,6329.457733154297,3717.8032608032227
2017-04-27,-5163.824672630898,4875.769165107139,2901.1675186157227,-176.55253975736287
2017-04-28,-11217.489337921143,1232.4122009277344,1232.4122009277344,-8344.787937232384
2017-05-01,-9853.631233215332,1789.224235534668,1789.224235534668,-3986.894561767578
2017-05-02,-609.468391418457,9471.656684875488,9471.656684875488,2921.793128967285
2017-05-03,-3715.5275230407733,3077.2259483337384,1768.0308074951172,-724.289409637453
2017-05-04,-4155.501037597656,1985.730857849121,1985.730857849121,-1101.2137137140517
2017-05-05,-6084.897041320801,3036.4985275268555,1767.7659530639648,-1067.6486892700195
2017-05-08,-3845.4750366210938,2776.7619400024414,2776.7619400024414,-1145.6780471801758
2017-05-09,-2353.4149742126465,4409.390411376953,4409.390411376953,1957.905990600586
2017-05-10,-2759.1504249572754,6232.001373291016,6232.001373291016,3797.8936157226562
2017-05-11,-7650.628429412842,3223.935203552246,3223.935203552246,-2295.561637878418
2017-05-12,-4234.176265716553,3055.058433532715,3055.058433532715,-1475.1901283264142
2017-05-15,-830.8990669250488,5109.912437438965,5109.912437438965,2363.57869720459
2017-05-16,-5466.301525115967,3044.5594940185547,3044.5594940185547,-2620.4305589539636
2017-05-17,-5352.304534912109,300.04984283447266,300.04984283447266,-4752.0104904174805
2017-05-18,-3906.86738552368,24345.22992740357,2188.187828063965,13857.348862034914
2017-05-19,-2823.6432571411133,20044.449390411377,13239.982256412506,11098.501929896238
2017-05-22,-2485.705711364746,4459.14559173584,4459.14559173584,315.3087692260742
2017-05-23,-6332.125442504883,1547.4161376953125,1547.4161376953125,-4075.2469787597656
2017-05-24,-4458.637985229492,8260.051147460938,8260.051147460938,4324.9879150390625
2017-05-25,-1842.5214385986328,6823.744941711426,6823.744941711426,4288.786849975586
2017-05-26,-2319.564956665039,3124.811965942383,3124.811965942383,848.742317199707
2017-05-30,-4282.569862365723,733.8341064453125,733.8341064453125,-3726.863838195801
2017-05-31,-8294.098381110563,7864.831855705844,4914.249725341797,2361.42895882474
2017-06-01,-2925.356979370117,14934.370513916016,14934.370513916016,13303.725357736854
2017-06-02,-4679.182910919189,9693.735744476318,9693.735744476318,3977.1606521606445
2017-06-05,-3419.5118370056152,6343.203456878662,5486.616606031156,755.0231285095215
2017-06-06,-5356.139263153076,3568.419792175293,3568.419792175293,-433.07402420043945
2017-06-07,-1718.8725128173828,6292.605739593506,6292.605739593506,2210.227809906006
2017-06-08,-5670.630157470703,13657.45569229126,10891.125427722929,7375.681499004359
2017-06-09,-1873.1231384277344,3895.89453125,3895.89453125,1429.4855041503906
2017-06-12,-3906.8543395996094,1531.1649627685547,1531.1649627685547,-1915.6401062011719
2017-06-13,-3629.5783081054688,3085.7081298828125,3085.7081298828125,449.44915771484375
2017-06-14,-3456.1869201660156,3204.472946166992,3204.472946166992,1703.8719940185547
2017-06-15,-5948.425354003906,273.9384002685547,273.9384002685547,-1603.8005981445312
2017-06-16,-3546.2396850585938,986.76953125,986.76953125,-12.787124633789062
2017-06-19,-1467.65380859375,5005.31494140625,5005.31494140625,4351.818893432617
2017-06-20,-5142.038131713867,331.7501220703125,331.7501220703125,-4141.071533203125
2017-06-21,-2759.1063537597656,1985.6033935546875,1985.6033935546875,-1696.952133178711
2017-06-22,-2467.5447998046875,2835.998077392578,2835.998077392578,-1096.0833587646484
2017-06-23,-4544.556732177734,1298.5314025878906,1298.5314025878906,-1919.1043243408203
2017-06-26,-1779.8583233697113,7613.179167475015,5301.042907714844,1074.7374827521148
2017-06-27,-6916.8671875,7693.850387573242,4994.461606706882,-1756.3662821905914
2017-06-28,-476.41614532467815,7504.915718078642,3536.8450927734375,4170.293312072783
2017-06-29,-18269.208722455176,12845.782999651758,685.1751708984375,-9501.554143292607
2017-06-30,-969.136531829834,8434.549758911133,8434.549758911133,1942.2744031633774
2017-07-03,-2413.824396950863,5793.956978934147,4730.4429931640625,732.6689235142248
2017-07-05,-1687.7783203125,3553.035358428955,3553.035358428955,1804.7845993041992
2017-07-06,-5894.681037902832,304.7890625,304.7890625,-4876.374938964844
2017-07-07,-63.5724003655214,6600.26933928902,4556.765419006348,5650.286555017779
2017-07-10,-4214.741481781006,2213.1343536376953,2213.1343536376953,-778.0473442077637
2017-07-11,-6160.448711395264,2446.2036476135254,2446.2036476135254,453.4922573906679
2017-07-12,0.0,6275.574291229248,6275.574291229248,5177.743011474609
2017-07-13,-1472.4925003051758,2476.7508850097656,2476.7508850097656,1569.5258255004883
2017-07-14,-1083.2539176940918,4314.551288604736,4314.551288604736,2996.04581451416
2017-07-17,-1443.441577911377,1593.1503105163574,1593.1503105163574,415.51780700683594
2017-07-18,-5133.535213470459,512.5722503662109,512.5722503662109,-1282.2724609375
2017-07-19,-265.52275466918945,4525.193405151367,4525.193405151367,3979.0689277648926
2017-07-20,-2502.6616592407227,2648.7059059143066,2648.7059059143066,1073.1406440734863
2017-07-21,-4426.175403594971,229.95162200927734,229.95162200927734,-2083.674304962158
2017-07-24,-3340.2376361574807,5001.185036114248,806.7425575256348,3026.422905376943
2017-07-25,-8936.274227142334,6081.238513946533,6081.238513946533,-2487.9342613220215
2017-07-26,-7605.847503662109,3700.982467651367,3700.982467651367,-3370.993774822744
2017-07-27,-9386.439435141438,11492.058092934734,2568.8913917541504,368.3305195399587
2017-07-28,-9575.872985839844,4490.9777908325195,4490.9777908325195,-3689.780200958252
2017-07-31,-10747.891494750977,4019.645866394043,4019.645866394043,-3516.4417975289425
2017-08-01,-826.4375305175781,5633.194961547852,4953.065013340499,4376.495579310795
2017-08-02,-3356.705966949463,3475.734489440918,3475.734489440918,-1139.589557647705
2017-08-03,-1912.8112335205078,2314.5330772399902,2314.5330772399902,5.399883270263672
2017-08-04,-1357.3630142211914,1719.8062286376953,1719.8062286376953,-278.5598258972168
2017-08-07,-847.6728248596191,2472.0482444763184,2472.0482444763184,1432.5373420715332
2017-08-08,-2650.6893424987793,3406.0889778137207,3406.0889778137207,-821.9752998352051
2017-08-09,-3299.389659881592,617.541690826416,617.541690826416,-483.2748107910156
2017-08-10,-11752.392169952393,792.0063934326172,266.703125,-11478.055507659912
2017-08-11,-2273.9621661050046,8163.875491823463,6186.194286346436,2655.0103757040774
2017-08-14,0.0,12634.710388183594,12634.710388183594,11219.245685577393
2017-08-15,-4674.368217468262,4550.197090148926,4550.197090148926,-2891.836959838867
2017-08-16,-3331.5655479431152,5874.459873199463,5874.459873199463,-859.4216537475586
2017-08-17,-14303.962730407715,2994.46036529541,2360.863006591797,-13862.194770812988
2017-08-18,-7870.083691733274,15217.39576612195,5770.802734375,206.44968196319496
2017-08-21,-6062.567081860141,7153.835639544888,5166.03360748291,3229.995883532925
2017-08-22,-900.626953125,14647.646682739258,14647.646682739258,11415.893277304564
2017-08-23,-5785.52184677124,3784.0274810791016,3784.0274810791016,-947.586540222168
2017-08-24,-2699.0128135681152,3797.403621673584,3797.403621673584,1640.9306335449219
2017-08-25,-675.4606895446777,6600.7399826049805,6600.7399826049805,2706.099193845483
2017-08-28,-3199.014808654785,2058.131977081299,2058.131977081299,-1634.6827125549316
2017-08-29,-6574.1898765563965,2164.877639770508,2164.877639770508,-340.64209365844727
2017-08-30,-855.2083396911621,5949.377395629883,5949.377395629883,4519.193355560303
2017-08-31,-1386.695053100586,5069.315509796143,5069.315509796143,1462.377586364746
2017-09-01,-828.0589981079102,5765.973903656006,5765.973903656006,2045.9768447875977
2017-09-05,-8060.33956745693,3923.5000855582066,906.8414688110352,-3007.978998047961
2017-09-06,-2417.24942779541,3185.3354301452637,3185.3354301452637,807.4128532409668
2017-09-07,-8163.492428847729,4976.674269608082,3564.1870651245117,-1777.6068125452384
2017-09-08,-4576.60977935791,6719.717578887939,6719.717578887939,362.2638702392578
2017-09-11,-998.0287170410156,15918.364322662354,15918.364322662354,13191.212188720703
2017-09-12,-2543.3562874112836,10439.751454898287,6243.782984120515,6700.450125353682
2017-09-13,-4302.528885160191,3272.196117128627,1201.877384185791,247.61799212862707
2017-09-14,-7384.095596313477,3861.926959991455,3861.926959991455,-1669.4332366670858
2017-09-15,-9810.249732971191,6163.879718780518,6163.879718780518,-2833.6260681152344
2017-09-18,-2286.046966484605,16879.91043479103,8043.995677947998,8684.300895759046
2017-09-19,-13415.62769317627,4238.008255004883,4238.008255004883,-6113.971622467041
2017-09-20,-14243.358253479004,15624.713928222656,15329.02486038208,8131.606377329139
2017-09-21,-6143.493412017822,1052.7716827392578,1052.7716827392578,-2941.3606491088867
2017-09-22,-4668.1447105407715,1781.7546615600586,1781.7546615600586,-70.05765914916992
2017-09-25,-10899.584327697754,1769.2793502807617,1769.2793502807617,-7470.424793243408
2017-09-26,-3026.2329023224947,6285.841007437027,5024.641529083252,-196.65478876658676
2017-09-27,-413.78474044799805,13070.502933502197,13036.324101311819,10468.372712544031
2017-09-28,-3225.9386863708496,6781.849182128906,6323.411533423833,5282.067758900777
2017-09-29,-711.4694366455078,5962.08939743042,5962.08939743042,5335.607448577881
2017-10-02,-947.5522422790527,6652.491989135742,6652.491989135742,4514.204006195068
2017-10-03,-2797.4063099452173,7345.312546866306,3102.4936599731445,2123.5818835667455
2017-10-04,-7615.589241027832,3742.7500953674316,3742.7500953674316,-1393.4665565490723
2017-10-05,-3871.6215782165527,5385.573013305664,5385.573013305664,2857.6101406642115
2017-10-06,-3002.480293273926,2465.3180236816406,2465.3180236816406,1091.3061981201172
2017-10-09,-1418.9492797851562,3745.895767211914,3745.895767211914,1490.3294715881348
2017-10-10,-3801.4324493408203,4223.594993591309,4223.594993591309,1402.9303970336914
2017-10-11,-1758.1124076843262,3295.079635620117,3295.079635620117,2272.2193641662598
2017-10-12,-2597.4233360290527,2014.2019958496094,2014.2019958496094,-1362.378704071045
2017-10-13,-1939.9870917116093,9602.357714959533,4511.67866107398,5957.908624274387
2017-10-16,-560.6062316894531,7395.138843536377,7395.138843536377,4325.694438934326
2017-10-17,-4768.465292181287,3784.960936341967,2608.801128387451,-2233.849864516919
2017-10-18,-2200.947127580642,3228.0915381908426,2593.611201286316,74.46130006654596
2017-10-19,-3603.234390258789,193.47915649414062,193.47915649414062,-1380.8214492797852
2017-10-20,-1734.2413330078125,2475.8818168640137,2475.8818168640137,8.16812515258789
2017-10-23,-3299.9341354370117,639.607292175293,639.607292175293,-2308.4062118530273
2017-10-24,-2443.1064796447754,2243.8568115234375,2243.8568115234375,-933.4581108093262
2017-10-25,-4470.147441864014,735.7399749755859,735.7399749755859,-2211.1220626831055
2017-10-26,-2750.2574157714844,1617.8865547180176,1547.8411598205566,-2367.0108582632856
2017-10-27,-4201.281265258789,304.0390510559082,304.0390510559082,-110.55989456176758
2017-10-30,-5002.841159820557,0.0,0.0,-4643.251701116563
2017-10-31,-209.84946632385254,1063.2403202056885,0.0,-5.839381013598086
2017-11-02,-1612.2492152622626,7654.187796456487,0.0,6703.737601143987
2017-11-03,-4514.4521484375,0.0,0.0,-2613.658203125
2017-11-06,-2851.19091796875,475.22509765625,475.22509765625,-713.0793980189874
2017-11-20,-3061.6306762695312,130.39154052734375,0.0,-2337.9488830566406
2017-11-21,-22.170059204101562,1542.548828125,1542.548828125,121.2635498046875
2017-11-22,-3406.0348304680383,4934.54603825297,1354.7809295654297,-2521.6517146996057
2017-11-24,-1623.2942724227905,3380.3893241882324,3380.3893241882324,1900.952693939209
2017-11-27,-10320.606744587429,34773.16448038816,7661.562567472455,29388.363222675653
2017-11-28,-4368.302978515601,29429.53749561312,0.0,-5829.247057139843
2017-11-29,-4654.714279174805,820.9681091308594,820.9681091308594,-913.01123046875
2017-11-30,-2119.3129294259134,4642.2387406485495,2646.725570678711,291.1772019522373
2017-12-01,-4805.197233200073,2445.941333770752,0.0,-1968.8363644736228
2017-12-04,0.0,3415.582847595215,3415.582847595215,1375.9617328643799
2017-12-05,-2518.1219474247487,3825.749781472346,647.4657535552979,-829.6504889896901
2017-12-06,-1505.5642108917236,2506.721181869507,2506.721181869507,280.1241332462819
2017-12-07,-420.86877822875977,1311.197566986084,1311.197566986084,857.9415321350098
2017-12-08,0.0,955.0929546356201,955.0929546356201,485.6432914733887
2017-12-11,-453.29742431640625,857.8897953033447,857.8897953033447,825.5128860473633
2017-12-12,-906.4603328704834,696.0983753204346,696.0983753204346,16.22467041015625
2017-12-13,0.0,2217.6785945892334,2217.6785945892334,1149.3026733398438
2017-12-14,-4463.853791100627,3403.7917777470293,1019.826078414917,-3086.598217827922
2017-12-15,-10088.026163646164,10678.814606121598,8457.966003417969,-1656.7854400362394
2017-12-18,0.0,7806.929672241211,7806.929672241211,6027.368864876872
2017-12-19,-824.3955230712891,1694.6376342773438,1694.6376342773438,91.89294392723059
2017-12-21,-327.7968454361015,4574.295992851252,0.0,2436.1467885971015
2017-12-22,-2451.0464191436768,1408.0523872375488,1408.0523872375488,-1929.5444297790527
2017-12-26,-1929.5543766021729,1408.0523872375488,1408.0523872375488,834.3976411819511
2018-01-02,-14347.765730227722,18732.465100918518,0.0,1961.2426373107292
2018-01-03,-8810.556924819946,22019.961225509644,15917.501604318619,11542.736866235731
2018-01-04,-4471.537255525589,9146.082258939743,8639.967796325684,464.4817131416971
2018-01-05,-174.3175563812256,313.742826461792,313.742826461792,23.230693817138672
2018-01-08,-642.7923928669529,548.6547468730373,23.246109008789062,-54.85073174749184
2018-01-09,-361.62886810302734,309.04039001464844,309.04039001464844,-52.59783935546875
2018-01-10,0.0,861.3551483154297,792.0565100397389,626.7566605976658
2018-01-11,-4969.953688894018,8950.147698129907,0.0,830.0031287329346
2018-01-12,-15007.907734138626,8311.689857261521,1144.5581798553467,-11068.070265718867
2018-01-16,-18747.84036466054,20175.475309167585,6909.934198260307,6607.545725839493
2018-01-17,-14019.417441776848,13148.455669948005,7738.779762268066,-2260.2274965559
2018-01-18,-6754.659595489502,10256.203922271729,10200.765198026385,3427.9420272963416
2018-01-19,-1509.9412841796875,2109.6475219726562,2109.6475219726562,-1482.1931195940022
2018-01-22,-1047.3901806218205,2582.8137759821834,0.0,-1047.3901806218205
2018-01-23,-155.57366943359375,2385.565143585205,2385.565143585205,726.0467262268066
2018-01-24,-2482.1199975013606,3979.3798766136297,414.8796043395996,1368.4366984708015
2018-01-25,-1855.6862520490388,3795.5619626726407,2055.825125558026,1774.031272888177
2018-01-26,-7394.866905212402,900.4748649597168,674.3332328796387,-4841.739907196597
2018-01-29,-344.0674405779167,8301.788804462978,7666.380111694336,4412.83552823748
2018-01-30,-4419.418877465409,9978.282525198774,356.55315017700275,581.0878001621546
2018-01-31,-4515.230827331543,9745.345085144043,9745.345085144043,2721.43700844901
2018-02-01,-3838.934127807617,3770.8980865478516,3770.8980865478516,392.2550533839884
2018-02-05,-23387.237644195546,12717.178577423107,0.0,-20097.21406173705
2018-02-06,-23656.936530794395,62232.2226450784,14482.05978012085,44557.81291607449
2018-02-07,-10875.876945495605,14110.210830688477,5502.540008544922,-8950.598854337437
2018-02-09,-19112.31484695844,29007.16938212939,0.0,18167.983383212762
2018-02-12,-1356.2051734924316,25118.071380615234,22141.334061213915,19705.18596097402
2018-02-13,-2373.352586746216,339.05776023864746,339.05776023864746,-678.1025867462158
2018-02-14,-1672.6342968259594,3813.8114085878588,2373.352586746216,1945.3469081606129
2018-02-15,-395.92681884765625,5149.126161575317,5009.870295763016,4350.485486745834
2018-02-16,-560.9079360961914,800.0661239624023,800.0661239624023,544.3715133666992
2018-02-20,-915.5424575805664,296.9660110473633,296.9660110473633,-635.0989379882812
2018-02-21,-783.5854263305664,1006.3047103881836,1006.3047103881836,-742.3418884277344
2018-02-22,0.0,1072.2692947387695,1072.2692947387695,371.16397857666016
2018-02-23,-560.8940048217773,379.41129302978516,379.41129302978516,313.4258117675781
2018-02-26,-494.8806610107422,404.19503021240234,404.19503021240234,-173.193603515625
2018-02-27,-1105.3003463745117,0.0,0.0,-1055.8094940185547
2018-02-28,-2910.990324463166,2570.311538253509,750.5961685180664,-1679.1946911471257
2018-03-01,-11963.685438973554,10516.952963011614,3833.98956489563,-3271.4937075206135
2018-03-02,-13444.357704162598,19897.03548336029,9946.732008763724,13689.383863619405
2018-03-05,-9012.192518915446,19742.283291135518,15130.274417877197,13425.050829614895
2018-03-06,-5785.185404777527,11231.892137527466,11231.892137527466,5465.8789739608765
2018-03-07,-11299.263242721558,9397.730863571167,9397.730863571167,2922.3881454467773
2018-03-08,-9335.253745896482,10740.94539369855,9770.835962295532,3555.9327870777624
2018-03-09,-2523.4561347961426,19427.454139709473,14921.889669418337,13630.164867128642
2018-03-12,-2539.7274055480957,6934.053871154785,6934.053871154785,2598.702404022217
2018-03-13,-4479.578191348487,12150.69776385171,7767.173172269552,2392.479448454722
2018-03-14,-5269.427951812744,7199.697490692139,7199.697490692139,-2239.760359764099
2018-03-15,-4008.093086242676,2519.6154594421387,2519.6154594421387,-354.78393936157227
2018-03-16,-3233.0243911743164,5847.646251678467,5847.646251678467,-1033.2159156799316
2018-03-19,-13416.48035383224,6869.776596546179,2391.28950881958,-3805.6958613395636
2018-03-20,-2114.595603942871,7588.697288513184,7588.697288513184,4018.348159790039
2018-03-21,-5164.723220825195,7704.594444274902,7704.594444274902,-663.2608184814453
2018-03-22,-8375.554172788352,5261.438689913064,4513.652919769287,-5195.000423703879
2018-03-23,-11001.911818368098,4430.9648181370285,2556.833541870117,-9825.707846505305
2018-03-26,-1443.058334350586,16943.815937042236,14285.113893344127,11844.756983893267
2018-03-27,-4539.204437255859,2057.085090637207,1895.3972244262695,-3393.4825440815466
2018-03-28,-3933.0351054327884,5649.685395513256,2790.4557571411133,1431.5575497490959
2018-03-29,-1616.987648010254,11874.581134796143,7837.70210647583,7607.457667078297
2018-04-02,-11561.182121276855,790.4192848205566,790.4192848205566,-8726.277770996094
2018-04-03,-1856.13618850708,7534.418388366699,7534.418388366699,3555.333522796631
2018-04-04,-6498.30260848999,5213.781845092773,5213.781845092773,3714.655750274658
2018-04-05,-1050.9105377197266,7607.101432800293,7607.101432800293,6022.560256958008
2018-04-06,-7777.811939239502,174.01007080078125,174.01007080078125,-5329.625129699707
2018-04-09,-2266.5917892456055,6466.490879058838,6466.490879058838,155.9563217163086
2018-04-10,-1452.2635602269802,9776.9687510218,7573.976608276367,6672.911248275217
2018-04-11,-5094.803253173828,1507.2573623657227,1507.2573623657227,-2497.416934967041
2018-04-12,-830.1316375732422,7831.702053070068,7831.702053070068,4458.417956284109
2018-04-13,-3226.7201805114746,1879.3557968139648,1879.3557968139648,-1656.2547416687012
2018-04-16,-461.2017593383789,4253.2355880737305,4253.2355880737305,3425.995693206787
2018-04-17,-525.6125755310059,4583.181678771973,4583.181678771973,3482.8135414123535
2018-04-18,-4782.586017608643,771.8007659912109,771.8007659912109,-3928.035575866699
2018-04-19,-2365.595177377967,3045.5146038872917,2051.102550506592,-474.64981910159986
2018-04-20,-5357.200462341321,3378.1098175048705,1006.7881469726562,-3553.7902317047246
2018-04-23,-4893.151765653066,4885.258135012217,3548.6458473205566,748.6738473687844
2018-04-24,-15070.29998806545,9367.18122073582,4943.6697635650635,-7925.839087077542
2018-04-25,-6316.763100215369,7264.924209049767,6944.1841468811035,1336.2102293286978
2018-04-26,-6474.0474794592155,9367.32797258241,8870.229345321655,4684.7670461450325
2018-04-27,-8988.81979751587,7118.059125900269,7118.059125900269,-2752.642053604126
2018-04-30,-6623.062629699707,7305.128406524658,6442.638852698461,-2274.2439519677837
2018-05-01,-9167.483024597177,11848.32382965087,5128.605495452881,9046.550464630118
2018-05-02,-10672.417552947998,10561.653482437134,10561.653482437134,-4379.747064590454
2018-05-03,-21574.622589111328,5924.974353790283,4951.679248809814,-8056.391795839572
2018-05-04,-4316.446681976318,5327.448398590088,5327.448398590088,3167.3845443725586
2018-05-07,-1389.965087890625,5003.399116516113,5003.399116516113,2301.267379760742
2018-05-08,-6588.885129928589,2223.5050659179688,2223.5050659179688,-2450.621988024028
2018-05-09,-12800.203273773193,4902.240238189697,4902.240238189697,-5217.524915558946
2018-05-10,-443.1814270019531,2769.0240325927734,2769.0240325927734,2278.859046765734
2018-05-11,-812.7486343383789,1749.3797779083252,1749.3797779083252,679.4504089355469
2018-05-14,-2519.8892040252686,1379.1586875915527,1379.1586875915527,-1071.5694637298584
2018-05-15,-3147.9308276857637,948.8361915860869,193.36183547973633,-1412.0903297151826
2018-05-16,-3552.071647644043,5863.937698364258,2895.4001121520996,2966.646465710237
2018-05-17,-3404.8094730377197,1671.7147846221924,1671.7147846221924,-850.5759815488555
2018-05-18,-1342.7412605285645,2466.7327613830566,2466.7327613830566,1940.4885482788086
2018-05-21,-5445.3661920683935,8156.743697915737,2044.0977630615234,-1947.341871465976
2018-05-22,-3482.2544860839844,7883.3609790802,7383.9677464621445,4759.108271462579
2018-05-23,-5336.831893920898,4521.1442794799805,4521.1442794799805,40.74574027744586
2018-05-24,-1615.4087085723877,1592.132080078125,1592.132080078125,562.1866455078125
2018-05-25,-1867.790397644043,1128.5164642333984,1128.5164642333984,-632.4158363342285
2018-05-29,-3821.0496864318848,389.4971122741699,389.4971122741699,-1213.036096572876
2018-05-30,-207.76566314697266,6045.783367156982,6045.783367156982,4976.437612533569
2018-05-31,-3729.0068397521973,1995.0427570343018,1995.0427570343018,-1328.7253398895264
2018-06-01,-13909.353817224503,7772.286746740341,4217.188077926636,1334.8224277496338
2018-06-04,-1524.4928932189937,4009.9358272552495,2941.3024501800537,912.2082691192632
2018-06-05,-1719.1086883544922,3943.036403656006,3755.665848595755,3114.425012043544
2018-06-06,-3935.970391273501,6214.566319465635,3210.502694811139,801.2452922548541
2018-06-07,-4077.663007736206,3968.7252254486084,3968.7252254486084,-940.2367744445801
2018-06-08,-9572.860843658447,4618.902624130249,2598.829076766968,462.20521068573225
2018-06-11,-2016.9779586791992,2514.714834213257,2514.714834213257,272.7964286804199
2018-06-12,-2331.6749803338703,5296.644553967888,4047.4590950012207,1816.2637270178143
2018-06-13,-5877.95481300354,2905.955041885376,2905.955041885376,-3650.572332382202
2018-06-14,-1967.6607189178467,5469.437189102173,5469.437189102173,2512.3635865960773
2018-06-15,-5843.537878036499,1982.868034362793,1982.868034362793,445.152286529541
2018-06-18,-5809.810697555542,1316.1502838134766,1316.1502838134766,236.57629919051578
2018-06-19,-10832.7435697828,673.2237764086053,0.0,-5496.000243595667
2018-06-20,-877.9465235301418,4254.3543054035745,3702.231176376343,1018.1249028614598
2018-06-21,-6824.994293212891,2315.2169094085693,2276.098081861223,-4233.050263813565
2018-06-22,-6029.45608030047,5009.04449190412,2577.3646659851074,-39.98381819044084
2018-06-25,-24393.733425378792,3339.444017171867,556.8992214202881,-13565.091320276253
2018-06-26,-4078.512399673462,6194.779781341553,6194.779781341553,2871.2428340911865
2018-06-27,-5116.303241729736,8530.914688110352,7794.877865757255,-250.33740592003596
2018-06-28,-4658.23773765564,3372.9958477020264,3372.9958477020264,1381.2960605621338
2018-06-29,-2146.498997552062,9819.182204382752,3657.542037963867,396.0155879429328
2018-07-02,-9010.284070968628,5373.202411651611,4195.99792098999,-375.13029282433035
2018-07-03,-4548.069803237915,4256.863803863525,4256.863803863525,-3011.743829727173
2018-07-05,-1746.2041854858398,5192.694047927856,5192.694047927856,3250.6351146698
2018-07-06,-707.4250373840332,7131.236961364746,7131.236961364746,5655.57195854187
2018-07-09,-1243.9071922302246,6508.053256988525,6508.053256988525,3132.887643814087
2018-07-10,-6859.865633010864,1547.4685192108154,1547.4685192108154,-4598.914329528809
2018-07-11,-4917.998291015625,1500.1736869812012,1500.1736869812012,-1407.948938369751
2018-07-12,-1021.774091720581,5050.975175857544,5050.975175857544,2160.5837173461914
2018-07-13,-2238.008445739746,2870.913242340088,2870.913242340088,774.5566349029541
2018-07-16,-9483.280487333042,2158.912584032313,780.8806228637695,-4591.688997541173
2018-07-17,-5135.033145904541,5830.685302734375,5830.685302734375,-1056.0984535217285
2018-07-18,-5954.249328068323,9895.705120631628,8047.252738952637,4552.058388573802
2018-07-19,-5490.155973434448,3303.046808242798,3303.046808242798,-195.239217076989
2018-07-20,-2385.287654876709,3904.808605194092,3904.808605194092,697.3774528503418
2018-07-23,-4109.108022144877,6652.684561320699,3592.885673522949,-346.5467695508828
2018-07-24,-14949.83285522461,5245.8479347229,1620.9597053527832,-10552.884157725728
2018-07-25,-2508.6476135253906,4850.736240386963,4850.736240386963,2515.418830871582
2018-07-26,-2272.062516212457,6535.395140647895,3791.1791038513184,2665.0538015365664
2018-07-27,-5685.0185546875,4824.15735244751,4824.15735244751,-4241.346836090088
2018-07-30,-5348.878881726948,2629.3117653982963,1390.3871231079102,-2951.692922864643
2018-07-31,-2787.9296646118164,7702.006488800049,7702.006488800049,6273.591190338135
2018-08-01,-7929.868858848301,6155.033681358607,2237.345848083496,-3598.566475970408
2018-08-02,-1991.1342239379883,8408.08631515503,8408.08631515503,6376.261148452759
2018-08-03,-3740.0631198883057,7000.021389007568,7000.021389007568,2563.9052734375
2018-08-06,-1042.2201080322266,5015.091108322144,5015.091108322144,3302.4450874328613
2018-08-07,-3559.2198009490967,3992.4527797698975,3992.4527797698975,157.92922019958496
2018-08-08,-4512.870944976807,2430.199981689453,2430.199981689453,403.9999256134033
2018-08-09,-2834.640552520752,4092.4115619659424,2931.405610254829,-1167.4438070910292
2018-08-10,-5286.455080986023,2894.8764085769653,1324.5576438903809,-1296.1504392623901
2018-08-13,-5769.509250640869,3143.4186668395996,3143.4186668395996,-2276.4179725646973
2018-08-14,-3072.541330814364,10193.5121512413,8412.785179138184,5994.785221576689
2018-08-15,-15560.338849203916,5759.491732461124,3302.596263885498,-4118.922957079737
2018-08-16,-1733.3332273619494,13656.080903802602,12076.24893951416,5652.308817795334
2018-08-17,-6227.31796836853,6115.6547775268555,4928.948108673096,-35.68427848815918
2018-08-20,-5604.4280841350555,16619.180867433548,12534.135457992554,11959.675374269485
2018-08-21,-4616.7576332092285,14525.937950134277,13710.964303255081,8147.273022413254
2018-08-22,-4788.803115844727,5721.668121337891,5323.9425517491,3157.4613761901855
2018-08-23,-6645.097915649414,3559.1926460266113,3559.1926460266113,-3004.863052368164
2018-08-24,-1762.5511054992676,11555.176212310791,9606.926974773403,8020.512666906627
2018-08-27,-10949.308770758762,8521.846710579739,3501.0480003356934,3129.3980068138694
2018-08-28,-7038.234659194946,8996.651418685913,8996.651418685913,1306.6626224517822
2018-08-29,-2833.969772338867,9040.98903465271,9040.98903465271,1748.5488372870827
2018-08-30,-3757.669288635254,1748.7713584899902,1748.7713584899902,-1932.9131240844727
2018-08-31,-1911.5935974121094,2456.831024169922,2456.831024169922,322.00300216674805
2018-09-04,-2711.128746032715,2960.1077613830566,2960.1077613830566,1589.9864044189453
2018-09-05,-3098.027209997149,10618.447574853924,3560.082752227783,4662.865936517743
2018-09-06,-12213.42246321271,8471.421616758604,4803.038045883179,-2439.5180963107878
2018-09-07,-8508.546912465776,6546.549353327071,5299.463424682617,-1152.236132417405
2018-09-10,-2475.073329925537,10180.13346862793,9348.119141169955,5240.854307719637
2018-09-11,-6096.791312898913,7263.663896833143,6810.210231781006,2105.1000095094887
2018-09-12,-6558.968845367432,7647.6845626831055,4440.325907809382,497.96464759962146
2018-09-13,-5397.394408226026,12023.636277198779,7935.965847015381,4075.5815455572874
2018-09-14,-4776.612911224365,6010.460647583008,6010.460647583008,1310.8911018371582
2018-09-17,-10194.747734069824,4499.315170288086,4499.315170288086,-7204.486088752734
2018-09-18,-3904.575954437256,6894.40491104126,6894.40491104126,3067.6390953063965
2018-09-19,-6646.051120758057,2898.6825370788574,2898.6825370788574,-3251.652473449707
2018-09-20,-6836.982799530029,11121.27607345581,11121.27607345581,1175.9035911560059
2018-09-21,-5654.534767150879,4038.9442024230957,4038.9442024230957,-4595.381539481024
2018-09-24,-6185.536735534668,2116.797649383545,2116.797649383545,-1011.0362129211426
2018-09-25,-3875.704216003418,1937.4993743896484,1937.4993743896484,-1976.6120567321777
2018-09-26,-2795.9110136032086,5764.106766700746,5094.781192779541,-10.84491252898988
2018-09-27,-8219.743370056152,4245.162448883057,4245.162448883057,-1133.5591621398926
2018-09-28,-3441.2916526794434,4873.539131164551,4873.539131164551,2589.880023751941
2018-10-01,-1637.6085357666016,4659.505531311035,4659.505531311035,1240.4923782348633
2018-10-02,-3161.404960632324,2144.700267791748,2144.700267791748,-1009.0296440124512
2018-10-03,-638.2784271240234,4262.73583984375,4262.73583984375,1817.1403846740723
2018-10-04,-11267.325172424316,462.1723937988281,462.1723937988281,-8597.75297164917
2018-10-05,-10244.809413909912,1740.4400749206543,932.5044403076172,-8302.15237454004
2018-10-08,-3582.5660400390625,712.4651031494141,712.4651031494141,-2591.640090942383
2018-10-09,-7853.250900268555,102.73773193359375,0.0,-6001.097588266649
2018-10-10,-3223.4704967226353,1319.6379322324428,0.0,-3056.1640315737095
2018-10-11,-21815.974058968717,17505.433968680205,0.0,-15420.63371208739
2018-10-12,-4130.788596017023,26729.05964006696,23417.203346252434,17239.46207427982
2018-10-15,-1529.5126953125,2419.529266357422,2419.529266357422,-542.6643306187191
2018-10-25,-1174.0845956802436,4799.010245323174,0.0,3852.33437252044
2018-10-26,-5951.473666599833,4722.023418971456,991.7569046020508,719.0292478288775
2018-10-29,-7527.311546325684,6297.347747802734,6297.347747802734,-3151.574062892354
2018-10-30,-540.9551849365234,2592.1034393310547,2592.1034393310547,1983.5224075317383
2018-10-31,-405.72068786621094,3741.6396560668945,3190.6150617599624,3190.688035011299
2018-11-13,-127.41250828334512,985.8249795096236,0.0,93.59890529087363
2018-11-14,-13224.121850694926,7749.7071898324175,695.7699279785156,-9892.708673204692
2018-11-15,-2984.37744140625,28921.588409423828,18794.075011117107,18170.10976791382
2018-11-19,-125.99094186510267,547.0924588612156,0.0,287.30606283460435
2018-11-20,-951.6900084359289,3591.8249604361413,668.4904368264328,1695.1778610774463
2018-11-21,-762.3336378506583,11606.109092099294,2258.999568939209,4459.533834525484
2018-11-23,-7362.7710609436035,1818.7262840270996,1818.7262840270996,-3062.174352373397
2018-11-26,-1772.6397323608398,5115.744514465332,5115.744514465332,2206.1565939358634
2018-11-28,-300.049409866333,620.652494430542,0.0,-12.33006477355957
2018-11-29,-517.8948211669922,0.0012969970703125,0.0012969970703125,-230.17547607421875
2018-11-30,0.0,920.7057952880859,919.060230255127,539.5055408477783
2018-12-04,-1152.8191349846943,1651.1359736578838,0.0,-742.6845372063739
2018-12-06,-2393.820510864258,694.7115325927734,694.7115325927734,644.487190246582
2018-12-07,-1715.8461685180664,1715.852554321289,1715.852554321289,-1707.4807662963867
2018-12-10,-4916.549821853638,8532.92237663269,2511.0,6302.368543624878
2018-12-11,-2617.0144271850586,7198.321739196777,7198.321739196777,1053.7649765014648
2018-12-12,0.0,10450.797096252441,10450.797096252441,3478.544593129836
2018-12-17,-6262.27087484087,5514.380385535106,0.0,-3536.526368004933
2018-12-18,-2810.6489996910095,7643.560469150543,5471.622467041016,313.4900689125061
2018-12-19,-12378.628246307373,12926.233352661133,6949.589370727539,-7308.07386173521
2018-12-20,-2507.9639434814453,0.0,0.0,-1671.9719123840332
2018-12-21,-2305.2929496765137,4255.981521606445,4255.981521606445,-2305.2929496765137
2018-12-24,-8374.691477911816,5558.49886022295,379.9974822998047,-8097.335719244824
2018-12-26,-1589.377330507556,31481.92596844264,24646.646766662598,31307.64242962428
2018-12-27,-16688.64755630493,5589.2792320251465,5415.494798660278,5232.068312508727
2019-01-18,-410.77153233119634,4755.409116472514,0.0,120.72846766880365
2019-01-22,0.0,3082.7016220092773,3082.7016220092773,1296.8612976074219
2019-01-23,-2168.5209732055664,0.0,0.0,-871.5897652762255
2019-01-30,-327.75584874834,1550.6355391911131,0.0,204.6644088200194
2019-01-31,-2434.8813653673487,4687.34780638558,1362.5332565307617,-1656.425158091958
2019-02-01,-2545.4565405164476,7637.368395396638,6756.966903073444,2077.3665512629887
2019-02-04,-2751.5852443831313,3245.3154352051865,2506.9226989746094,-794.8722464016466
2019-02-05,-355.5924987792969,571.4835786819458,571.4835786819458,-177.79624938964844
2019-02-06,-45.48458480834768,1851.6783275604266,825.476541519165,1727.8497764723666
2019-02-07,-169.1595458984375,592.588623046875,353.561279296875,-67.8611624581481
2019-02-08,-225.93115234375,173.85986328125,173.85986328125,-82.92592021397297
2019-02-19,-2579.5127794401938,4566.960611139029,0.0,-42.953172888069844
2019-02-20,-4375.82618522644,1077.7051792144775,1077.7051792144775,-3187.4383335113525
2019-02-21,0.0,7303.989629745483,7303.989629745483,3694.3915063994223
2019-02-22,-1174.3122326987097,1299.82318905422,0.0,729.8350909096888
2019-02-25,-814.2949142456055,820.5184860229492,820.5184860229492,-563.7455520629883
2019-02-26,-14103.965247017986,5762.652491705769,144.06556701660156,1252.2478019169505
2019-02-27,-1918.3235945020397,10617.117750712803,7489.95742232457,6021.736933095099
2019-02-28,-1972.290958404541,4595.49517250061,4595.49517250061,3629.064836502075
2019-03-01,-6547.768039703369,5100.893005371094,1290.0655975341797,-1098.795126506261
2019-03-04,-12506.236850806628,8482.140735558118,1337.0689220428467,-2776.5791969980355
2019-03-05,-5861.120273590088,1655.9673805236816,1485.768009185791,-2810.634002140604
2019-03-06,-6815.210020065308,2045.501874923706,1989.9378643035889,-3869.8171800204736
2019-03-07,-4395.627722535839,7193.016392912159,3960.6417961120605,-298.784233842602
2019-03-08,-11081.536766052246,1814.674077987671,1814.674077987671,-3801.713077000187
2019-03-11,-1198.5518531799316,5164.893848419189,5164.893848419189,4945.267335891724
2019-03-12,-1467.56937789917,4027.5208053588867,4027.5208053588867,3192.355104446411
2019-03-13,-2912.258285522461,2292.4410495758057,2292.4410495758057,110.09023475646973
2019-03-14,-1785.1334896087646,3881.5151653289795,3881.5151653289795,786.4763660430908
2019-03-15,-2611.152500152588,3820.1372680664062,3820.1372680664062,1389.014139175415
2019-03-18,-4722.435922077723,1881.311613627843,1112.1668014526367,-1891.298083714076
2019-03-19,-7233.036293302262,2587.720285143173,811.8003768920898,-4606.209438596451
2019-03-20,-4121.595349448067,5867.822201592582,5074.176258087158,-163.29203196934236
2019-03-21,-1824.7222423553467,9234.29695892334,9234.29695892334,7150.365627288818
2019-03-22,-6384.140193939209,4703.158472061157,4703.158472061157,-2112.697375161308
2019-03-25,-6618.214635304027,13094.800081798025,3860.074068069458,8274.009949275442
2019-03-26,-2757.702833175659,18364.051599502563,16610.25259399414,9815.215049743652
2019-03-27,-13817.481801986694,4597.956050872803,4597.956050872803,-5345.26339585442
2019-03-28,-5940.562953540256,4663.901487759182,3882.2957439422607,-2404.4737678255347
2019-03-29,-3904.968979563033,6493.146298680986,4935.590143203735,1238.4733345849163
2019-04-01,-4570.201105117798,8678.88896560669,8511.917423657009,4439.832702909197
2019-04-02,-4504.756702423096,3244.4007606506348,3244.4007606506348,-505.2165107727046
2019-04-03,-5890.53849281585,8045.259297711494,5093.689069747925,859.7204850741646
2019-04-04,-8059.165414810181,7274.371807098389,7274.371807098389,-170.23408317565918
2019-04-05,-3678.847743988036,9511.815689086914,8813.731491088867,6230.764300005792
2019-04-08,-5591.023246765137,2382.863006591797,2322.2147249494274,-944.5718558175226
2019-04-09,-5423.92138671875,2328.372303009033,2328.372303009033,-2352.376699175154
2019-04-10,-2422.3030700683594,6469.418563842773,6469.418563842773,1889.668836593628
2019-04-11,-2314.1509284973145,3923.4421977996826,3923.4421977996826,1079.5801525115967
2019-04-12,-4551.9320640563965,5356.478744506836,5356.478744506836,2317.27366065979
2019-04-15,-1359.0817680358887,6241.299938201904,6241.299938201904,3801.469861984253
2019-04-16,-7830.054899215698,3213.0895347595215,3213.0895347595215,-4868.512714385986
2019-04-17,-21992.204083578927,17202.778609139576,3506.7519397735596,-7411.033429282055
2019-04-18,-11720.063404083252,12285.644403457642,12285.644403457642,771.1951560974121
2019-04-22,-14666.915121078491,7732.402286529541,6434.215686798096,-4215.100546973086
2019-04-23,-2787.414752960205,20481.88628578186,20481.88628578186,13552.336841583252
2019-04-24,-8492.668129069469,13663.851186650134,11954.229684829712,784.6089724472539
2019-04-25,-17530.6455083575,16348.459275654344,13970.695888519287,4048.232907703905
2019-04-26,-5975.402366638184,17652.525245666504,17652.525245666504,11615.131547927856
2019-04-29,-13755.089374542236,5123.468366622925,5123.468366622925,-6410.225627354173
2019-04-30,-8658.40841293335,10479.42103767395,10479.42103767395,5421.637859344482
2019-05-01,-13782.762831687927,11828.244339942932,5452.911512374878,-7557.069571495056
2019-05-02,-11438.218267440796,12857.049297332764,12005.18664932251,6019.5047035217285
2019-05-03,-8411.733196258545,13748.800077438354,13748.800077438354,1129.0488767623901
2019-05-06,-14596.160692214966,6655.0732707977295,6655.0732707977295,2690.197774887085
2019-05-07,-17571.55597114563,1314.801887512207,1314.801887512207,-11026.444911956787
2019-05-08,-8182.202919006348,10109.380144119263,10109.380144119263,714.9377365112305
2019-05-09,-13579.361017227173,3434.756504058838,3434.756504058838,-3060.6530723571777
2019-05-10,-11603.184080123901,12434.086498260498,12434.086498260498,9549.984102249146
2019-05-13,-24359.657976150513,4928.765859603882,4928.765859603882,-15067.349342346191
2019-05-14,-4190.359987258911,13233.789691925049,13233.789691925049,6660.165056228638
2019-05-15,-5975.95841217041,11361.87717628479,11361.87717628479,6715.529224395752
2019-05-16,-1663.5238437652588,14573.734491348267,14573.734491348267,8191.66953086853
2019-05-17,-9425.143285751343,5225.1079959869385,5225.1079959869385,-3880.175281524658
2019-05-20,-7871.430128097534,8121.429758071899,6406.664396286011,76.03377532958984
2019-05-21,-869.9550590515137,15078.652435302734,15078.652435302734,10514.234558105469
2019-05-22,-7145.550682067871,6513.481006622314,6513.481006622314,337.5629253387451
2019-05-23,-14919.58943939209,2497.600238800049,2497.600238800049,-7802.924033096853
2019-05-24,-3278.987735748291,7794.414438247681,7794.414438247681,2556.203239440918
2019-05-28,-5829.393763950879,8113.197622844165,6014.894418716431,-4080.518886021191
2019-05-29,-15994.593925476074,1336.880838394165,1336.880838394165,-9525.557821273804
2019-05-30,-4319.083068370819,11591.599924564362,9838.04361152649,3499.098144394995
2019-05-31,-15855.88097000122,6630.569122314453,2945.586929321289,-1578.9132153647306
2019-06-03,-12329.30938012259,12026.771693638395,8143.673276901245,302.85011700222276
2019-06-04,-4335.040340423584,22202.017765045166,22202.017765045166,19269.660526275635
2019-06-05,-1052.6935901641846,15909.137062072754,14427.767661094666,12743.820366450715
2019-06-06,-4516.934736251831,2603.8890686035156,2603.8890686035156,-1190.9302368164062
2019-06-07,-1317.6227134977103,7252.989549228119,6559.398403167725,3953.296874591279
2019-06-10,-5484.8114994594025,6959.252003805979,6086.202820777896,-1319.0164927073865
2019-06-11,-4278.323637008667,6376.900104522705,5807.76269524438,-182.91566405977346
2019-06-12,-3819.3669815063477,5521.576211929321,4423.379594802856,368.34676660810146
2019-06-13,-2171.545097351074,13336.00188446045,12736.613306318017,6642.054256439209
2019-06-14,-2328.1297855377197,4299.678140640259,4299.678140640259,2188.9844036102295
2019-06-17,-2896.4042415618896,3455.968755722046,3455.968755722046,1123.3902530670166
2019-06-18,-1930.4305839538574,5512.64772605896,5512.64772605896,578.9311294555664
2019-06-19,-1259.912929534912,4189.04398727417,4189.04398727417,3055.5633392333984
2019-06-20,-2244.5139141082764,3715.872812271118,3715.872812271118,1833.0904350280762
2019-06-21,-6045.564613342285,0.0,0.0,-5501.794960021973
2019-06-24,-4650.690092359269,12344.577857698716,3104.6879177093506,1212.064859117782
2019-06-25,-22868.019799913647,9674.93511417937,5780.767862319946,-14367.914922441749
2019-06-26,-17035.893802915325,16284.754258836994,11138.86554881508,116.47275733943206
2019-06-27,-5674.612323760986,13176.180212020874,10769.496633529663,6646.855565752315
2019-06-28,-3080.781681060791,13011.723043441772,13011.723043441772,5765.11006573271
2019-07-01,-333.62794494628906,10169.159776687622,10169.159776687622,8205.050226211548
2019-07-02,-594.7396430969238,2523.331531524658,2523.331531524658,2212.3790283203125
2019-07-03,-420.99383544921875,2472.5187377929688,1777.7084452424938,1761.9423504897568
2019-07-05,-1119.0042266845703,631.4154052734375,631.4154052734375,279.7290802001953
2019-07-08,-1182.9243621826172,0.0,0.0,-1142.9523010253906
2019-07-09,-1015.0743560791016,559.4958343505859,559.4958343505859,471.577392578125
2019-07-10,0.0,2110.0928344726562,2110.0928344726562,1542.5975646972656
2019-07-11,0.0,1438.6928100585938,1438.6928100585938,15.986312866210938
2019-07-12,0.0,1494.6511840820312,1494.6511840820312,1055.0589752197266
2019-07-15,-727.3709564208984,383.62127685546875,383.62127685546875,143.83914184570312
2019-07-16,-999.0880432128906,0.0,0.0,-607.7218835013282
2019-07-22,-40.08059910370349,2583.2839638845776,0.0,1505.1881081716872
2019-07-23,0.0,3827.1585083007812,3827.1585083007812,3827.1585083007812
2019-07-24,-5393.469615936274,6469.202213287359,2533.7100219726562,-503.07872935698447
2019-07-25,0.0,6544.817138671875,6544.817138671875,5957.121551513672
2019-07-26,-2724.7743530273438,828.1067504882812,828.1067504882812,667.6105613708439
2019-08-01,-209.73415129525566,993.0822854723224,0.0,639.3141885484943
2019-08-02,-35.37190246582031,672.1642913818359,507.4583474908576,189.27688929012942
2019-08-05,-1965.5270357131958,899.6922416687012,488.3015441894531,416.24874779156426
2019-08-06,0.0,2605.468605041504,2605.468605041504,777.070348739624
2019-08-07,-4158.302383422852,7442.295566558838,4664.054162740703,5434.374367713928
2019-08-08,0.0,7759.563791275024,5824.91507789067,5432.933429718018
2019-08-09,-980.1123428344727,735.1360054016113,735.1360054016113,-424.69411849975586
2019-08-12,-1780.5865173339844,261.3685989379883,261.3685989379883,-1094.4919548034668
2019-08-13,-932.5700988769531,5473.155422210693,2548.379665374756,2121.403633117676
2019-08-14,-6626.791748046875,253.885009765625,253.885009765625,-6313.256252288818
2019-08-15,-851.2272453308105,1639.1884803771973,1639.1884803771973,-304.3820343017578
2019-08-16,0.0,5013.729705810547,5013.729705810547,3924.8766021728516
2019-08-19,-1011.9752197265625,3508.8248596191406,3508.8248596191406,2256.7890663146973
2019-08-20,-3216.9722480773926,58.05034637451172,58.05034637451172,-1980.637607574463
2019-08-21,-522.7133140563965,1663.5644149780273,1663.5644149780273,6.213024139404297
2019-08-22,-674.650146484375,838.0948486328125,838.0948486328125,-180.8353271484375
2019-08-23,-1881.3641357421875,69.549560546875,69.549560546875,-1509.2642822265625
2019-08-26,-164.20949608938338,3321.155097416476,2545.57861328125,2976.8815378461636
2019-08-27,-813.7376708984375,1988.2967529296875,1988.2967529296875,-63.2711181640625
2019-08-28,-1032.49267578125,2123.6754760742188,2123.6754760742188,1142.4651418413364
2019-08-29,-785.929443359375,806.7943115234375,806.7943115234375,-187.790283203125
2019-08-30,-34.7877197265625,1387.536376953125,1387.536376953125,570.306396484375
2019-09-03,-1492.6979509081077,2357.2485670362285,0.0,1245.216836384373
2019-09-04,-876.33740234375,2511.7019119262695,2511.7019119262695,2146.5634841918945
2019-09-05,-1718.297752380371,1766.7198181152344,1766.7198181152344,-828.3462295532227
2019-09-06,-539.018798828125,1610.3010787963867,1610.3010787963867,707.2267608642578
2019-09-09,-4161.979080200195,101.92808532714844,101.92808532714844,-2349.9664154052734
2019-09-10,-8767.772247723155,6446.872424670644,0.0,-1655.8690456662691
2019-09-11,-4792.91769259317,12386.984685489104,8150.561904907227,2954.029359408784
2019-09-12,-3383.5437202453577,10598.922496795658,7814.2553062438965,2215.9096975326456
2019-09-13,-3910.5546264648438,1961.4829711914062,1961.4829711914062,-206.58768858228484
2019-09-16,-3956.3852767944336,1041.3114929199219,1041.3114929199219,-2767.320075988773
2019-09-17,-221.46421621527026,4129.416562097413,3180.895408630371,1974.5000028780526
2019-09-18,-3163.861939430237,752.6296472549438,752.6296472549438,-627.8648233413696
2019-09-19,-649.7816123962402,2691.465036392212,2474.613898617881,1842.0502986737665
2019-09-20,-656.1020050048828,2191.995780944824,2191.995780944824,-207.4911651611328
2019-09-23,-0.01549530029296875,2324.6402130126953,2324.6402130126953,1105.2394104003906
2019-09-24,-747.6868896484375,2930.492835998535,2930.492835998535,433.47391510009766
2019-09-25,-697.4772262573242,1780.8106536865234,1780.8106536865234,-33.722084045410156
2019-09-26,-1036.3013916015625,1863.777244567871,1863.777244567871,925.2981033325195
2019-09-27,-2049.576683180682,5791.151283127912,1092.1177825927734,526.2999266215643
2019-09-30,-4711.101691109803,11688.403306143615,6730.216819422592,2609.9218656676094
2019-10-01,-30568.269356659453,9805.170458861785,2983.9290504455566,-24822.091066224202
2019-10-02,-37842.123596191406,8248.525123596191,4821.591064453125,-19602.50395604544
2019-10-03,-7345.365104675293,6566.234680175781,6566.234680175781,4143.685302734375
2019-10-04,-3380.8947830200195,10142.449325561523,10142.449325561523,9348.967262268066
2019-10-07,-1913.514633178711,2171.832733154297,2171.832733154297,-499.4187698364258
2019-10-08,-5509.258979797363,2113.193359375,268.6690673828125,-4447.455177307129
2019-10-09,-358.23111724853516,7880.021865844727,7880.021865844727,4616.887557983398
2019-10-10,-4049.7909915447235,9051.021170854568,4148.0422439575195,443.74104046821594
2019-10-11,-7900.927948185376,1815.1135919604974,1059.2587280273438,-1625.3520833935065
2019-10-14,-2596.26570892334,5077.6454401016235,3498.319345627513,36.56395365510707
2019-10-15,-1371.2794933319092,2114.2429809570312,2114.2429809570312,-190.48679668562704
2019-10-16,-1198.4686698913574,584.9691162109375,584.9691162109375,-129.11746215820312
2019-10-17,-105.52385711669922,2768.8982887268066,2768.8982887268066,1677.9139289855957
2019-10-18,-745.2733573913574,1442.1787872314453,1442.1787872314453,75.82819747924805
2019-10-21,-239.18545532226562,2773.471534729004,2773.471534729004,2371.945167541504
2019-10-22,-1404.235735212055,3545.494233812603,3135.225257873535,249.52111216953676
2019-10-23,-1344.1534309387207,2433.20902633667,2433.20902633667,1432.5372200012207
2019-10-24,-2524.3730169023756,5014.663535526824,1741.9536361694336,3450.8526415143724
2019-10-25,-3658.841506958008,1849.0466957092285,1849.0466957092285,-933.8158645629883
2019-10-28,-1755.3205070495605,4926.052284240723,4926.052284240723,1213.7747039794922
2019-10-29,-2396.4882920469504,16115.082144430711,6141.2499144417825,4734.610578094213
2019-10-30,-4639.079386574874,3068.372344153275,2593.712942123413,1001.9773971012735
2019-10-31,-10264.534086227417,1898.191291809082,1282.7781143188477,-4453.2318115234375
2019-11-01,-981.9924545288086,9502.911500930786,9502.911500930786,6024.676275253296
2019-11-04,-4910.120330810547,7227.32216835022,7227.32216835022,762.993595123291
2019-11-05,-7735.402004241935,8103.695861816414,5453.158435821533,-1297.4252395629803
2019-11-06,-6354.865644454956,5350.131057739258,5168.517849240982,2728.7686072758256
2019-11-07,-6982.059694017675,7652.60459927151,4277.8307819366455,-574.126159940444
2019-11-08,-5174.7049560546875,6012.701261520386,5873.558563641133,1533.4840666907144
2019-11-11,-5141.405521392822,3734.5648860931396,3734.5648860931396,-699.5163564682055
2019-11-12,-3011.047119140625,2957.529426574707,2957.529426574707,786.6224594116211
2019-11-13,-6827.531717300415,4908.485166549683,2869.514768600464,-1658.2269287109375
2019-11-14,-5920.17303943634,4982.7954931259155,3265.0115814208984,-102.43444538116455
2019-11-15,-3683.6118240356445,5425.66655921936,5425.66655921936,1649.037359237671
2019-11-18,-7938.342578342987,13481.458132335114,8509.053255081177,4997.472349711823
2019-11-19,-6646.929580688477,7800.24783706665,7800.24783706665,-2790.525514602661
2019-11-20,-8514.274370193481,7426.250314712524,7426.250314712524,-3295.3113427843323
2019-11-21,-6518.369003295898,2600.4734897613525,2600.4734897613525,-2738.2928009033203
2019-11-22,-8223.041394642445,7851.814249583629,6073.260908126831,967.2310949052844
2019-11-25,-2910.2891006469727,11276.326940536499,11276.326940536499,4936.4214153289795
2019-11-26,-3757.365672554284,14096.891811881751,12386.132049560547,7910.347007717433
2019-11-27,-3782.822506734308,7499.5936137948665,6097.318334579468,3559.332865885321
2019-11-29,-9376.499560492392,7753.140723092203,4728.456560134888,-2344.5916715349676
2019-12-02,-19642.744241714478,7792.410413742065,7177.878686904907,-14124.079520089274
2019-12-03,-27292.65789331709,9510.411002022876,1220.2785148620605,-1983.290204184399
2019-12-04,-1509.621576309204,29168.57762336731,29001.556425094604,15006.74979645866
2019-12-05,-5761.737211227417,16325.207250595093,15171.766775131226,6186.00186020987
2019-12-06,-322.7653503417969,16900.58281135559,16900.58281135559,9133.199663162231
2019-12-09,-5984.092918395996,5298.561779022217,5298.561779022217,-1896.1962642669678
2019-12-10,-11869.013940257712,10359.97429712327,4842.815771102905,-2729.819553775473
2019-12-11,-5040.040154457092,15084.08671760559,15084.08671760559,11769.098151649743
2019-12-12,-5172.2767543792725,24127.435494422913,23532.947918891907,16733.142192116837
2019-12-13,-7171.1040325164795,2974.0748500823975,2974.0748500823975,-3698.4682846069336
2019-12-16,-758.0603656768799,6901.869823455811,6901.869823455811,3010.083641052246
2019-12-17,-3940.8080863952637,3944.3586082458496,3944.3586082458496,-1106.2544956207275
2019-12-18,-6045.457693099976,1201.8661499023438,1201.8661499023438,-2786.1106452941895
2019-12-19,-4312.473946230753,4891.288306576864,4216.56591796875,2054.8240693637294
2019-12-20,-3227.3451382092044,9897.13072047915,9487.545585632324,2209.548420292993
2019-12-23,-6725.361633300781,3930.463798522949,3930.463798522949,-1002.5180123874111
2019-12-24,-3801.37196469307,4772.217877149582,3975.516628265381,1464.2259353569552
2019-12-26,-5470.016761779785,2097.6024494171143,2097.6024494171143,-599.1279373168945
2019-12-27,-3443.5859718322754,3920.2527294158936,3920.2527294158936,-762.528925657272
2019-12-30,-4458.98094367981,1775.197504043579,1775.197504043579,-2967.44677734375
2019-12-31,-2489.8718395233154,3845.4470710754395,3845.4470710754395,417.5130729675293
2020-01-02,-2988.2621726989746,8169.136875152588,8169.136875152588,5556.478269577026
2020-01-03,-11530.358659744263,378.19774627685547,378.19774627685547,-6178.991493225098
2020-01-06,-14250.225685732688,5666.585889203225,789.4897384643555,-6687.992022173728
2020-01-07,-7976.871573533329,9350.268472586362,8049.2142333984375,-4491.939592446598
2020-01-08,-7852.648814354628,21015.021868552478,12890.617897987366,4772.759554369089
2020-01-09,-4490.794798851013,14318.3466091156,11691.054934859283,7140.6216757297525
2020-01-10,-3791.9301471710205,4052.217554092407,4052.217554092407,-1390.6968574523926
2020-01-13,-2236.780824661255,5264.815969467163,5264.815969467163,3523.407890319824
2020-01-14,-5705.880373137338,5412.196124894278,4560.889430999756,248.96189294542546
2020-01-15,-4741.069923400879,8999.427730560303,3570.0474853515625,307.56860542297363
2020-01-16,-3504.5749282836914,12469.2500705719,11880.270761081152,6374.632633345468
2020-01-17,-8157.070678642827,9075.921518393916,4877.903465270996,-3245.375192642212
2020-01-21,-9203.365181173602,3100.8218639237493,1536.0922966003418,-6819.151204313555
2020-01-22,-4331.490798950195,6597.652591705322,6008.5449215344015,-1824.0928102902008
2020-01-23,-8851.59058189392,3435.9078884124756,3435.9078884124756,-916.1099177769202
2020-01-24,-7913.358022689819,1307.880823135376,1307.880823135376,-5132.496004104614
2020-01-27,-9144.002773284912,0.0,0.0,-7116.500907897949
2020-01-28,-1163.8131065368652,5566.548831939697,5566.548831939697,3532.1882718290553
2020-01-29,-3843.0160217285156,5350.666374206543,5350.666374206543,2322.415740966797
2020-01-30,-5877.637435913086,1061.987892150879,1061.987892150879,-394.3044204711914
2020-01-31,-6618.888828277588,0.009246826171875,0.009246826171875,-5331.06748308455
2020-02-03,0.0,4243.797203063965,4243.797203063965,2162.023006439209
2020-02-04,-11312.867993763513,21937.317362376623,5398.658695220947,4555.29706818717
2020-02-05,-2405.202621459961,33281.455463409424,25688.19803837367,22888.79032816205
2020-02-06,-5970.749153137207,694.4787368774414,694.4787368774414,-4066.9299681527227
2020-02-07,-1091.3800964355469,0.0,0.0,-851.7199859619141
2020-02-10,-479.30767822265625,453.52610778808594,453.52610778808594,405.60035705566406
2020-02-11,-117.99568176269531,759.5372314453125,759.5372314453125,51.613311767578125
2020-02-12,-70.07620239257812,921.7522888183594,921.7522888183594,696.8424224853516
2020-02-13,-1924.6309204101562,22.15045166015625,22.15045166015625,-1732.9091033935547
2020-02-14,-548.46826171875,411.3574676513672,411.3574676513672,204.16751098632812
2020-02-19,-90.65061296735587,732.1840427943629,0.0,277.0226658412379
2020-02-20,-137.60784912109375,1334.9974365234375,1048.8291822161,894.6795065743586
2020-02-21,0.0,1214.5814514160156,259.59297616141356,259.2978275844034
2020-02-25,-1478.2600686209578,210.16372898646415,0.0,-1352.8034035818953
2020-02-26,-454.5202200753333,2204.7974068777917,146.5793112091116,117.30005972726508
2020-02-27,-4409.05859375,924.837890625,0.0,-4340.7080078125
2020-02-28,-7141.28248214722,9726.815988540646,322.798828125,7310.787174497327
2020-03-02,-938.6241912841797,20386.4686088562,15261.560813903809,19890.027074813843
2020-03-03,-17010.71435546875,5548.397033691406,5548.397033691406,-9750.454750061032
2020-03-04,-1789.283203125,3917.081787109375,3917.081787109375,3070.851852416992
2020-03-10,-525.6928825378412,435.14726638794,0.0,428.7513923645025
2020-03-11,-1255.7746146065865,1405.2146126883354,0.0,-589.079180036274
2020-03-12,-5119.4984130859375,0.0,0.0,-4486.672212328229
2020-03-16,-3076.787745884488,6784.816258021762,0.0,-2700.919093540738
2020-03-17,-1367.9151793888636,10531.53741155352,9130.55126953125,8919.381950650897
2020-03-18,-2685.619772774834,2207.3205043247754,0.0,386.9787227085644
2020-03-19,-1680.389419555664,2309.789794921875,2309.789794921875,409.5584201812758
2020-03-23,-1474.6471015385223,2449.931832177298,0.0,579.653511864798
2020-03-24,0.0,6502.38395690918,6502.38395690918,6383.120407104492
2020-03-25,-1486.1570129394531,3357.3092498779297,3357.3092498779297,-183.7739189692902
2020-04-16,-4399.045295715332,4118.5588302612305,0.0,-829.085334777832
2020-04-17,0.0,6230.688781738281,5869.889863014221,3478.6113786697388
2020-04-20,-10120.848404203145,4090.900092806133,0.0,-3055.8623097283516
2020-04-21,-5204.160551105223,16731.859697307864,10849.60221862793,6194.141782726566
2020-04-22,-6992.815231323242,10260.699119567871,9897.329907689777,3431.2569010938932
2020-04-23,-1667.1700382913834,12688.559778145383,6405.437728881836,2852.8033359391366
2020-04-24,-3833.4414113930293,3539.3235345908574,2404.535663945335,76.23078492709601
2020-04-27,-9419.829044682638,4416.718288081033,2352.915672302246,-6032.3561947005155
2020-04-28,-8015.714638028826,2967.4798180716384,1020.6762466430664,-4476.143023388726
2020-04-29,-7515.886881394047,13190.260121779784,4017.0780378069194,532.62572870084
2020-04-30,-1929.7919731140137,12006.510745048523,11407.48503289904,7540.432551792688
2020-05-01,-3065.041778564453,16403.802260398865,14354.20810158764,9852.06145392997
2020-05-04,0.0,2628.1775512695312,2628.1775512695312,2571.81396484375
2020-05-05,0.0,2381.582763671875,2381.582763671875,1712.2064514160156
2020-05-06,-472.0982971191406,1085.0891723632812,1085.0891723632812,14.08270263671875
2020-05-07,-310.02703857421875,1183.7391052246094,1183.7391052246094,119.784912109375
2020-05-08,0.0,1373.9757690429688,1373.9757690429688,873.7120666503906
2020-05-11,-2321.6980739321025,12202.008552959987,4002.169708251953,5082.968923977443
2020-05-12,-4908.099338531494,15547.175594329834,15547.175594329834,11702.847089767456
2020-05-13,-4000.1488342285156,18675.945585250854,18675.945585250854,10185.651057788304
2020-05-14,-1747.4022827148438,183.2171630859375,183.2171630859375,-408.649658203125
2020-05-15,-894.8798217773438,2339.2581787109375,2339.2581787109375,2275.8477783203125
2020-05-18,0.0,2783.196533203125,2783.196533203125,1078.0532836914062
2020-05-19,-1958.7848510742188,281.86163330078125,281.86163330078125,-1810.8126831054688
2020-05-20,-918.029773320475,9856.65699425765,2057.4293212890625,5879.349783335409
2020-05-21,-6937.82709312439,4255.719920158386,4255.719920158386,-340.98451232910156
2020-05-22,-2581.798738718033,11613.569772481918,4831.306263174328,5130.872477855006
2020-05-26,-9897.93893814087,4252.941059112549,1550.1351928710938,-2269.598495483399
2020-05-27,-13527.180822440563,17273.821094444815,4491.461505889893,3751.7874757562295
2020-05-28,-5767.097899351802,14167.267271127019,13818.223316703525,6982.1233367068435
2020-05-29,-6166.682627337316,11910.1992562839,9790.95470036779,6493.603893314099
2020-06-01,-1298.9525804519653,1210.7493257522583,1166.512021950311,495.36674470560786
2020-06-02,-3008.4016760417408,2706.4029580524975,644.8154907226562,-375.0652860913998
2020-06-03,-4994.644331880984,4831.288579038205,190.27490234375,-2036.1766442741728
2020-06-04,-5822.581692772248,10585.353143615386,3836.54360662188,-1157.6750886865957
2020-06-05,-32155.84067577975,16326.868672898836,1287.9807205200195,-4608.719477210722
2020-06-08,-27718.626392202725,16612.754722756992,4980.730847409794,-10868.40535729273
2020-06-09,-2845.197311265125,43164.1016084126,35669.447827066695,27306.557455590795
2020-06-10,-8698.175702265336,22697.883682080672,13552.511378739564,9024.54480407067
2020-06-11,-4333.32080078125,44313.33590221405,44313.33590221405,39014.695342881336
2020-06-12,-8542.951655387878,4758.82311630249,4758.82311630249,-1414.6888673986632
2020-06-15,-1257.5722351074219,2043.2592163085938,2043.2592163085938,1796.4022216796875
2020-06-16,-493.6976013183594,1826.752685546875,1826.752685546875,1290.7250366210938
2020-06-17,0.0,1304.7968139648438,1304.7968139648438,345.5888671875
2020-06-18,-832.2341918945312,881.6602172851562,881.6602172851562,472.58447265625
2020-06-19,0.0,3216.14404296875,3216.14404296875,3075.0875854492188
2020-06-22,-1579.8629150390625,521.9449462890625,521.9449462890625,197.5074462890625
2020-06-23,-462.79276878493135,2472.349298170635,1720.9412231445312,199.29272239548857
2020-06-24,-2860.9337463378906,1753.8674926757812,1753.8674926757812,-1171.2689514160156
2020-06-25,-1633.4981422424316,1818.6772689819336,1818.6772689819336,645.8729575361521
2020-06-26,-2644.9478759765625,162.16412353515625,162.16412353515625,-1946.6905517578125
2020-06-29,-2071.8448976789277,5545.69062478201,684.1964721679688,4417.29853493826
2020-06-30,-808.3649291992188,7570.984313964844,7570.984313964844,5929.7056884765625
2020-07-01,-1203.833740234375,4725.0904541015625,3833.0448989868164,2983.7510256086152
2020-07-02,-450.09080631392146,4096.79931514604,1728.0098876953125,1007.0682760987983
2020-07-06,-5726.32171767098,10942.23615128654,6611.051689147949,71.00942093985941
2020-07-07,-10483.347260747643,9263.088476862222,5176.64582824707,-735.012730870933
2020-07-08,-6457.560075759888,10153.153464317322,10153.153464317322,696.2505564008388
2020-07-09,-6436.663896560669,3910.5352001190186,3910.5352001190186,-3245.770466532021
2020-07-10,-5521.714867046898,5792.205430575783,517.9825839996338,3167.8403030123063
2020-07-13,-4831.159448351176,11593.827898297994,9408.438225746155,660.5632780620003
2020-07-14,-22349.055568286323,40489.30027430401,6220.781448364258,26313.657161848914
2020-07-15,-26315.876289367676,30554.593992233276,27394.7105884552,-935.7327575683667
2020-07-16,-36159.28956924165,3088.171211855764,1065.3324813842773,-20427.039644036984
2020-07-17,-1160.2276992797852,7483.4040813446045,7483.4040813446045,4395.87731552124
2020-07-20,-1576.762596130371,12821.355703353882,12238.493307113647,9410.525234699247
2020-07-21,-3749.1330528259277,1269.3760395050049,1269.3760395050049,-1771.057538986206
2020-07-22,-6333.126141650331,11027.89141263281,3025.4465770721436,-1928.6798773833634
2020-07-23,-4015.1353645324707,19074.670886039734,19074.670886039734,8600.909712791443
2020-07-24,-12989.279820033487,8078.798263004842,1576.8238487243652,-529.3663468020411
2020-07-27,-2679.141607284546,13488.767105102539,13488.767105102539,11741.230955123901
2020-07-28,-11159.11571829659,7134.984861918863,3443.922784805298,-8552.387578419271
2020-07-29,-1785.5001201629639,15242.948724746704,15242.948724746704,8874.841892242432
2020-07-30,-8390.891220092773,12983.654455184937,11135.67929649353,5160.980906895224
2020-07-31,-10688.79090499878,2707.5416431427,2707.5416431427,-1962.6025619506836
2020-08-03,-1576.7295532226562,9894.798770904541,9894.798770904541,6997.145101547241
2020-08-04,-5557.908134460449,6019.399343490601,5800.885685954774,3072.942153283526
2020-08-05,-1037.7433166503906,4720.352127075195,4720.352127075195,3291.023468017578
2020-08-06,-4671.056708574294,2782.381090879441,1554.917724609375,-876.6677067279809
2020-08-07,-3251.443199157715,4163.534162521362,3983.674460513251,2546.6355692659104
2020-08-10,-18378.222079549487,23064.95272895271,7630.558135986328,-10018.497608865979
2020-08-11,-30851.764552882734,17197.087861248427,10120.691013336182,-347.01137333256474
2020-08-12,-27841.490766797746,17346.236337389266,15463.506145017485,1472.9555386645116
2020-08-13,-5044.316022872925,3559.947403907776,3246.61506460394,813.9546278885409
2020-08-14,-4164.392134598325,4193.726107665469,2053.837841033936,-453.0403486660562
2020-08-17,-1870.5983924865723,9438.641317367554,9438.641317367554,6230.671272277832
2020-08-18,-3398.3244647979736,4092.8440856933594,4092.8440856933594,-1423.6067600250244
2020-08-19,-4085.0353050231934,2358.934642791748,2358.934642791748,-1601.961898803711
2020-08-20,-5632.503042221069,2310.608108520508,2310.608108520508,-1020.8050994873047
2020-08-21,-3235.7946071624756,5966.5268840789795,5966.5268840789795,5020.720432281494
2020-08-24,-4203.652166366577,5201.927354812622,5201.927354812622,834.4981575012207
2020-08-25,-5927.819314275472,5721.413128580363,4594.809400558472,-48.752679143635305
2020-08-26,-4255.065891265869,5727.22439956665,5727.22439956665,1827.2379779815674
2020-08-27,-4847.430644035338,11404.231709480286,10430.685264587402,2967.025752067567
2020-08-28,-8784.782369341183,16585.86772183008,7539.709104537964,741.9563578196803
2020-08-31,-14633.561670303345,8197.513702392578,8197.513702392578,-8020.419335365296
2020-09-01,-8974.96541084562,34880.51079879489,21844.31757668087,26986.687137126937
2020-09-02,-11492.109766278953,18150.071862901954,13536.088108471457,10140.951353754312
2020-09-03,-27995.792195728864,34698.70451028003,2137.279899597168,3991.1622205461535
2020-09-04,-29909.448308944702,22940.67410469055,20583.268194096432,-4233.766580343239
2020-09-08,-20863.412207194742,18618.10962050301,17581.029812676563,446.143093960638
2020-09-09,-884.6821937561035,22043.40532684326,22043.40532684326,16558.334743499756
2020-09-10,-13498.648365480556,9931.731314199315,8336.419384002686,-10521.253327829494
2020-09-11,-3312.752652168274,16050.778007507324,13402.833087921143,6113.8664474487305
2020-09-14,-2036.8158559799194,17269.76884841919,17269.76884841919,9600.077954752105
2020-09-15,-3696.480707168579,16653.39176940918,15485.200742721558,3523.60001373291
2020-09-16,-7740.163687126969,23388.695043189193,16854.22894668579,6116.148008857464
2020-09-17,-19751.965753555298,6049.782026290894,5458.573929888857,-7213.509755441124
2020-09-18,-12125.462471893854,11161.14013869422,9054.255156871684,-913.4877724647558
2020-09-21,-28776.845232009888,1804.2341995239258,1296.7540563174643,-15216.535114083972
2020-09-22,-4210.2414834158735,12780.029384885518,11398.34803199768,9176.069596154355
2020-09-23,-15995.971115112305,5711.111183166504,5711.111183166504,-14767.412914276127
2020-09-24,-8935.389708927698,18955.90552384513,9415.511713027954,8591.003918783994
2020-09-25,-7035.4697654247275,8158.12034726143,7246.257375717163,4649.459178209306
2020-09-28,0.0,16355.991865158081,16355.991865158081,13950.954152515955
2020-09-29,-4996.5462436676025,3259.867025375366,3259.867025375366,-2653.003179550171
2020-09-30,-3712.4688723087297,11023.345206975937,9750.439195632935,2647.5100743770613
2020-10-01,-3358.6074447631836,8844.695934295654,8844.695934295654,5661.611770629883
2020-10-02,-12209.27448272705,4354.985565185547,4354.985565185547,1255.4107971191406
2020-10-05,-2904.313793182373,13376.519207000732,13376.519207000732,9163.577877044678
2020-10-06,-8663.003009796143,5457.455810546875,5457.455810546875,-4656.315589904785
2020-10-07,0.0,11970.743068695068,11970.743068695068,7533.71268081665
2020-10-08,-4817.554039444247,17801.72392419406,9186.792752265927,6089.845362220485
2020-10-09,-4325.693908691406,10440.227306365967,9635.6071183341,5429.0700953347405
2020-10-12,-4809.98255157471,6874.54336929321,5956.978807040625,946.2423615115046
2020-10-13,-4597.354694775182,3522.430394717616,1408.1525810786675,-712.6641569137657
2020-10-14,-9959.354452575968,9220.909524474813,2832.8564491271973,-6117.546510594242
2020-10-15,-10388.929951259075,13779.367980412067,8714.621189117432,6727.2767809459165
2020-10-16,-10484.677003860474,8491.708923339844,7871.562894548691,-4799.845866169246
2020-10-19,-13126.959940229153,8974.065164293552,4409.081436157227,-9085.493589946203
2020-10-20,-2005.9671663556596,14700.683743068168,9535.304641723633,2476.3353342328965
2020-10-21,-6956.319858551025,7783.312202453613,6836.925996507916,-3119.7469258989536
2020-10-22,-8993.065179007412,15069.745383126377,7834.032577514648,8643.593546186139
2020-10-23,-9582.513219901492,5943.896377495358,5231.393741607666,-229.85152053833008
2020-10-26,-32215.29119491577,1562.919418334961,1562.919418334961,-18278.20959554398
2020-10-27,-2025.7817649841309,3820.817502975464,3820.817502975464,-501.6997299194336
2020-10-28,-19595.37349319458,49.47877311706543,49.47877311706543,-17061.601134708944
2020-10-29,-1503.1383598872615,4669.67694200788,136.0707550048828,1900.742417471747
2020-10-30,-8961.315893990672,12703.93683923992,3661.5212268829346,1295.3950263431916
2020-11-02,-1437.59765625,18759.957592010498,18759.957592010498,12844.826344626304
2020-11-03,-1162.7783012390137,7120.578842163086,7120.578842163086,3989.3263059343662
2020-11-04,-457.6886787414551,2238.9716987609863,2238.9716987609863,1756.5377349853516
2020-11-05,0.0,2436.8915100097656,2436.8915100097656,680.3537750244141
2020-11-06,-1249.3726425170898,148.43867874145508,148.43867874145508,-692.7216987609863
2020-11-09,-2412.1509437561035,3451.231132507324,3451.231132507324,-2325.561321258545
2020-11-10,-3620.5646280561014,7713.962235042044,2387.4103775024414,4056.1268277849626
2020-11-11,-756.3382873535156,9193.819290161133,9079.422406196594,7221.897621086668
2020-11-12,-5107.125186920166,2231.249221801758,2231.249221801758,-2582.517150742682
2020-11-13,0.0,1800.4805908203125,1800.4805908203125,1161.6007385253906
2020-11-16,-828.479364667622,2799.1590020315966,938.961181640625,672.785901750835
2020-11-17,-3018.041229248047,1962.3182067871094,1962.3182067871094,-980.2113037109375
2020-11-18,-1942.6837990965164,3006.7734905992234,2293.627655029297,1661.548532451904
2020-11-19,-1577.050745419081,6845.423688479845,2622.699670791626,5765.178663049438
2020-11-20,-2589.9702892303467,2612.329221725464,2612.329221725464,41.56765948023144
2020-11-23,-4544.080398465931,21275.795934770762,6490.6015625,7717.55916073489
2020-11-24,-9047.323868623815,28041.903928884418,17427.74791635786,10929.745924668641
2020-11-25,-11380.312617915019,15974.68052612032,13447.886449643544,-625.9157130973337
2020-11-27,-3459.2250204086304,5759.485273361206,5714.740761790957,964.1040652564584
2020-11-30,-15264.244378771098,5597.348001752584,1803.1491165161133,-10581.080496038709
2020-12-01,-7514.22159314154,14398.418350934997,11023.446434020996,7995.018872022644
2020-12-02,-9845.810767582496,10117.305025645654,8379.976850509644,-4895.7435203279865
2020-12-03,-8899.06349904196,11879.205290249422,8416.576320648193,-1260.4226992811573
2020-12-04,-6478.249515158791,21308.484417336327,10364.131729125977,6370.415237052111
2020-12-07,-6748.670890433448,13067.118406670434,11107.248697757715,5791.606771639406
2020-12-08,-2270.723260743275,8226.672109740124,7043.124292407716,1253.8226261479542
2020-12-09,-4886.206536361144,7318.259728363588,2197.2730102539035,839.3521694115263
2020-12-10,-1355.3973007202148,5827.087663650513,5099.140571253643,2641.201638289862
2020-12-11,-1570.1747283935547,3969.3554039001465,3969.3554039001465,-955.0180416107244
2020-12-14,-577.4152202606201,3345.8263263702393,0.0,3132.1396198272705
2020-12-15,-5651.866452830209,18254.668821675405,2823.4960079193115,14094.679844243155
2020-12-16,-11188.20772075652,9032.447701454174,3054.004264831543,-4125.919596672046
2020-12-17,-10903.76362347603,6895.257317304609,6047.3207359313965,-1562.9602562018517
2020-12-18,-6287.789149761201,6550.0254311561575,5529.664666857039,3146.3072333335767
2020-12-21,-2397.756212234497,1141.775993347168,538.2437388896951,-242.72816777229173
2020-12-22,-2198.7340805275107,10401.879477288043,2720.842315673828,1047.3314817207195
2020-12-23,-2193.5243866443634,19932.3868663311,15384.864992822919,16340.86965237345
2020-12-24,-9452.49601650238,6213.000593185425,5433.275020122528,1806.994779935906
2020-12-28,-1022.452127456665,3371.5859355926514,3371.5859355926514,2184.924416780472
2020-12-29,-20647.95280756272,8538.017254693139,433.6016540527344,-13442.379443304908
2020-12-30,0.0,20660.553436279297,20660.553436279297,13446.25373840332
2020-12-31,-15300.782638549805,4523.155090332031,3461.3389282226562,-7008.558926446069
2021-01-04,-2027.07470703125,932.2406616210938,932.2406616210938,-75.87966918945312
2021-01-05,-598.43539428711,4472.7400817871085,3718.120330810547,2954.4101257324214
2021-01-06,-7117.995855723102,18679.66875227861,2135.584228515625,3403.746622647566
2021-01-07,-23774.852255429538,20664.18149033615,2843.9250593185425,747.0675100428759
2021-01-08,-18357.229490756985,25647.424118518833,17528.347335270475,8430.571011594358
2021-01-11,-5509.176401138306,26161.60304260254,23838.760835170746,8180.86600066934
2021-01-12,-2710.099912984035,13375.050122874118,2689.4629821777344,-1439.175452164246
2021-01-13,-5774.771050972604,30520.23282285247,11169.872542790006,21729.88796059574
2021-01-14,-16463.646136896947,15733.020813328882,5315.774772644043,-2548.091289520259
2021-01-15,-14014.204092979431,8189.058515548706,7810.819929531641,794.242869624075
2021-01-19,-1386.6136741638184,16475.828994750977,15009.502729415894,10604.520264557428
2021-01-20,-2866.1053552627563,6987.546587944031,1799.4356994628906,3595.787543296814
2021-01-21,-4138.590269361222,7605.951654161727,5268.076632499695,1701.7044837134235
2021-01-22,-7917.48424911499,5178.489719390869,3140.568561553955,-2754.881628036499
2021-01-25,-24509.818248782834,19752.550345386782,4611.55069732666,2054.322730984012
2021-01-26,-25525.320711697845,24302.3396543605,10977.8581735066,-17291.64858043194
2021-01-27,-105535.923153741,28417.177498000023,10468.944394111633,-36646.58118271826
2021-01-28,-51386.395542144775,86340.53318214417,64787.787311145235,49553.47868907451
2021-01-29,-7608.5698318481445,6079.386276245117,5733.962295532227,-2231.427374703559
2021-02-01,-1152.2698059082031,4428.8147048950195,4428.8147048950195,3148.034568786621
2021-02-02,-1301.3642120361328,13970.800216674805,13619.275022234233,13059.800941467285
2021-02-03,-3832.572041784015,3058.9491831915707,649.1981201171875,-1329.2531330926088
2021-02-04,-1019.4427871704102,2772.29581451416,2772.29581451416,1608.4848709106445
2021-02-05,-729.402587890625,4738.417739868164,4738.417739868164,4241.196830749512
2021-02-08,-2048.637454441619,8981.593830653595,4504.4374923706055,2570.0143781389474
2021-02-09,-11176.44226755415,13165.883385522022,5299.397811889648,-1907.1147757938952
2021-02-10,-4417.6103439331055,29495.001823425293,28888.141572679793,24214.56931631906
2021-02-11,-10358.263893127441,4681.268577575684,4681.268577575684,755.1267005375485
2021-02-12,-2741.7360763549805,1527.3278274536133,1527.3278274536133,-731.5991897583008
2021-02-16,-4901.226318359375,1804.0900573730469,1804.0900573730469,-4393.534561157227
2021-02-17,-3927.3859939575195,1239.0400314331055,1239.0400314331055,-62.59642791748047
2021-02-18,-2514.9799194335938,895.6850738525391,895.6850738525391,-530.24853515625
2021-02-19,0.0,5527.257972717285,5527.257972717285,4223.100318908691
2021-02-22,-12658.710315431876,6702.440460477548,530.4004669189453,-5319.226661409659
2021-02-23,-36232.38220105854,38950.782521384084,9187.71694428581,25072.277709688446
2021-02-24,-27426.06309407098,34771.99191577094,18818.350688934326,17472.91219350272
2021-02-25,-38270.31418418884,18663.190523147583,15065.592944179269,-15580.59633578572
2021-02-26,-7052.040448869969,21559.34900883267,11145.442940064839,5374.485174485624
2021-03-01,-674.9119338989258,24174.16432952881,23462.50383758545,20185.78674643379
2021-03-02,-6145.008262634277,5116.569755554199,5116.569755554199,-2973.782994951518
2021-03-03,-12007.700256926673,5212.514768021446,805.0187835693359,-9118.805557829994
2021-03-04,-29379.361879553126,25916.15750673838,11888.430494444712,-5187.943222658987
2021-03-05,-29662.842400414604,29485.460326331002,27150.65803337097,19499.21409896443
2021-03-08,-26049.206257070822,21359.81150797435,12507.248680114746,-18051.161745888847
2021-03-09,-3032.9732875823975,23646.604209899902,22641.565225396844,12663.349792003635
2021-03-10,-8489.821747779846,8891.147681236267,8891.147681236267,-1761.1836571012245
2021-03-11,-1924.8572540283203,4523.194778442383,4523.194778442383,436.43787384033203
2021-03-12,-5760.923647948677,5320.211560181206,1423.5601348876953,-1376.936029366088
2021-03-15,-5005.432490723469,8900.152683837077,6539.224630492075,3636.0182706628584
2021-03-16,-3923.787452697754,7846.964679718018,7397.209147112711,1863.4562765530204
2021-03-17,-7303.814975704468,11372.730388675414,6508.2948570251465,1894.0669700077515
2021-03-18,-25912.551066977645,7723.717056649066,977.4331359863281,-4556.4912296363345
2021-03-19,-15033.459449768066,9610.907218933105,8660.897026062012,-2317.8618844917783
2021-03-22,-3473.642509460449,8826.780548095703,7327.966389077048,4486.002730335512
2021-03-23,-7483.507041931152,2106.6562576293945,2106.6562576293945,-4922.293029785156
2021-03-24,-2435.3309326171875,5956.749740600586,5956.749740600586,-1686.9564208984375
2021-03-25,-9888.107963289534,21150.95981625148,7180.735549926758,17885.877060209
2021-03-26,-2022.991600036621,24981.630546569824,21691.507486343384,21075.025947298323
2021-03-29,-9040.67866856711,3820.5287365232216,2632.312713623047,-3913.644397326876
2021-03-30,-3269.1569061279297,8140.851745605469,4485.704772949219,4286.224892888749
2021-03-31,-2143.451545715332,7600.551330566406,7600.551330566406,4181.2625754220135
2021-04-01,-1155.0010681152344,9661.66130065918,9661.66130065918,6962.328147888184
2021-04-05,-2833.001983642578,3769.749198913574,3769.749198913574,1131.3727416992188
2021-04-06,-1379.2859134674068,3847.734865188599,3170.4421463012695,1517.1396083831792
2021-04-07,-5760.552613122114,2516.5814124516164,1355.0956573486328,-3153.087681634077
2021-04-08,-3850.326400756836,4251.826225280762,4251.826225280762,-1468.9557056427007
2021-04-09,-2025.5279693603516,7642.7601318359375,7642.7601318359375,6233.087753295898
2021-04-12,-6056.897518157959,4874.068187713623,2402.2555923461914,-931.1081886291504
2021-04-13,-7863.011339970988,7724.15026967867,4984.843322753906,2572.4170104776204
2021-04-14,-3650.7317123413086,16614.095239639282,16614.095239639282,7213.6812953948975
2021-04-15,-6015.205942153934,15178.83702087402,14338.94701385498,4359.600044250486
2021-04-16,-3977.5772247314453,18286.25640106201,15270.259752273552,10915.934803281505
2021-04-19,-6031.6299476623535,2884.09916305542,2884.09916305542,-2781.030906677243
2021-04-20,-14603.750022138865,3081.647179399221,1703.8818798065186,-8057.070586408884
2021-04-21,-10415.744265965053,18385.825598308016,12898.370948791504,15571.364939280918
2021-04-22,-8822.765882798605,9770.892030409403,9522.719135284424,-3296.361404725484
2021-04-23,-5046.460455383594,23748.32340959138,12140.64637184143,13727.212890182202
2021-04-26,-8171.3774700164795,34362.29962348938,21620.075724261147,11640.30101633075
2021-04-27,-10441.153865814209,7308.115749359131,7308.115749359131,-3465.620487485632
2021-04-28,-2607.172805786133,7933.49760055542,5741.438035964966,1983.1323890686035
2021-04-29,-3103.0015563964844,6845.743898391724,6477.245599201748,1559.144006729126
2021-04-30,-7189.857404708862,1196.9509887695312,1196.9509887695312,-4921.722520828249
2021-05-03,-2467.2356872558594,4932.496208190918,4932.496208190918,264.6884250640869
2021-05-04,-5632.550083841597,8228.191991124833,7783.952020645142,873.9770558220994
2021-05-05,-5708.074428626468,5635.645103386471,4576.028981310979,-1539.703686475752
2021-05-06,-2747.985496520996,3280.7002143859863,3060.3672065734863,703.0607573645462
2021-05-07,-1129.5528123038175,5667.974817548477,3576.8789978027344,2296.737329823627
2021-05-10,-6007.332654953012,4985.649705886832,1316.961051940918,-1402.1791057586756
2021-05-11,-9967.545696803507,9044.88379996163,4841.744704519006,3227.8949376514975
2021-05-12,-14664.96341596331,5702.468300955637,3983.451830318999,-9097.217432158326
2021-05-13,-2880.477333886287,9733.662436621526,7795.041854858398,916.0281096867113
2021-05-14,-1003.2410736083984,12332.077529907227,12332.077529907227,9669.693426949638
2021-05-17,-5400.304199934006,6485.961140871048,5624.7732582092285,501.44791490691114
2021-05-18,-3701.773998260498,11877.655465126038,7439.993280274527,628.8777506692095
2021-05-19,-9462.38344383239,8526.763342857368,2652.699179649353,5776.594039678581
2021-05-20,-6764.837356567383,11011.45751953125,10936.67724609375,2762.260009765625
2021-05-21,-3096.490447998047,4253.365432739258,4253.365432739258,-955.8070362636017
2021-05-24,-1799.562953948976,3796.9982719421373,3353.7143936157227,584.231132234846
2021-05-25,-1211.9379501342773,5083.847633361816,5083.847633361816,2553.6715575626895
2021-05-26,-1403.3276062011719,1064.364013671875,1064.364013671875,-19.04190444946164
2021-05-27,-1401.1095581054688,1960.7220458984375,1960.7220458984375,-300.3512268066406
2021-05-28,-1462.9974365234375,2637.6595153808594,2637.6595153808594,106.84613037109375
2021-06-01,-666.8397216796875,2408.6553955078125,2408.6553955078125,-90.37279891968137
2021-06-02,-405.86810602460724,2577.1515930720725,1401.1095581054688,1159.2298706599631
2021-06-03,-1267.7230644226074,1375.4636116027832,1375.4636116027832,645.0089530944751
2021-06-04,-360.5074234008789,368.3418884277344,368.3418884277344,46.295165198191256
2021-06-07,-10.492146662302634,1194.0874050344746,0.0,107.0277412618917
2021-06-08,-1909.6988792419434,102.82955169677734,102.82955169677734,-1762.798318862915
2021-06-09,-44.07100868225098,1410.238655090332,1410.238655090332,763.8778705596924
2021-06-10,-1526.1024633135125,1589.1013178144171,426.01134490966797,-924.3021932329461
2021-06-11,0.0,2371.8002700805664,2371.8002700805664,2301.005401611328
2021-06-14,-460.2037811279297,2442.5951385498047,2442.5951385498047,106.1956787109375
2021-06-15,-2725.8016204833984,2513.4035110473633,2513.4035110473633,-2655.0
2021-06-16,-4409.406113215862,3628.656951359333,1840.8016204833984,-355.76579339164346
2021-06-17,-10408.38353729248,6975.355178833008,1363.090431213379,-5823.950095585407
2021-06-18,-15695.707705906463,5246.465523311065,1518.5531768798828,-10224.087335041595
2021-06-21,-411.1082077026367,16168.694051742554,16168.694051742554,15170.360018900461
2021-06-22,-3398.3647537231445,310.0519027709961,310.0519027709961,-821.9748011997756
2021-06-23,-660.5983200073242,2554.319664001465,2554.319664001465,88.08201599121094
2021-06-24,-2261.669524056567,5368.227601187574,3743.401679992676,3629.4579236166865
2021-06-25,-1466.4780365398942,4382.899462086814,3484.447612762451,2643.1244442122297
2021-06-28,-17562.65773091997,7567.18488992964,2116.394508600234,112.58400573049653
2021-06-29,-3703.8304767608643,6494.640103340149,6069.0789604186975,839.2327236107394
2021-06-30,-933.1991100311279,4654.80122756958,4654.80122756958,3551.2614239283944
2021-07-01,-303.2924919128418,2799.597330093384,2098.86571775164,2098.669289180214
2021-07-07,-2997.715508529115,5240.624281815123,0.0,2709.4594945226427
2021-07-08,-6105.265830993652,1531.4705200195312,1499.4740481376648,-1785.9525508199451
2021-07-09,-887.0400390625,3001.867012023926,3001.867012023926,1812.3391647338867
2021-07-12,-1462.2269724096616,1760.3057557855288,1345.6381149291992,430.2123548303286
2021-07-13,-4161.343954086304,527.0391941070557,59.085439682006836,-2597.1033687591553
2021-07-14,-9728.639058964593,14803.835119349616,4670.752487182617,-6416.5989893845135
2021-07-15,-18986.724166427335,22835.79387613706,7679.938716888428,7010.510465656017
2021-07-16,-27080.931131124504,27478.742382287972,19439.575745241975,-12731.488458020354
2021-07-19,-68510.06658336094,21506.405125890462,4095.5,-23603.846823726373
2021-07-20,-12931.189589977264,81541.65178728104,72194.07867281776,53698.59160617419
2021-07-21,-315.2909965515137,52848.19173049927,46613.4878863607,29189.593834877014
2021-07-22,-20162.78526970319,6557.356948886593,4653.448553085327,-9711.52917190961
2021-07-23,-9761.035431861877,13114.943884849548,13114.943884849548,5822.31450176239
2021-07-26,-4735.3669147491455,34444.02223300934,18174.038575717386,8332.446118354797
2021-07-27,-13197.238507270813,11987.62855052948,7720.052984373913,5028.009667805265
2021-07-28,-4994.011985778809,22623.525557518005,15618.025500740336,9708.030744177951
2021-07-29,-1522.5460376739502,8904.053550720215,7019.897735356337,2253.3514676094055
2021-07-30,-2746.1734523773193,2671.9694232940674,2671.9694232940674,29.366277149747248
2021-08-02,-1964.7576122283936,8033.718132019043,8033.718132019043,2039.8241920471191
2021-08-03,-3066.862715857381,4205.072351319438,1292.570231437683,3655.06867684636
2021-08-04,-4814.91813659668,0.0,0.0,-4590.638023376465
2021-08-05,-4425.472789917668,6232.233280028621,2825.989643096924,-705.3424293143275
2021-08-06,-7588.655111312866,5758.194375038147,4186.574192047119,-3238.828757286072
2021-08-09,-6073.397294316983,12526.999975885654,5768.018661499023,5182.080004419589
2021-08-10,-1990.3743572235107,17889.348368644714,17409.959418705534,11829.640667234149
2021-08-11,-5885.308224405562,31602.466723714555,19183.269851412086,16613.609395435873
2021-08-12,-10035.148211070473,5863.205452374047,3786.913281440735,1468.9982551847158
2021-08-13,-11357.424337387085,549.5466203689575,549.5466203689575,-9168.055092811584
2021-08-16,-8862.896528244019,2748.3336868286133,2748.3336868286133,-1716.178897857666
2021-08-17,-9725.826402664185,876.247257232666,876.247257232666,-4945.91444955553
2021-08-18,-4553.467042922974,7592.44727897644,5919.434565143585,965.9568872451782
2021-08-19,-8426.569332122803,2364.5511407852173,2364.5511407852173,-3115.4990907226256
2021-08-20,-1705.4215087890625,3823.3142700195312,3823.3142700195312,2466.9827466692295
2021-08-23,-1113.56396484375,2773.9852905273438,2773.9852905273438,2349.000457763672
2021-08-24,-1334.07421875,3208.54638671875,3208.54638671875,2553.260887145996
2021-08-25,-2414.5693359375,1567.141616821289,1567.141616821289,10.298391069686204
2021-08-26,-1428.1385116577148,931.4620819091797,931.4620819091797,-947.4739183698357
2021-08-27,0.0,731.4000701904297,731.4000701904297,563.5001754760742
2021-08-30,0.0,2203.400421142578,697.9677104949951,698.0035877227783
2021-09-07,-125.74285800116549,1017.9024171148013,0.0,658.4729165349673
2021-09-08,-686.1860733032227,294.08182525634766,272.9638003110897,194.72449910640773
2021-09-09,-549.0469455718994,78.43418598175049,78.43418598175049,-500.1974156413751
2021-09-13,-979.6868256671141,17296.157805527957,0.0,15422.029463853149
2021-09-14,-8771.11261558533,16914.503894805905,3143.5008558034892,74.07528228419574
2021-09-15,-1240.9787635803223,6838.363735198975,6838.363735198975,5121.938754762921
2021-09-16,-2386.178990840901,5733.869101047527,1918.7826442718563,2295.0565648079055
2021-09-17,-2088.2730560302734,1798.4989471435547,1798.4989471435547,-1276.2275276184082
2021-09-20,-6670.713950020921,1148.4227992466567,433.69921875,-1455.1765888759019
2021-09-21,-2471.829912458148,4544.015256609235,3944.3973541259766,-1686.040766034808
2021-09-22,-3316.4483266558045,10133.863059452593,8234.67336654663,1884.0917647225388
2021-09-23,-6379.7639083862305,6188.240936279297,6188.240936279297,-2208.210751669739
2021-09-24,-2078.93576691832,4092.935202854019,2494.6830520629883,1073.247317450386
2021-09-27,-3959.7222077505935,13809.460661206927,4207.400579929349,-1125.4758722441616
2021-09-28,-7075.156097412109,3503.5857467651367,3503.5857467651367,-149.80180277143086
2021-09-29,-5698.068648202081,8354.38734926496,5766.276317596436,-597.4615794590561
2021-09-30,-5263.588631766213,11496.070792061912,3067.6892700195312,-4557.919686453717
2021-10-01,-8283.785287039622,14904.457266671316,10842.618896484375,10813.165274483845
2021-10-04,-11415.624594007219,4459.872403826032,0.0,-5167.883331571305
2021-10-05,-3490.892437798637,7754.016165869576,6439.25333404541,2393.1271612984806
2021-10-06,-2995.365390777588,9614.06785774231,6991.96809564318,4703.649385111674
2021-10-07,-384.5934753417969,6779.5448207855225,6779.5448207855225,4670.630650997162
2021-10-08,-4279.8480314527105,5225.4684320177485,1160.2526206970215,-2559.0441030774664
2021-10-11,-7442.91215133667,1383.9842567443848,1383.9842567443848,-2493.778232574463
2021-10-12,-8709.911005292632,6512.382119859956,1452.7643432617188,-4565.520375115556
2021-10-13,-11055.325914519164,8034.385980469849,6185.18274307251,885.0620554515381
2021-10-14,-58.97187042236328,21592.239303588867,21495.821142196655,17858.84919193814
2021-10-15,-3063.297653198242,5016.271034240723,5016.271034240723,-576.1092643737793
2021-10-18,-8181.372631072998,5578.6077308654785,2230.544834136963,-4442.357173919678
2021-10-19,-2710.8917236328125,11907.733581542969,11907.733581542969,6448.063404083252
2021-10-20,-915.838623046875,11324.491260528564,11107.511334146779,5936.73986639295
2021-10-21,-781.2755584716797,612.3873138427734,612.3873138427734,126.7169189453125
2021-10-22,-631.624849319458,3740.5674152374268,696.8415832519531,3504.2120151519775
2021-10-25,-1364.8090896606445,1498.8438873291016,1498.8438873291016,1049.2916259765625
2021-10-26,-1588.55712890625,1915.193733215332,1686.3321723937906,1070.022136688227
2021-10-27,-2563.0241470336914,737.6564025878906,0.0,-1720.6610107421875
2021-10-28,-997.2417297363281,4238.680717468262,2373.7365951538086,543.0103607177734
2021-10-29,-3101.4917324611088,2536.639638083325,1663.5356369018555,-1101.9635952540775
2021-11-01,-608.8804321289062,10112.528999328613,9755.047447477067,7995.90372467041
2021-11-02,-2981.5111770629883,5509.179916381836,4893.30085590907,4367.2382534572025
2021-11-03,-3316.6134909221128,2027.300998823981,1242.737159729004,1105.9752656391665
2021-11-04,-2183.5191574096625,17124.697505950935,5929.654293060303,11951.066291809087
2021-11-05,-4172.650800977432,14839.81390162877,10596.502853393555,8941.50472041539
2021-11-08,-15936.21118898051,12011.113850883079,6817.900985717772,-7773.825961777147
2021-11-09,-6414.934792109897,6588.660560062955,5726.711223602295,1793.2671372549876
2021-11-10,-7633.310839653015,4078.3008728027344,4078.3008728027344,-4644.89564924581
2021-11-11,-3287.6669902801514,6563.030836105347,4362.77095413208,3002.7358989715576
2021-11-12,-5672.960706847061,12646.580354554306,5737.791122436523,6224.574537140976
2021-11-15,-10458.966245787484,9765.778371674674,9016.662246704102,1540.7594641276764
2021-11-16,-3923.397560119629,16163.22159576416,16161.104536465236,7851.475085122252
2021-11-17,-3854.034996032715,4380.8612060546875,3546.840576171875,1226.4117183685294
2021-11-18,-2921.739734649658,3920.545238494873,3920.545238494873,-288.2836723327637
2021-11-19,-4233.654399871826,2161.884048461914,2161.884048461914,-2068.5285720825195
2021-11-22,-1624.0715920584516,13299.32209995815,11396.763961791992,5450.269483838765
2021-11-23,-10279.449992043648,11202.040318625297,3403.0043601989746,1212.8298939296005
2021-11-24,-11054.313312530518,5731.2768630981445,5731.2768630981445,1229.896513802671
2021-11-26,-27899.992164611816,0.0,0.0,-18735.549213409413
2021-11-29,-2026.3171997070312,3694.691547393799,3694.691547393799,280.34769439697266
2021-11-30,-7783.762808663501,2412.6900721958737,933.1997680664062,-5275.160628182544
2021-12-01,-6786.933796303607,14892.735040290021,9815.587825775146,-5042.3684611661065
2021-12-02,-1868.4333457946777,10023.300504684448,9198.238981246948,4668.99949836731
2021-12-03,-8723.116731643677,4674.858827590942,4674.858827590942,-3687.6215991973877
2021-12-06,-4522.559885433762,12744.296811648757,7868.697235107422,4104.139596394112
2021-12-07,-528.0217208862305,19780.746669769287,17737.913241931394,14745.341668401466
2021-12-08,-3802.3824100494385,3030.902488708496,3030.902488708496,-629.7903984614775
2021-12-09,-7259.170074462891,2594.856513977051,2594.856513977051,-4423.817041397095
2021-12-10,-3125.064593553543,5215.37274813652,4311.275459289551,786.2050158977509
2021-12-13,-7487.119640350342,2857.46044921875,2857.46044921875,-3398.1076134273007
2021-12-14,-3248.2627563476535,4550.490310668948,3390.1394805908203,1033.4414157867461
2021-12-15,-4716.9123909132795,10770.595219407765,8152.5156173706055,9505.636854205812
2021-12-16,-5569.797855377197,5234.463129043579,5234.463129043579,-4292.909143447879
2021-12-17,-8073.909359591342,8444.346488339565,1794.7309608459473,-2092.0809999874605
2021-12-20,-19827.755241394043,1185.3401641845703,204.07159423828125,-7091.446496282307
2021-12-21,-620.5183410644531,12723.373277664185,12723.373277664185,10176.642007827759
2021-12-22,-4938.480344772339,2058.1384601593018,2058.1384601593018,-448.4685802459717
2021-12-23,-775.3220310211182,4859.8311405181885,4859.8311405181885,2143.2865409851074
2021-12-27,-2132.8135375976562,7980.670557022095,7980.670557022095,7692.445573091507
2021-12-28,-2861.9162673950195,3866.4702186584473,3866.4702186584473,1024.8564014434814
2021-12-29,-2540.4150562286377,2565.6397285461426,2565.6397285461426,-285.45462799072266
2021-12-30,-2338.4535331726074,1530.5286502838135,1530.5286502838135,-1431.5289714677024
2021-12-31,-1637.397211074829,1930.1088256835938,1930.1088256835938,196.09974472862905
2022-01-03,-1953.7277379717102,2068.1099161420593,1308.5033340454102,1069.4932245527039
2022-01-04,-2657.9864843232353,7564.976097311286,4061.5975952148438,1400.673439230231
2022-01-05,-10808.294505970816,7351.849728686471,4075.8618965148926,-1530.7437559195955
2022-01-06,-8752.030753953124,10006.370136397218,6737.2766299929,4394.41934456144
2022-01-07,-15907.183920383452,3018.8963475227365,1776.353745869228,-11061.066473313742
2022-01-10,-17442.12394029754,11978.652018717352,3475.0205508640843,7908.53573257583
2022-01-11,-12475.221935272217,13802.81399154663,13608.155944892336,8556.668647834234
2022-01-12,-2088.4082679748535,2064.2618865966797,2064.2618865966797,-897.2248799800873
2022-01-13,-4769.8797824042185,5328.674924169268,1683.6581954956055,-2700.4905497687205
2022-01-14,-8289.483615875244,1215.8889083862305,1215.8889083862305,-5246.329839706421
2022-01-18,-14634.105060577393,1449.6997661590576,600.9594358716695,-10367.738585744584
2022-01-19,-4945.265621730261,2605.994471958704,2042.4449462890625,-4400.985462733679
2022-01-20,-2332.800811767578,5796.497970581055,5796.497970581055,-809.6234817504883
2022-01-21,-3965.796600341797,2943.522262573242,2943.522262573242,-2417.386332920618
2022-01-24,-7870.004701886859,26454.904164995463,4297.983993530273,24264.32479068211
2022-01-25,-15974.707744598389,973.31396484375,973.31396484375,-6778.835647583008
2022-01-26,-14815.152954101562,6300.612548828125,6300.612548828125,-11132.550073351178
2022-02-11,-1259.6970300674468,975.3151254653901,0.0,-1189.2249898910552
2022-02-14,-2754.7112710135234,3432.3384573800313,20.1190185546875,65.41883686611527
2022-02-15,-372.4940128326416,6573.875154495239,6573.875154495239,5118.611841201782
2022-02-16,-3957.313611984253,1007.0396327972412,1007.0396327972412,-60.931982312892615
2022-02-17,-1932.9790878295898,0.0,0.0,-1142.87370586395
2022-02-24,-1891.525390625,15628.75,0.0,15207.0830078125
2022-02-25,-1329.82421875,6628.724609375,1753.9649832589166,526.9169921875
2022-03-02,-311.128782442637,529.9899805273337,0.0,-190.97079675538112
2022-03-03,-176.23492813110352,608.808500289917,608.808500289917,480.6383743286133
2022-03-04,-488.6489067077637,472.6326656341553,437.57870057650905,-100.66757757323217
2022-03-07,-6972.560212067176,13486.461161681606,0.0,-154.93967144827798
2022-03-08,-38339.09194758959,36032.15095135145,6282.358398573738,-9478.377603292462
2022-03-09,-5022.296804019383,83972.88673632484,57743.473006418775,45883.1596219199
2022-03-10,-12661.676504135132,1938.6348419189453,652.244514465332,-6299.695704085491
2022-03-11,-472.33829498291016,207.06708526611328,207.06708526611328,-52.14664309365486
2022-03-14,-1494.5983881269285,3299.4516912187746,0.0,-985.4581598554441
2022-03-15,-444.6123918805821,7448.37796456473,5565.995056152344,6566.431919642855
2022-03-16,-1542.963134765625,5941.213165283203,5941.213165283203,5774.026240212589
2022-03-18,-67.44845335824323,603.2150598253505,0.0,315.9333825792568
2022-03-21,-1073.711396898543,503.2161238534101,0.0,102.26327351161325
2022-03-22,-190.1365966796875,1291.7193603515625,1143.1465369633288,942.1518023354688
2022-03-23,-195.318359375,103.220703125,103.220703125,51.651541573661234
2022-03-25,-1269.6486298697328,519.9613478524352,0.0,-1201.0
2022-03-31,-38.43670109340427,583.942754473002,0.0,307.3288170950723
2022-04-01,-881.2782132285074,4921.756996427254,293.8980255126953,3215.329731260018
2022-04-04,-3347.797508239746,1347.6848411560059,1218.1500015258814,407.5809080941367
2022-04-05,-4075.6364936828613,2353.067481994629,2353.067481994629,-2983.239456449227
2022-04-06,-3019.1457699366856,4858.435238974447,0.0,152.71529878889996
2022-04-07,-4096.0894775390625,6874.669574737549,6874.669574737549,5580.361572265625
2022-04-08,-1507.8817749023438,9049.371395111084,9049.371395111084,6095.923128945476
2022-04-11,-3286.9131595066774,3703.484148842932,0.0,-2841.48164095199
2022-04-12,-8586.95244475772,14987.054078374606,2818.098876953125,241.89281477250347
2022-04-13,-3657.81986618042,12519.272106170654,12410.871706281394,10623.887164524622
2022-04-14,-6457.290195465088,4549.294506072998,4549.294506072998,-5404.298338345136
2022-04-18,-4777.561985611916,6546.835374236107,0.0,-925.393391251564
2022-04-19,-198.35075569152832,7692.719144821167,7599.098346114159,4332.787622332573
2022-04-20,-3152.989793777466,1393.1093940734863,1393.1093940734863,-2355.394231081009
2022-04-21,-361.5731153488074,3986.8150072097865,0.0,3022.612378120431
2022-04-22,-2964.902249881189,2855.059465817053,1354.4561104093211,-812.1849182673793
2022-04-25,-6800.486543382904,5913.57166889737,1169.6362675258117,4074.8264142445137
2022-04-26,-8375.83520943778,2131.660487583703,0.0,-8165.276432582313
2022-04-27,-1810.263328552246,9450.322578430176,5950.2281494140625,2782.7905976431575
2022-04-28,-1184.0497741699219,9490.042297363281,9490.042297363281,7927.178837367469
2022-04-29,-2823.4930114746094,637.5673828125,637.5673828125,-2458.946876525879
2022-05-02,-7566.315983363561,7875.160762241909,0.0,2248.9163774762833
2022-05-03,-3687.433624267578,3388.022247314453,3388.022247314453,-77.7313853672672
2022-05-04,-8390.052444730482,11661.084686006823,9588.504318237305,10382.777852467143
2022-05-05,-5587.202072143555,0.0,0.0,-4112.805328369141
2022-05-06,-8923.997039794922,1697.5,1697.5,-2541.395263671875
2022-05-09,-8303.205032348633,0.0,0.0,-6925.799407958984
2022-05-10,-1030.7726977212037,11191.267249788561,5014.898223876953,4496.363914217272
2022-05-11,-9795.88770076207,8054.87661198207,4358.553146362305,-8679.26762335642
2022-05-12,-5950.78515625,2906.94873046875,2251.1934814453125,-1147.4383065359968
2022-05-13,0.0,3853.900634765625,3853.900634765625,3440.3791710989844
2022-05-19,-108.52915736606519,2059.947405133935,0.0,530.1895926339348
2022-05-20,-3066.71875,1352.5625,1352.5625,-320.078125
2022-05-23,-398.8828125,1697.515625,1697.515625,1588.8885323660652
2022-05-26,-859.7593796253165,3357.6326129436534,0.0,2211.180079221729
2022-05-27,-2379.018928527832,1358.4504432678223,1342.8696959359308,-2075.574576241629
2022-05-31,-2299.1698207855225,3501.5829105377197,3501.5829105377197,2882.3944970199
2022-06-01,-21.627898080010795,3612.542191641669,0.0,584.0625621250673
2022-06-02,-1124.8680267333984,1514.2352600097656,1514.2352600097656,-43.270111083984375
2022-06-03,-1211.3900299072266,389.3763427734375,389.3763427734375,-562.7924510410829
2022-06-06,-67.91790710176696,577.0364386013581,0.0,29.012554781777958
2022-06-07,-1930.8341646194472,520.0464429855333,0.0,-1901.2165498733534
2022-06-08,-502.75754492623406,1118.1722799028676,481.2895202636719,370.63231270653876
2022-06-09,-422.78772735595703,712.8504829406738,643.4236391612457,488.39557974679235
2022-06-10,-2429.534111022949,692.3018646240234,326.51445865630996,-1871.5192098617558
2022-06-13,-9689.860666547502,1910.4063012259362,0.0,-8509.35370853969
2022-06-14,-9902.538394451129,7457.9353375435,3361.6925048828125,-4037.7946963310114
2022-06-15,-5891.535377502441,12261.877922058105,12261.877922058105,2127.2527487618563
2022-06-16,-5681.878997802734,5320.024921417236,5320.024921417236,-1594.409031391156
2022-06-17,-4732.879171371464,2172.823877334591,0.0,-3609.730367660526
2022-06-21,0.0,6805.612106323242,6805.612106323242,6105.037994384766
2022-06-22,-5615.748825073242,0.0,0.0,-4381.3076267242395
2022-06-29,-90.51583426338766,1634.3865094866123,0.0,1114.8845563616123
2022-06-30,-5246.796875,1320.0,0.0,-1569.8046875
2022-07-01,-2582.08984375,2668.90625,2668.90625,2417.9201311383877
2022-07-19,-2430.8421131202103,7698.758375542509,0.0,1426.354826348174
2022-07-20,-5918.8884353637695,3982.909492492676,3355.9360885620117,-2395.2662448883057
2022-07-21,-1623.7266521453857,4115.235067367554,4115.235067367554,-540.1299480370167
2022-07-22,-2903.1130455562015,7347.605506079541,266.78155517578125,3799.7787162235836
2022-07-25,-1469.0863731929312,8267.171752112245,5689.563585281372,4709.223580496644
2022-07-26,-3115.216064453125,9640.016983032227,8807.352939605713,5214.408842904224
2022-07-27,-1966.6457214355469,3971.437530517578,3971.437530517578,2270.630226952697
2022-07-28,-126.96359481130453,604.4227768012443,0.0,168.4048839637199
2022-07-29,-450.085973739624,56.258195877075195,56.258195877075195,-154.7174949645996
2022-08-01,-98.45929908752441,365.6884765625,365.6884765625,-48.68738899912027
2022-08-02,-1537.020891938884,2940.3081638472486,0.0,1287.4601652281692
2022-08-03,-6172.024374961853,0.0,0.0,-5523.432686805725
2022-08-04,-1318.0986804962158,1422.6919136047363,1422.6919136047363,-1067.027478422444
2022-08-05,-2512.431258780614,5105.352894204005,0.0,-487.71948013986685
2022-08-08,-11623.413118907387,8171.4963583265,4878.383718490601,2123.2818254743274
2022-08-09,0.0,13240.547693252563,12284.234171049939,8838.69969671113
2022-08-10,-1380.6109046936035,1473.778190612793,1473.778190612793,-135.26204204559144
2022-08-11,-727.7325590678696,2481.8133012226576,0.0,1237.005287306642
2022-08-12,-5111.276711753434,7927.932573028976,530.0023422241211,-4272.680033973283
2022-08-15,-7016.956865310665,18192.978879928593,9684.563447271075,-3608.1093398502785
2022-08-16,-19980.21578793866,17023.030410715513,10621.012356758118,-7472.163944959638
2022-08-17,-551.5400390625,24682.829949378967,24662.29019396646,14675.072002138408
2022-08-18,-2332.7503662109375,4242.553738594055,4242.553738594055,-263.12397066184803
2022-08-25,-117.37421986035072,2738.773971591676,0.0,-54.83437916210853
2022-08-26,-1855.455581665039,2147.329900741577,2147.329900741577,1709.5259437561035
2022-08-29,-1605.286190032959,1396.8016681671143,1396.8016681671143,812.308435406005
2022-09-01,-33.70372881207845,3866.150763375422,0.0,3666.156866891047
2022-09-02,-3399.8773193359375,2424.90234375,2424.90234375,-2387.416259765625
2022-09-06,-3282.48789627211,2967.1441399369965,774.9735107421875,-1894.1435920510962
2022-09-07,0.0,4232.2587032318115,4232.2587032318115,3590.035228729248
2022-09-08,-2234.940336227417,584.431131362915,584.431131362915,-2234.6322438035736
2022-09-14,-23.459228515625,2414.78125,0.0,1634.214599609375
2022-09-15,-3889.8487025669674,3007.8041294642826,643.3642578125,-2534.0911342075924
2022-09-16,-5755.99658203125,0.0,0.0,-2166.1234654017826
2022-09-22,-2170.5866770063144,2728.8568654741543,0.0,-1271.0251077924472
2022-09-23,-14186.701401506149,14827.280059065139,0.0,2122.7700334957717
2022-09-26,-19056.989860534668,7161.888732910156,7161.888732910156,-13202.7964553833
2022-09-27,-13624.728424310697,23676.88306021689,16832.451358795166,-4767.994065727523
2022-09-28,-429.7730407714844,14179.953628540039,14179.953628540039,12625.960904530126
2022-09-29,-6069.088312149048,0.0,0.0,-4241.915309122625
2022-10-10,-1663.4668579101562,1088.7591247558594,0.0,-674.527587890625
2022-10-11,-1813.7551574707031,1266.7310485839844,1266.7310485839844,-959.4656982421875
2022-10-12,-605.9981689453125,875.32470703125,875.32470703125,-497.0067138671875
2022-10-27,-774.5825500488365,2661.591796874992,0.0,257.5682830810463
2022-10-28,-4847.256683349609,0.0,0.0,-3645.2396392822266
2022-10-31,0.0,2390.953628540039,2390.953628540039,1841.6713562011803
2022-11-02,-3317.5895647321486,2264.1369977678514,0.0,-3286.1364397321486
2022-11-03,-5193.50732421875,1807.984130859375,0.0,-3947.028564453125
2022-11-04,-1858.169921875,9205.630859375,9205.630859375,6208.474330357149
2022-11-07,-1112.7421653270728,4275.089259386062,3769.35400390625,2847.078660249709
2022-11-08,-333.2800579071045,234.53360557556152,234.53360557556152,-197.49924659729004
2022-11-09,0.0,950.4720211029053,950.4720211029053,882.1112601757056
2022-11-11,-1373.3189567838392,5395.869908877781,0.0,389.41101012911076
2022-11-14,-1142.3562698364258,2574.9823932647705,2391.162457874845,2137.6146542685383
2022-11-15,-5300.073692526133,7689.266481195182,572.9780178070068,633.1178176062479
2022-11-16,-1777.9647369384766,12797.092304229736,6916.141278879979,5106.499640260422
2022-11-17,-1276.9420166015625,4435.89485168457,3094.776990073071,361.35687773568065
2022-11-22,-397.3383633749837,612.652527127946,0.0,-394.0584561484212
2022-11-23,-1372.147010258263,2791.250938960487,417.61537170410156,-508.12387793404434
2022-11-25,-840.153564453125,2378.1102905273438,2378.1102905273438,-56.44598415919586
2022-11-28,-2753.5604095458984,751.0068969726562,751.0068969726562,-876.3716817583385
2022-11-29,-1615.4513201032144,6737.477634974911,0.0,2767.394383021786
2022-11-30,-4663.232938664296,27506.126299006602,24420.831817626953,25021.43180257933
2022-12-01,-674.222412109375,2861.4988021850586,2861.4988021850586,1405.1941201346135
2022-12-02,-13068.820626395089,8080.238982064384,887.5091457366943,-11306.456248521808
2022-12-05,-3020.0030364990234,8596.905143737793,8596.905143737793,5263.005035400391
2022-12-06,-9528.859245300293,0.0,0.0,-6727.56909261431
2022-12-08,-11.010839462280273,2864.3474826812744,0.0,810.525110244751
2022-12-09,-1022.0040237562965,9414.526451860158,8317.990234375,7019.530953202932
2022-12-12,-5694.8164144243665,15680.958167484814,4236.791110992432,13455.838570254171
2022-12-13,-3352.0208435058594,10775.531036376953,5938.731990814209,4338.105366298145
2022-12-14,-672.7531272343211,1485.8863113948291,0.0,51.61128698076675
2022-12-15,0.0,1887.9366607666016,1368.704418727329,1235.5309153965527
2022-12-16,-2117.401346206665,8812.406122207642,871.576982498169,-186.83950996398926
2022-12-19,-4234.80269241333,1588.0459613800049,1588.0459613800049,-4234.80269241333
2022-12-20,-1058.69730758667,3176.098653793335,3176.098653793335,1588.05269241333
2022-12-21,-529.3553848266602,2117.39461517334,2117.39461517334,529.348653793335
2022-12-22,-4234.80269241333,1058.69730758667,1058.69730758667,-3705.454038619995
2022-12-23,-2646.75,2646.75,2646.75,1058.55269241333
2022-12-28,-1323.6835588727718,2088.0547223772282,0.0,-1201.4423479352718
2022-12-29,0.0,4525.7958984375,4525.7958984375,4075.6494140625
2022-12-30,-2586.15234375,0.0,0.0,-169.20706612722825
2023-01-06,-5418.595982824054,9987.783255304608,0.0,-2954.473977906351
2023-01-09,-4681.191997528076,1626.460651397705,1626.460651397705,135.24775314331055
2023-01-10,-4985.764821188794,5626.107905251636,3263.4314041137695,556.8883989879027
2023-01-11,-1283.316936697277,10436.605228219716,9246.806823730469,8087.041760376526
2023-01-12,-2279.3240741321033,4223.692403452736,2286.5500884737276,758.1042241368949
2023-01-13,-2503.105350290042,9399.590677465696,2097.7180077688795,6.0645008086859775
2023-01-17,-4115.467433384486,1735.0455661501217,775.6138200759888,-1707.5837794031384
2023-01-18,-4669.56059769222,4395.383175577433,1933.0861225128162,4036.104116916669
2023-01-19,0.0,3477.8449687957764,2292.354933670591,1884.901212215424
2023-01-20,-3867.3095936094182,15051.040175982867,476.0108667782388,14489.172386918734
2023-01-23,-3223.151545013701,9426.560839210237,7820.864906311035,5910.004014526095
2023-01-24,-4375.3698654174805,10870.686827659607,3997.5955218928193,2861.8191829068483
2023-01-25,-607.8506956100464,5720.702349662781,1445.6796989440918,4018.9323695727767
2023-01-26,-1603.7354741777733,6957.094966343467,2671.354522705078,4560.898166111533
2023-01-27,-8198.224636963438,4703.212746688296,1882.6247215270996,-3048.394195488523
2023-01-30,-3901.079275948659,8420.568104880198,6080.759922708786,2856.395107405531
2023-01-31,-2797.1766052245885,7342.066612243673,3865.185287475586,5751.805962358222
2023-02-01,-13779.709741353989,6386.675195932388,2766.104736328125,-6211.763775587082
2023-02-02,-33160.671056917745,28548.919220754076,2970.7489624023438,-8379.172220672901
2023-02-03,-17897.984220249306,55755.3466227225,43844.88885440145,36088.267128791136
2023-02-06,-1042.437891960144,41751.75385951996,40501.76095581055,29006.149387700225
2023-02-07,-16757.629572868347,7639.609180450439,7639.609180450439,-12757.439026134363
2023-02-08,-1244.162109375,0.0,0.0,-570.2431640625
2023-02-09,-881.277099609375,518.4052734375,518.4052734375,-311.04052734375
2023-02-10,-1203.421832902104,2459.2851678303177,0.0,1503.8377190998492
2023-02-13,-362.87841796875,5594.983619689941,5594.983619689941,5247.201515197754
2023-02-14,-4124.866348266602,2772.549964904785,2772.549964904785,423.8863028117719
2023-02-15,-622.0810546875,1036.79736328125,1036.79736328125,915.837890625
2023-02-16,-1296.0,17.277099609375,17.277099609375,-414.722900390625
2023-02-17,0.0,2557.44580078125,2557.44580078125,1831.682373046875
2023-02-21,-4993.9189453125,0.0,0.0,-4786.560791015625
2023-02-22,-1994.4920261928035,2660.0244075230166,881.28369140625,-166.5032566615535
2023-02-23,-5127.737662179132,5203.754967825751,3462.757598876953,-2601.2695683070615
2023-02-24,-12158.279022216797,311.04052734375,311.04052734375,-9209.154275076728
2023-02-27,0.0,3951.6012268066406,3951.6012268066406,2777.1297367640927
2023-02-28,0.0,1520.63525390625,1520.63525390625,86.398681640625
2023-03-01,-380.162109375,673.9189453125,673.9189453125,17.277099609375
2023-03-02,-1451.520263671875,155.520263671875,155.520263671875,-51.837890625
2023-03-03,-293.7568359375,1347.837890625,1347.837890625,1209.601318359375
2023-03-06,-1814.398681640625,241.9189453125,241.9189453125,-933.12158203125
2023-03-07,-2194.560791015625,0.0,0.0,-1900.79736328125
2023-03-08,-449.28369140625,812.155517578125,812.155517578125,691.196044921875
2023-03-09,-5632.952951431274,1004.979772567749,0.0,-4957.5043659210205
2023-03-10,-13772.178341456798,4587.33957236156,216.19617462158203,-8224.726628984703
2023-03-13,-11189.356717245922,17979.900446755542,7428.431640625,2814.531557900561
2023-03-14,0.0,26543.37255859375,25771.709537779665,20441.786154338268
2023-03-15,-8003.6143798828125,0.0,0.0,-5402.85277829851
2023-03-16,0.0,8704.5267868042,0.0,7512.389678955078
2023-03-17,-5733.631324768066,0.0,0.0,-5525.389678955078
2023-04-19,-332.4951275416877,3991.214131491515,0.0,3108.8504840305777
2023-04-20,-5206.1436767578125,0.0,0.0,-2426.641571044922
2023-04-21,-84.12449673243091,8187.433891023917,5956.166931152344,4853.084948131034
2023-04-24,-402.71246337890625,1469.7457962036133,1469.7457962036133,1409.3515548706055
2023-04-25,-1711.3701171875,624.1790618896484,624.1790618896484,-1671.0862426757812
2023-04-26,-9723.695115225613,9020.72415815085,463.0593490600586,-6346.767289297879
2023-04-27,0.0,27246.20417022705,27075.50366973877,25690.705035618354
2023-04-28,-4654.836578369141,8732.688835144043,6874.926551818848,6436.1699077061
2023-05-01,-2245.0147399902344,2015.4690246582031,2015.4690246582031,-214.1188735961914
2023-05-02,-9147.300034659234,3362.393141610298,2331.4335327148438,-843.6535121372608
2023-05-03,-4964.6295166015625,7438.475288391113,4610.058540344238,-1900.6659611293408
2023-05-04,-5430.573219299316,442.9647674560547,442.9647674560547,-3635.3577270507812
2023-05-05,0.0,3641.1282958984375,3641.1282958984375,2787.286964416504
2023-05-08,-1609.7856826782227,1381.4677200317383,1381.4677200317383,438.8997573852539
2023-05-09,-1235.0254135131836,2020.9533996582031,2020.9533996582031,185.73848724365234
2023-05-10,-3179.1601638793945,1940.7995376586914,1940.7995376586914,-37.793975830078125
2023-05-11,-1877.1415135860443,2256.5206224918365,861.6924209594727,1478.1062624454498
2023-05-12,-3037.0171852111816,4119.939548492432,4119.939548492432,-807.3603515625
2023-05-15,-2290.2938385009766,2318.6482429504395,2318.6482429504395,1379.8573417663574
2023-05-16,-5052.670085906982,869.8108367919922,869.8108367919922,-969.2375602722168
2023-05-17,-933.3665580749512,3896.546932220459,3896.546932220459,3337.796417236328
2023-05-18,-2766.9919689212497,7474.133153149063,5690.739128112793,3740.200596996719
2023-05-19,-8036.370525632581,8186.938214983264,4143.979156494141,-2318.8278410775274
2023-05-22,-7307.2109298706055,6017.267402648926,4894.934722900391,-4218.843617490364
2023-05-23,-6457.152610778809,3823.8151206970215,3823.8151206970215,-3131.487166268485
2023-05-24,-7416.332233428955,5327.410095214844,2952.7271728515625,-495.82862854003906
2023-05-25,-9048.50870513916,10709.083232879639,10709.083232879639,2140.2739448547363
2023-05-26,-10474.066087739788,24056.463979704058,9154.710563659668,3603.7588519879846
2023-05-30,-37364.89752605984,20263.38365909031,5557.960746765137,2611.240157808569
2023-05-31,-14057.220611572277,28161.29214286803,24406.133853094914,8148.13101102622
2023-06-01,-4901.261039733887,16892.854457855225,16892.854457855225,9373.3307688577
2023-06-02,-1565.6870279993268,16433.362254074647,10783.056163787842,8282.942988327577
2023-06-05,-5954.2431716918945,5352.660598754883,5352.660598754883,1752.16748046875
2023-06-06,-6655.491195678711,9954.56888961792,9954.56888961792,1550.8546152796002
2023-06-07,-2472.82000095504,11606.38915126664,6540.137691497803,2079.8558575425795
2023-06-08,-2429.2714073317384,8060.537238870349,7107.943992887225,3016.9891948018767
2023-06-09,-4316.349964141846,4042.796787261963,3972.5910715375626,120.64606397492844
2023-06-12,-1284.595287322998,7510.0974197387695,7414.061090741849,5393.971736703601
2023-06-13,-1294.7693362235973,6811.029617786412,4159.203926086426,4172.497559070593
2023-06-14,-31253.35967040061,8012.643045663841,1368.6256942749023,-13356.043706655495
2023-06-15,-14070.401069641113,8813.002143859863,8544.155067580083,-2365.24235623224
2023-06-16,-11417.912094116211,3733.4044075012207,3733.4044075012207,-5950.299897977289
2023-06-20,-3375.822207518976,16243.111081055242,3290.9756202697754,10059.335484436591
2023-06-21,-9040.6030960083,13955.143951416016,3341.049277033122,-4862.165097168516
2023-06-22,-4046.525177001953,7959.471225738525,7959.471225738525,6678.611709594718
2023-06-23,-837.8996276855469,3076.4899559020996,3076.4899559020996,1530.481834411621
2023-06-26,-1980.6424751281738,2946.3985557556152,2946.3985557556152,-902.4349327087402
2023-06-27,-244.06190490722656,7009.3001136779785,6276.411079134239,6048.601234708505
2023-06-28,-290.8709182739258,1079.8939628601074,1079.8939628601074,-120.35892868041992
2023-06-29,-611.8306121826172,611.8267860412598,611.8267860412598,-508.18809509277344
2023-06-30,-261.80140256881714,2244.53373003006,1310.587329864502,-37.463050365448
2023-07-03,-1531.4174156188965,451.68322372436523,451.68322372436523,-827.4799995422363
2023-07-05,-488.1238098144531,1427.273151397705,1427.273151397705,220.95121335983276
2023-07-06,-1474.407398223877,247.4097785949707,247.4097785949707,-598.4544219970703
2023-07-07,-93.61420059204102,1039.776870727539,1039.776870727539,-13.376190185546875
2023-07-10,-1155.6543113163439,7227.543016297486,1668.3238945007324,5456.179786545899
2023-07-11,-6520.034735066554,17013.541149752476,6507.2707986831665,4028.7703110149896
2023-07-12,-11149.340293884277,19628.501034736633,11240.564007111952,3157.8954106739493
2023-07-13,-6241.717214584351,7681.505044937134,5962.900386095047,134.4955886432133
2023-07-14,-758.257884979248,2754.6235961914062,2754.6235961914062,2123.866554260254
2023-07-17,-1457.2945594787598,1710.3688430786133,1710.3688430786133,-1339.640474319458
2023-07-18,-2805.055187225342,0.0,0.0,-2464.0350341796875
2023-07-19,-956.1948127746582,588.4261054992676,588.4261054992676,254.09404754638672
2023-07-20,-1216.973129272461,23.40450668334961,23.40450668334961,-598.4582481384277
2023-07-21,-3936.6006352560953,1933.064449582772,601.8022956848145,-2788.6280820029215
2023-07-24,-1989.0299938746878,6939.546715872627,3752.4035606384277,2180.1647159031445
2023-07-25,-721.5289611816406,8276.68201828003,8276.68201828003,4690.955886568351
2023-07-26,-4417.803245544434,2671.494598388672,2671.494598388672,-700.6499186924511
2023-07-27,-1293.8709182739258,732.1895408630371,732.1895408630371,-976.2552719116211
2023-07-28,0.0,1547.9649658203125,1547.9649658203125,1019.7164115905762
2023-07-31,-1965.8790817260742,1457.6948127746582,1457.6948127746582,-929.4462585449219
2023-08-01,-922.7619895935059,427.9462585449219,427.9462585449219,-758.9380950927734
2023-08-02,-2454.0067176818848,0.0,0.0,-1033.0887756347656
2023-08-03,0.0,2166.4798469543457,2166.4798469543457,1344.0201530456543
2023-08-04,-735.5335884094238,939.4745750427246,939.4745750427246,-250.75
2023-08-07,-2137.170507158546,1925.7710974557117,949.5067176818848,1145.8715460641101
2023-08-08,-3203.7183532714844,1126.7029762268066,1126.7029762268066,-1048.569995880127
2023-08-09,-1668.8799133300781,11017.000595092773,10372.03105521202,8812.917272056846
2023-08-11,-663.29296875,1656.193359375,0.0,315.9140625
2023-08-14,-1009.08984375,3207.41015625,3207.41015625,3195.0859375
2023-08-17,-3214.97363335746,1898.3122591291121,0.0,-3044.7131086077043
2023-08-18,-9725.073604243147,13042.50165687288,320.11065673828125,4413.627715996332
2023-08-21,-7257.761162349161,13246.700067928854,10460.59118963699,5875.582977226797
2023-08-22,-2500.3378051008485,4502.022327116559,1274.8536376953116,2209.2105824266173
2023-08-23,-1146.9853286743164,10380.871580123901,10380.871580123901,7198.918270111084
2023-08-24,-7395.486064910889,2436.733627319336,2436.733627319336,-5672.387153625488
2023-08-25,-3675.8161659240723,5650.267826080322,5650.267826080322,3047.149362564087
2023-08-28,-2663.744571685791,6001.499753952026,6001.499753952026,699.5758781433105
2023-08-29,-2741.5564098358154,8734.15929031372,7625.3744570868375,6904.210838454115
2023-08-30,-1749.7028484344482,3736.656412124634,3736.656412124634,-381.0695323944092
2023-08-31,-3100.658603668213,2694.6063861846924,2694.6063861846924,-2167.4385566711426
2023-09-01,-2260.0567054748535,2797.4315299987793,2797.4315299987793,-448.73612785339355
2023-09-05,-6065.387481689453,3090.359344482422,3090.359344482422,-1543.9311457702051
2023-09-11,-353.6757441929393,921.2458256312794,0.0,-111.36892046247056
2023-09-12,-519.1079711914062,718.5418701171875,718.5418701171875,-348.55560302734375
2023-09-13,-135.14190673828125,708.27880859375,708.27880859375,39.924523489814305
2023-09-21,-172.24724905831175,2608.1854291643444,0.0,615.1317182268444
2023-09-22,-811.9740600585938,3100.314483642578,3100.314483642578,-639.7412109375
2023-09-25,-664.3363037109375,1254.8873291015625,1254.8873291015625,541.3272399902344
2023-09-26,-2608.1886291503906,713.5600891113281,713.5600891113281,-2337.5306091308594
2023-09-27,-1220.8887416294629,5315.051596505303,2805.0389709472656,3357.8778904506153
2023-09-28,-1366.771484375,14347.696350097656,14347.696350097656,11356.910400390625
2023-09-29,-6557.948089599609,3102.9345703125,3102.9345703125,-5437.606894356865
2023-10-02,-12980.761122567304,865.311112540117,246.04052734375,-9577.884352547773
2023-10-03,-10368.32825088501,8714.270114898682,4246.8143310546875,5330.284996032715
2023-10-04,-10614.594275372365,4515.0536900588495,3920.759620666504,-2513.258678334095
2023-10-05,-5511.728072762489,8075.066147208214,6992.666809082031,3803.5978206396103
2023-10-06,-23375.39272241933,11458.26088685649,10402.280532836914,5528.57312350613
2023-10-09,-3083.839183807373,16093.990044593811,16093.990044593811,13293.856408119202
2023-10-10,-1794.078212738037,11769.622402191162,11341.446930749062,9413.479738235474
2023-10-11,-2332.9124431610107,4369.575828552246,4288.987412112103,2139.9219035421083
2023-10-12,-5014.871343612671,1174.1541557312012,1174.1541557312012,-3023.2401332855225
2023-10-13,-1559.6031894683838,3502.575496673584,3502.575496673584,-358.58853912353516
2023-10-16,-327.0986328125,7640.5839557647705,5246.62814423016,2969.5049284866827
2023-10-17,-672.3792839050293,2840.96484375,2840.96484375,1577.6328811645508
2023-10-18,-590.5286254882812,2116.085174560547,2116.085174560547,910.4104309082031
2023-10-19,-1686.5238342285168,852.1347656249989,270.65802001953125,-1106.98944091797
2023-10-20,-3943.3144708360905,3976.7097296033626,709.3222351074219,-2518.08340317862
2023-10-23,-6592.70729541778,13832.538681983953,4633.557594299316,3526.453096389776
2023-10-24,-2642.9158049821904,14382.024411082262,13640.285340309143,8025.085730978411
2023-10-25,-15161.748831748962,5568.308444023132,5568.308444023132,-12860.772197178429
2023-10-26,-14891.309546402495,13789.986918517548,9928.549754142761,-4030.393176964325
2023-10-27,-15466.101017951965,8623.255306243896,8623.255306243896,-9599.364888191223
2023-10-30,-525.322509765625,19513.249179840088,19513.249179840088,14697.419948441617
2023-10-31,-3013.885224342346,8124.205606460571,8124.205606460571,5182.202564239502
2023-11-01,-1477.4236068725586,11520.02151298523,10666.936395747323,8006.008050033023
2023-11-02,-2525.1950073242188,14477.496091842651,12689.095629096037,11382.279579690528
2023-11-03,-2151.5445556640625,231.4896240234375,231.4896240234375,-1743.0234375
2023-11-06,-348.7733116149933,3468.959415435788,1559.180419921875,2973.267551422116
2023-11-07,-716.3922729492188,2128.9024658203125,2128.9024658203125,1264.2398071289062
2023-11-08,-1074.4768981933594,1014.4098815917969,1014.4098815917969,614.25
2023-11-09,-5400.0717351096,3136.8825648171573,2309.288818359375,-2600.58574267796
2023-11-10,-278.31300354003906,4360.433212280273,4360.433212280273,2666.7962188720703
2023-11-13,-1153.5066375732422,2524.336212158203,2524.336212158203,1808.0811462402344
2023-11-14,-1865.5968017578125,3347.082061767578,3347.082061767578,722.9060516357422
2023-11-15,-3975.671051502228,3363.8451380729675,1905.6797637939453,-2572.843674182892
2023-11-16,-923.9152488708496,4135.601638793945,4135.601638793945,2767.860004425049
2023-11-17,-3595.7509117126465,1996.974292755127,1996.974292755127,-2359.881534099579
2023-11-20,0.0,4649.691757202148,4649.691757202148,3381.4122467041016
2023-11-21,-68.42037963867188,4684.715362548828,4684.715362548828,2965.812759399414
2023-11-22,-1262.5610961914062,2489.543930053711,2489.543930053711,166.59156799316406
2023-11-24,-1129.9889113562435,2546.4627793175846,1722.1625061035156,1189.0013687951237
2023-11-27,-1016.030158996582,2707.2174072265625,2707.2174072265625,1367.6715927124023
2023-11-28,-2375.031478881836,2077.491081237793,2018.1309483391888,-1124.7392762047916
2023-11-29,-4532.549835068827,6006.768608229513,2338.9351654052734,-279.83190522873906
2023-11-30,-5948.619814191519,5738.291749681772,3378.408660888672,3127.6857545035496
2023-12-01,-9151.035936253413,8029.995615107671,6593.352554321289,-1321.8260768141215
2023-12-04,-13648.089348282083,19075.068942580954,3301.5046812466235,-914.2713013716857
2023-12-05,-6526.858192443848,19195.19379234314,18313.266929388035,9872.465025254653
2023-12-06,-27934.570598176528,13495.225090452619,6841.709854125977,-4609.21718721733
2023-12-07,-6813.681601115631,9745.382016590669,6923.639581680298,1895.355452946259
2023-12-08,-3668.6268467903137,15690.94029378891,14756.477769851685,6266.407338193469
2023-12-11,-1418.3616523742676,8555.129718780518,8555.129718780518,4051.2073407854305
2023-12-12,-950.9296646118164,4347.48717880249,4347.48717880249,3095.9249424934387
2023-12-13,-4665.146695273265,4986.671145302906,3439.013271331789,-788.2515422276078
2023-12-14,-20886.808112416948,19270.07230254582,1940.4009246826172,-7253.754872594556
2023-12-15,-12628.863500595091,32001.542145729065,20038.721470986093,11844.634797964782
2023-12-18,-10900.010803222656,19384.36168384552,18566.005571569716,11812.024477635106
2023-12-19,-12577.318584442139,4529.00919342041,4529.00919342041,-6811.578652109418
2023-12-20,-4615.26479870932,8587.283113888338,1301.5896453857422,3692.170397213532
2023-12-21,-10376.238453115742,16169.56249598094,2995.659378051758,3101.5788419587216
2023-12-22,-14825.356578826904,10834.478477478027,10834.478477478027,-3267.169950893952
2023-12-26,-3382.0124999795626,16069.970372029715,14538.556503295898,6049.974289928171
2023-12-27,-2597.3858691624264,2983.1254738398925,1863.5302772521973,732.6700600215333
2023-12-28,-3477.3289510182003,8015.8863657542615,2941.657958984375,1904.591115031919
2023-12-29,-3769.06978225708,5550.668516159058,5550.668516159058,2187.731803076611
2024-01-02,-8839.615085601807,6485.0759925842285,6485.0759925842285,-1572.91188226427
2024-01-03,-4269.423566818237,6352.694169998169,2695.306381225586,-35.23077201843262
2024-01-04,-9684.045595305295,10064.864766938357,3713.1375427246094,-5539.212633269163
2024-01-05,-5524.609085083008,6973.643447875977,6973.643447875977,-910.3726825714111
2024-01-08,-2488.790626525879,14910.749053955078,14684.09503609797,11615.171083586545
2024-01-09,-3302.4839935302734,994.051025390625,994.051025390625,-525.7298278808594
2024-01-10,-2710.840530395508,1891.4456329345703,1891.4456329345703,-1081.3114624023438
2024-01-11,-2939.4117584228516,2793.106002807617,2732.5078887939453,1374.5686403002028
2024-01-12,-559.9750823974609,2676.850814819336,2676.850814819336,956.8171539306641
2024-01-16,-1749.8633575439453,926.1301727294922,926.1301727294922,-604.1098327636719
2024-01-17,-730.8518981933594,2514.2515563964844,2514.2515563964844,1222.4213899884817
2024-01-18,0.0,1144.4824676513672,1144.4824676513672,1116.4936065673828
2024-01-19,-693.5334167480469,858.3535461425781,858.3535461425781,836.5907592773438
2024-01-22,0.0,1915.7611389160156,1915.7611389160156,892.5684814453125
2024-01-23,-1471.0334167480469,503.8184814453125,503.8184814453125,-1446.152847290039
2024-01-24,-1424.3805694580078,724.6305694580078,724.6305694580078,-1172.4665832519531
2024-01-25,-189.71018981933594,836.5860137939453,836.5860137939453,454.0573425292969
2024-01-26,-1147.5907592773438,422.96018981933594,422.96018981933594,-416.7388610839844
2024-01-29,0.0,1060.5111389160156,1060.5111389160156,1048.0684814453125
2024-01-30,-413.6305694580078,314.113037109375,314.113037109375,-149.27867126464844
2024-01-31,-1825.5684814453125,239.47132873535156,239.47132873535156,-1614.0907592773438
2024-02-01,-628.2213287353516,1579.8805694580078,1579.8805694580078,1132.039810180664
2024-02-02,-488.2675323486328,1841.1194305419922,1841.1194305419922,1334.1879119873047
2024-02-05,-1489.6879119873047,239.47607421875,239.47607421875,149.28341674804688
2024-02-06,-587.7898101806641,690.4203796386719,690.4203796386719,618.886962890625
2024-02-07,-105.73886108398438,3573.396453857422,3573.396453857422,1869.113037109375
2024-02-08,-292.34075927734375,1253.3296203613281,1253.3296203613281,1097.8296203613281
2024-02-09,-174.15924072265625,743.2945556640625,743.2945556640625,615.7834167480469
2024-02-12,-1844.2372131347656,796.1592407226562,796.1592407226562,-1328.1160242898131
2024-02-14,-2472.825837816513,3599.153593335831,0.0,-1962.0930802481535
2024-02-15,-13485.44825656074,5658.280121735159,0.0,-13069.732176848825
2024-02-16,-13067.604835510254,35884.171478271484,35884.171478271484,35500.550882067
2024-02-20,-2653.039524078369,11361.02834701538,2762.528977734704,2860.137530394968
2024-02-21,-4097.5103759765625,0.0,0.0,-4123.86315536499
2024-02-23,-755.3889216695554,5659.851125785279,0.0,-314.33281128747535
2024-02-26,0.0,9382.259559631348,7512.679602691116,7512.332811287475
2024-02-27,-2350.4695491790535,6588.245615005517,0.0,3428.3891620636223
2024-02-28,-8085.126121520996,1090.1978302001953,1090.1978302001953,-3290.587760925293
2024-02-29,-3364.263458251953,7198.832374572754,7198.832374572754,4818.198598861672
2024-03-04,-6818.667642865876,7942.486554826995,0.0,-1810.3026221139226
2024-03-05,-7874.075217110789,27116.530511038625,16791.649231501997,12493.60871287754
2024-03-06,-1081.0010528564453,8302.80648803711,8302.80648803711,3443.170617784772
2024-03-07,0.0,10756.37612915039,10756.37612915039,8952.52329145161
2024-03-08,-6323.417330469397,7610.746701513025,0.0,5632.461713109705
2024-03-11,-3992.387687001941,19112.45034095216,7460.453414916992,11289.491875375988
2024-03-12,-7513.722793579102,19645.370849609375,19645.370849609375,6975.803225244788
2024-03-13,-14581.925190653123,4997.153102193557,414.4676208496094,-11212.417996815244
2024-03-14,0.0,6526.01692199707,5653.016525677274,3358.627791132247
2024-03-15,-2514.3304443359375,1944.6695556640625,1944.6695556640625,-1919.966608047484
2024-03-19,-1861.9534487042845,9653.761089869933,0.0,8007.253918239076
2024-03-20,-1603.0688171386719,8520.913879394531,8520.913879394531,7871.445037841797
2024-03-21,-932.0067486081725,21941.362460681383,10544.705680847168,10805.754904746991
2024-03-22,-3894.4413299560547,1707.6295013427734,1707.6295013427734,-2102.8864135742188
2024-03-25,-5453.340492248535,2943.0635833740234,2943.0635833740234,-385.5674472536438
2024-03-26,-1670.8423036847535,2841.4123655046997,0.0,-1168.205462864441
2024-03-27,0.0,9279.632873535156,9279.632873535156,9203.552795410156
2024-03-28,-708.2449951171875,2877.340789794922,2877.340789794922,524.6526674542845
2024-04-01,-1273.2610778808594,5044.710647583008,0.0,4804.016494750977
2024-04-02,-2598.688130514958,9976.923746926448,2463.5409545898438,285.7358654567215
2024-04-03,-9904.429437841673,10989.23379877637,4346.74560546875,-4415.181326116818
2024-04-04,-10675.813166618336,16076.075993537914,12599.614246368408,3415.78999151503
2024-04-05,-12052.988304138184,3387.792282104492,3367.383195877075,-7414.304848568798
2024-04-08,-5246.856266975403,2896.5705156326294,552.0017101764669,-1122.7455518245713
2024-04-09,-9129.278821740832,12385.094785894666,7777.076522827148,-1146.0251024109984
2024-04-10,-27504.069691794255,11416.896906716489,9836.917678151818,-15653.36034679412
2024-04-11,-12380.19596862793,3564.2796630859375,3287.19310215541,-3615.6935782432656
2024-04-12,-10664.890083312988,5071.183712005615,3857.9275989074704,-4891.050902230405
2024-04-15,-12792.985479967942,5318.720067364822,3784.2179222106934,-11838.127921717514
2024-04-16,-3093.5922551836197,4846.767241886693,1595.0376281738281,1379.9538310596076
2024-04-17,-6429.340592793064,10670.405600139064,5107.272155761719,-1689.4769927433726
2024-04-18,-10685.603233882355,13898.314887455535,5252.077194213867,-6968.856055123459
2024-04-19,-34459.5390913827,13024.114396776484,8126.367874145508,-20346.91608674184
2024-04-22,-3096.300712040498,32984.453682490755,27502.098526000977,22513.788268498007
2024-04-23,0.0,18454.781135559082,18454.781135559082,15019.397794995977
2024-04-24,-1301.5052081516706,9947.682413918643,5771.528381347656,4017.8164389474214
2024-04-25,-7492.6431884765625,1551.0435180664062,1551.0435180664062,-324.6058654785156
2024-04-26,0.0,13877.192138671875,13877.192138671875,8172.584899902344
2024-04-29,-6098.936981201172,1238.9159240722656,1238.9159240722656,-1009.846923828125
2024-04-30,-9453.669952392578,1247.1185607910156,1162.7171636308963,-5790.80323628017
2024-05-01,-2470.1533617292107,12170.804737636023,7639.11474609375,1706.2646680559455
2024-05-02,-2882.325847080777,8474.460133143832,6531.8450927734375,5160.3605237688325
2024-05-03,-238.13644409179688,12909.645568847656,12909.645568847656,8546.70834350586
2024-05-06,-2234.709424563818,15846.037065914697,12365.092041015625,8126.998513085494
2024-05-07,-4231.098155975342,14452.4820022583,9478.697141374856,5606.024688039505
2024-05-08,-5111.670013427734,433.9822635650635,433.9822635650635,-1219.8900512967775
2024-05-09,-437.2710628509547,2245.2080783843967,1322.1236572265625,981.6770725250219
2024-05-10,-380.3627014160156,1354.1124572753906,1354.1124572753906,795.1304168701172
2024-05-13,-709.3997955322266,868.2090911865234,868.2090911865234,-482.81569862365467
2024-05-14,-246.24980000087876,1785.8693406241214,1030.3211975097656,1114.548433031348
2024-05-15,-396.23899187358484,6013.899313790478,2639.8253173828125,2033.9952000209464
2024-05-16,-3884.451141357422,3059.5224609375,3059.5224609375,-752.3513810293948
2024-05-17,-1367.4831001758575,6244.4866416454315,2788.349309376292,1682.8534373215066
2024-05-20,-4976.79134140696,3098.941770928246,1409.4674377441406,-3692.9320884772724
2024-05-21,-1204.3363342285156,5532.343963623047,5532.343963623047,2929.325206041336
2024-05-22,-3708.4563388824463,268.0526123046875,268.0526123046875,-2366.9558357170645
2024-05-23,-9657.466968740704,1921.599437509295,445.1042175292969,-8489.148254598858
2024-05-24,-4640.6962916168695,21985.159465142773,897.8656701174939,5120.355865035823
2024-05-28,-23461.23105430603,4198.21046257019,4198.21046257019,-9320.509966714086
2024-05-29,-15995.961297988892,744.9801177978516,744.9801177978516,-11908.817615781578
2024-05-30,-1589.180741173879,3330.115458624705,2444.5220623016357,657.9649535587871
2024-05-31,-956.1404113769531,5877.024072647095,5877.024072647095,4682.342136383057
2024-06-03,-10247.771564074927,4742.29638140542,1305.3212184906006,-9088.45827824729
2024-06-04,-6303.396354675293,98.90771484375,0.0,-5128.854432787219
2024-06-05,-6487.594223158701,5310.80793748583,1940.5061378479004,-1311.5224820545754
2024-06-06,-3007.2810974121094,2784.2093563079834,2784.2093563079834,-2170.1339548655906
2024-06-07,-2868.581287384033,4640.359655380249,4640.359655380249,1940.5061378479004
2024-06-10,-6918.337425231934,1603.0345058441162,1603.0345058441162,-1771.8257009301906
2024-06-11,-2638.2432022094727,1918.7181701660156,0.0,-1123.928700992039
2024-06-12,-489.60551425388553,3876.306488309591,0.0,458.81974819728634
2024-06-13,-2586.627685546875,0.0,0.0,-1449.8197481972863
2024-06-25,-472.45589665002467,2312.8739373343506,0.0,2108.989293779663
2024-06-26,-1826.8873901367188,968.7379150390625,968.7379150390625,95.3265380859375
2024-06-27,-1228.626708984375,1041.9583740234375,1041.9583740234375,-120.31583186560033
2024-07-01,-2685.1766052246094,4172.013854980469,0.0,3544.6690979003906
2024-07-02,-3785.036358697076,8304.37848963056,5635.456634521484,4859.550913946967
2024-07-03,-1401.0106201171875,9808.072242736816,7885.148506164551,6601.7799881526425
2024-07-11,-1201.5232003075614,4289.501049722956,0.0,-883.1959145409598
2024-07-12,-3819.836357116699,596.840892791748,596.840892791748,-2466.9757499694824
2024-07-15,-11527.12286376953,849.6249961853044,0.0,-7960.9809348242725
2024-07-16,-1168.133960996348,4786.386668886465,0.0,-538.9660837990822
2024-07-17,-2732.785087585449,2525.0593643188477,2525.0593643188477,686.2557563781722
2024-07-18,-3052.9309212820804,5824.377912793847,1931.527530670166,3495.719305583408
2024-07-19,-4254.447008405411,5660.938474382675,1891.6886444091797,-3509.461529323038
2024-07-22,0.0,8142.117004394531,8142.117004394531,7983.603210449219
2024-07-23,-2622.7935791015625,713.306884765625,713.306884765625,-2124.998059953964
2024-07-25,-12050.346715995254,23076.979593208845,0.0,-6429.0940190042875
2024-07-26,0.0,29295.535137176514,29295.535137176514,21209.052420275548
2024-07-29,-7445.701301574707,12968.681274414062,12968.681274414062,4630.041598728738
2024-08-01,-3714.594437599182,4272.268643379211,0.0,-483.9575185775757
2024-08-02,0.0,10230.363080978394,7683.469416618347,7682.957518577576
2024-08-05,-1623.0,4144.061981201172,0.0,2824.0206604003906
2024-08-06,-129.8388442993164,3689.6198348999023,3689.6198348999023,1828.578514099121
2024-08-07,-876.4173583984375,3851.921485900879,2096.763280051093,2096.4008255004883
2024-08-26,-223.96764482770558,758.0220631190718,0.0,275.7950047084272
2024-08-27,-604.9795913696289,263.0338668823242,263.0338668823242,122.74913787841797
2024-08-28,-811.0202407836914,206.0440444946289,206.0440444946289,-723.5441425868453
2024-08-30,-401.2712117092909,1720.6783045870957,0.0,1065.3579854113755
2024-09-03,-2993.2069802965284,7081.048119000042,3129.4084157943726,2657.071114948833
2024-09-04,-5992.228134155273,4562.820956230164,4562.820956230164,-3580.6092478888404
2024-09-05,-5514.389171600342,1804.659878730774,1804.659878730774,-3644.365553310955
2024-09-06,-1041.1990070343018,520.5995035171509,520.5995035171509,-989.1402978897095
2024-09-09,-598.6888084411621,494.57139015197754,494.57139015197754,208.23980140686035
2024-09-10,-364.4184112548828,1978.280595779419,1978.280595779419,1717.9820852279663
2024-09-11,-1249.4412908554077,0.0,0.0,-832.961688041687
2024-09-12,-520.5995035171509,364.4208936691284,364.4208936691284,-286.57419986384366
2024-09-13,-174.46129989624023,755.5497779846191,0.0,130.84656143188477
2024-09-16,-920.9150906290329,1632.1348361287796,0.0,588.9246005330765
2024-09-17,-2046.4676889351445,2162.764610869543,1250.1464338983803,-135.2362447806779
2024-09-18,-1744.919387885504,1854.2603492055605,1102.4509391784668,633.2113258498044
2024-09-19,-1306.1814193725586,642.708568572998,642.708568572998,460.0631669930059
2024-09-20,-160.8907127380371,337.35079193115234,260.98444911411957,189.1905899729063
2024-09-27,-858.729576519554,4010.4222808565446,0.0,362.4761443819352
2024-09-30,-5881.325823920112,2184.960816247124,1285.0698432922363,439.3443531308827
2024-10-01,-1582.6743450164795,756.606969833374,756.606969833374,-103.90842165265664
2024-10-02,-2981.82401193891,8918.239151818414,362.906982421875,7344.737537384034
2024-10-03,-1534.1112041473389,5509.708780288696,903.3675188337011,1142.5844317844912
2024-10-04,0.0,2810.696147918701,2810.696147918701,896.7659549713135
2024-10-07,-3972.8226026296625,2233.10055220127,0.0,-691.0220845937738
2024-10-08,-321.08559744698596,7730.744661876134,3569.630444884301,3752.137170740538
2024-10-09,-1446.16943359375,4004.544906616211,555.999755859375,151.61102294921875
2024-10-10,-842.1154022216797,3854.0059661865234,3684.1543513706747,1807.2738909040172
2024-10-15,-866.9609695162126,3408.1020645414046,0.0,1916.799536160057
2024-10-16,-2850.042022705078,347.9684829711914,347.9684829711914,-2038.1155624389648
2024-10-17,-364.5420227050781,3314.0,3314.0,2418.316026278908
2024-10-22,-109.91609409876892,309.21397181919986,0.0,153.06405421666076
2024-10-23,-1065.633041381836,0.0,0.0,-1013.0640542166608
2024-10-29,-118.25715637207645,2075.309921264642,0.0,1638.3141937255798
2024-10-30,-1234.2047729492188,353.3602294921875,353.3602294921875,-1002.3173217773438
2024-10-31,-4528.4427490234375,0.0,0.0,-2662.996871948236
2024-11-01,-1355.946596111566,1623.1316128117737,0.0,-1180.9910220759214
2024-11-04,-1704.7034388950863,1945.3989056178532,1459.3829231262207,-169.62723909105512
2024-11-05,-382.188720703125,2873.79518699646,2873.79518699646,2443.162482942853
2024-11-06,-174.60066604614258,3978.891025543213,1901.0982398986816,670.6088725498712
2024-11-07,-427.7698001861572,288.0915985107422,288.0915985107422,43.64933395385742
2024-11-08,-663.4785346984863,0.0,0.0,-488.87786865234375
2024-11-11,0.0,1580.1278686523438,1580.1278686523438,785.6980018615723
2024-11-12,-785.6980018615723,506.3415985107422,506.3415985107422,-785.6980018615723
2024-11-13,-94.73809187752593,3990.5933900560676,2120.609713860922,2927.0857920987282
2024-11-14,-276.84104919433594,454.5011901855469,309.81675624847196,250.32834911346328
2024-11-15,-302.6831588745117,315.08953857421875,315.08953857421875,-101.33870083945294
2024-11-19,-945.0771887643001,890.9228112356999,0.0,-446.65741947719073
2024-11-20,-3781.597215924945,4117.952039446149,0.0,899.402784075055
2024-11-21,-10444.67202758789,15400.488525390625,15296.051336015975,11733.685312543597
2024-11-22,-6909.2801513671875,518.319091796875,518.319091796875,-3050.4306771414613
2024-11-25,-1237.4618151528389,3580.297744478509,0.0,3397.653060640618
2024-11-26,-825.7824585778363,1519.9773070471635,1139.5536161150167,1129.9422140121426
2024-11-27,-1260.7142486572266,1483.1140060424805,1483.1140060424805,1041.771139144891
2024-11-29,-465.3281784057617,0.0,0.0,-42.36641379765183
2024-12-02,-1040.4416215079132,4123.809843335837,0.0,-15.484101976663055
2024-12-03,-1191.5710462842708,4620.44456345694,4021.02490234375,1506.7610460008855
2024-12-04,-1568.4191322326687,4511.221988677976,3648.925471646442,1951.6293084280765
2024-12-05,-2760.0684128318476,6584.588418909485,1102.0412979125977,3971.5010331869203
2024-12-06,-2612.8161523001518,1683.1469462258492,935.8576707839966,-1052.398812523907
2024-12-09,-5770.13020050525,4386.661222338683,1017.5726623535156,-1726.8316178747546
2024-12-10,-3087.8972345079674,2795.5437044416176,1498.6298986673355,-761.2461631127762
2024-12-11,-1644.074333190918,1863.1897354125977,1468.1911087036133,-1215.7618751525943
2024-12-12,-1350.5302734375,127.5718994140625,127.5718994140625,-1223.168816975187
2024-12-16,-1503.4588030406371,3449.250585692273,0.0,-794.29509912218
2024-12-17,-4468.996427536009,7948.0532398223895,512.1344375610352,3857.25390815735
2024-12-18,-17004.70581817627,5428.657066345215,3147.3211669921875,-12645.131261961804
2024-12-19,-11152.33690217561,37275.4755863803,5445.696559906005,-4161.616290603345
2024-12-20,-12761.919096265528,67007.36726542881,38894.10990454102,45245.90570453234
2024-12-23,-18125.70719718933,12006.5505027771,9090.37574740818,5041.395186560499
2024-12-24,-2855.4664154052734,4643.7961139678955,3814.610009057178,3174.5065879821777
2024-12-26,-3877.237672805786,2277.8304862976074,1271.3740498678742,907.8426712580949
2024-12-27,-3270.9651374816895,605.7259750366211,605.7259750366211,-1574.861406803131
2024-12-31,-139.1486569813266,2037.0542887279018,0.0,211.85268197741362
2025-01-02,-2242.3084967476825,5768.986459459593,2597.399196624756,-69.97245039257655
2025-01-03,-750.902041571474,5876.07201848712,3840.1171875,5541.36498723712
2025-01-06,-6509.12704958233,7541.365122658881,5513.731903076172,-2468.8141247885637
2025-01-07,-402.3733444213867,5554.831069946289,5554.831069946289,1699.5246505737305
2025-01-08,-5616.364737476637,25220.76940253801,6048.670082092285,22174.42075637407
2025-01-10,-42742.4170993226,9720.604022656156,2257.436899730136,-27714.849596619624
2025-01-13,-19147.519573824742,36186.14052043643,24619.446537971497,23616.23358855929
2025-01-14,-5394.526836395264,49185.60298919678,46510.045897432734,34699.19487413339
2025-01-15,-5124.589702606201,41686.14373397827,34178.26132011412,18122.807095391385
2025-01-16,-7741.519592285156,34065.805530548096,27093.990463290917,19082.569808380962
2025-01-17,-2192.8716430664062,14491.051708221436,14087.683069501601,6850.977755410332
2025-01-21,-6751.922298158912,17198.175920758935,7477.256124768943,1788.980380739492
2025-01-22,-12040.886005401611,5304.696407318115,5106.761126109532,-3588.3156779153023
2025-01-23,-4646.715841293335,13409.196565628052,12565.15221050807,8240.88318225315
2025-01-24,-3300.516300201416,8258.878189086914,8258.878189086914,2744.9477996826213
2025-01-27,-3923.3754735674074,18036.17733328684,6312.698206901543,5733.282987049658
2025-01-28,-7249.053434371948,5503.658308029175,5503.658308029175,-472.08630105427073
2025-01-29,-9312.618036270142,3614.942579269409,3614.942579269409,349.33793503896504
2025-01-30,-403.9521484375,1775.32861328125,1775.32861328125,1197.14599609375
2025-01-31,-1478.77880859375,1823.4990234375,1823.4990234375,-1193.38232421875
2025-02-03,-4722.858505249023,13112.066604614258,0.0,8008.069534301758
2025-02-04,-648.1473388671875,9066.807006835938,9066.807006835938,8097.90966796875
2025-02-05,-7591.372651423724,5469.610118542401,4541.6444091796875,3292.8127657515693
2025-02-06,-1959.5404217243206,4004.451716184615,2447.093569755554,951.8689620494831
2025-02-07,-4671.350678716379,3181.5402266638707,1870.2735576629639,-3020.8104689461757
2025-02-10,-2298.9502307347107,16117.612378937836,14737.84702205658,12701.450033051606
2025-02-11,-6864.280520915987,5388.240059375761,3850.875261068342,192.65737727709234
2025-02-12,-10449.064178466797,0.0,0.0,-5001.100537163849
2025-02-13,-1592.9793186187744,4005.892345428467,4005.892345428467,2900.027500152588
2025-02-14,-760.2952308654785,6616.1614055633545,5253.096820831295,4646.134155273436
2025-02-18,-1134.5718402862549,5274.211618423462,1952.6147861480713,3140.0163974761963
2025-02-19,-4680.541841506958,4266.411882400513,4266.411882400513,528.9695625305176
2025-02-20,-3111.7916984558105,3894.715955734253,3894.715955734253,2309.267715777669
2025-02-21,-6921.615459033426,2958.7318586621914,2035.302864074707,-5913.744503974915
2025-02-24,-5429.169644900736,9119.889514378134,3050.38542842865,-1432.4405551637974
2025-02-25,-24551.23911367145,14887.620978491635,2562.878288269043,-6182.474155834751
2025-02-26,-2109.6196756362915,32488.311381340027,29062.56051540375,20758.517557893494
2025-02-27,-13927.075218473163,10722.264915193828,2367.5101013183594,-8358.424085617069
2025-02-28,-3365.5169895717017,4112.236046927322,2400.793960571289,2970.8139125279076
2025-03-03,-12139.858627319336,2776.800765991211,2192.2428131103516,-7997.347603934158
2025-03-04,-7126.906921386719,3570.1431427001953,2594.946188116458,48.93121392386456
2025-03-05,-101.92021179199219,3647.325485229492,593.9623381423978,1208.555482046946
2025-03-06,-1052.8080139160156,0.0,0.0,-763.2861785888672
2025-03-07,-6496.545778002063,2671.0998823983277,0.0,183.10554340906992
2025-03-10,-19058.347388948714,12124.32609585353,0.0,-571.414466040474
2025-03-11,-6324.225269317627,8845.61042022705,6235.8140004702955,1633.0312303134351
2025-03-12,-3003.780275481089,9170.49744592394,5105.332098620289,3275.806643826627
2025-03-13,-1374.9526290893555,1222.1678924560547,1222.1678924560547,-840.2518844604492
2025-03-14,0.0,3742.9113235473633,3742.9113235473633,3514.245180266246
2025-03-31,-1213.8346595763942,10016.3171348572,0.0,9049.051845550559
2025-04-01,-4360.730987548828,3489.4602661132812,3489.4602661132812,2238.3616638183594
2025-04-02,-5512.489959716797,5649.091339111328,4436.589389801025,4436.586490631082
2025-04-04,-5505.4375880105345,20620.2307469504,0.0,13197.384525026575
2025-04-07,-20709.39063787461,94408.27961969376,10770.20751953125,24750.98620162692
2025-04-08,-41838.3317565918,53550.27411651611,44658.74835205078,-12677.182349068764
2025-04-09,-11820.232177734373,69279.72660064697,62687.06717681885,62873.87230661936
2025-04-10,-4856.884033203125,0.0,0.0,-3800.0606842041034
2025-05-13,-1710.0978177615623,6026.844263689854,0.0,1442.304472582676
2025-05-14,-8589.918480736866,5189.58929743086,262.6208801269531,2174.5000876699196
2025-05-15,-9145.834269183017,6972.004487378263,535.7601852416992,-1515.1242390360028
2025-05-16,-2163.249351501465,6443.6641845703125,5906.980716432841,-830.1840201786624
2025-05-19,-727.0385704040527,9526.56776046753,9410.825979232788,929.5036989620695
2025-05-23,-752.958984375,2476.220703125,0.0,1088.34375
2025-05-27,-158.88452938624346,11524.302776064196,6318.533203125,9940.126754488268
2025-05-28,-1700.9882926940918,850.4899787902832,803.1386751447369,370.918565477642
2025-05-29,-1007.510181427002,2486.060966491699,2486.060966491699,1648.61093003409
2025-06-05,-786.4108352320582,4167.699338947019,0.0,-147.16926762036377
2025-06-06,0.0,2853.75,2853.75,2534.131393432617
2025-06-09,-287.66556440081405,10331.958359854558,5867.309303283691,7275.101079123356
2025-06-10,-8012.434080549653,9031.06095080716,1301.3093032836914,-2347.4794983352967
2025-06-11,-8056.0290422439575,8851.096578598022,8393.459169626238,1981.2106648513304
2025-06-12,-5410.500675201416,5608.180814743042,4836.825690405711,-1281.00830536229
2025-06-13,-3219.0296516418457,2527.4819660186768,1728.6057624816895,-645.5442886352539
2025-06-16,0.0,5387.881393432617,5387.881393432617,3903.927909851074
2025-06-17,-2636.5923952375133,1774.0404744829455,936.0296516418457,-1825.1959795270643
2025-06-18,-2391.617620740616,13090.588750566756,3182.655372619629,6509.207555498397
2025-06-20,-18006.06404794965,16960.76319585528,7013.331371307373,-2666.1953923361616
2025-06-23,-23009.493797302246,17466.82462310791,7145.684471130371,2525.889865602763
2025-06-24,-3330.4598426818848,8040.784511566162,8040.784511566162,5809.689542497906
2025-06-25,-9379.311190060198,13941.995492526472,2743.267356021066,-2916.6552548067775
2025-06-26,-15520.495535612108,7140.978507280349,2281.161819458008,-5947.579462766648
2025-06-27,-4362.658508300781,18380.80616378784,16576.897995710373,12419.677066019594
2025-06-30,-1100.750717163086,2336.559898376465,2241.883356366846,1280.6425495147712
2025-07-01,-421.37408447265625,3336.776596069336,792.3003910609724,792.3498229980469
2025-07-02,-1329.6615661893566,2853.887929507665,0.0,-1078.9653400693614
2025-07-03,-2192.4444977555927,3746.0970004286114,509.1118698120117,-1023.3246628556906
2025-07-07,-495.7996082305908,9443.07272720337,8513.742889131816,5266.107125554764
2025-07-08,-1669.9089241027832,4588.609771728516,2927.965832301549,2426.1828773702878
2025-07-09,-512.6737480163574,971.3666572570801,0.0,795.4070625305176
2025-07-10,-327.02020263671875,1102.2398986816406,1102.2398986816406,132.80050659179688
2025-07-11,-608.5944557189941,6795.689510345459,4520.1767578125,5782.972705841064
2025-07-14,-3792.717030116498,5558.675528935016,2367.8011894226074,3039.2429804120666
2025-07-15,-8755.425155639648,920.7516479492188,920.7516479492188,-6483.431156158447
2025-07-16,-17410.218020302906,13244.2857409886,2453.024299621582,5980.362260546016
2025-07-17,-4094.0553498949293,22390.375100544523,17419.21813583374,12039.913812092374
2025-07-18,-13858.814693450928,11909.619289398193,11909.619289398193,-1552.5567517961845
2025-07-21,-5378.029782567724,7847.396380152002,5932.948680877686,1507.4513256890214
2025-07-22,-10312.054130179524,20209.816179650184,9625.564716339111,9813.55554999626
2025-07-23,-11471.127790416997,25041.894413028436,18248.738396644592,5965.904172795177
2025-07-24,-17835.083148002628,10566.692154884335,8866.752390861511,-11475.307517017663
2025-07-25,-13849.320100784302,2413.932970046997,1965.8489483001729,-5535.707922560817
2025-07-28,-4577.074314117432,1639.9942779541016,1639.9942779541016,-2754.847198486328
2025-07-29,-552.7828369140625,3231.836887359619,3231.836887359619,2168.291416168213
2025-07-30,-504.64141845703125,4089.5732383728027,4089.5732383728027,1569.0150756835938
2025-07-31,-2103.02073178972,4676.36545671736,1874.8881378173828,3957.3427668980244
2025-08-01,-8626.376304626465,3557.067070007324,2828.6618728637695,-215.8346939086914
2025-08-04,-3905.825938633506,11168.286545344765,8904.048107147217,4323.5053907121965
2025-08-05,-10948.78789806366,9540.860077857971,6523.804433550152,-2827.1947780336686
2025-08-06,-7310.015552520752,2789.8367958068848,2789.8367958068848,-1192.8659601211548
2025-08-07,-8134.05176632745,6835.061560698917,5957.330188751221,-2212.8017091069914
2025-08-08,-6879.488227844238,4014.176094055176,3261.906845508197,-4226.446578093936
2025-08-11,-3718.1042671203613,2727.6888008117676,2727.6888008117676,-1173.1455688476562
2025-08-12,-1936.5477333068848,5556.043899536133,5556.043899536133,5097.5506019592285
2025-08-13,-3725.9783819062377,4939.707412924085,4162.257358551025,3056.683525289807
2025-08-14,-5976.991165161133,1319.4973220825195,1319.4973220825195,-3367.3499488830566
2025-08-15,-5580.604991912842,2150.373523712158,2150.373523712158,-1864.141239370618
2025-08-18,-2250.9443130493164,3702.2438774108887,3702.2438774108887,762.9460525512695
2025-08-19,-3091.220672607422,5838.926006317139,5838.926006317139,1086.6749649047852
2025-08-20,-8823.996074676514,2503.7221336364746,2098.2148094177246,-2602.606792449951
2025-08-21,-8118.63455581665,4106.018352508545,3121.72794342041,-2654.0661659240723
2025-08-22,-1044.8976625714977,26323.188675471716,23253.682556152344,18462.60235977173
2025-08-25,-4295.120341437203,3165.2545364924845,2339.120086669922,-2274.576384680611
2025-08-26,-1305.864845275879,4962.746746063232,4962.746746063232,2777.7809257507324
2025-08-27,-7555.897157941541,7716.469361986437,3579.447432518005,-1978.1153708866618
2025-08-28,-4469.941547393799,8354.703548431396,8354.703548431396,1094.4369888305664
2025-08-29,-13749.95730154855,4416.826660701207,3539.2366485595703,-10713.960610525952
2025-09-02,-5818.029315948486,2758.3165893554688,1032.7355512891477,-442.2518926348014
2025-09-03,-4563.507751941681,4543.615699291229,1637.6430740356445,581.5479655265808
2025-09-04,-7424.022270202637,5116.159404754639,5116.159404754639,-1368.5569953918457
2025-09-05,-5990.605804443359,5612.912860870361,5612.912860870361,625.1254539489746
2025-09-08,-5263.36682510376,5649.269157409668,5649.269157409668,1878.101261138916
2025-09-09,-5420.369091033936,3581.8081283569336,3581.8081283569336,-1220.866439819336
2025-09-10,-3773.7824096679688,11851.45792388916,10808.013015270233,8392.560276508331
2025-09-11,-3345.3440230233127,12388.067167009645,7737.754364013672,8889.876096453005
2025-09-12,-7079.141735076904,6205.082736968994,5940.752048764894,-991.2190178462515
2025-09-15,-9977.435620989112,9808.690313611718,5938.0535316467285,-1367.4550691332188
2025-09-16,-8631.7546043396,4498.259559631348,4498.259559631348,-2102.393879209241
2025-09-17,-2650.5257863317174,18380.4651232447,11248.795377731323,11868.565648147032
2025-09-18,-4063.5865573883057,8181.062646865845,8053.457229614258,2760.4728169441205
2025-09-19,-6129.417217799597,7254.914119175501,6374.445014953613,-1843.9071040834724
2025-09-22,-9007.265965087057,12351.905560868143,5168.969467163086,-647.6553503104465
2025-09-23,-7841.417509351458,14175.494695390975,13086.0834274292,7523.054986681257
2025-09-24,-10374.07046708039,20334.830905829156,14218.954932894025,12165.051037328565
2025-09-25,-11503.410160064697,10875.427629470825,5312.810036676274,513.5432494878787
2025-09-26,-2817.0509404284694,9738.401280488279,5748.054958343506,3513.636962022092
2025-09-29,-6559.410313606262,2349.397621154785,2349.397621154785,-2168.0312032699585
2025-09-30,-2554.3406915664677,10408.762990951538,9667.582926750183,5508.717364226077
2025-10-01,-1960.2366027832031,4026.5857734680176,4026.5857734680176,1626.7655143737793
2025-10-02,-3483.937982014244,5088.6074205126115,2381.7092514038086,1342.4499011720968
2025-10-03,-2723.528639316561,9994.867043972014,9409.698265075684,4145.097438812256
2025-10-06,-4132.30350112915,4612.971546173096,4154.041276250569,1650.1391310010604
2025-10-07,-1932.4507282802033,4376.0021068028045,1074.7909240722656,1301.8847361973358
2025-10-08,-4299.649558203558,3312.961495263239,2230.4114837646484,36.200066430231345
2025-10-09,-8738.2702293396,17911.570232391357,2249.9810942241106,10462.621942520138
2025-10-10,-10930.815497415402,17385.108798010013,1607.6572494506836,-1891.1283369234588
2025-10-13,-5091.735469000679,4620.777472359795,2663.729174290383,-763.9708234071761
2025-10-14,-8714.423457554405,15954.585354396278,4619.168226242065,4476.751875468665
2025-10-15,-4760.904445648193,17319.724702835083,14274.729011399404,7285.608660289214
2025-10-16,-6699.307622092123,7580.276717049723,3629.28031539917,-3068.9205295017914
2025-10-17,-3921.8238945007324,12474.746189117432,11091.587222508031,7197.134324754992
2025-10-20,-7212.16561126709,5791.012763977051,5791.012763977051,-2699.9010740007598
2025-10-21,-909.6369171142578,2874.549861907959,2874.549861907959,1193.098731994629
2025-10-22,-2507.6382064819336,2007.3155136108398,2007.3155136108398,-919.5066452026367
2025-10-23,-2389.286201477051,4018.210906982422,1712.4223140989047,-1395.5037269592285
2025-10-24,-0.00464630126953125,2553.9127349853516,2553.9127349853516,1296.299331665039
2025-10-27,-105.64531087875366,4996.360947132111,3288.8971939086914,2822.028109073639
2025-10-28,-3566.069555282593,1374.001235961914,1374.001235961914,-2768.0561141967773
2025-10-29,-2376.843078477043,9334.232596533639,9007.451642990112,2876.1908521652163
2025-10-30,-2907.3851201534276,17858.444092035294,6237.263191223137,3882.6689474582668
2025-10-31,-1098.3639101471229,1703.90211539609,1166.950831413269,-319.95375389712285
2025-11-03,-4697.278494800841,982.1869621617445,368.25457859039307,303.5976634366163
2025-11-04,-3959.468879699707,125.69279479980469,125.69279479980469,-3645.224739074707
2025-11-05,-62.852474212646484,3142.4292526245117,1678.373853628161,846.9480901786274
2025-11-06,-6935.307564803566,9160.53742592672,1030.4157066345215,-5160.397207328285
2025-11-07,-25141.196228981018,11150.837197303772,4569.310042381287,7969.916740553752
2025-11-10,-5532.921268922938,29435.47469856058,23291.04576451437,17763.609826581822
2025-11-11,-11472.816427043499,24836.85274810451,15150.019869003976,10147.341193710066
2025-11-12,-10354.259958267212,6287.843561172485,6287.843561172485,-1652.023931997167
2025-11-13,-7545.2874755859375,5629.408836364746,4631.812578099109,-1728.0817739452705
2025-11-14,-6382.054717063904,13095.641842842102,0.0,-230.5092430114746
2025-11-17,-8798.267478942871,3989.7879371643066,1060.287109375,-1706.0331048965454
2025-11-18,-6065.398436546326,2324.0488290786743,2324.0488290786743,-1856.4930229187012
2025-11-19,-219.2508363723755,3464.149832725525,3464.149832725525,2324.0488290786743
2025-11-20,-4297.297992706299,2762.5505018234253,2762.5505018234253,-4078.0471563339233
2025-11-21,-6508.182590484617,13265.523646354679,131.54882907867432,6484.918570518496
2025-11-24,-1547.3229103088315,24938.642202377327,21565.76342201233,21358.106672286995
2025-11-25,-21718.73263481685,5213.279993738449,3853.647300720215,-6259.200886453902
2025-11-26,-1795.0788782664486,9170.341792242889,4065.673933029175,4306.923266547083
2025-11-28,-4038.6962890625,3159.6757802963257,3159.6757802963257,-2107.4570452826383
2025-12-01,-3540.733626501904,10530.001639229908,6041.944892883301,4568.649656023273
2025-12-02,-7392.855067798062,9281.722740582065,4437.078990936279,-1896.0165115083882
2025-12-03,-2756.4641494750977,6766.374616622925,6766.374616622925,3733.0635138920406
2025-12-04,-2123.793727874756,6562.129299163818,6562.129299163818,5015.814479419155
2025-12-05,-1639.8194217681885,427.1792640686035,427.1792640686035,-978.3800525665283
2025-12-08,-1943.482514177062,9325.031676496767,427.1805782318115,5604.533980028957
2025-12-09,-2163.550827026367,1524.9503631591797,991.6874237060547,44.685539245610016
2025-12-10,-10361.800894498823,10520.9906475544,841.5812835693359,-5803.732315029407
2025-12-11,-10234.55995566504,12306.64858239038,1712.9279613494873,4281.215402535034
2025-12-12,-17122.080446243286,9293.901973724365,7832.998498235424,-5978.088823011941
2025-12-15,-5768.255146571568,4603.311343601772,3604.9085073471065,-495.9245739664403
2025-12-16,-1294.1521083286834,4993.341727120535,548.0595092773438,1745.286688668387
2025-12-17,-8689.04052734375,2547.6744537353516,2174.523941040039,-6917.982384817944
2025-12-18,-5975.535476957043,16260.543906893054,3741.863525390625,-1009.8843244825007
2025-12-19,-536.2704293387443,21202.02263096399,19919.071380615234,16799.795030866335
2025-12-22,-1416.8606033325195,23060.744667053223,18561.917417526245,13206.05857113429
2025-12-23,-6044.828760623939,6700.946828365319,462.52703857421875,-4274.547024522501
2025-12-24,-1752.4903493608754,12137.295569828577,11288.587341308594,2160.896964481898
2025-12-26,-19404.43997832708,6902.20121887751,1397.8951034545898,-9960.827457632338
2025-12-29,-56.883705139160156,21098.957176208496,16390.59647192274,16357.042075429654
2025-12-31,-2093.112166268486,2255.343842642647,0.0,-1236.3464802333297
2026-01-02,-5658.752856867675,27180.4797404834,9725.381393432617,17462.098064763184
2026-01-05,-3721.3596771785114,35854.98957361494,20419.01980829239,17850.994287150268
2026-01-06,-3884.7570680890867,10217.168362208766,7390.215133666992,3643.061363765173
2026-01-07,-3431.385321378708,7805.003055810928,6000.561510631011,5407.980692011962
2026-01-08,-2238.4521560668945,2676.837635040283,2676.837635040283,176.3579019819091
2026-01-09,-5588.402508599413,3861.8023625782607,286.58027744293213,-4046.660352706909
2026-01-12,-2355.2245155062055,11740.300479343952,802.4402351379395,4854.661481312336
2026-01-13,-4454.751714229584,7389.953573703766,6350.062487397889,4215.45724882399
2026-01-14,-8669.541449410575,4779.346680777412,3966.011662806783,-3519.4611447368366
2026-01-15,-5049.530864681513,6186.748047862738,852.8124313354492,1939.986023817747
2026-01-16,-4217.405474117824,5867.564979144505,4971.2674198150635,-237.9659372057232
2026-01-20,-6708.657258987427,3675.1460571289062,3551.294518504825,-1874.3144178731136
2026-01-21,-1221.8296136856084,976.6415300369258,242.65032196044922,-690.5647295202524
2026-01-22,-1153.1203922033308,2703.3875271081924,200.19988250732422,24.512235283851737
2026-01-23,-678.4147262573242,3460.2412395477295,2963.289617844991,2232.896113157273
2026-01-26,-7568.323912279939,11192.437678677703,503.78466796875,7415.103075010444
2026-01-27,-5937.200346538003,11026.743909290853,5363.9023781503965,-1601.0878795215124
2026-01-28,-12698.21439906528,12391.612703595853,6588.727169581823,-5197.882634162897
2026-01-29,-15506.56795254775,19605.342522229468,17087.334411621094,-926.3795186281147
2026-01-30,-2348.8713369369507,37909.59243297577,23880.44212240831,22776.275995816493
2026-02-02,-2725.9119684185307,3148.89190178258,2503.515218734741,763.1502783468785
2026-02-03,-4827.8301639556885,1082.985694885254,1082.985694885254,-2864.2573223114014
2026-02-04,-10635.837734375651,16523.982642020528,2836.1477423736033,-761.9766754422644
2026-02-05,-12473.139498846875,8034.709339959277,7329.780962944031,-2221.6740333012212
2026-02-06,-14582.152377911973,10489.914158037735,6065.161908149719,-7135.668837734649
2026-02-09,-4487.050985336304,5479.250004768372,5454.065445082522,1710.4022261755813
2026-02-10,-5550.647378989624,6266.423982552125,2665.255235671997,-1493.777885266708
2026-02-11,-2861.3453674316406,6600.549590110779,6600.549590110779,3368.2026538848877
2026-02-12,-11908.1236649922,13125.951298577442,4179.065624407363,3986.9891962664424
2026-02-13,-2423.3858746119695,15749.203141348724,9843.488471984863,10169.258860724334
2026-02-17,-8820.606689453125,11903.649878501892,11903.649878501892,4347.082172530041
2026-02-18,-979.4388637542725,8785.553234100342,8785.553234100342,5353.587200982209
2026-02-19,-2461.8230409622192,72.4063549041748,72.4063549041748,-1303.039223160068
2026-02-23,-449.84351716722574,3021.9145852497663,0.0,1107.7034188679304
2026-02-24,-4475.213782719201,1705.7866674150762,0.0,-1383.3894953046504
2026-02-25,-5878.496280670166,5163.689208984375,2087.4590950012207,-2474.950310434618
2026-02-26,0.0,5359.177780151367,4719.064182281494,4211.660968780518
2026-02-27,-1198.802734375,912.482421875,912.482421875,-96.02458190917969
2026-03-05,-4346.406872544972,4202.653765882762,0.0,-1022.437842164723
2026-03-06,-11583.56202670506,2341.2632887704044,1711.0944366455078,-6328.836357048582
2026-03-09,-11266.223666599823,31585.018616267607,2953.5122604370117,23911.77455670493
2026-03-10,-4193.160530090332,12653.922451019287,1139.9241905212402,-2618.3178765433136
2026-03-11,-3926.9463465554336,2579.522067751207,123.56460571289062,664.4559350694958
2026-03-12,-8799.745986938477,1994.811499595642,594.3202667236328,-6401.20007651193
2026-03-13,-5292.330200740263,11984.862435749605,1842.6216220855713,-2828.2690110887734
2026-03-16,-1562.05078125,12600.98026561737,12600.98026561737,5158.516232763004
2026-03-17,-2693.0608110427856,2930.4527444839478,2930.4527444839478,-1452.997221674231
2026-03-18,-4862.008956534514,4937.778478997102,1630.0135145187378,599.8353160790109
2026-03-19,-21133.647204058485,16772.898883206533,1740.349359512329,2875.381976468251
2026-03-20,-30393.36454040663,23389.616490057542,14608.618235588056,-18087.057839700155
2026-03-23,-2525.118106842041,40733.54053783417,35654.844899381904,17942.197046927024
2026-03-24,-7770.503904615132,17093.899388994487,11432.806282043457,8987.304463522774
2026-03-25,-1039.7888271808624,20534.262980222702,19914.074813842773,10600.601931333542
2026-03-26,-5826.417172568193,11089.135821206222,7745.898558616638,1930.613817078719
2026-03-27,-11047.793632507324,2983.6225814819336,2983.6225814819336,-7496.148803472519
2026-03-30,-3485.679236275806,14673.69652284895,14049.714626312256,6193.977878843046
2026-03-31,-3528.027631964003,15320.916341577258,14464.100947380066,11049.480449335908
2026-04-01,-4445.400672912598,11587.852928161621,10612.030801296234,7435.6239917959465
2026-04-02,-4609.433128356934,4054.744058609009,4054.744058609009,1866.0204654421095
2026-04-06,-3534.1359539031982,1832.1872024536133,1832.1872024536133,-677.5190331595331
2026-04-07,-2589.6674823760986,1291.5001201629639,0.0,-2365.746202468872
2026-04-08,-1954.7956344059512,5814.121907097955,2612.318801879883,469.54750714983504
2026-04-09,-5455.3588943481345,1872.9871978759868,660.8016204833984,-3331.0477676391497
2026-04-10,-7127.038755893706,6600.455895900726,1237.47705078125,-3063.5588353702015
2026-04-13,-5968.557462692261,8661.579566955566,4592.39706822804,3686.58281646456
2026-04-14,-8590.587631225586,4099.069103240967,3672.678783416748,-101.23622785295811
2026-04-15,-2466.283380951202,2016.7463317257998,1510.6149291992188,-930.5690998690487
2026-04-16,-1669.2178064073846,9475.80976622445,7304.525681904385,6389.201892307825
2026-04-17,-7878.556972639899,4655.621761185784,1292.0189208984375,-1751.09051101548
2026-04-20,-5942.800219944546,4596.342636653353,3304.729637145996,-4322.8154176984535
2026-04-21,-14769.665238244188,11112.969552176344,2799.046558380127,2999.7404955455286
2026-04-22,-12823.843118667603,4707.83397102356,4184.619171415057,-4732.116515568323
2026-04-23,-8243.15865748269,11285.09515149253,9882.486936977932,1213.4286778313633
2026-04-24,-23084.46434238978,8518.564908708853,764.0279388427734,-12405.035967145639
2026-04-27,-4613.270706176758,26037.091873168945,25219.313330156598,19282.244968823023
2026-04-28,-9211.276184082031,11255.086730957031,9180.63493129185,4158.470186505991
2026-04-29,-333.1536688123473,2637.027605601715,0.0,188.8463311876527
2026-04-30,0.0,3210.3047790527344,3198.5862229211025,2381.411787169322
2026-05-01,0.0,2594.7678985595703,2594.7678985595703,1342.7418816430254
2026-05-04,-3202.309528895793,5029.157756260457,0.0,459.186442783895
2026-05-05,-11128.492082323353,8065.029829297743,4109.01025390625,-4194.023423876085
2026-05-06,-6994.970090184874,20189.897280420595,9864.14990234375,2082.7891381127747
2026-05-07,-6395.1500244140625,9800.430625915527,9800.430625915527,4732.103540148058
2026-05-08,-14093.330542428148,5010.462464468826,0.0,-11834.272370883411
2026-05-11,-2849.9441858019127,5637.528180531095,3106.3956909179688,-1425.1733575548424
2026-05-12,0.0,13107.823013305664,12091.907961709157,6160.211004529674
2026-05-13,-7980.2706233433255,8050.402884347104,824.1603698730469,-2197.717344284053
2026-05-14,-537.3011474609375,6191.036590576172,6191.036590576172,1600.4028015136719
2026-05-15,-62.85990653719333,7528.8972040585095,6912.9641036987305,2472.6336629731245
2026-05-18,-3303.1750426633075,1193.5525498049542,177.11983108520508,-2750.947450195046
2026-05-19,-4636.2757949829065,3064.718362808231,0.0,-1705.2461738586387
2026-05-20,-3333.239793777466,9547.62664604187,8443.171461105347,7773.665471928467
2026-05-21,-3593.0665197372437,1923.265902519226,1923.265902519226,820.9183015823328
2026-05-22,0.0,2044.1532897949219,2044.1532897949219,1468.6104736328125
2026-05-26,0.0,3049.678924560547,3049.678924560547,2725.5377197265625
2026-05-27,-1312.5178320748455,2355.2152459280846,859.5074702671677,1140.8055855887287
2026-05-28,-1176.7787017822266,4310.541358947754,504.32193756103516,2976.52791595459
2026-05-29,-10012.532552957538,11852.259473562235,4857.845512390137,-2702.3879759311667
2026-06-01,-13415.595684426164,8897.74729119029,563.7304000854492,-8418.015591042376
2026-06-02,-16882.939579929633,22143.67448142596,9510.649904251099,-6401.290567806801
2026-06-03,-12081.431331634521,29737.066291809082,21592.361707431926,7899.67060964448
2026-06-04,-5436.06768962315,23032.78586796352,21802.626620054245,5767.902096237462
2026-06-05,-12409.982724598478,15348.071055003573,8120.769817352295,-3788.125142506193
2026-06-08,-5201.854698249269,7781.285850456786,3484.9225057372996,473.38911213193865
2026-06-09,-16162.103892190113,9901.132340567454,6863.0588302612305,-530.0969418116957
2026-06-10,-9564.103759765625,15450.078231811523,15083.936874389648,4312.387405395508
2026-06-11,-6855.20585131645,23363.313988924026,20648.848037719727,4396.2720997333545
2026-06-12,-10107.72230565548,14860.580593705177,11619.67614364624,9817.352467179298
2026-06-15,-27040.633462905884,6698.2289962768555,5579.230361631937,-12831.518364667894
2026-06-16,-15699.350429466793,4707.464906760624,3149.5788803100586,-8134.783079675266
2026-06-17,-11268.390449523915,22019.72440338136,12857.927662759412,-2056.253537246148
2026-06-18,-32976.53180061067,11908.681474345081,311.2171230316162,-3917.519155842907
2026-06-22,-22925.66496930804,22947.138312476018,16274.601952178135,6251.285147530676
2026-06-23,-10118.962005615234,6635.712459564209,4408.076028551375,-2096.0194925580718
2026-06-24,-26428.192431586132,3189.3901299067893,624.2388534545898,-19222.51748956953
2026-06-25,-10900.710068566455,21284.520392554146,16346.156105041504,9683.280627386912
2026-06-26,-31103.35531248365,2882.4972685405205,1416.9709587097168,-22341.311573982235
2026-06-29,-13179.089910234723,17339.499834333146,15815.446746826172,-4941.152781895226
2026-06-30,-14988.357204232896,18444.111435140883,13872.66609954834,-4868.909004007066
2026-07-01,-30414.553151777814,11693.691280671525,5899.074775695801,-21579.046957663137
2026-07-02,-18200.529331820337,36934.591695172465,23615.75558280945,4380.178749084485
2026-07-06,-3896.6747159276674,27953.781083175116,26828.66577039445,12938.26226357052
2026-07-07,-8603.35986600603,47315.10810579573,43097.65040206909,36904.22869784491
2026-07-08,-3025.2340698242188,40107.08383369446,37720.863189595075,21041.679957083288
2026-07-09,-15603.74730682373,6484.348205566406,6484.348205566406,-7964.348767416823
2026-07-10,-4172.67862701416,7114.557586669922,7114.557586669922,2424.0127702440495
2026-07-13,0.0,17110.621604919434,17045.377597536357,15239.094916616164
2026-07-14,0.0,1444.4124488830566,1444.4124488830566,671.144229888916
2026-07-15,-3087.274537563318,3510.2560296058714,1298.5091094970703,1116.595221042639
2026-07-16,-8226.505603790283,0.0,0.0,-6957.754001617432
2026-07-17,-3260.6290012087147,9584.761066845484,3367.249542236328,7987.515156200953
2026-07-20,-2011.4371786117536,8810.77407550812,6925.226320539203,-820.8982991491041
2026-07-21,-627.5731552669017,22677.881732123235,14716.483283996582,17388.303014346526
2026-07-22,-5153.155426025391,13171.67904663086,12223.403453281951,4742.504572868345
2026-07-23,-18028.718700408936,2264.038787841797,1699.8716869354248,-11534.695738928654
2026-07-24,-920.7064228057836,5570.406473159793,3653.791316986084,1108.4194164276148
2026-07-27,-6470.842358180453,7697.900573185514,4448.407814025879,-351.84600496292956
