,pnl_flat
2003-01-21,-356.366858754839
2003-01-22,-1640.9334763118322
2003-01-23,4587.57299545833
2003-01-24,-9801.437607901416
2003-01-27,-4519.468096801219
2003-01-28,1575.7981452941895
2003-01-29,1102.8348990167874
2003-01-30,0.0
2003-01-31,3598.079411097939
2003-02-03,1090.31884765625
2003-02-04,-2860.398258754189
2003-02-05,0.0
2003-02-06,-237.52050781250728
2003-02-07,-1895.044921875
2003-02-10,1406.5654296875073
2003-02-11,0.0
2003-02-12,0.0
2003-02-13,691.4197267804755
2003-02-14,3906.96435546875
2003-02-17,0.0
2003-02-18,3269.6159177507743
2003-02-19,0.0
2003-02-20,0.0
2003-02-21,0.0
2003-02-24,0.0
2003-02-25,7252.120382513319
2003-02-26,-5982.122262954712
2003-02-27,5691.001880441393
2003-02-28,0.0
2003-03-03,0.0
2003-03-04,74.14879144940716
2003-03-05,284.4523067474365
2003-03-06,-341.6010981968437
2003-03-07,0.0
2003-03-10,0.0
2003-03-11,-765.1880066735446
2003-03-12,1160.9355685370392
2003-03-13,8701.252438136506
2003-03-14,0.0
2003-03-17,0.0
2003-03-18,0.0
2003-03-19,0.0
2003-03-20,0.0
2003-03-21,0.0
2003-03-24,0.0
2003-03-25,0.0
2003-03-26,0.0
2003-03-27,0.0
2003-03-28,0.0
2003-03-31,0.0
2003-04-01,0.0
2003-04-02,0.0
2003-04-03,0.0
2003-04-04,0.0
2003-04-07,0.0
2003-04-08,1291.0296532426623
2003-04-09,-5403.388120651245
2003-04-10,-1013.4601287160662
2003-04-11,364.00043964385986
2003-04-14,4124.818156480789
2003-04-15,0.0
2003-04-16,0.0
2003-04-17,0.0
2003-04-18,0.0
2003-04-21,0.0
2003-04-22,0.0
2003-04-23,142.1500495501936
2003-04-24,232.9553165435791
2003-04-25,569.8946339062272
2003-04-28,0.0
2003-04-29,0.0
2003-04-30,0.0
2003-05-01,0.0
2003-05-02,0.0
2003-05-05,0.0
2003-05-06,0.0
2003-05-07,0.0
2003-05-08,0.0
2003-05-09,0.0
2003-05-12,0.0
2003-05-13,0.0
2003-05-14,0.0
2003-05-15,0.0
2003-05-16,-1086.0
2003-05-19,0.0
2003-05-20,2250.8736748525075
2003-05-21,6521.863600100787
2003-05-22,4556.262725046705
2003-05-23,0.0
2003-05-26,0.0
2003-05-27,0.0
2003-05-28,0.0
2003-05-29,0.0
2003-05-30,-454.0
2003-06-02,2593.719176428653
2003-06-03,3044.262087617606
2003-06-04,5062.55766780036
2003-06-05,273.31578322819087
2003-06-06,1064.422664642334
2003-06-09,-145.80234074594637
2003-06-10,4826.204027175903
2003-06-11,7406.393818310361
2003-06-12,1599.9292830228806
2003-06-13,-4352.316569226138
2003-06-16,-1748.6855982542038
2003-06-17,0.0
2003-06-18,0.0
2003-06-19,0.0
2003-06-20,0.0
2003-06-23,-1736.1335046632194
2003-06-24,1576.7382272311786
2003-06-25,-1338.794134344349
2003-06-26,3079.1894117763895
2003-06-27,0.0
2003-06-30,-352.4351282119854
2003-07-01,10686.018144794865
2003-07-02,9917.26896599362
2003-07-03,-6456.851982576501
2003-07-04,0.0
2003-07-07,0.0
2003-07-08,-343.3630953856822
2003-07-09,-531.1687965393066
2003-07-10,8074.531891924989
2003-07-11,0.0
2003-07-14,0.0
2003-07-15,0.0
2003-07-16,0.0
2003-07-17,0.0
2003-07-18,0.0
2003-07-21,0.0
2003-07-22,0.0
2003-07-23,0.0
2003-07-24,0.0
2003-07-25,0.0
2003-07-28,0.0
2003-07-29,-850.4750641413868
2003-07-30,-595.031494140625
2003-07-31,570.5065582820118
2003-08-01,0.0
2003-08-04,0.0
2003-08-05,0.0
2003-08-06,0.0
2003-08-07,0.0
2003-08-08,-124.32903180804487
2003-08-11,2236.329031808045
2003-08-12,0.0
2003-08-13,0.0
2003-08-14,0.0
2003-08-15,0.0
2003-08-18,0.0
2003-08-19,0.0
2003-08-20,0.0
2003-08-21,0.0
2003-08-22,0.0
2003-08-25,1670.1540463992335
2003-08-26,561.2972030639648
2003-08-27,93.54875053680144
2003-08-28,0.0
2003-08-29,0.0
2003-09-01,0.0
2003-09-02,0.0
2003-09-03,0.0
2003-09-04,0.0
2003-09-05,0.0
2003-09-08,0.0
2003-09-09,0.0
2003-09-10,0.0
2003-09-11,0.0
2003-09-12,3767.429938180112
2003-09-15,-1379.429938180112
2003-09-16,0.0
2003-09-17,0.0
2003-09-18,0.0
2003-09-19,0.0
2003-09-22,0.0
2003-09-23,0.0
2003-09-24,0.0
2003-09-25,0.0
2003-09-26,0.0
2003-09-29,4405.951466900966
2003-09-30,-5214.857437133789
2003-10-01,7073.905970232823
2003-10-02,0.0
2003-10-03,0.0
2003-10-06,0.0
2003-10-07,0.0
2003-10-08,0.0
2003-10-09,0.0
2003-10-10,0.0
2003-10-13,0.0
2003-10-14,0.0
2003-10-15,0.0
2003-10-16,0.0
2003-10-17,0.0
2003-10-20,0.0
2003-10-21,0.0
2003-10-22,0.0
2003-10-23,642.4594402313357
2003-10-24,-569.5127143859863
2003-10-27,3372.053274154651
2003-10-28,0.0
2003-10-29,632.2045441184637
2003-10-30,-1400.4458904266357
2003-10-31,1120.3809976577759
2003-11-03,560.2070569992065
2003-11-04,2436.7886543273926
2003-11-05,1680.5438995361328
2003-11-06,-308.026123046875
2003-11-07,-168.1758165359497
2003-11-10,-6263.649582454102
2003-11-11,-4156.98731025632
2003-11-12,20354.59209864477
2003-11-13,159.1648807355732
2003-11-14,-1484.46204662323
2003-11-17,933.7528734207008
2003-11-18,-13116.008127212532
2003-11-19,7294.612809181235
2003-11-20,-1540.4728174209595
2003-11-21,252.10366249084473
2003-11-24,3305.132222175598
2003-11-25,336.08670234680176
2003-11-26,2128.6742210388184
2003-11-27,0.0
2003-11-28,-756.2889099121094
2003-12-01,2088.3506530693617
2003-12-02,-3562.970850944519
2003-12-03,-5890.319490807398
2003-12-04,-2492.854619026184
2003-12-05,-1260.36376953125
2003-12-08,4137.324247973316
2003-12-09,-4811.720350265503
2003-12-10,-4807.176332133167
2003-12-11,2941.0401344299316
2003-12-12,83.98303985595703
2003-12-15,-616.1515951156616
2003-12-16,1779.2501815387332
2003-12-17,96.61638259887695
2003-12-18,11843.464893000453
2003-12-19,-111.99946403503418
2003-12-22,392.14162826538086
2003-12-23,-112.0656967163086
2003-12-24,83.98303985595703
2003-12-25,0.0
2003-12-26,588.3007526397705
2003-12-29,1232.3694229125977
2003-12-30,168.0764675140381
2003-12-31,-1512.5778198242188
2004-01-01,0.0
2004-01-02,1120.3368425369263
2004-01-05,1232.5791597366333
2004-01-06,560.0635528564453
2004-01-07,-756.2557935714722
2004-01-08,-1316.363501548767
2004-01-09,2296.7506885528564
2004-01-12,-924.3543386459351
2004-01-13,-1260.4300022125244
2004-01-14,140.02692699432373
2004-01-15,952.3597240447998
2004-01-16,-392.11955070495605
2004-01-19,0.0
2004-01-20,420.1470136642456
2004-01-21,-2352.8056144714355
2004-01-22,-1764.6042108535767
2004-01-23,-1680.5328607559204
2004-01-26,1036.2875699996948
2004-01-27,6442.232131958008
2004-01-28,7694.253408380926
2004-01-29,4622.392582484626
2004-01-30,-1519.803466796875
2004-02-02,639.4108843122497
2004-02-03,0.0
2004-02-04,0.0
2004-02-05,0.0
2004-02-06,0.0
2004-02-09,0.0
2004-02-10,0.0
2004-02-11,0.0
2004-02-12,0.0
2004-02-13,0.0
2004-02-16,0.0
2004-02-17,0.0
2004-02-18,0.0
2004-02-19,0.0
2004-02-20,0.0
2004-02-23,0.0
2004-02-24,1364.8816332136023
2004-02-25,2779.5215377807617
2004-02-26,1215.5968290056362
2004-02-27,0.0
2004-03-01,0.0
2004-03-02,0.0
2004-03-03,0.0
2004-03-04,0.0
2004-03-05,0.0
2004-03-08,0.0
2004-03-09,-1497.8084541388976
2004-03-10,-15598.98899446214
2004-03-11,-13547.337796211192
2004-03-12,4660.17662773811
2004-03-15,-7578.870179312609
2004-03-16,2554.130262170534
2004-03-17,4057.760093688965
2004-03-18,-1850.061559472769
2004-03-19,0.0
2004-03-22,-2111.926028660338
2004-03-23,-2008.6379699707031
2004-03-24,2087.5639986310407
2004-03-25,0.0
2004-03-26,0.0
2004-03-29,0.0
2004-03-30,0.0
2004-03-31,0.0
2004-04-01,0.0
2004-04-02,0.0
2004-04-05,0.0
2004-04-06,0.0
2004-04-07,702.296296783855
2004-04-08,236.6260617460527
2004-04-09,0.0
2004-04-12,-258.9223585299078
2004-04-13,0.0
2004-04-14,1700.5524834905518
2004-04-15,-1841.968147277832
2004-04-16,1801.4156637872802
2004-04-19,0.0
2004-04-20,0.0
2004-04-21,0.0
2004-04-22,0.0
2004-04-23,0.0
2004-04-26,0.0
2004-04-27,0.0
2004-04-28,0.0
2004-04-29,1062.2247572285835
2004-04-30,-156.86128425598145
2004-05-03,-62.79272651672363
2004-05-04,5208.117841720581
2004-05-05,-1349.0659713745117
2004-05-06,-2352.622616801948
2004-05-07,0.0
2004-05-10,-62.89411037308264
2004-05-11,4475.809875488281
2004-05-12,1216.0842348848012
2004-05-13,0.0
2004-05-14,0.0
2004-05-17,0.0
2004-05-18,0.0
2004-05-19,0.0
2004-05-20,0.0
2004-05-21,0.0
2004-05-24,0.0
2004-05-25,0.0
2004-05-26,0.0
2004-05-27,0.0
2004-05-28,0.0
2004-05-31,0.0
2004-06-01,0.0
2004-06-02,0.0
2004-06-03,0.0
2004-06-04,0.0
2004-06-07,0.0
2004-06-08,0.0
2004-06-09,0.0
2004-06-10,0.0
2004-06-11,0.0
2004-06-14,140.11539132256158
2004-06-15,1392.7605743408203
2004-06-16,-379.98658561706543
2004-06-17,-1139.4078826904297
2004-06-18,-38.14299488067627
2004-06-21,-381.3450450897217
2004-06-22,8535.661564827024
2004-06-23,10656.990252494812
2004-06-24,-3035.943880081235
2004-06-25,-1858.7013946260895
2004-06-28,0.0
2004-06-29,0.0
2004-06-30,0.0
2004-07-01,0.0
2004-07-02,0.0
2004-07-05,0.0
2004-07-06,0.0
2004-07-07,0.0
2004-07-08,-1460.10986328125
2004-07-09,1534.10986328125
2004-07-12,0.0
2004-07-13,0.0
2004-07-14,0.0
2004-07-15,0.0
2004-07-16,0.0
2004-07-19,-218.33782768249512
2004-07-20,5545.318748474121
2004-07-21,-6880.980920791626
2004-07-22,0.0
2004-07-23,0.0
2004-07-26,0.0
2004-07-27,0.0
2004-07-28,0.0
2004-07-29,0.0
2004-07-30,0.0
2004-08-02,0.0
2004-08-03,0.0
2004-08-04,0.0
2004-08-05,0.0
2004-08-06,0.0
2004-08-09,0.0
2004-08-10,-762.3612003326416
2004-08-11,1294.8135681152344
2004-08-12,7445.547632217407
2004-08-13,0.0
2004-08-16,0.0
2004-08-17,0.0
2004-08-18,0.0
2004-08-19,0.0
2004-08-20,0.0
2004-08-23,0.0
2004-08-24,0.0
2004-08-25,0.0
2004-08-26,0.0
2004-08-27,0.0
2004-08-30,0.0
2004-08-31,3650.443386214118
2004-09-01,3178.4877842494316
2004-09-02,9606.2233007976
2004-09-03,1382.245216369629
2004-09-06,0.0
2004-09-07,-1328.154410668773
2004-09-08,1821.7076778411865
2004-09-09,-6717.793959311086
2004-09-10,207.4390411376953
2004-09-13,-2096.478286743164
2004-09-14,-2427.1197498866386
2004-09-15,0.0
2004-09-16,0.0
2004-09-17,0.0
2004-09-20,0.0
2004-09-21,0.0
2004-09-22,1495.2405514717102
2004-09-23,-477.1729393005371
2004-09-24,-666.0287819930575
2004-09-27,-129.08403716770363
2004-09-28,-6895.4789332321625
2004-09-29,9256.64149223057
2004-09-30,1509.5238208770752
2004-10-01,9.763988494873047
2004-10-04,-3515.7994651794434
2004-10-05,-2046.6056962013245
2004-10-06,0.0
2004-10-07,0.0
2004-10-08,0.0
2004-10-11,0.0
2004-10-12,2048.20556640625
2004-10-13,-102.20556640625
2004-10-14,0.0
2004-10-15,0.0
2004-10-18,0.0
2004-10-19,0.0
2004-10-20,0.0
2004-10-21,0.0
2004-10-22,0.0
2004-10-25,1700.7093563079607
2004-10-26,6789.03466796875
2004-10-27,7259.255975723288
2004-10-28,0.0
2004-10-29,0.0
2004-11-01,0.0
2004-11-02,0.0
2004-11-03,0.0
2004-11-04,0.0
2004-11-05,0.0
2004-11-08,0.0
2004-11-09,940.8661365509033
2004-11-10,344.99134826660156
2004-11-11,674.2862148284912
2004-11-12,-282.26220703125
2004-11-15,-1536.2849889482823
2004-11-16,-383.5555057525635
2004-11-17,2416.115463256836
2004-11-18,-278.9296340942383
2004-11-19,-1263.4848670959473
2004-11-22,3931.6927633285522
2004-11-23,-779.7563775266882
2004-11-24,10294.63820552826
2004-11-25,0.0
2004-11-26,-1056.3435885225063
2004-11-29,-6678.011931555594
2004-11-30,-815.3956211635223
2004-12-01,1951.7286819049316
2004-12-02,-1013.7967128753662
2004-12-03,2868.9658676556155
2004-12-06,-4309.325839996338
2004-12-07,-5440.4459084102145
2004-12-08,16834.428719384337
2004-12-09,400.9379653930664
2004-12-10,-488.10224533081055
2004-12-13,3521.2281799316406
2004-12-14,-17.407257080078125
2004-12-15,551.6414640460832
2004-12-16,-13498.858927726744
2004-12-17,1214.5314796822267
2004-12-20,2267.042566640036
2004-12-21,-8842.833086490631
2004-12-22,1897.8854370117188
2004-12-23,4493.705500125885
2004-12-24,0.0
2004-12-27,522.9266052246094
2004-12-28,209.2021484375
2004-12-29,-123.29203919002299
2004-12-30,-456.30248641967773
2004-12-31,-954.3371238708496
2005-01-03,-8439.772194862366
2005-01-04,-10830.929978370628
2005-01-05,-9127.42253105981
2005-01-06,9624.991910866325
2005-01-07,-1354.93251187462
2005-01-10,508.9585255213958
2005-01-11,-854.1666221618652
2005-01-12,976.1651077270508
2005-01-13,-2667.0615577697754
2005-01-14,941.340747833252
2005-01-17,0.0
2005-01-18,1778.0410385131836
2005-01-19,348.647274017334
2005-01-20,-784.4489822387695
2005-01-21,-718.6710906028641
2005-01-24,-3527.7482996327544
2005-01-25,2222.9445398194393
2005-01-26,4549.763272523886
2005-01-27,1086.7731609344482
2005-01-28,-366.88679695129395
2005-01-31,1871.6708707809448
2005-02-01,2385.2100752081205
2005-02-02,5464.2795696258545
2005-02-03,-1135.2194557189941
2005-02-04,2901.29443359375
2005-02-07,-5684.676349639893
2005-02-08,5931.43616104126
2005-02-09,-4417.566473007202
2005-02-10,6868.607732772827
2005-02-11,4837.874580383301
2005-02-14,1160.4855613708496
2005-02-15,50.91617829459574
2005-02-16,5758.502754211426
2005-02-17,-3649.9290809631348
2005-02-18,-306.13251004900417
2005-02-21,0.0
2005-02-22,-7236.022756576538
2005-02-23,2581.4156188964844
2005-02-24,2633.704969406128
2005-02-25,2852.366238900591
2005-02-28,-1470.8552162987849
2005-03-01,-610.0061501775472
2005-03-02,1021.1614818572998
2005-03-03,3768.935968399048
2005-03-04,7989.531676769268
2005-03-07,5199.963449716568
2005-03-08,-6348.813140392315
2005-03-09,-6928.796096801758
2005-03-10,-1852.3623008728027
2005-03-11,899.7219524383545
2005-03-14,35.27851104736328
2005-03-15,-311.6627902984619
2005-03-16,-4665.138534205309
2005-03-17,2002.4388301372528
2005-03-18,914.1966857910156
2005-03-21,-685.8143615722656
2005-03-22,-1231.8145561218262
2005-03-23,-2330.3764814649335
2005-03-24,-245.65492057800293
2005-03-25,0.0
2005-03-28,-5107.319004058838
2005-03-29,-5676.256836039702
2005-03-30,14459.632667541504
2005-03-31,-640.8878870010121
2005-04-01,-1157.348726272583
2005-04-04,3740.036046232482
2005-04-05,936.2796535491943
2005-04-06,-767.0161945479117
2005-04-07,1375.627477645874
2005-04-08,-4015.352075576782
2005-04-11,1838.6385345458984
2005-04-12,191.7813491821289
2005-04-13,-3945.982250213623
2005-04-14,-6778.079054781367
2005-04-15,-23641.97292251247
2005-04-18,10083.240149906691
2005-04-19,12344.801355498197
2005-04-20,-1109.189353942871
2005-04-21,1455.8063220977783
2005-04-22,-173.3492603302002
2005-04-25,1733.178939819336
2005-04-26,-658.6117610931396
2005-04-27,-2565.0019493103027
2005-04-28,-2565.008222579956
2005-04-29,-1109.1642608642578
2005-05-02,-1213.2064380645752
2005-05-03,-846.1018350805571
2005-05-04,0.0
2005-05-05,-537.6227352959821
2005-05-06,1029.762014389038
2005-05-09,174.57076263427734
2005-05-10,-1553.39577293396
2005-05-11,1169.4068450927734
2005-05-12,-1780.3128967285156
2005-05-13,-4882.27036041874
2005-05-16,7552.315035240996
2005-05-17,9250.335960388184
2005-05-18,1860.1987256493012
2005-05-19,6755.310234240116
2005-05-20,-2134.4503440856934
2005-05-23,4675.568021774292
2005-05-24,1960.988868713379
2005-05-25,1925.5329551696777
2005-05-26,5452.326524734497
2005-05-27,2022.1079255172135
2005-05-30,0.0
2005-05-31,225.80700874328613
2005-06-01,-3469.4419269561768
2005-06-02,70.26237678527832
2005-06-03,-3856.3216609954834
2005-06-06,2544.5590534210205
2005-06-07,-1934.5211963653564
2005-06-08,-243.4353313446045
2005-06-09,2039.0892219543457
2005-06-10,-1254.8214206695557
2005-06-13,-2882.891360487251
2005-06-14,-1128.3607082366943
2005-06-15,130.77793884277344
2005-06-16,2018.7595806462386
2005-06-17,-1030.5396976470947
2005-06-20,-1879.91361049243
2005-06-21,1094.2990856170654
2005-06-22,292.051118850708
2005-06-23,-5720.516321182251
2005-06-24,-7772.005589229713
2005-06-27,-793.2352105549683
2005-06-28,15852.846966522075
2005-06-29,-1476.3925617762693
2005-06-30,-890.162992477417
2005-07-01,925.0562038421631
2005-07-04,0.0
2005-07-05,2024.6439056396484
2005-07-06,122.21131324768066
2005-07-07,-1047.2347965240479
2005-07-08,87.25266075134277
2005-07-11,-698.158712387085
2005-07-12,59.560252189637836
2005-07-13,36.43975537163806
2005-07-14,1004.1936894144321
2005-07-15,628.2741279602051
2005-07-18,0.0
2005-07-19,-69.8125991821289
2005-07-20,226.93021202087402
2005-07-21,-942.5224418640137
2005-07-22,767.9974880218506
2005-07-25,-412.5004150867478
2005-07-26,1301.3430404663086
2005-07-27,-155.09318828582764
2005-07-28,2219.020199775696
2005-07-29,1647.6271953582764
2005-08-01,-927.1357402801514
2005-08-02,-282.8615130186239
2005-08-03,10628.46287727356
2005-08-04,1619.0797406775746
2005-08-05,-6051.388174057007
2005-08-08,-481.7496943473716
2005-08-09,3851.4402952194214
2005-08-10,2368.390655040731
2005-08-11,-1111.1580257415771
2005-08-12,5889.199040004192
2005-08-15,2424.378191947937
2005-08-16,-6293.069692611688
2005-08-17,-184.93187141418457
2005-08-18,1002.6418869154857
2005-08-19,-1009.4739238875316
2005-08-22,19.681797436273996
2005-08-23,-1168.150728225708
2005-08-24,-1103.4678739819892
2005-08-25,3912.7771310806274
2005-08-26,-736.265629359661
2005-08-29,1321.7679605484009
2005-08-30,-2321.9004850387573
2005-08-31,2035.9014158248901
2005-09-01,-185.1032010487038
2005-09-02,4522.6795685972365
2005-09-05,0.0
2005-09-06,-18269.217231801573
2005-09-07,9037.141289676945
2005-09-08,911.8381406068747
2005-09-09,3906.174554790773
2005-09-12,7406.993567466736
2005-09-13,2637.1764192921737
2005-09-14,1489.7303762435913
2005-09-15,-684.5728410993279
2005-09-16,4685.047794342041
2005-09-19,-1219.5091247558594
2005-09-20,-3568.2934720856856
2005-09-21,-2180.4618938991357
2005-09-22,7278.723833492815
2005-09-23,3637.7551799502007
2005-09-26,-1792.489213126033
2005-09-27,-1229.3576374053955
2005-09-28,-437.762921333313
2005-09-29,2814.4278173446655
2005-09-30,903.2565250396729
2005-10-03,-83.51240158081055
2005-10-04,-3220.476224899292
2005-10-05,-4860.480076789856
2005-10-06,-2332.3435051781853
2005-10-07,16949.760291780745
2005-10-10,-10021.202554157793
2005-10-11,-7160.0661677292355
2005-10-12,-935.0161974770617
2005-10-13,2408.67878927503
2005-10-14,1147.6977157592773
2005-10-17,-973.0484771728516
2005-10-18,-4865.242385864258
2005-10-19,7510.413605962473
2005-10-20,0.0
2005-10-21,0.0
2005-10-24,0.0
2005-10-25,0.0
2005-10-26,0.0
2005-10-27,778.2173843383789
2005-10-28,6816.854470252995
2005-10-31,3629.6873846054023
2005-11-01,376.10660552978516
2005-11-02,2723.73486328125
2005-11-03,246.39752197265625
2005-11-04,-1129.1643251691567
2005-11-07,2766.607955932617
2005-11-08,-1782.9136352539062
2005-11-09,2756.4834213256836
2005-11-10,4827.099746704102
2005-11-11,874.8656845092773
2005-11-14,-1581.7589416503906
2005-11-15,-1706.6984405517578
2005-11-16,-1026.3622772693634
2005-11-17,7398.422744750977
2005-11-18,1212.1441299915314
2005-11-21,-986.5293910162775
2005-11-22,-2509.673459904536
2005-11-23,5350.681639909743
2005-11-24,0.0
2005-11-25,-3389.068129284041
2005-11-28,499.2322922604419
2005-11-29,-1275.156172990799
2005-11-30,-4282.303726911545
2005-12-01,13806.491065979004
2005-12-02,-1774.008205039159
2005-12-05,-1297.072417923383
2005-12-06,248.86811380726863
2005-12-07,-3134.6477432250977
2005-12-08,1266.9263190542038
2005-12-09,1605.0410649606104
2005-12-12,2832.627087678222
2005-12-13,2386.710620164875
2005-12-14,-55.02442169189453
2005-12-15,-3849.073402404785
2005-12-16,223.61722564697266
2005-12-19,-5311.9281940460205
2005-12-20,6197.290591478342
2005-12-21,6112.790568658276
2005-12-22,4366.654686655325
2005-12-23,2665.9736870356996
2005-12-26,0.0
2005-12-27,-6683.5610637664795
2005-12-28,2325.327123641968
2005-12-29,977.511726106957
2005-12-30,-8435.616715158776
2006-01-02,0.0
2006-01-03,25078.205910273962
2006-01-04,10002.19106388092
2006-01-05,-152.07576370239258
2006-01-06,6923.71528540339
2006-01-09,1859.7205028533936
2006-01-10,-3160.471068007603
2006-01-11,-1792.5127786568182
2006-01-12,-7558.353688240051
2006-01-13,-1914.8285676070682
2006-01-16,0.0
2006-01-17,-5485.109935760498
2006-01-18,3667.793026379175
2006-01-19,4416.1599979400635
2006-01-20,-16816.087742328644
2006-01-23,1356.234306403545
2006-01-24,3910.5897121429443
2006-01-25,-6305.909351416973
2006-01-26,12576.882887840271
2006-01-27,4828.39619990758
2006-01-30,-5267.988394737244
2006-01-31,-1276.0176725387573
2006-02-01,2898.8976850509644
2006-02-02,-7327.972237518854
2006-02-03,-7212.990456581116
2006-02-06,3511.948022842407
2006-02-07,-8092.65564250946
2006-02-08,-4560.825080735345
2006-02-09,2849.69845867157
2006-02-10,-3133.401873588562
2006-02-13,-3674.8905506134033
2006-02-14,7740.193168640137
2006-02-15,7155.965284756254
2006-02-16,330.48825972420536
2006-02-17,636.4233248574369
2006-02-20,0.0
2006-02-21,68.05373001098633
2006-02-22,-222.0641689300537
2006-02-23,1170.727578163147
2006-02-24,-138.96361446380615
2006-02-27,-621.7954750061035
2006-02-28,-3728.6003189086914
2006-03-01,6749.279578208923
2006-03-02,2257.064687728882
2006-03-03,-5103.83195400238
2006-03-06,-7622.71694959916
2006-03-07,-7526.053274018393
2006-03-08,-2503.083825111389
2006-03-09,-497.54372215270996
2006-03-10,5789.4040241241455
2006-03-13,2172.8998050689697
2006-03-14,3895.045419692993
2006-03-15,4582.991218737201
2006-03-16,-2907.991758516855
2006-03-17,3414.962214299603
2006-03-20,-1906.510779210501
2006-03-21,-3837.208995819092
2006-03-22,3901.868613243103
2006-03-23,3009.7476844787598
2006-03-24,1547.9176559448242
2006-03-27,1390.1596431732178
2006-03-28,1441.645276069641
2006-03-29,1633.3829917907715
2006-03-30,5963.212268829346
2006-03-31,-303.7740602493286
2006-04-03,2513.6392860412598
2006-04-04,1208.6427955627441
2006-04-05,2606.70804112298
2006-04-06,253.7433443069458
2006-04-07,-5008.525470801765
2006-04-10,811.7855339050293
2006-04-11,703.0005035400391
2006-04-12,1519.434368133545
2006-04-13,-1187.9034843444824
2006-04-14,0.0
2006-04-17,3765.296001434326
2006-04-18,3047.9858894348145
2006-04-19,-864.2344345024646
2006-04-20,592.8679067407332
2006-04-21,-241.35740259715521
2006-04-24,-1294.3261032104492
2006-04-25,1466.1644287109375
2006-04-26,4061.7729721069336
2006-04-27,512.8023529052734
2006-04-28,-645.6908774205781
2006-05-01,-1029.7116483960904
2006-05-02,-3514.3353505304713
2006-05-03,-1501.6905555725098
2006-05-04,5273.579132080078
2006-05-05,2143.0628757476848
2006-05-08,1926.3279266357422
2006-05-09,-456.0566158294714
2006-05-10,-3698.6535645893664
2006-05-11,-4446.084621429443
2006-05-12,-10578.543920585082
2006-05-15,9891.89003317694
2006-05-16,-4980.793523584096
2006-05-17,-19437.83223288397
2006-05-18,-5665.749434471174
2006-05-19,15454.66264098032
2006-05-22,-21678.080966131973
2006-05-23,-3872.686412266335
2006-05-24,364.8882751464844
2006-05-25,1150.7904052734375
2006-05-26,1403.4275207519531
2006-05-29,0.0
2006-05-30,-1543.7218322753906
2006-05-31,785.8628540039062
2006-06-01,1487.6093444824219
2006-06-02,870.0577697753906
2006-06-05,-1459.4614562988281
2006-06-06,1131.341826643249
2006-06-07,-2554.0923614501953
2006-06-08,-6018.994837215966
2006-06-09,-1390.2931411606812
2006-06-12,-6168.055451938085
2006-06-13,-7737.369046279358
2006-06-14,5973.952583312988
2006-06-15,15106.507284232554
2006-06-16,0.0
2006-06-19,0.0
2006-06-20,0.0
2006-06-21,0.0
2006-06-22,0.0
2006-06-23,0.0
2006-06-26,0.0
2006-06-27,0.0
2006-06-28,0.0
2006-06-29,0.0
2006-06-30,0.0
2006-07-03,0.0
2006-07-04,0.0
2006-07-05,0.0
2006-07-06,0.0
2006-07-07,0.0
2006-07-10,0.0
2006-07-11,0.0
2006-07-12,0.0
2006-07-13,0.0
2006-07-14,0.0
2006-07-17,0.0
2006-07-18,0.0
2006-07-19,0.0
2006-07-20,0.0
2006-07-21,0.0
2006-07-24,0.0
2006-07-25,0.0
2006-07-26,0.0
2006-07-27,0.0
2006-07-28,0.0
2006-07-31,1223.7989501953125
2006-08-01,-678.421932220459
2006-08-02,186.185302734375
2006-08-03,252.7631721496582
2006-08-04,345.83735275268555
2006-08-07,-425.6402893066406
2006-08-08,1170.5846786499023
2006-08-09,-8985.938041005847
2006-08-10,9036.085758107045
2006-08-11,-1742.1399688720703
2006-08-14,4146.35073086197
2006-08-15,1983.3995208740234
2006-08-16,2523.7315254211426
2006-08-17,3693.9932083402364
2006-08-18,2729.5050659179688
2006-08-21,1717.6741247517698
2006-08-22,509.76254653930664
2006-08-23,-3133.688175201417
2006-08-24,143.45235007149472
2006-08-25,-2875.8793725626792
2006-08-28,2748.8873767852783
2006-08-29,-989.4600975854012
2006-08-30,-3535.6569471699827
2006-08-31,5023.94676399231
2006-09-01,5263.55361366272
2006-09-04,0.0
2006-09-05,915.3136672973633
2006-09-06,-9253.583448410034
2006-09-07,-2678.1547780718156
2006-09-08,2057.3002820696183
2006-09-11,5881.462447677342
2006-09-12,2608.809713636123
2006-09-13,-2478.6267084053716
2006-09-14,2649.090510044795
2006-09-15,2538.1917833260254
2006-09-18,1636.5528401817332
2006-09-19,-2801.838508605957
2006-09-20,7432.731967926025
2006-09-21,-7162.377210617065
2006-09-22,-1927.3492584228516
2006-09-25,7931.713603973389
2006-09-26,6682.175026893616
2006-09-27,411.557936668396
2006-09-28,-397.6258907318115
2006-09-29,-1.093092918395996
2006-10-02,-4623.396877288818
2006-10-03,6471.385187149048
2006-10-04,12944.297598838806
2006-10-05,2113.9490785598755
2006-10-06,-2439.150866508484
2006-10-09,2425.085129737854
2006-10-10,297.7344341278076
2006-10-11,-3308.9442081451416
2006-10-12,9664.049060821533
2006-10-13,1633.1852340698242
2006-10-16,-2056.29439163208
2006-10-17,-2130.425660133362
2006-10-18,3331.106372833252
2006-10-19,-1958.9376087188768
2006-10-20,-6104.986763000488
2006-10-23,8742.43746471405
2006-10-24,396.3534355163574
2006-10-25,8177.36232634956
2006-10-26,5765.952645301819
2006-10-27,-14278.363148791448
2006-10-30,4762.624134063721
2006-10-31,-4641.886469772835
2006-11-01,-21746.38707409588
2006-11-02,-2024.7706303256427
2006-11-03,-7467.282559718403
2006-11-06,18419.36904263498
2006-11-07,860.8532304763794
2006-11-08,7776.375985145569
2006-11-09,-10240.98100566864
2006-11-10,9037.839440345764
2006-11-13,1069.3704633712769
2006-11-14,4148.574376106262
2006-11-15,-1596.7964990820165
2006-11-16,140.28083283558954
2006-11-17,-1326.5263786315918
2006-11-20,-4653.127957344055
2006-11-21,2477.4748497009277
2006-11-22,2469.0201272964478
2006-11-23,0.0
2006-11-24,-92.57314491271973
2006-11-27,-14655.24087074825
2006-11-28,9227.58277784078
2006-11-29,13715.668859618021
2006-11-30,2068.916653360644
2006-12-01,-3756.659749984741
2006-12-04,10685.765976905823
2006-12-05,1951.6831893920898
2006-12-06,-1633.1591110229492
2006-12-07,73.32290649414062
2006-12-08,3773.5220832824707
2006-12-11,-2527.338575363159
2006-12-12,-2995.2301540374756
2006-12-13,-951.9533634185791
2006-12-14,933.2234687805148
2006-12-15,-4196.8520870208695
2006-12-18,-7669.692070007324
2006-12-19,6419.970901489258
2006-12-20,2959.8904571533203
2006-12-21,-5559.462923049927
2006-12-22,-399.9515927178754
2006-12-25,0.0
2006-12-26,2766.7258911132812
2006-12-27,11174.274617467632
2006-12-28,-52.341224670410156
2006-12-29,-3976.776017189026
2007-01-01,0.0
2007-01-02,0.0
2007-01-03,-105.12256240844727
2007-01-04,921.4862823486355
2007-01-05,-6814.230318069458
2007-01-08,823.0023765563965
2007-01-09,1278.8868198394775
2007-01-10,4933.162058830261
2007-01-11,7380.29274559021
2007-01-12,3575.587357521057
2007-01-15,0.0
2007-01-16,-1881.3409852981567
2007-01-17,2097.6564359664917
2007-01-18,-3701.641854286194
2007-01-19,5345.312261700634
2007-01-22,-2856.804804801941
2007-01-23,17155.550013542175
2007-01-24,6443.907371520996
2007-01-25,-9687.280574798584
2007-01-26,-75.19541025161743
2007-01-29,1068.9548314639612
2007-01-30,4853.441750526428
2007-01-31,10095.518371956692
2007-02-01,7674.71443939209
2007-02-02,-3584.318077462061
2007-02-05,-1081.917652130127
2007-02-06,-754.5079361030025
2007-02-07,-113.20119730064016
2007-02-08,-2463.3059520721436
2007-02-09,-9307.837737560283
2007-02-12,-1431.463289737691
2007-02-13,10567.65334701538
2007-02-14,5171.280200958252
2007-02-15,1308.7296600341797
2007-02-16,906.8572025299072
2007-02-19,0.0
2007-02-20,4764.032386609482
2007-02-21,1592.1482639312744
2007-02-22,-2865.6354999542236
2007-02-23,794.1257152557373
2007-02-26,-6208.285367965698
2007-02-27,-27275.252089500427
2007-02-28,5452.580066680897
2007-03-01,-2323.6705055236816
2007-03-02,-9483.420566558827
2007-03-05,-10918.282205309182
2007-03-06,21026.761089052467
2007-03-07,-1632.1869337899388
2007-03-08,5097.309031077797
2007-03-09,457.19660568237305
2007-03-12,1812.8526802062988
2007-03-13,-6587.686410903931
2007-03-14,5033.558141163432
2007-03-15,3525.0122871398926
2007-03-16,-856.1335740770742
2007-03-19,3451.390308380127
2007-03-20,925.0921840667725
2007-03-21,1359.563949584961
2007-03-22,201.4955596923828
2007-03-23,6401.5291538238525
2007-03-26,-665.3390846252441
2007-03-27,-3791.9166107177734
2007-03-28,4.222648620605469
2007-03-29,1428.5648136138916
2007-03-30,-1438.7683277130127
2007-04-02,1931.546709060669
2007-04-03,3402.7018852233887
2007-04-04,-1168.9929695129395
2007-04-05,805.9228439331055
2007-04-06,0.0
2007-04-09,6877.3678550890445
2007-04-10,892.2759105137427
2007-04-11,-949.3573134286047
2007-04-12,733.109203338623
2007-04-13,269.2880229949951
2007-04-16,1312.5914134979248
2007-04-17,-212.33581352233887
2007-04-18,-1274.1845245361328
2007-04-19,-883.3866004943848
2007-04-20,830.8793563842773
2007-04-23,1754.6139430999756
2007-04-24,2051.988034112092
2007-04-25,-3266.315616743914
2007-04-26,-1353.2828825541765
2007-04-27,333.5455207824707
2007-04-30,-3693.0608959198
2007-05-01,8691.774570328764
2007-05-02,20594.861557006836
2007-05-03,9137.154207502188
2007-05-04,-421.61193084716797
2007-05-07,12.781280517578125
2007-05-08,-204.45279693603516
2007-05-09,664.4085693359375
2007-05-10,-1418.204345703125
2007-05-11,-2440.2980041503906
2007-05-14,-332.1634063720703
2007-05-15,-2098.028712136402
2007-05-16,1393.1798706054688
2007-05-17,-1994.6751747131389
2007-05-18,36.595194850647026
2007-05-21,409.2221268245165
2007-05-22,-610.0054665974083
2007-05-23,-11414.708057199221
2007-05-24,-5534.2963661807
2007-05-25,3584.5377685683125
2007-05-28,0.0
2007-05-29,6285.799106121046
2007-05-30,4827.309831891757
2007-05-31,893.8914279937744
2007-06-01,2724.859960556028
2007-06-04,102.2629903384626
2007-06-05,-1797.5011342593589
2007-06-06,-4130.381796836853
2007-06-07,-2922.381027834741
2007-06-08,4348.670632737011
2007-06-11,4124.9890796457075
2007-06-12,-2259.7853606087783
2007-06-13,378.7497937338726
2007-06-14,-45.51654052734375
2007-06-15,0.0
2007-06-18,245.6994171142578
2007-06-19,254.78555297851562
2007-06-20,-136.489013671875
2007-06-21,-36.40010070800781
2007-06-22,-90.99267578125
2007-06-25,-382.1934814453125
2007-06-26,36.41020202636719
2007-06-27,-154.70169067382812
2007-06-28,172.87901306152344
2007-06-29,72.810302734375
2007-07-02,109.20030212402344
2007-07-03,-9.101287841796875
2007-07-04,0.0
2007-07-05,464.07981872558594
2007-07-06,236.58297729492188
2007-07-09,1452.5442495686607
2007-07-10,10959.40334892273
2007-07-11,-5875.412365947444
2007-07-12,-200.19802856445312
2007-07-13,708.8635495049642
2007-07-16,575.8328662599824
2007-07-17,227.09368433270947
2007-07-18,109.74835436685152
2007-07-19,158.81137084960938
2007-07-20,-2803.2852172851562
2007-07-23,1091.8281326293945
2007-07-24,-6435.079840387629
2007-07-25,-550.078312192632
2007-07-26,-2932.5816078186035
2007-07-27,-871.7945382254409
2007-07-30,11513.222382272987
2007-07-31,-3276.3815956115723
2007-08-01,22.942723819183584
2007-08-02,555.0674438476562
2007-08-03,127.38267517089844
2007-08-06,3096.8052816391114
2007-08-07,1842.6903076171875
2007-08-08,1802.5782988411954
2007-08-09,2206.387972831726
2007-08-10,-7519.5477231230125
2007-08-13,5015.269584144871
2007-08-14,-7705.539308990756
2007-08-15,-5543.525189910612
2007-08-16,-3961.4172013146617
2007-08-17,13744.045797348026
2007-08-20,409.44140625
2007-08-21,0.0
2007-08-22,0.0
2007-08-23,0.0
2007-08-24,0.0
2007-08-27,0.0
2007-08-28,-4922.338928495143
2007-08-29,9462.486343383789
2007-08-30,575.852585111353
2007-08-31,0.0
2007-09-03,0.0
2007-09-04,0.0
2007-09-05,0.0
2007-09-06,0.0
2007-09-07,0.0
2007-09-10,0.0
2007-09-11,0.0
2007-09-12,1692.490271738599
2007-09-13,-5618.726037979126
2007-09-14,-3745.7807292938232
2007-09-17,2565.848717587334
2007-09-18,543.3970570564267
2007-09-19,-374.1839381456376
2007-09-20,463.055944442749
2007-09-21,33.898714593478275
2007-09-24,-313.46341242109213
2007-09-25,45.59834289550781
2007-09-26,1561.89896774292
2007-09-27,2793.0945434570312
2007-09-28,-509.8960418701172
2007-10-01,5279.779583181635
2007-10-02,4005.04063185624
2007-10-03,3718.0400235653087
2007-10-04,-309.516778520176
2007-10-05,2948.028350830078
2007-10-08,-3415.2878189086914
2007-10-09,3496.191261291504
2007-10-10,1823.3233032226562
2007-10-11,5085.692111355921
2007-10-12,1442.0617693492331
2007-10-15,2418.577219758713
2007-10-16,1472.2510833740234
2007-10-17,-405.4384307861328
2007-10-18,1392.3207397460938
2007-10-19,-7562.904205322266
2007-10-22,-2225.8404846191406
2007-10-23,4822.820159912109
2007-10-24,372.0990753173828
2007-10-25,3765.4124450683594
2007-10-26,3301.9086151123047
2007-10-29,823.21923828125
2007-10-30,-4664.452560424805
2007-10-31,3281.370880126953
2007-11-01,-6665.473218032297
2007-11-02,1409.42421613419
2007-11-05,-7075.320344924927
2007-11-06,8943.094460623623
2007-11-07,-9415.908994674683
2007-11-08,2231.476273877297
2007-11-09,-8354.567855834961
2007-11-12,-14580.488503864846
2007-11-13,18378.472911834717
2007-11-14,-5090.103481565206
2007-11-15,97.24480574472
2007-11-16,3278.0870513916016
2007-11-19,-5104.217308044434
2007-11-20,577.0713272094727
2007-11-21,-3823.4997668266296
2007-11-22,0.0
2007-11-23,6341.332481384277
2007-11-26,-5672.811262948164
2007-11-27,8896.337775366641
2007-11-28,11813.791314806254
2007-11-29,-1401.997901916504
2007-11-30,836.9320545196533
2007-12-03,-2658.7282333374023
2007-12-04,2007.8701705932617
2007-12-05,2491.0351181030273
2007-12-06,3071.4755840301514
2007-12-07,449.0291061401367
2007-12-10,2633.3865451812744
2007-12-11,-6515.797399520874
2007-12-12,4230.146335448549
2007-12-13,3314.6037985937955
2007-12-14,-12831.035258139895
2007-12-17,-7897.965349197393
2007-12-18,6133.70752062117
2007-12-19,1274.430150168284
2007-12-20,2765.4211499350386
2007-12-21,9503.980429785594
2007-12-24,1557.2474689483643
2007-12-25,0.0
2007-12-26,3.7814998626708984
2007-12-27,-2880.0291554587247
2007-12-28,-816.0244846343994
2007-12-31,-2977.4928280966506
2008-01-01,0.0
2008-01-02,-14140.861534118654
2008-01-03,-157.29010009765625
2008-01-04,-12508.33142880032
2008-01-07,3394.4972022601573
2008-01-08,-4799.135917050502
2008-01-09,23388.70849840981
2008-01-10,6449.194152832031
2008-01-11,-20860.814753941122
2008-01-14,-4630.695771217346
2008-01-15,-5260.711159229279
2008-01-16,-4493.892533574795
2008-01-17,-11402.011625255862
2008-01-18,-2478.902526480801
2008-01-21,0.0
2008-01-22,-3726.177082198003
2008-01-23,1104.1550788879395
2008-01-24,-1427.9596252441406
2008-01-25,-2315.410758972168
2008-01-28,6156.634430885315
2008-01-29,900.9564819335938
2008-01-30,-1140.7978448867796
2008-01-31,0.0
2008-02-01,246.13576262337745
2008-02-04,1066.98358978544
2008-02-05,-1165.1029088837597
2008-02-06,-4973.359112330858
2008-02-07,5674.793095179941
2008-02-08,1677.047886439745
2008-02-11,2227.5016871861153
2008-02-12,0.0
2008-02-13,0.0
2008-02-14,0.0
2008-02-15,0.0
2008-02-18,0.0
2008-02-19,0.0
2008-02-20,0.0
2008-02-21,0.0
2008-02-22,0.0
2008-02-25,0.0
2008-02-26,205.31901938574583
2008-02-27,-641.2865829467773
2008-02-28,-20.621347359248162
2008-02-29,1072.0192769595556
2008-03-03,-512.6568544251725
2008-03-04,1003.5998611450195
2008-03-05,878.626627240877
2008-03-06,0.0
2008-03-07,0.0
2008-03-10,0.0
2008-03-11,2471.095038550243
2008-03-12,-244.76089477539062
2008-03-13,673.6658562251478
2008-03-14,0.0
2008-03-17,0.0
2008-03-18,0.0
2008-03-19,0.0
2008-03-20,0.0
2008-03-21,0.0
2008-03-24,0.0
2008-03-25,0.0
2008-03-26,0.0
2008-03-27,0.0
2008-03-28,0.0
2008-03-31,0.0
2008-04-01,0.0
2008-04-02,0.0
2008-04-03,399.6551229357712
2008-04-04,321.39040660858154
2008-04-07,140.95447045564725
2008-04-08,0.0
2008-04-09,0.0
2008-04-10,0.0
2008-04-11,0.0
2008-04-14,108.56932721818566
2008-04-15,1185.36083984375
2008-04-16,5874.069832938065
2008-04-17,1290.1071138381958
2008-04-18,2085.225574493408
2008-04-21,1572.0781517028809
2008-04-22,66.21435928344727
2008-04-23,-1092.254150390625
2008-04-24,-3640.592113494873
2008-04-25,1919.595417022705
2008-04-28,231.62273025512695
2008-04-29,-3094.564842224121
2008-04-30,992.9825134277344
2008-05-01,1828.8044631140474
2008-05-02,-179.05360412597656
2008-05-05,-567.1656129019502
2008-05-06,0.0
2008-05-07,0.0
2008-05-08,0.0
2008-05-09,568.6886400495139
2008-05-12,4324.438498360791
2008-05-13,469.06082916259766
2008-05-14,187.61809539794922
2008-05-15,2204.7698669433594
2008-05-16,281.42407008578994
2008-05-19,1278.8939416749076
2008-05-20,4473.236961364748
2008-05-21,1361.3371908494437
2008-05-22,463.35659853049697
2008-05-23,-1593.7953568526495
2008-05-26,0.0
2008-05-27,8508.041823795846
2008-05-28,-288.4770393371582
2008-05-29,865.3963088989258
2008-05-30,-1795.0859603881836
2008-06-02,-1009.6383094787598
2008-06-03,-625.0115394592285
2008-06-04,-650.9726252555847
2008-06-05,3458.009820461273
2008-06-06,-2730.2570056915283
2008-06-09,82.16740689957606
2008-06-10,-1218.9668579101562
2008-06-11,-5761.669974190836
2008-06-12,-96.1984634399414
2008-06-13,3205.216121673584
2008-06-16,-96.09403610229492
2008-06-17,-769.2744255065918
2008-06-18,-496.8165397644043
2008-06-19,1628.5697898864746
2008-06-20,944.742603302002
2008-06-23,-998.3282737731934
2008-06-24,1861.6366257667432
2008-06-25,3908.469192504883
2008-06-26,-15196.084944248189
2008-06-27,-1500.4974820273173
2008-06-30,-4124.397380011418
2008-07-01,2181.713335854654
2008-07-02,-4624.221508026123
2008-07-03,-47.657218660629184
2008-07-04,0.0
2008-07-07,2025.6572186606293
2008-07-08,0.0
2008-07-09,0.0
2008-07-10,0.0
2008-07-11,0.0
2008-07-14,0.0
2008-07-15,1567.099649429333
2008-07-16,7962.77311706543
2008-07-17,-600.6256768703579
2008-07-18,-300.2470896244049
2008-07-21,123.96123531885918
2008-07-22,0.0
2008-07-23,987.0387646811407
2008-07-24,-540.942247663228
2008-07-25,1807.9004516601562
2008-07-28,-1456.430596487848
2008-07-29,4181.90891374859
2008-07-30,4819.43293762207
2008-07-31,-2511.8694588797407
2008-08-01,941.945618084494
2008-08-04,-1764.4494953155518
2008-08-05,2383.5264415740967
2008-08-06,383.8060344457647
2008-08-07,-3773.5047647782703
2008-08-08,-425.32383401053414
2008-08-11,-1948.6571989570366
2008-08-12,1319.942562920707
2008-08-13,4695.899160572462
2008-08-14,886.8227386474609
2008-08-15,3085.9059607131035
2008-08-18,5061.635402560239
2008-08-19,3486.4513735430646
2008-08-20,0.0
2008-08-21,0.0
2008-08-22,0.0
2008-08-25,0.0
2008-08-26,599.370629991814
2008-08-27,1282.508056640625
2008-08-28,1463.777577808914
2008-08-29,314.9257469177246
2008-09-01,0.0
2008-09-02,-586.5820113590777
2008-09-03,0.0
2008-09-04,0.0
2008-09-05,3270.896366664335
2008-09-08,2281.24645560129
2008-09-09,-3765.24665628161
2008-09-10,357.94592714309783
2008-09-11,4821.760472093328
2008-09-12,439.39743477955926
2008-09-15,0.0
2008-09-16,3212.097900390625
2008-09-17,-7880.180419921875
2008-09-18,5587.08251953125
2008-09-19,11736.962771296501
2008-09-22,4974.343457307134
2008-09-23,-607.4258244718881
2008-09-24,1682.634090423584
2008-09-25,365.3130045618391
2008-09-26,-917.8274991171684
2008-09-29,0.0
2008-09-30,1474.3934497833263
2008-10-01,27.718231201171875
2008-10-02,-1667.1116809844982
2008-10-03,0.0
2008-10-06,-697.2799763679404
2008-10-07,-7217.72002363206
2008-10-08,1535.0390625
2008-10-09,-2664.48046875
2008-10-10,1609.2166748046886
2008-10-13,13520.799194335938
2008-10-14,267.4255371093741
2008-10-15,0.0
2008-10-16,6586.425633021768
2008-10-17,-363.770263671875
2008-10-20,3940.3446306501073
2008-10-21,0.0
2008-10-22,-753.6668330601271
2008-10-23,76.592529296875
2008-10-24,-1364.9256962367479
2008-10-27,0.0
2008-10-28,4313.398986271452
2008-10-29,-232.7617530822754
2008-10-30,1643.3627668108234
2008-10-31,0.0
2008-11-03,0.0
2008-11-04,0.0
2008-11-05,0.0
2008-11-06,-4681.679661342078
2008-11-07,3644.76025390625
2008-11-10,-2050.0805925641716
2008-11-11,0.0
2008-11-12,0.0
2008-11-13,6056.748975481301
2008-11-14,-3268.0
2008-11-17,-1938.7489754813016
2008-11-18,2280.983788490295
2008-11-19,-6844.537467956543
2008-11-20,-10653.782613958636
2008-11-21,17393.298009872437
2008-11-24,13837.038283552449
2008-11-25,-199.83093152727497
2008-11-26,-3515.3644943237305
2008-11-27,0.0
2008-11-28,-1113.8045741489943
2008-12-01,0.0
2008-12-02,4534.64827428545
2008-12-03,3375.9514083862305
2008-12-04,-3402.5996826716796
2008-12-05,0.0
2008-12-08,4.028448581695557
2008-12-09,3978.362804889679
2008-12-10,-126.39125347137451
2008-12-11,0.0
2008-12-12,0.0
2008-12-15,424.6817710569918
2008-12-16,86.8926800659728
2008-12-17,5416.219078174658
2008-12-18,1410.3261053477022
2008-12-19,-531.1196346453248
2008-12-22,-652.3219778878438
2008-12-23,-968.869384765625
2008-12-24,538.1913626534688
2008-12-25,0.0
2008-12-26,0.0
2008-12-29,0.0
2008-12-30,0.0
2008-12-31,36.865153261593036
2009-01-01,0.0
2009-01-02,-782.2275258132371
2009-01-05,-10604.092467818942
2009-01-06,2583.404782993447
2009-01-07,7326.794424295427
2009-01-08,-530.74436691829
2009-01-09,0.0
2009-01-12,-2875.605259486598
2009-01-13,293.75390625
2009-01-14,-5600.148646763402
2009-01-15,0.0
2009-01-16,0.0
2009-01-19,0.0
2009-01-20,0.0
2009-01-21,0.0
2009-01-22,0.0
2009-01-23,0.0
2009-01-26,0.0
2009-01-27,0.0
2009-01-28,0.0
2009-01-29,0.0
2009-01-30,0.0
2009-02-02,918.931941441123
2009-02-03,1725.240966796875
2009-02-04,-829.172908237998
2009-02-05,0.0
2009-02-06,0.0
2009-02-09,0.0
2009-02-10,0.0
2009-02-11,0.0
2009-02-12,0.0
2009-02-13,0.0
2009-02-16,0.0
2009-02-17,-306.39372559956524
2009-02-18,-260.8169631958008
2009-02-19,-1166.789311204634
2009-02-20,0.0
2009-02-23,0.0
2009-02-24,0.0
2009-02-25,0.0
2009-02-26,0.0
2009-02-27,-1675.5358636038693
2009-03-02,-11499.851693902694
2009-03-03,-930.5412718909101
2009-03-04,3244.9997194153893
2009-03-05,-2438.070890017916
2009-03-06,0.0
2009-03-09,0.0
2009-03-10,0.0
2009-03-11,0.0
2009-03-12,0.0
2009-03-13,0.0
2009-03-16,0.0
2009-03-17,0.0
2009-03-18,0.0
2009-03-19,0.0
2009-03-20,0.0
2009-03-23,0.0
2009-03-24,0.0
2009-03-25,529.1006546020508
2009-03-26,-1255.864071028565
2009-03-27,3193.349599838257
2009-03-30,8797.413816588258
2009-03-31,0.0
2009-04-01,0.0
2009-04-02,-2390.7119107246376
2009-04-03,-5573.312637329102
2009-04-06,13313.181616357395
2009-04-07,4776.358257242607
2009-04-08,149.48467445373535
2009-04-09,-511.807400209566
2009-04-10,0.0
2009-04-13,-104.75089590890093
2009-04-14,13841.705663050936
2009-04-15,-2355.5103901454404
2009-04-16,-876.5248636518272
2009-04-17,-641.267686162676
2009-04-20,2465.3686017990112
2009-04-21,106.78697122846324
2009-04-22,0.0
2009-04-23,0.0
2009-04-24,0.0
2009-04-27,0.0
2009-04-28,3063.682993565283
2009-04-29,-3755.2855854034424
2009-04-30,-4333.397408161841
2009-05-01,0.0
2009-05-04,-868.3862839426286
2009-05-05,893.5828828811646
2009-05-06,-7627.009811605734
2009-05-07,2518.671895214491
2009-05-08,-1536.8586825472944
2009-05-11,0.0
2009-05-12,0.0
2009-05-13,0.0
2009-05-14,2631.0219743933008
2009-05-15,-1168.8120403289795
2009-05-18,3745.5679366248023
2009-05-19,1416.3051052093506
2009-05-20,326.9170241015254
2009-05-21,2400.609392625941
2009-05-22,1566.0674202101593
2009-05-25,0.0
2009-05-26,935.0244067566659
2009-05-27,2800.206519058772
2009-05-28,-2853.9077386515382
2009-05-29,0.0
2009-06-01,-65.47684970923952
2009-06-02,-434.22770629610415
2009-06-03,7581.973582250733
2009-06-04,-922.2690262453885
2009-06-05,0.0
2009-06-08,0.0
2009-06-09,0.0
2009-06-10,0.0
2009-06-11,480.1848568746026
2009-06-12,2492.6190193891593
2009-06-15,-1448.4447213241035
2009-06-16,-4189.359154939658
2009-06-17,0.0
2009-06-18,-265.16929524285376
2009-06-19,962.2206418854846
2009-06-22,741.948653357369
2009-06-23,-227.89744601930573
2009-06-24,6504.638576507568
2009-06-25,12191.258869511737
2009-06-26,0.0
2009-06-29,0.0
2009-06-30,0.0
2009-07-01,0.0
2009-07-02,0.0
2009-07-03,0.0
2009-07-06,2084.6017244884065
2009-07-07,-8859.91588973999
2009-07-08,3453.5004183905094
2009-07-09,1224.232177734375
2009-07-10,-198.41843087330085
2009-07-13,0.0
2009-07-14,0.0
2009-07-15,0.0
2009-07-16,0.0
2009-07-17,0.0
2009-07-20,0.0
2009-07-21,0.0
2009-07-22,0.0
2009-07-23,0.0
2009-07-24,-263.1686699730989
2009-07-27,149.0994516100214
2009-07-28,1934.4307697841061
2009-07-29,412.63844857897135
2009-07-30,0.0
2009-07-31,0.0
2009-08-03,130.58388829231262
2009-08-04,-585.0101852416992
2009-08-05,-1475.406597563205
2009-08-06,10028.243004594537
2009-08-07,6.282561727940447
2009-08-10,4523.11995262759
2009-08-11,13055.838989547316
2009-08-12,96.34838601521096
2009-08-13,-180.46413373947144
2009-08-14,6039.607340914865
2009-08-17,2691.8567928246066
2009-08-18,0.0
2009-08-19,0.0
2009-08-20,0.0
2009-08-21,2679.2576267719237
2009-08-24,2570.8568923813937
2009-08-25,-4640.9236082008865
2009-08-26,-1692.5210769517053
2009-08-27,-10037.683777638846
2009-08-28,3426.5606955460116
2009-08-31,13175.556204761779
2009-09-01,4981.897043330329
2009-09-02,0.0
2009-09-03,0.0
2009-09-04,0.0
2009-09-07,0.0
2009-09-08,0.0
2009-09-09,240.55933248996706
2009-09-10,-6.321834564208984
2009-09-11,-576.321400557243
2009-09-14,1745.1065521240234
2009-09-15,-795.7251844406189
2009-09-16,11735.93373302051
2009-09-17,-698.9624109608701
2009-09-18,4338.162960324966
2009-09-21,132.37984248570024
2009-09-22,713.294099943978
2009-09-23,-5924.298571552541
2009-09-24,-12537.482743161023
2009-09-25,-7422.338691490083
2009-09-28,4229.621560556543
2009-09-29,1165.6638793945312
2009-09-30,-837.81982421875
2009-10-01,-3460.6158294677734
2009-10-02,-1347.7520294189453
2009-10-05,3533.3848724365234
2009-10-06,3132.7630615234375
2009-10-07,36.41065979003906
2009-10-08,2149.1786193847656
2009-10-09,72.89973449707031
2009-10-12,874.2130584716797
2009-10-13,-400.7089385986328
2009-10-14,2950.5616455078125
2009-10-15,837.8459625244141
2009-10-16,-655.6968231201172
2009-10-19,1784.906478881836
2009-10-20,-1602.7660522460938
2009-10-21,-2914.1422729492188
2009-10-22,9502.841235126774
2009-10-23,-7253.368034362793
2009-10-26,-8845.482657670955
2009-10-27,-5980.910532815079
2009-10-28,-25326.14498751502
2009-10-29,36470.77737045281
2009-10-30,-12968.270165034697
2009-11-02,7774.670675005217
2009-11-03,7513.773490905762
2009-11-04,3584.640137127468
2009-11-05,1405.5174102783203
2009-11-06,90.93875122070312
2009-11-09,3596.239044189453
2009-11-10,1039.866958618164
2009-11-11,-913.2480010986328
2009-11-12,-2393.603343963623
2009-11-13,1529.9534454345703
2009-11-16,2549.8527069091797
2009-11-17,-1311.3152313232422
2009-11-18,-72.89973449707031
2009-11-19,-2294.899673461914
2009-11-20,-254.99659729003906
2009-11-23,509.98448181152344
2009-11-24,161.8286650521386
2009-11-25,5284.805736541748
2009-11-26,0.0
2009-11-27,-6173.135118756973
2009-11-30,-1493.5602111816406
2009-12-01,2294.899673461914
2009-12-02,218.56851196289062
2009-12-03,-2185.6154174804688
2009-12-04,-2266.64525495257
2009-12-07,1659.389425856712
2009-12-08,4200.527969598788
2009-12-09,-1092.816421508789
2009-12-10,1966.9022467476962
2009-12-11,-353.0
2009-12-14,175.7864786897403
2009-12-15,106.95392227172852
2009-12-16,621.2595990385312
2009-12-17,0.0
2009-12-18,0.0
2009-12-21,626.1238059997559
2009-12-22,-368.33752822875977
2009-12-23,2700.4982986450195
2009-12-24,3791.7154235839844
2009-12-25,0.0
2009-12-28,0.0
2009-12-29,0.0
2009-12-30,0.0
2009-12-31,0.0
2010-01-01,0.0
2010-01-04,-2368.6462428229333
2010-01-05,-1610.1013360193665
2010-01-06,-166.2465474264972
2010-01-07,-1002.0406835249489
2010-01-08,100.03480979374572
2010-01-11,0.0
2010-01-12,0.0
2010-01-13,40.227314983097045
2010-01-14,519.8531026840203
2010-01-15,219.9195823328826
2010-01-18,0.0
2010-01-19,0.0
2010-01-20,0.0
2010-01-21,0.0
2010-01-22,0.0
2010-01-25,174.74697133473296
2010-01-26,105.72628784179688
2010-01-27,925.5267408234702
2010-01-28,-1792.9679368563966
2010-01-29,-3150.807734097748
2010-02-01,7400.523827723079
2010-02-02,3012.205803326199
2010-02-03,-5415.17752960749
2010-02-04,-12356.457759857178
2010-02-05,-946.8724092245102
2010-02-08,-4830.699635420529
2010-02-09,14726.353518690377
2010-02-10,27599.15501824447
2010-02-11,10106.76672131674
2010-02-12,3156.9599414723207
2010-02-15,0.0
2010-02-16,1046.021535873413
2010-02-17,735.996638417244
2010-02-18,0.0
2010-02-19,0.0
2010-02-22,0.0
2010-02-23,0.0
2010-02-24,0.0
2010-02-25,3015.9630126953125
2010-02-26,378.0369873046875
2010-03-01,0.0
2010-03-02,0.0
2010-03-03,0.0
2010-03-04,0.0
2010-03-05,0.0
2010-03-08,0.0
2010-03-09,0.0
2010-03-10,-844.3477762086052
2010-03-11,734.4861942699981
2010-03-12,-599.1384180613929
2010-03-15,0.0
2010-03-16,0.0
2010-03-17,-1516.4958807400296
2010-03-18,1812.7775897979736
2010-03-19,3016.718290942056
2010-03-22,0.0
2010-03-23,0.0
2010-03-24,0.0
2010-03-25,-4800.8174016135
2010-03-26,-1228.1825983865
2010-03-29,0.0
2010-03-30,782.1691412244518
2010-03-31,110.91147809369318
2010-04-01,-1254.107206753322
2010-04-02,0.0
2010-04-05,-595.9734125648231
2010-04-06,0.0
2010-04-07,-5237.467262268066
2010-04-08,5146.38321685791
2010-04-09,-1347.9159545898438
2010-04-12,467.7848359516678
2010-04-13,-104.58381884438606
2010-04-14,-229.2010171072817
2010-04-15,-379.06761332918416
2010-04-16,-1647.2126389571526
2010-04-19,-1638.7197477136635
2010-04-20,0.0
2010-04-21,0.0
2010-04-22,0.0
2010-04-23,-792.7964789526768
2010-04-26,1753.819838149207
2010-04-27,-5140.455155883528
2010-04-28,6927.507757595618
2010-04-29,17230.12190280643
2010-04-30,-4745.197863715048
2010-05-03,0.0
2010-05-04,0.0
2010-05-05,0.0
2010-05-06,0.0
2010-05-07,0.0
2010-05-10,0.0
2010-05-11,0.0
2010-05-12,0.0
2010-05-13,0.0
2010-05-14,-393.47794338635345
2010-05-17,-748.2296504974365
2010-05-18,259.5901165008545
2010-05-19,291.1289310455322
2010-05-20,-4818.669630050659
2010-05-21,11898.149354934692
2010-05-24,-3515.4349212646484
2010-05-25,2990.3731972830715
2010-05-26,-1434.9467582702637
2010-05-27,5696.940525327402
2010-05-28,-91.61918449401855
2010-05-31,0.0
2010-06-01,-229.04941749572754
2010-06-02,687.1511650085449
2010-06-03,916.1976699829102
2010-06-04,-1939.290699005127
2010-06-07,-4872.225669043405
2010-06-08,6298.082492385594
2010-06-09,795.2227331910904
2010-06-10,10337.22277348381
2010-06-11,122.1569709777832
2010-06-14,656.610466003418
2010-06-15,1206.331398010254
2010-06-16,-229.05233001708984
2010-06-17,473.37209701538086
2010-06-18,76.34883499145508
2010-06-21,-488.63953399658203
2010-06-22,-351.20930099487305
2010-06-23,626.069766998291
2010-06-24,-1221.598834991455
2010-06-25,1856.1164870262014
2010-06-28,-1558.7555785179138
2010-06-29,-8964.881258010852
2010-06-30,-1221.6017475128174
2010-07-01,-512.748454536721
2010-07-02,-1025.0552978515625
2010-07-05,0.0
2010-07-06,1172.4212297712193
2010-07-07,0.0
2010-07-08,0.0
2010-07-09,0.0
2010-07-12,0.0
2010-07-13,0.0
2010-07-14,0.0
2010-07-15,0.0
2010-07-16,0.0
2010-07-19,3445.8077951158693
2010-07-20,4463.795272827148
2010-07-21,-5208.603067943017
2010-07-22,0.0
2010-07-23,0.0
2010-07-26,0.0
2010-07-27,0.0
2010-07-28,0.0
2010-07-29,198.6071349552664
2010-07-30,696.7717895507812
2010-08-02,1246.837173461914
2010-08-03,256.7328643798828
2010-08-04,965.6822357177734
2010-08-05,158.89067840576172
2010-08-06,-562.2429656982422
2010-08-09,1075.6618576049805
2010-08-10,-1919.1199798583984
2010-08-11,-1491.3456192016602
2010-08-12,-1307.0479049682617
2010-08-13,-2539.965072631836
2010-08-16,3296.8377673285368
2010-08-17,10204.951793670654
2010-08-18,989.664036529407
2010-08-19,1152.5509662628174
2010-08-20,-5172.590478403232
2010-08-23,-366.69910430908203
2010-08-24,-1626.009737151003
2010-08-25,3185.2792930603027
2010-08-26,-4788.515725953245
2010-08-27,1234.5926818847656
2010-08-30,-1246.843864440918
2010-08-31,110.02645874023438
2010-09-01,2000.2012634277344
2010-09-02,1055.3212814331055
2010-09-03,404.93804931640625
2010-09-06,0.0
2010-09-07,-613.5493927001953
2010-09-08,748.5398941040039
2010-09-09,24.54920196533203
2010-09-10,-233.1806182861328
2010-09-13,613.5761566162109
2010-09-14,0.0
2010-09-15,257.6896743774414
2010-09-16,-454.0431442260742
2010-09-17,748.533203125
2010-09-20,417.24945068359375
2010-09-21,61.32951354980469
2010-09-22,-932.5819625854492
2010-09-23,-1190.3050918579102
2010-09-24,1828.3769226074219
2010-09-27,110.45468139648438
2010-09-28,990.9393918173872
2010-09-29,-304.9536819458008
2010-09-30,-948.6346661704144
2010-10-01,862.3561598914036
2010-10-04,-737.9215796334464
2010-10-05,6266.203800201416
2010-10-06,-74.0241928100586
2010-10-07,1092.270118713379
2010-10-08,121.53474807739258
2010-10-11,-153.75024940286823
2010-10-12,68.52276039123535
2010-10-13,3170.383625984192
2010-10-14,1704.2266864776611
2010-10-15,146.81022930145264
2010-10-18,315.99132537841797
2010-10-19,-3121.0776215962123
2010-10-20,7193.5656633377075
2010-10-21,385.5035211018276
2010-10-22,406.8298444747925
2010-10-25,2466.6677856445312
2010-10-26,679.3456625938416
2010-10-27,397.89150701250765
2010-10-28,955.6980319023132
2010-10-29,1814.7277736663818
2010-11-01,1724.2982226780414
2010-11-02,4839.551470756531
2010-11-03,1802.8925312587262
2010-11-04,5978.100571632385
2010-11-05,215.48866844177246
2010-11-08,-689.0653619085053
2010-11-09,-299.4168949127197
2010-11-10,1690.3399057388306
2010-11-11,-2211.0499086380005
2010-11-12,-5982.918025016785
2010-11-15,3570.862774848938
2010-11-16,-18699.267269372947
2010-11-17,2558.0945014953613
2010-11-18,44544.634522676475
2010-11-19,876.0761032104492
2010-11-22,1670.2509508132935
2010-11-23,-4049.5023164749146
2010-11-24,6435.100343976699
2010-11-25,0.0
2010-11-26,1378.3965978622437
2010-11-29,1139.8077120099683
2010-11-30,-5082.515674591064
2010-12-01,11921.94775349754
2010-12-02,2599.3345766067505
2010-12-03,-961.6032457351685
2010-12-06,613.8323593139648
2010-12-07,2257.675374031067
2010-12-08,1415.5817346572876
2010-12-09,-1776.7526550292969
2010-12-10,3266.1026582717896
2010-12-13,5536.905884265911
2010-12-14,7808.727133035623
2010-12-15,-9119.641999721538
2010-12-16,7948.779530286825
2010-12-17,11939.329059873315
2010-12-20,-1893.428913116455
2010-12-21,2349.6772413253784
2010-12-22,242.64424964359887
2010-12-23,-120.11337566375732
2010-12-24,0.0
2010-12-27,-2017.230277742659
2010-12-28,349.7701606750488
2010-12-29,486.7956733703613
2010-12-30,31.31408774853054
2010-12-31,-2624.0243335451323
2011-01-03,8387.695063029016
2011-01-04,-4678.954657282157
2011-01-05,4381.072847911295
2011-01-06,-8305.752323610437
2011-01-07,-4214.183940887451
2011-01-10,-521.760474749979
2011-01-11,1517.7086200714111
2011-01-12,5.828672409057617
2011-01-13,1424.9975109100342
2011-01-14,3057.5163249969482
2011-01-17,0.0
2011-01-18,-277.8035640716553
2011-01-19,-2693.8104705810547
2011-01-20,80.06741333007812
2011-01-21,-1135.5687637329102
2011-01-24,-2468.8984966278076
2011-01-25,-575.0188045501709
2011-01-26,3662.4653759002686
2011-01-27,1528.3226337432861
2011-01-28,-3934.6125411987305
2011-01-31,2964.463115283398
2011-02-01,10248.535677364918
2011-02-02,329.9171657562256
2011-02-03,-1598.705307006836
2011-02-04,-1399.9028825419257
2011-02-07,1847.0889053344727
2011-02-08,3266.1073951040016
2011-02-09,-91.89476367404882
2011-02-10,-3282.7672748565674
2011-02-11,-13297.008652005883
2011-02-14,-5739.178483963013
2011-02-15,-1800.7328987121582
2011-02-16,723.9031429290771
2011-02-17,-276.67838287353516
2011-02-18,-146.85153007507324
2011-02-21,0.0
2011-02-22,4959.388916867112
2011-02-23,-5735.755391495569
2011-02-24,3651.2062058448873
2011-02-25,1927.1142539978027
2011-02-28,1100.6587772369385
2011-03-01,-2656.344814300537
2011-03-02,3631.763298852122
2011-03-03,9217.327689307058
2011-03-04,-697.7366828918457
2011-03-07,-3026.1303901672363
2011-03-08,2250.858892440796
2011-03-09,-1158.0681972503662
2011-03-10,-2344.459009170532
2011-03-11,6632.97714805603
2011-03-14,-1124.384975705807
2011-03-15,-1423.3871876853063
2011-03-16,-4388.4066704000725
2011-03-17,3483.176898956299
2011-03-18,-2054.90313911438
2011-03-21,7567.088857650757
2011-03-22,-3348.4405212402344
2011-03-23,-1180.0914611816406
2011-03-24,4233.043687820435
2011-03-25,1088.6583099365234
2011-03-28,-3705.1628494262695
2011-03-29,8884.395118713379
2011-03-30,5825.705395528246
2011-03-31,604.7394733428955
2011-04-01,5426.356088638306
2011-04-04,-156.70674324035645
2011-04-05,-2495.1982287168494
2011-04-06,3530.2244157109935
2011-04-07,-3442.912501386234
2011-04-08,-1491.5102863311768
2011-04-11,-3999.6005783081055
2011-04-12,-1098.3438167572021
2011-04-13,-5963.764114992983
2011-04-14,-1798.730388028257
2011-04-15,4293.164958953857
2011-04-18,-2614.0467281341553
2011-04-19,532.022497177124
2011-04-20,6118.512733459473
2011-04-21,1342.62578633852
2011-04-22,0.0
2011-04-25,-1875.605541229248
2011-04-26,1952.7787053244592
2011-04-27,6000.513006755286
2011-04-28,-991.3318099975586
2011-04-29,-829.1694679260254
2011-05-02,1245.376148223877
2011-05-03,-2534.669891357422
2011-05-04,-3261.6431238651276
2011-05-05,-534.4621906280518
2011-05-06,2651.2639571258023
2011-05-09,741.401969909668
2011-05-10,3197.739097595215
2011-05-11,-4315.805191040039
2011-05-12,3131.3774375915527
2011-05-13,-3208.5510787963867
2011-05-16,-6691.834985256215
2011-05-17,-820.8865499666731
2011-05-18,10016.891527175903
2011-05-19,-636.9661192723511
2011-05-20,-3672.931465285171
2011-05-23,-1608.322811126709
2011-05-24,1028.4174464089474
2011-05-25,7890.966627836224
2011-05-26,4571.569914579395
2011-05-27,690.8186593055725
2011-05-30,0.0
2011-05-31,3045.4119758605957
2011-06-01,-2328.516617093762
2011-06-02,454.6633529663086
2011-06-03,-2485.1812133789062
2011-06-06,-1221.8910360336304
2011-06-07,-1681.6493779591158
2011-06-08,-9312.188905307226
2011-06-09,4404.193060057504
2011-06-10,0.0
2011-06-13,821.1525532858839
2011-06-14,3804.948699951172
2011-06-15,-5912.925273145961
2011-06-16,-932.8911781311035
2011-06-17,-384.1505813598633
2011-06-20,329.25312995910645
2011-06-21,3237.7605533599854
2011-06-22,-439.01391983032227
2011-06-23,-54.863338470458984
2011-06-24,-274.4239044189453
2011-06-27,274.4239044189453
2011-06-28,2030.7293543815613
2011-06-29,0.0
2011-06-30,0.0
2011-07-01,582.9616808209996
2011-07-04,0.0
2011-07-05,4975.34326171875
2011-07-06,2315.6950574602506
2011-07-07,0.0
2011-07-08,0.0
2011-07-11,0.0
2011-07-12,295.54815891813087
2011-07-13,-1348.194679260254
2011-07-14,-3170.8920462472324
2011-07-15,12212.135967254639
2011-07-18,-3013.129981994629
2011-07-19,-937.8471145629883
2011-07-20,3531.9626274108887
2011-07-21,-239.51352310180664
2011-07-22,279.4026222229004
2011-07-25,-2152.5441398620605
2011-07-26,1227.162368774414
2011-07-27,663.8004150390625
2011-07-28,-1890.9627838134766
2011-07-29,-2212.807216644287
2011-08-01,-945.5410346984863
2011-08-02,-3983.1348901987076
2011-08-03,-795.4645442962646
2011-08-04,-8146.226276397705
2011-08-05,-2163.868246248795
2011-08-08,-23728.87312543392
2011-08-09,16411.966487203325
2011-08-10,-12661.765571594238
2011-08-11,20842.659298624312
2011-08-12,-460.87277109281877
2011-08-15,0.0
2011-08-16,0.0
2011-08-17,0.0
2011-08-18,0.0
2011-08-19,0.0
2011-08-22,243.34351784843318
2011-08-23,6627.783361162454
2011-08-24,328.87312098911207
2011-08-25,0.0
2011-08-26,0.0
2011-08-29,0.0
2011-08-30,0.0
2011-08-31,0.0
2011-09-01,0.0
2011-09-02,0.0
2011-09-05,0.0
2011-09-06,0.0
2011-09-07,0.0
2011-09-08,0.0
2011-09-09,0.0
2011-09-12,0.0
2011-09-13,0.0
2011-09-14,0.0
2011-09-15,0.0
2011-09-16,0.0
2011-09-19,0.0
2011-09-20,0.0
2011-09-21,0.0
2011-09-22,-140.5632040841224
2011-09-23,-674.4165191650391
2011-09-26,2212.979723249162
2011-09-27,0.0
2011-09-28,0.0
2011-09-29,2203.0186091831793
2011-09-30,-3796.37744140625
2011-10-03,-7869.669950621475
2011-10-04,6032.0362665312705
2011-10-05,4899.9925163132775
2011-10-06,0.0
2011-10-07,0.0
2011-10-10,0.0
2011-10-11,0.0
2011-10-12,0.0
2011-10-13,0.0
2011-10-14,0.0
2011-10-17,0.0
2011-10-18,4177.577474321644
2011-10-19,-1897.8595428466797
2011-10-20,693.2820685250349
2011-10-21,0.0
2011-10-24,0.0
2011-10-25,0.0
2011-10-26,1626.8479843139535
2011-10-27,6013.373840332031
2011-10-28,-2307.717643737782
2011-10-31,8914.624267578125
2011-11-01,424.59492744719074
2011-11-02,6495.938737869263
2011-11-03,8428.337886197218
2011-11-04,0.0
2011-11-07,0.0
2011-11-08,0.0
2011-11-09,0.0
2011-11-10,0.0
2011-11-11,0.0
2011-11-14,0.0
2011-11-15,0.0
2011-11-16,0.0
2011-11-17,0.0
2011-11-18,0.0
2011-11-21,-707.939208984375
2011-11-22,420.405029296875
2011-11-23,-4033.4658203125
2011-11-24,0.0
2011-11-25,-309.53305489677405
2011-11-28,6013.88720703125
2011-11-29,-1052.354152134476
2011-11-30,0.0
2011-12-01,0.0
2011-12-02,0.0
2011-12-05,0.0
2011-12-06,0.0
2011-12-07,0.0
2011-12-08,275.6210659571907
2011-12-09,2194.884895324707
2011-12-12,-1928.8796367645264
2011-12-13,-465.5793762207031
2011-12-14,-5478.4425952434485
2011-12-15,4480.813501358032
2011-12-16,2063.71404910087
2011-12-19,-3935.6282010759583
2011-12-20,17362.35591084617
2011-12-21,-640.7598184858093
2011-12-22,720.0971636090973
2011-12-23,-267.75160217285156
2011-12-26,0.0
2011-12-27,2616.7706403732245
2011-12-28,-1073.8453578948975
2011-12-29,1140.931453704834
2011-12-30,-1006.6844100952148
2012-01-02,0.0
2012-01-03,173.69946231161288
2012-01-04,1854.7710035868827
2012-01-05,523.1065139770508
2012-01-06,-5249.134740693204
2012-01-09,-1180.03316116333
2012-01-10,-482.0468511581421
2012-01-11,-3475.38085528783
2012-01-12,-1537.746477672018
2012-01-13,2359.7873645850545
2012-01-16,0.0
2012-01-17,-1767.4580511365775
2012-01-18,2785.864360809326
2012-01-19,-538.4019317626953
2012-01-20,-2581.639831645138
2012-01-23,-2915.453922952923
2012-01-24,2482.4073009490967
2012-01-25,8479.537631000792
2012-01-26,5824.616695931974
2012-01-27,-799.0082923003611
2012-01-30,-4731.892461487223
2012-01-31,-730.9715900421143
2012-02-01,9476.24049949646
2012-02-02,3271.664876937866
2012-02-03,6152.503757476807
2012-02-06,2094.7743962492355
2012-02-07,-2031.2729828698282
2012-02-08,-177.1778268814087
2012-02-09,1007.792064666749
2012-02-10,-6499.223550796509
2012-02-13,11959.140920639038
2012-02-14,-5197.140969344551
2012-02-15,-3310.099720954895
2012-02-16,5345.401251792908
2012-02-17,-3674.9627208709717
2012-02-20,0.0
2012-02-21,-9830.560486793518
2012-02-22,-3254.125805139547
2012-02-23,8595.399652276725
2012-02-24,1197.4009952545166
2012-02-27,2582.7066955566406
2012-02-28,1982.461015701294
2012-02-29,-278.4844570159912
2012-03-01,5931.321001052856
2012-03-02,-3604.145332336426
2012-03-05,-1998.8169345855713
2012-03-06,-15862.10143933976
2012-03-07,6922.110610961914
2012-03-08,9246.107538223267
2012-03-09,7084.927803039551
2012-03-12,400.324670791626
2012-03-13,9695.95376777649
2012-03-14,-1994.972188949585
2012-03-15,6483.3745403289795
2012-03-16,-1935.9480819702148
2012-03-19,2312.8243618011475
2012-03-20,-4955.485849380493
2012-03-21,3683.3402519226074
2012-03-22,-3145.1310634613037
2012-03-23,1226.1650848388672
2012-03-26,5286.139314379016
2012-03-27,-126.93269348144531
2012-03-28,-2322.8769035339355
2012-03-29,-74.97973251342773
2012-03-30,-1255.2388286590576
2012-04-02,1310.5665760040283
2012-04-03,895.7651634216309
2012-04-04,-6198.813077926636
2012-04-05,1561.4682388305664
2012-04-06,0.0
2012-04-09,-4869.142709732056
2012-04-10,-12783.838773727417
2012-04-11,5526.443315505981
2012-04-12,5764.271390914917
2012-04-13,-1023.1059398651123
2012-04-16,-5256.112432343623
2012-04-17,12091.658153533936
2012-04-18,-765.858814375737
2012-04-19,-3958.449380772465
2012-04-20,2532.926898956299
2012-04-23,495.05359779087576
2012-04-24,-6302.838703223641
2012-04-25,17272.088925021013
2012-04-26,7371.632993766243
2012-04-27,-857.6344890594482
2012-04-30,-2854.9714706965874
2012-05-01,-6839.303846154899
2012-05-02,5623.702095304219
2012-05-03,-180.95555591583252
2012-05-04,-5944.596076420385
2012-05-07,721.338451385498
2012-05-08,-5290.091819081979
2012-05-09,48.972442626953125
2012-05-10,-19.736577033996582
2012-05-11,84.25420475006104
2012-05-14,-1444.1874723434448
2012-05-15,-1032.7745498929858
2012-05-16,-121.9376671654868
2012-05-17,-37716.304331915715
2012-05-18,-4485.982219696045
2012-05-21,5918.342643737793
2012-05-22,623.1053232465565
2012-05-23,-461.6347351074219
2012-05-24,1846.393196105957
2012-05-25,1477.1187210083008
2012-05-28,0.0
2012-05-29,184.72052001953125
2012-05-30,-1200.1836853027344
2012-05-31,1200.1836853027344
2012-06-01,3415.726432800293
2012-06-04,3641.3865869385836
2012-06-05,3929.79695892334
2012-06-06,11316.711954321183
2012-06-07,1846.393196105957
2012-06-08,1721.795310974121
2012-06-11,0.0
2012-06-12,4403.704940523404
2012-06-13,-2356.0657958984375
2012-06-14,3004.3608553750337
2012-06-15,0.0
2012-06-18,0.0
2012-06-19,86.87634985787551
2012-06-20,1034.0409199851024
2012-06-21,-2258.115341186517
2012-06-22,3420.281879425049
2012-06-25,-3277.523723329829
2012-06-26,1221.970458984375
2012-06-27,2012.047119140625
2012-06-28,-3613.2802734375
2012-06-29,3592.250244140625
2012-07-02,3213.012451171875
2012-07-03,1106.0625
2012-07-04,0.0
2012-07-05,-579.340576171875
2012-07-06,-1898.2533130645752
2012-07-09,1995.186086654663
2012-07-10,-3182.9767627716064
2012-07-11,-5543.444935117463
2012-07-12,-801.8087460653987
2012-07-13,3989.510140555243
2012-07-16,2204.1123847961426
2012-07-17,3687.364248275757
2012-07-18,1062.3074283599854
2012-07-19,-5884.965741293769
2012-07-20,-6704.304634554047
2012-07-23,-317.25276252202093
2012-07-24,-6899.382764680049
2012-07-25,2075.695790018359
2012-07-26,5012.684042930603
2012-07-27,5114.488301277161
2012-07-30,-3105.247374534607
2012-07-31,-3762.042226791382
2012-08-01,-4725.593615531921
2012-08-02,-1244.617223739624
2012-08-03,4941.9462406124385
2012-08-06,1999.6164016723633
2012-08-07,604.3727684020996
2012-08-08,-2778.3028106689453
2012-08-09,-860.8493804931641
2012-08-10,933.5319976806641
2012-08-13,1062.8458518981934
2012-08-14,3552.503520965576
2012-08-15,2821.471366882324
2012-08-16,-2702.076988220215
2012-08-17,-1034.273323059082
2012-08-20,-889.4950752258301
2012-08-21,599.6912536621094
2012-08-22,2153.498043264667
2012-08-23,-2557.3591861724854
2012-08-24,11426.119294915876
2012-08-27,948.8222963469416
2012-08-28,530.7861461639404
2012-08-29,699.3903541564941
2012-08-30,-5029.781940460205
2012-08-31,4241.156175613403
2012-09-03,0.0
2012-09-04,3182.4958724975586
2012-09-05,176.30137825012207
2012-09-06,11891.203020095825
2012-09-07,-2522.455780029297
2012-09-10,-5872.6164627075195
2012-09-11,234.30151830401348
2012-09-12,2960.675910949707
2012-09-13,12349.196545737128
2012-09-14,2492.4049468040484
2012-09-17,8857.028992806161
2012-09-18,868.1429284470419
2012-09-19,2529.9545198168016
2012-09-20,21.99327850341797
2012-09-21,2948.2685947418213
2012-09-24,2307.6777954101562
2012-09-25,-4775.424415588379
2012-09-26,-7409.1388569388855
2012-09-27,22604.6380109787
2012-09-28,-11833.94170769625
2012-10-01,-672.9818834577383
2012-10-02,3095.9507277352495
2012-10-03,4455.4695448194325
2012-10-04,1937.1776695251465
2012-10-05,-1767.5049648284912
2012-10-08,-3918.3665714263916
2012-10-09,-4717.518657684326
2012-10-10,-1707.1262471335049
2012-10-11,-969.4930822508732
2012-10-12,-679.1245825631504
2012-10-15,1517.3720474243164
2012-10-16,2179.755683898926
2012-10-17,888.0730361938477
2012-10-18,669.6270019667513
2012-10-19,-3524.183036804199
2012-10-22,353.57711533136353
2012-10-23,-5597.236333165847
2012-10-24,-1259.4557037353406
2012-10-25,-283.90707778930664
2012-10-26,2230.0020931788904
2012-10-29,0.0
2012-10-30,0.0
2012-10-31,14888.564644949769
2012-11-01,291.9770622253418
2012-11-02,-500.60364532470703
2012-11-05,-6649.220113004938
2012-11-06,6759.105247497559
2012-11-07,-7733.578951631294
2012-11-08,-2033.029727935791
2012-11-09,378.87534516198866
2012-11-12,2182.61071218761
2012-11-13,1035.146031941684
2012-11-14,-5250.8861859185345
2012-11-15,1870.7179164886475
2012-11-16,1691.2836427688599
2012-11-19,6587.004921913147
2012-11-20,1087.8203887939453
2012-11-21,-540.6593532562256
2012-11-22,0.0
2012-11-23,1721.2395169394476
2012-11-26,988.2976713180542
2012-11-27,612.908166885376
2012-11-28,1984.4804128749054
2012-11-29,1082.732813153947
2012-11-30,-69.1453857421875
2012-12-03,-1002.7755966186523
2012-12-04,2601.4214553833053
2012-12-05,-1598.2376493726474
2012-12-06,3666.0150530678948
2012-12-07,-2337.168333053589
2012-12-10,1509.177324295044
2012-12-11,-570.1768054962158
2012-12-12,305.35780143737793
2012-12-13,-1765.45432472229
2012-12-14,-1751.238437652588
2012-12-17,671.8404494694214
2012-12-18,591.077470779419
2012-12-19,-347.6615924835205
2012-12-20,1355.9815502166748
2012-12-21,-1981.8662185668945
2012-12-24,208.65055656433105
2012-12-25,0.0
2012-12-26,-3160.435690879822
2012-12-27,-3513.234307084742
2012-12-28,-3969.063575744629
2012-12-31,9831.935317788782
2013-01-01,0.0
2013-01-02,3511.758129119873
2013-01-03,-706.8806601932952
2013-01-04,2480.76385307312
2013-01-07,-1169.9932117462158
2013-01-08,-516.1484375
2013-01-09,1945.677976574219
2013-01-10,2118.990303039551
2013-01-11,2214.7792549473875
2013-01-14,743.0866241455078
2013-01-15,-868.5538349151611
2013-01-16,1370.8205127716064
2013-01-17,2339.2654304504395
2013-01-18,1083.8376541137695
2013-01-21,0.0
2013-01-22,3346.0588779449463
2013-01-23,-145.45655632019043
2013-01-24,-109.90270042419434
2013-01-25,3667.881736755369
2013-01-28,-881.2393248762371
2013-01-29,2456.950241088867
2013-01-30,-3960.8701106480303
2013-01-31,6979.425102233887
2013-02-01,5663.098164013432
2013-02-04,-17253.4821345806
2013-02-05,5266.779132843018
2013-02-06,1777.5432379927051
2013-02-07,-3212.5291957855225
2013-02-08,4271.792528152466
2013-02-11,-1573.3927097320557
2013-02-12,3483.5924758911133
2013-02-13,1218.7375946044922
2013-02-14,-1535.5449199676514
2013-02-15,-1316.5472946166992
2013-02-18,0.0
2013-02-19,7191.762881960185
2013-02-20,-14046.402786254883
2013-02-21,-3058.1948261260986
2013-02-22,7962.343393325806
2013-02-25,-9643.582071644922
2013-02-26,10927.00525922434
2013-02-27,23579.6191210747
2013-02-28,4997.926776766768
2013-03-01,7132.824085235596
2013-03-04,6214.20131111145
2013-03-05,10620.03897012984
2013-03-06,3476.811463628493
2013-03-07,2096.376356124878
2013-03-08,6954.767170906067
2013-03-11,1251.2461442947406
2013-03-12,-433.9274682998657
2013-03-13,3081.0046491622925
2013-03-14,6730.764333724976
2013-03-15,-2211.0372858047485
2013-03-18,5441.064031413647
2013-03-19,-4858.129602432251
2013-03-20,14424.71188618453
2013-03-21,2231.9248218536377
2013-03-22,2655.1011006832105
2013-03-25,1048.0787734985352
2013-03-26,3423.6010982649696
2013-03-27,628.7665948867798
2013-03-28,969.1390130519877
2013-03-29,0.0
2013-04-01,-8224.327551841736
2013-04-02,-1253.9293455055854
2013-04-03,-7630.665296009607
2013-04-04,5542.420959336419
2013-04-05,-1788.2466000148343
2013-04-08,3124.248730659485
2013-04-09,-2048.5533685684204
2013-04-10,6985.351136207581
2013-04-11,1802.927598953247
2013-04-12,1772.9030828475952
2013-04-15,-5478.627045631409
2013-04-16,12715.636432102714
2013-04-17,-12517.142887047396
2013-04-18,-11993.529111725875
2013-04-19,-721.1643263271853
2013-04-22,1706.1317958831787
2013-04-23,4833.60999584198
2013-04-24,1381.7593412399292
2013-04-25,3662.0090896061265
2013-04-26,-1825.5501070022583
2013-04-29,4987.806160790602
2013-04-30,8644.617020811344
2013-05-01,-11157.700058937073
2013-05-02,15539.716722488405
2013-05-03,6068.372627258301
2013-05-06,4194.224620819092
2013-05-07,2035.1436791419983
2013-05-08,1635.1525211334229
2013-05-09,4270.675342355458
2013-05-10,4296.651948928833
2013-05-13,93.74383735656738
2013-05-14,3056.8513202667236
2013-05-15,-566.7551651000977
2013-05-16,-5439.930194854736
2013-05-17,3729.7552242279053
2013-05-20,-1428.0467987060547
2013-05-21,3122.922173568182
2013-05-22,8.917444297243492
2013-05-23,4905.435587746757
2013-05-24,-2720.4120769500732
2013-05-27,0.0
2013-05-28,2225.6380511692605
2013-05-29,-7879.196112224035
2013-05-30,-223.73676736014318
2013-05-31,-4798.600187029149
2013-06-03,8231.976001739476
2013-06-04,-2738.3076793125633
2013-06-05,-14599.367239373036
2013-06-06,5141.077378749847
2013-06-07,6373.1577343940735
2013-06-10,444.13854878289607
2013-06-11,-1935.3373462132054
2013-06-12,-4406.977418218342
2013-06-13,8421.214675426483
2013-06-14,1832.3658256530762
2013-06-17,1266.9422435760498
2013-06-18,3555.2907134464726
2013-06-19,-3196.960484606888
2013-06-20,-2475.77712059021
2013-06-21,831.3101743289533
2013-06-24,-4549.904116153724
2013-06-25,3975.7374049595364
2013-06-26,128.07037353515625
2013-06-27,1934.0167236328125
2013-06-28,-1152.7239990234375
2013-07-01,-76.85028076171875
2013-07-02,-1227.0289912905096
2013-07-03,599.9743347167969
2013-07-04,0.0
2013-07-05,3535.1999812807435
2013-07-08,1549.7552490234375
2013-07-09,2127.443145751953
2013-07-10,0.0
2013-07-11,0.0
2013-07-12,0.0
2013-07-15,874.6388987473072
2013-07-16,249.9369442462924
2013-07-17,315.42415700640026
2013-07-18,0.0
2013-07-19,0.0
2013-07-22,0.0
2013-07-23,0.0
2013-07-24,-6718.9680489131515
2013-07-25,2382.042453765869
2013-07-26,2110.0550659724777
2013-07-29,-866.6015625
2013-07-30,380.65818786621094
2013-07-31,-615.4756164550781
2013-08-01,1141.9214630126953
2013-08-02,-3473.674511909485
2013-08-05,5968.853073120117
2013-08-06,3566.829327583313
2013-08-07,-1854.664077758789
2013-08-08,566.9217681884766
2013-08-09,-348.2734680175781
2013-08-12,4512.755761963976
2013-08-13,911.4588889394504
2013-08-14,-2058.872533593856
2013-08-15,-194.4012451171875
2013-08-16,-1011.0928802489941
2013-08-19,-5561.017106056213
2013-08-20,3441.5689381190346
2013-08-21,-2950.2616457258046
2013-08-22,9993.61108071465
2013-08-23,4151.626687049866
2013-08-26,0.0
2013-08-27,-4352.45470537463
2013-08-28,2143.192290680762
2013-08-29,9927.960511922873
2013-08-30,45.71733856201172
2013-09-02,0.0
2013-09-03,-630.87125349044
2013-09-04,1014.967363357544
2013-09-05,-285.69250869750977
2013-09-06,-1231.3605785369873
2013-09-09,209.92976760864258
2013-09-10,1582.9123344421387
2013-09-11,27.848756790161133
2013-09-12,1064.0536251068115
2013-09-13,37.82695198059082
2013-09-16,739.7300415039062
2013-09-17,1194.7470831870955
2013-09-18,1023.1314468383789
2013-09-19,-194.33726501464844
2013-09-20,-188.63417053222656
2013-09-23,-2626.0954459053837
2013-09-24,1767.4008255004956
2013-09-25,-3011.124974932026
2013-09-26,211.4959259033203
2013-09-27,194.32492065429688
2013-09-30,-725.9224548339844
2013-10-01,1520.4178314208984
2013-10-02,-868.8269424438477
2013-10-03,-1108.8630294799805
2013-10-04,1023.1376190185547
2013-10-07,-1537.5888366699219
2013-10-08,-18140.477375575436
2013-10-09,-6731.9342840740055
2013-10-10,25208.404132843014
2013-10-11,525.0788059234619
2013-10-14,2082.1238498687744
2013-10-15,-2648.311155319214
2013-10-16,-372.628475189209
2013-10-17,398.47035026550293
2013-10-18,-311.4837188720703
2013-10-21,-114.62379033224738
2013-10-22,1674.4943504333496
2013-10-23,4388.844259262085
2013-10-24,-1133.7533679008484
2013-10-25,-216.68035888671875
2013-10-28,-257.69450187683105
2013-10-29,5825.966588973999
2013-10-30,192.94109834942992
2013-10-31,-157.75407079286856
2013-11-01,11991.397811174356
2013-11-04,6961.069724389473
2013-11-05,-9859.832581520039
2013-11-06,-76.38233757019043
2013-11-07,-21286.201745033264
2013-11-08,13444.389966692232
2013-11-11,1040.826994895935
2013-11-12,3263.5477059228197
2013-11-13,10754.249269485474
2013-11-14,2080.0569423948045
2013-11-15,4502.746451377869
2013-11-18,-5370.578676223755
2013-11-19,-7021.591184207402
2013-11-20,-153.434401512146
2013-11-21,13031.600842067204
2013-11-22,8815.89404296875
2013-11-25,8092.491280555725
2013-11-26,4349.403293609619
2013-11-27,2500.8482961654663
2013-11-28,0.0
2013-11-29,34.0153694152832
2013-12-02,-4365.277732849121
2013-12-03,-685.239837970026
2013-12-04,-8866.006181972378
2013-12-05,4227.413892848125
2013-12-06,9764.323680877686
2013-12-09,2242.3386993408203
2013-12-10,-2091.703577041626
2013-12-11,-10543.597283363342
2013-12-12,-4562.53452205658
2013-12-13,178.26515769958496
2013-12-16,9877.692821502686
2013-12-17,5742.979131698608
2013-12-18,19954.831314427483
2013-12-19,-1327.190633910025
2013-12-20,9429.652259554183
2013-12-23,10389.842580795288
2013-12-24,2820.598837852478
2013-12-25,0.0
2013-12-26,5759.095426559448
2013-12-27,-2576.740958213806
2013-12-30,3821.2399291992188
2013-12-31,1431.851330757141
2014-01-01,0.0
2014-01-02,-9883.139423370361
2014-01-03,4517.215119089405
2014-01-06,-9981.775486537397
2014-01-07,13082.867402553538
2014-01-08,-1290.3432049069997
2014-01-09,6394.168904508882
2014-01-10,3548.446647644043
2014-01-13,-6415.250782012939
2014-01-14,13813.699859619124
2014-01-15,7925.627733230607
2014-01-16,1023.9169721603394
2014-01-17,-4225.920019490377
2014-01-20,0.0
2014-01-21,1510.4886226654053
2014-01-22,428.0329255376514
2014-01-23,-17591.78076151439
2014-01-24,-26559.224459852492
2014-01-27,-11493.664848804514
2014-01-28,72.39524398534923
2014-01-29,-18118.878553118015
2014-01-30,7510.097503662109
2014-01-31,-5032.841300146915
2014-02-03,-17597.379821709223
2014-02-04,2859.9082678726736
2014-02-05,3267.6134071350098
2014-02-06,11133.835012299669
2014-02-07,232.43946647644043
2014-02-10,-1289.367338180542
2014-02-11,1801.2391039644017
2014-02-12,3425.9876685483096
2014-02-13,-1251.092590536393
2014-02-14,797.565637588501
2014-02-17,0.0
2014-02-18,5.08978421347183
2014-02-19,-981.9137363433838
2014-02-20,628.504451751709
2014-02-21,62.999107360839844
2014-02-24,1379.5430088043213
2014-02-25,2122.3214265278007
2014-02-26,2683.3027381896973
2014-02-27,5057.802395803628
2014-02-28,2162.2646198272705
2014-03-03,-4327.754561543465
2014-03-04,196.9914207458496
2014-03-05,1182.4393901824951
2014-03-06,-157.68008995056152
2014-03-07,-3096.1625371660557
2014-03-10,50.8321418762207
2014-03-11,-2104.661090305868
2014-03-12,2134.144451686284
2014-03-13,-3013.6252880096436
2014-03-14,-515.6228649956472
2014-03-17,10904.002025604248
2014-03-18,4259.101740973326
2014-03-19,-563.9649124145508
2014-03-20,116.85102081298828
2014-03-21,3282.105976172863
2014-03-24,-3458.481904166067
2014-03-25,3961.1497568402892
2014-03-26,-2743.159620557523
2014-03-27,623.0589239256685
2014-03-28,5968.806623254507
2014-03-31,1130.4795455932617
2014-04-01,2367.9331774030475
2014-04-02,760.1704330444336
2014-04-03,-2050.063823155001
2014-04-04,-550.3342971801758
2014-04-07,-4782.083577564816
2014-04-08,8711.813423361116
2014-04-09,18277.024580887413
2014-04-10,-12039.424195970823
2014-04-11,-7402.219003268654
2014-04-14,9281.78965936389
2014-04-15,9775.401887621203
2014-04-16,1970.012448855805
2014-04-17,2592.636745452881
2014-04-18,0.0
2014-04-21,2401.3371353149414
2014-04-22,4632.680038452148
2014-04-23,1255.8290176391602
2014-04-24,-1331.5060804230866
2014-04-25,-1881.3913307189941
2014-04-28,1986.8419356686745
2014-04-29,11.082427024841309
2014-04-30,1138.0368404388428
2014-05-01,-1109.4569025039673
2014-05-02,-1431.2201600755934
2014-05-05,525.967321395874
2014-05-06,248.0625705718994
2014-05-07,5422.672946929932
2014-05-08,-1521.827922821045
2014-05-09,-75.80264472961426
2014-05-12,3185.833355392727
2014-05-13,2253.7556953430176
2014-05-14,-2725.059238161353
2014-05-15,-5031.690582547875
2014-05-16,57.49022674560547
2014-05-19,1444.8097953796387
2014-05-20,-3313.4806175231934
2014-05-21,2418.569320678711
2014-05-22,4090.672492980957
2014-05-23,2252.733283996582
2014-05-26,0.0
2014-05-27,-814.0844573974609
2014-05-28,-900.7136917114258
2014-05-29,2140.667064666748
2014-05-30,215.58838653564453
2014-06-02,2519.8953552246094
2014-06-03,-367.96551513671875
2014-06-04,2016.1788749694824
2014-06-05,4503.486621856689
2014-06-06,604.413702964781
2014-06-09,934.9735374450684
2014-06-10,-211.83358233315698
2014-06-11,-2487.783515930176
2014-06-12,-2327.422173636295
2014-06-13,2620.2310104370117
2014-06-16,-23.171939849853516
2014-06-17,1210.2602157592773
2014-06-18,1656.1547927856445
2014-06-19,1453.1875
2014-06-20,1727.6163024902344
2014-06-23,3541.5838584899902
2014-06-24,-1118.1787872314453
2014-06-25,2465.038745880127
2014-06-26,-854.6650009155273
2014-06-27,-3174.667122432161
2014-06-30,1454.9613189697266
2014-07-01,1427.087905883789
2014-07-02,-626.7712924821101
2014-07-03,4690.325983047485
2014-07-04,0.0
2014-07-07,-4614.071731567383
2014-07-08,-2856.717384338379
2014-07-09,2971.904815673828
2014-07-10,-7273.8961181640625
2014-07-11,-59.39257792063199
2014-07-14,2186.179660797119
2014-07-15,-71.52185821533203
2014-07-16,2196.2426948547363
2014-07-17,-4376.9499435424805
2014-07-18,-3716.957405090332
2014-07-21,-6366.2053827558275
2014-07-22,3606.1066167695226
2014-07-23,473.5216872862362
2014-07-24,98.04090213775635
2014-07-25,1608.885757446289
2014-07-28,1887.5385780334473
2014-07-29,-2614.923568725586
2014-07-30,3200.10868794576
2014-07-31,-10160.882714816498
2014-08-01,-8498.861971855145
2014-08-04,4373.3805003847365
2014-08-05,-1509.9889059066772
2014-08-06,821.0863079343553
2014-08-07,-3230.7477712631226
2014-08-08,2136.2869482040405
2014-08-11,3258.719115257263
2014-08-12,-326.703469548876
2014-08-13,7213.512823104858
2014-08-14,6837.581940923387
2014-08-15,-406.30375957489014
2014-08-18,3326.7457914352417
2014-08-19,-1047.8064966201782
2014-08-20,-2210.0204734802246
2014-08-21,-1998.9758052825928
2014-08-22,1914.9310338837627
2014-08-25,9112.810564245514
2014-08-26,7447.242332458496
2014-08-27,241.937237739563
2014-08-28,2692.213574409485
2014-08-29,2177.596131324768
2014-09-01,0.0
2014-09-02,289.3320550918579
2014-09-03,67.26314646857372
2014-09-04,-3223.415500913318
2014-09-05,5503.137309823742
2014-09-08,4047.6828369412665
2014-09-09,-6746.9386089870095
2014-09-10,20507.024104459015
2014-09-11,5251.982760122835
2014-09-12,-10033.48792110178
2014-09-15,-6166.273015022278
2014-09-16,6599.75724697113
2014-09-17,-1025.9849033355713
2014-09-18,4157.246650695801
2014-09-19,-4562.284426689148
2014-09-22,-6199.8518740449545
2014-09-23,-6372.664674111791
2014-09-24,10934.613030433655
2014-09-25,-16018.95159595352
2014-09-26,4782.199508666992
2014-09-29,2537.7136783599854
2014-09-30,207.38738536834717
2014-10-01,-7535.00462477548
2014-10-02,3270.5564798627606
2014-10-03,8051.317869186401
2014-10-06,-1509.9849166870117
2014-10-07,-2654.651404772487
2014-10-08,32010.38304545198
2014-10-09,-26290.0919008255
2014-10-10,-23983.163880484437
2014-10-13,-19106.23165171488
2014-10-14,2144.29612146106
2014-10-15,-8347.285497392932
2014-10-16,-6702.079193523961
2014-10-17,4303.491683959961
2014-10-20,9950.134859085083
2014-10-21,6478.813024742267
2014-10-22,82.26839065551758
2014-10-23,926.502513885498
2014-10-24,2945.9551162719727
2014-10-27,710.2140083312988
2014-10-28,-2240.2141342163086
2014-10-29,-11.881561688015722
2014-10-30,2498.5419158935547
2014-10-31,2164.5527000427246
2014-11-03,1536.11226272583
2014-11-04,1068.4033792359473
2014-11-05,-4922.9652099609375
2014-11-06,4404.355753966737
2014-11-07,5702.698886871338
2014-11-10,6119.305409124918
2014-11-11,-2072.4087142944336
2014-11-12,-1021.0577246461578
2014-11-13,-2192.422306060791
2014-11-14,-5702.6735916137695
2014-11-17,3073.4044799804688
2014-11-18,6499.756378718758
2014-11-19,-13235.707638331796
2014-11-20,9163.03594582417
2014-11-21,6122.544090270996
2014-11-24,6800.509335177323
2014-11-25,1017.0496673583984
2014-11-26,7122.7991371154785
2014-11-27,0.0
2014-11-28,8209.172592163086
2014-12-01,-9333.50110244751
2014-12-02,1866.78568649292
2014-12-03,2176.1964836120605
2014-12-04,-554.3067169189453
2014-12-05,6280.1702308654785
2014-12-08,-2665.9625358581543
2014-12-09,-269.6223564147949
2014-12-10,-11343.134502410889
2014-12-11,9259.476926735459
2014-12-12,-21643.464671543643
2014-12-15,-25684.87514431138
2014-12-16,-18915.09444597787
2014-12-17,36608.42730549401
2014-12-18,22610.713774851396
2014-12-19,4794.545806339814
2014-12-22,1991.575180053711
2014-12-23,-5656.333267211914
2014-12-24,9599.966663360596
2014-12-25,0.0
2014-12-26,5239.298768792836
2014-12-29,3584.3336143493652
2014-12-30,-8192.505483422963
2014-12-31,-7093.426120758057
2015-01-01,0.0
2015-01-02,3218.8691428048073
2015-01-05,-22068.500282287598
2015-01-06,-25710.576754978712
2015-01-07,27420.157077789307
2015-01-08,31460.435837881912
2015-01-09,-5138.212295532227
2015-01-12,1110.3041025059495
2015-01-13,5332.22500194822
2015-01-14,3791.647865738183
2015-01-15,-5724.455285821642
2015-01-16,15156.453481572014
2015-01-19,0.0
2015-01-20,4354.530505180359
2015-01-21,1892.233476740973
2015-01-22,6858.648937225342
2015-01-23,-2069.199737123078
2015-01-26,6373.258241380976
2015-01-27,-8769.661331176758
2015-01-28,-12477.500879015253
2015-01-29,13719.012835911315
2015-01-30,-20137.291243008207
2015-02-02,14930.242341790903
2015-02-03,16416.13830757141
2015-02-04,-4804.628994737352
2015-02-05,6644.76309967041
2015-02-06,-12719.945941925049
2015-02-09,-9800.038990054816
2015-02-10,21527.95286856379
2015-02-11,-4088.790415287018
2015-02-12,7041.448078428002
2015-02-13,-3403.6562762260437
2015-02-16,0.0
2015-02-17,1559.195233941079
2015-02-18,6527.082872050149
2015-02-19,-2408.339229362352
2015-02-20,3083.1418743133545
2015-02-23,1651.8896135602772
2015-02-24,2964.952850341797
2015-02-25,-4804.1478633880615
2015-02-26,-1679.4075870513916
2015-02-27,-2196.0296726226807
2015-03-02,3580.7729149545976
2015-03-03,-4389.459804534912
2015-03-04,-1488.4489269256592
2015-03-05,1260.5289554595947
2015-03-06,-14022.020477294922
2015-03-09,2846.879795074463
2015-03-10,-2746.967716217041
2015-03-11,-4493.125775132869
2015-03-12,21078.874504089355
2015-03-13,-11227.952697753906
2015-03-16,17231.050958633423
2015-03-17,-4214.378872258325
2015-03-18,12414.955773353577
2015-03-19,4025.586179869526
2015-03-20,3552.251392364502
2015-03-23,-3524.062568664551
2015-03-24,-3199.251175744169
2015-03-25,-44244.38585104266
2015-03-26,-4807.622424806854
2015-03-27,11296.891421181837
2015-03-30,19289.87991700852
2015-03-31,-5515.262382507324
2015-04-01,-2478.2864723205566
2015-04-02,2623.041477203369
2015-04-03,0.0
2015-04-06,1498.8429832458496
2015-04-07,-1187.9197463989258
2015-04-08,3546.9603958129883
2015-04-09,871.9158096313477
2015-04-10,2909.0659980773926
2015-04-13,-2177.308280944824
2015-04-14,-1845.9845193113742
2015-04-15,10801.1344871521
2015-04-16,-7774.044904947267
2015-04-17,632.4218711853027
2015-04-20,764.7692565918032
2015-04-21,-129.53753280639648
2015-04-22,294.741943359375
2015-04-23,-1368.8545570373535
2015-04-24,-2386.8098106384277
2015-04-27,-548.0628852844238
2015-04-28,8575.018374783596
2015-04-29,-8973.863937514174
2015-04-30,-17474.409068448156
2015-05-01,6352.532627105713
2015-05-04,-306.57164001464844
2015-05-05,-6513.828355789185
2015-05-06,-8139.368552071699
2015-05-07,6320.400556564331
2015-05-08,1392.967128753662
2015-05-11,10158.334884643555
2015-05-12,5590.452040536018
2015-05-13,1061.194101197369
2015-05-14,12289.462682042853
2015-05-15,7195.913351195209
2015-05-18,0.0
2015-05-19,0.0
2015-05-20,0.0
2015-05-21,0.0
2015-05-22,0.0
2015-05-25,0.0
2015-05-26,0.0
2015-05-27,0.0
2015-05-28,0.0
2015-05-29,0.0
2015-06-01,0.0
2015-06-02,-1285.9528788839111
2015-06-03,-1592.0471211160889
2015-06-04,0.0
2015-06-05,0.0
2015-06-08,0.0
2015-06-09,2429.8113481316873
2015-06-10,16542.382538386788
2015-06-11,281.8061134815216
2015-06-12,0.0
2015-06-15,0.0
2015-06-16,0.0
2015-06-17,0.0
2015-06-18,0.0
2015-06-19,0.0
2015-06-22,0.0
2015-06-23,0.0
2015-06-24,0.0
2015-06-25,0.0
2015-06-26,790.6130545479455
2015-06-29,-14633.921859741211
2015-06-30,874.5077883857454
2015-07-01,5364.973350524902
2015-07-02,-906.1723337173825
2015-07-03,0.0
2015-07-06,0.0
2015-07-07,0.0
2015-07-08,0.0
2015-07-09,0.0
2015-07-10,0.0
2015-07-13,0.0
2015-07-14,0.0
2015-07-15,0.0
2015-07-16,0.0
2015-07-17,0.0
2015-07-20,0.0
2015-07-21,0.0
2015-07-22,0.0
2015-07-23,0.0
2015-07-24,-994.0985789299011
2015-07-27,306.0324899128469
2015-07-28,7381.5830245018005
2015-07-29,3443.483064515253
2015-07-30,0.0
2015-07-31,0.0
2015-08-03,-3815.896085602913
2015-08-04,-683.1707019805908
2015-08-05,-846.1043930053711
2015-08-06,-2535.336367777405
2015-08-07,914.4777545928955
2015-08-10,2138.800977706909
2015-08-11,-1253.3495769500732
2015-08-12,-950.0553722381592
2015-08-13,-4825.127024139673
2015-08-14,575.1826324462891
2015-08-17,2976.317720413208
2015-08-18,-459.1149024963379
2015-08-19,-337.0563793182373
2015-08-20,-3891.214485168457
2015-08-21,-23579.10076693126
2015-08-24,-16498.388161114286
2015-08-25,-11558.469295229215
2015-08-26,4239.6044267926845
2015-08-27,0.0
2015-08-28,0.0
2015-08-31,0.0
2015-09-01,0.0
2015-09-02,0.0
2015-09-03,0.0
2015-09-04,0.0
2015-09-07,0.0
2015-09-08,0.0
2015-09-09,0.0
2015-09-10,0.0
2015-09-11,0.0
2015-09-14,0.0
2015-09-15,0.0
2015-09-16,0.0
2015-09-17,0.0
2015-09-18,0.0
2015-09-21,754.0474199567598
2015-09-22,-3680.4479740687802
2015-09-23,-173.59944588797975
2015-09-24,0.0
2015-09-25,0.0
2015-09-28,0.0
2015-09-29,206.72805636268413
2015-09-30,8105.664764404297
2015-10-01,1350.6071792330195
2015-10-02,0.0
2015-10-05,0.0
2015-10-06,0.0
2015-10-07,0.0
2015-10-08,1688.688146046231
2015-10-09,-7116.352844238281
2015-10-12,4374.66469819205
2015-10-13,0.0
2015-10-14,0.0
2015-10-15,-157.70440292358205
2015-10-16,4066.4168090820312
2015-10-19,5087.287593841551
2015-10-20,0.0
2015-10-21,0.0
2015-10-22,0.0
2015-10-23,0.0
2015-10-26,-1337.370610833145
2015-10-27,-1067.7308516161793
2015-10-28,1843.694078087784
2015-10-29,-398.2880695887979
2015-10-30,-160.8676872253418
2015-11-02,-1571.5955196789328
2015-11-03,-305.6443405151367
2015-11-04,-534.8114562034607
2015-11-05,137.33318710327148
2015-11-06,360.5012512207031
2015-11-09,-685.1887969629978
2015-11-10,1724.6940574645996
2015-11-11,-1330.4831619262695
2015-11-12,-7237.346169607994
2015-11-13,-1517.0881576538086
2015-11-16,6815.507901736674
2015-11-17,-14.03890609741211
2015-11-18,1100.5790214538574
2015-11-19,386.7016372680664
2015-11-20,2661.853717803955
2015-11-23,-8033.579552565301
2015-11-24,-968.1531744854801
2015-11-25,-2264.305351257324
2015-11-26,0.0
2015-11-27,44.164222717285156
2015-11-30,1370.8234977722168
2015-12-01,-235.58115768432617
2015-12-02,-839.8170127868652
2015-12-03,-7769.614356994653
2015-12-04,2721.1807212829826
2015-12-07,-528.4067497253418
2015-12-08,518.800895690918
2015-12-09,-2352.778741257529
2015-12-10,1763.5227178505465
2015-12-11,-2924.202398300171
2015-12-14,1854.8393135071074
2015-12-15,7976.220308303833
2015-12-16,6752.766025543186
2015-12-17,192.78441429138184
2015-12-18,-3414.055517639438
2015-12-21,1794.5107841491783
2015-12-22,1432.3904571533203
2015-12-23,2574.4729156494054
2015-12-24,-480.6770553588867
2015-12-25,0.0
2015-12-28,824.0122032165527
2015-12-29,652.3598899841309
2015-12-30,735.2472047805786
2015-12-31,-278.9931869506836
2016-01-01,0.0
2016-01-04,-6693.768495695937
2016-01-05,-918.5812530517578
2016-01-06,-9811.430365426193
2016-01-07,2320.04190826416
2016-01-08,-2446.5623709814736
2016-01-11,3101.53797245025
2016-01-12,12408.542259761258
2016-01-13,-8222.398465020317
2016-01-14,9865.326731000652
2016-01-15,-13364.613395690918
2016-01-18,0.0
2016-01-19,524.5852028982738
2016-01-20,-1115.831600189209
2016-01-21,1356.1832084655762
2016-01-22,2077.1987915039062
2016-01-25,-755.3521499633789
2016-01-26,3252.600533076704
2016-01-27,-3143.5560569763184
2016-01-28,2035.7351044586649
2016-01-29,0.0
2016-02-01,0.0
2016-02-02,0.0
2016-02-03,283.9515511649124
2016-02-04,-138.6064453125
2016-02-05,-4729.345105852412
2016-02-08,4518.0440947498655
2016-02-09,3248.743786266865
2016-02-10,-2074.7878810167304
2016-02-11,0.0
2016-02-12,0.0
2016-02-15,0.0
2016-02-16,0.0
2016-02-17,0.0
2016-02-18,0.0
2016-02-19,0.0
2016-02-22,0.0
2016-02-23,0.0
2016-02-24,0.0
2016-02-25,0.0
2016-02-26,0.0
2016-02-29,-1724.1740550313698
2016-03-01,4267.673292160034
2016-03-02,-9185.888599361688
2016-03-03,-1005.15302869252
2016-03-04,1487.4705921922382
2016-03-07,-5039.190520218438
2016-03-08,26015.504461918557
2016-03-09,3267.7578570331852
2016-03-10,0.0
2016-03-11,0.0
2016-03-14,0.0
2016-03-15,662.9095702171398
2016-03-16,-758.9918575286865
2016-03-17,2170.832344600126
2016-03-18,776.7120029926302
2016-03-21,231.74037950379474
2016-03-22,25.797560214996125
2016-03-23,0.0
2016-03-24,6855.245031254603
2016-03-25,0.0
2016-03-28,4540.514226913452
2016-03-29,15879.240741831944
2016-03-30,-441.8055302074987
2016-03-31,550.5042915344238
2016-04-01,222.30123867307486
2016-04-04,0.0
2016-04-05,0.0
2016-04-06,0.0
2016-04-07,0.0
2016-04-08,0.0
2016-04-11,0.0
2016-04-12,4260.877415282366
2016-04-13,9829.487916469598
2016-04-14,579.9721646990071
2016-04-15,609.2009106363572
2016-04-18,-218.53840708732605
2016-04-19,318.26428243091976
2016-04-20,-564.7720909118652
2016-04-21,325.83695220947266
2016-04-22,619.3897437027478
2016-04-25,-2062.5623321533203
2016-04-26,3006.614700419567
2016-04-27,-510.41577911376953
2016-04-28,791.3128831046006
2016-04-29,-4522.3084204537545
2016-05-02,2851.928550720215
2016-05-03,1974.2667089189777
2016-05-04,-666.4594230651855
2016-05-05,-3893.076400756836
2016-05-06,2220.8216247558594
2016-05-09,2487.153579711914
2016-05-10,-970.9412384033203
2016-05-11,-4825.680366516113
2016-05-12,1022.6543866566262
2016-05-13,-91.76890182495117
2016-05-16,189.31138610839844
2016-05-17,-3159.010269165039
2016-05-18,-91.1351547241211
2016-05-19,4013.0715973036577
2016-05-20,-930.0975516864269
2016-05-23,-1153.861631529673
2016-05-24,3230.8759574890137
2016-05-25,776.6333847045898
2016-05-26,1145.2390899658203
2016-05-27,2320.9820661544827
2016-05-30,0.0
2016-05-31,-1198.7716789245605
2016-06-01,1528.3203887939453
2016-06-02,-230.54886627197266
2016-06-03,2380.511538641803
2016-06-06,179.30949783325195
2016-06-07,865.9204871995116
2016-06-08,-1608.4405732836203
2016-06-09,2371.252938474927
2016-06-10,-1413.4377893720193
2016-06-13,-1734.0065116882324
2016-06-14,10038.558512721746
2016-06-15,-8918.17676459043
2016-06-16,-14468.663787773648
2016-06-17,-690.048038482666
2016-06-20,1408.656795501709
2016-06-21,1026.407039642334
2016-06-22,-1157.7789001464844
2016-06-23,6495.090225219727
2016-06-24,-4274.432510580334
2016-06-27,-4878.224339757641
2016-06-28,11390.216980099678
2016-06-29,9811.876530800542
2016-06-30,-122.22020721435547
2016-07-01,133.83717618669584
2016-07-04,0.0
2016-07-05,-1324.7502975463867
2016-07-06,-3279.1050137111097
2016-07-07,-156.17227935791016
2016-07-08,305.55310821533203
2016-07-11,-142.5893783569336
2016-07-12,-291.97020721435547
2016-07-13,-54.32124328613281
2016-07-14,434.55958557128906
2016-07-15,-448.1424865722656
2016-07-18,943.8147659301758
2016-07-19,-251.23186492919922
2016-07-20,61.107513427734375
2016-07-21,-536.4054412841797
2016-07-22,998.1256484985352
2016-07-25,176.54145050048828
2016-07-26,61.297067165374756
2016-07-27,-363.1944007873535
2016-07-28,883.5696129798889
2016-07-29,115.42875671386719
2016-08-01,549.9883422851562
2016-08-02,-2565.555620023178
2016-08-03,7327.443572998047
2016-08-04,486.4219988073578
2016-08-05,2268.859462738037
2016-08-08,88.76557370594622
2016-08-09,-634.3655342033933
2016-08-10,3536.173885515758
2016-08-11,-408.66043853759766
2016-08-12,-1056.2544479370117
2016-08-15,834.252498626709
2016-08-16,-5887.920473814003
2016-08-17,7430.510709762558
2016-08-18,4583.285826444619
2016-08-19,-307.4315280914093
2016-08-22,4628.642225537975
2016-08-23,-3848.438330922805
2016-08-24,-1699.6781997680664
2016-08-25,-1373.6049728393555
2016-08-26,-9470.426665306095
2016-08-29,10259.653999328613
2016-08-30,-972.5863994870944
2016-08-31,-2184.111871583128
2016-09-01,1412.2796877452315
2016-09-02,5537.752494812022
2016-09-05,0.0
2016-09-06,6610.225593635014
2016-09-07,4175.549385956349
2016-09-08,-252.823127201646
2016-09-09,-17194.571697780044
2016-09-12,25765.61707019806
2016-09-13,-18983.19673538208
2016-09-14,-3013.4762197221953
2016-09-15,-919.6791229248047
2016-09-16,-934.0521926879883
2016-09-19,330.5093421936035
2016-09-20,-86.21649169921875
2016-09-21,1580.6978073120117
2016-09-22,962.7928504943848
2016-09-23,-14.373069763183594
2016-09-26,-589.1697807312012
2016-09-27,1681.2928504943848
2016-09-28,474.20714950561523
2016-09-29,-1796.25
2016-09-30,474.21263122558594
2016-10-03,-1086.2069662639126
2016-10-04,-2923.8883934020996
2016-10-05,2463.302333831787
2016-10-06,-4095.306906223287
2016-10-07,-1945.4015655517578
2016-10-10,-927.1047377586465
2016-10-11,-5692.08983874321
2016-10-12,30.27457308769226
2016-10-13,-1312.249080657959
2016-10-14,809.5590858459473
2016-10-17,-377.54982648580176
2016-10-18,6070.425205230713
2016-10-19,1224.8081242016676
2016-10-20,-6892.726156234741
2016-10-21,-1039.9967010361781
2016-10-24,-29.36398696899414
2016-10-25,-5421.351137161255
2016-10-26,-1217.0164376667512
2016-10-27,-1940.89494269234
2016-10-28,1666.3060607910156
2016-10-31,147.743408203125
2016-11-01,-6320.7762419836945
2016-11-02,6309.911221231741
2016-11-03,-864.2981507437553
2016-11-04,915.6937866210938
2016-11-07,9920.218505859375
2016-11-08,-125.0640869140625
2016-11-09,11075.298538208008
2016-11-10,2633.8410263061523
2016-11-11,4707.361610957548
2016-11-14,-823.9546797956837
2016-11-15,3404.3992878028366
2016-11-16,1372.1113486971226
2016-11-17,618.2632904052734
2016-11-18,-136.89180755615234
2016-11-21,1498.8537419864097
2016-11-22,1720.4067306518555
2016-11-23,2088.170497894287
2016-11-24,0.0
2016-11-25,1874.4998245239258
2016-11-28,-5705.869579315186
2016-11-29,2118.3021926879883
2016-11-30,-3765.637596130371
2016-12-01,-22909.2051503318
2016-12-02,812.3000332968877
2016-12-05,4614.577739715576
2016-12-06,1638.3038071904948
2016-12-07,4661.8164595535745
2016-12-08,-5927.023557799201
2016-12-09,2295.3833473069362
2016-12-12,14768.477136986603
2016-12-13,-821.0827642168479
2016-12-14,4709.30092436927
2016-12-15,-3073.564990384236
2016-12-16,494.9967498779297
2016-12-19,1027.996228422434
2016-12-20,4138.013929367065
2016-12-21,-3037.2020412002285
2016-12-22,-1518.5489913395486
2016-12-23,6347.031118324826
2016-12-26,0.0
2016-12-27,13106.662707465037
2016-12-28,-3298.6254996061343
2016-12-29,-392.94027417042025
2016-12-30,-6436.8607387542725
2017-01-02,0.0
2017-01-03,9095.932734421274
2017-01-04,1406.4561767578125
2017-01-05,1299.912024957809
2017-01-06,3193.861164637973
2017-01-09,-585.4312935386531
2017-01-10,351.6201477050781
2017-01-11,375.4450994900185
2017-01-12,3219.520527192515
2017-01-13,-9991.781998293729
2017-01-16,0.0
2017-01-17,2311.048873594839
2017-01-18,584.2700500488281
2017-01-19,-1924.650218963623
2017-01-20,1744.0608520507812
2017-01-23,-1747.0161781311035
2017-01-24,1284.7235857588894
2017-01-25,5499.540239862034
2017-01-26,-102.80793496540537
2017-01-27,1206.4127388000488
2017-01-30,-1262.310188293457
2017-01-31,-8691.815273284912
2017-02-01,-3447.420108795166
2017-02-02,-217.66102981567383
2017-02-03,612.162848540712
2017-02-06,657.5268402099609
2017-02-07,-701.7283401489258
2017-02-08,1294.5037651062012
2017-02-09,-286.28227615356445
2017-02-10,2280.4558143615723
2017-02-13,-95.25650405883789
2017-02-14,971.8796463012695
2017-02-15,648.7497825622559
2017-02-16,82.3795280456543
2017-02-17,-9835.209819793701
2017-02-20,0.0
2017-02-21,1463.6441459655762
2017-02-22,6496.297744750977
2017-02-23,-126.56804350445788
2017-02-24,3796.060199260717
2017-02-27,4849.079168047232
2017-02-28,1472.3891410827637
2017-03-01,2986.789252758026
2017-03-02,-3849.9747702734758
2017-03-03,3192.6807293891907
2017-03-06,-2354.874080657959
2017-03-07,8.53378622872799
2017-03-08,-1674.9800758361816
2017-03-09,1112.7757720947266
2017-03-10,3251.5718116760254
2017-03-13,-1185.640781402588
2017-03-14,-912.6858553205248
2017-03-15,4720.051494598389
2017-03-16,-1177.9817428588867
2017-03-17,2129.9768295288086
2017-03-20,-989.6533966064453
2017-03-21,-5417.657273428778
2017-03-22,3250.071161815097
2017-03-23,3187.1072831835054
2017-03-24,311.72936630249023
2017-03-27,-343.83872985839844
2017-03-28,2368.4215087890625
2017-03-29,-1510.4362869262695
2017-03-30,-574.0935401916504
2017-03-31,2516.8929862976074
2017-04-03,-3811.825527191162
2017-04-04,-1081.792984008789
2017-04-05,-2081.0590591430664
2017-04-06,2618.8486862182617
2017-04-07,476.1084403991699
2017-04-10,570.2296867370605
2017-04-11,1059.6861534118652
2017-04-12,-2072.558204650879
2017-04-13,-4787.327674865723
2017-04-14,0.0
2017-04-17,5137.366649627686
2017-04-18,1881.202449798584
2017-04-19,-1018.3675384521484
2017-04-20,6693.95040512085
2017-04-21,-1938.5469245910645
2017-04-24,7042.143840789795
2017-04-25,1810.9939804077148
2017-04-26,3717.8032608032227
2017-04-27,-176.55253975736287
2017-04-28,-8344.787937232384
2017-05-01,-3986.894561767578
2017-05-02,2921.793128967285
2017-05-03,-724.289409637453
2017-05-04,-1101.2137137140517
2017-05-05,-1067.6486892700195
2017-05-08,-1145.6780471801758
2017-05-09,1957.905990600586
2017-05-10,3797.8936157226562
2017-05-11,-2295.561637878418
2017-05-12,-1475.1901283264142
2017-05-15,2363.57869720459
2017-05-16,-2620.430558953964
2017-05-17,-4752.0104904174805
2017-05-18,13857.348862034914
2017-05-19,11098.501929896238
2017-05-22,315.3087692260742
2017-05-23,-4075.2469787597656
2017-05-24,4324.9879150390625
2017-05-25,4288.786849975586
2017-05-26,848.742317199707
2017-05-29,0.0
2017-05-30,-3726.863838195801
2017-05-31,2361.42895882474
2017-06-01,13303.725357736854
2017-06-02,3977.1606521606445
2017-06-05,755.0231285095215
2017-06-06,-433.07402420043945
2017-06-07,2210.227809906006
2017-06-08,7375.681499004359
2017-06-09,1429.4855041503906
2017-06-12,-1915.6401062011719
2017-06-13,449.44915771484375
2017-06-14,1703.8719940185547
2017-06-15,-1603.8005981445312
2017-06-16,-12.787124633789062
2017-06-19,4351.818893432617
2017-06-20,-4141.071533203125
2017-06-21,-1696.952133178711
2017-06-22,-1096.0833587646484
2017-06-23,-1919.1043243408203
2017-06-26,1074.7374827521148
2017-06-27,-1756.3662821905914
2017-06-28,4170.293312072783
2017-06-29,-9501.554143292607
2017-06-30,1942.2744031633774
2017-07-03,732.6689235142248
2017-07-04,0.0
2017-07-05,1804.7845993041992
2017-07-06,-4876.374938964844
2017-07-07,5650.286555017779
2017-07-10,-778.0473442077637
2017-07-11,453.4922573906679
2017-07-12,5177.743011474609
2017-07-13,1569.5258255004883
2017-07-14,2996.04581451416
2017-07-17,415.51780700683594
2017-07-18,-1282.2724609375
2017-07-19,3979.0689277648926
2017-07-20,1073.1406440734863
2017-07-21,-2083.674304962158
2017-07-24,3026.422905376943
2017-07-25,-2487.9342613220215
2017-07-26,-3370.993774822744
2017-07-27,368.3305195399587
2017-07-28,-3689.780200958252
2017-07-31,-3516.4417975289425
2017-08-01,4376.495579310795
2017-08-02,-1139.589557647705
2017-08-03,5.399883270263672
2017-08-04,-278.5598258972168
2017-08-07,1432.5373420715332
2017-08-08,-821.9752998352051
2017-08-09,-483.2748107910156
2017-08-10,-11478.055507659912
2017-08-11,2655.0103757040774
2017-08-14,11219.245685577393
2017-08-15,-2891.836959838867
2017-08-16,-859.4216537475586
2017-08-17,-13862.194770812988
2017-08-18,206.44968196319496
2017-08-21,3229.995883532925
2017-08-22,11415.893277304564
2017-08-23,-947.586540222168
2017-08-24,1640.9306335449219
2017-08-25,2706.099193845483
2017-08-28,-1634.6827125549316
2017-08-29,-340.64209365844727
2017-08-30,4519.193355560303
2017-08-31,1462.377586364746
2017-09-01,2045.9768447875977
2017-09-04,0.0
2017-09-05,-3007.978998047961
2017-09-06,807.4128532409668
2017-09-07,-1777.6068125452384
2017-09-08,362.2638702392578
2017-09-11,13191.212188720703
2017-09-12,6700.450125353681
2017-09-13,247.61799212862707
2017-09-14,-1669.4332366670858
2017-09-15,-2833.6260681152344
2017-09-18,8684.300895759046
2017-09-19,-6113.971622467041
2017-09-20,8131.606377329139
2017-09-21,-2941.3606491088867
2017-09-22,-70.05765914916992
2017-09-25,-7470.424793243408
2017-09-26,-196.65478876658676
2017-09-27,10468.372712544031
2017-09-28,5282.067758900777
2017-09-29,5335.607448577881
2017-10-02,4514.204006195068
2017-10-03,2123.5818835667455
2017-10-04,-1393.4665565490723
2017-10-05,2857.6101406642115
2017-10-06,1091.3061981201172
2017-10-09,1490.3294715881348
2017-10-10,1402.9303970336914
2017-10-11,2272.2193641662598
2017-10-12,-1362.378704071045
2017-10-13,5957.908624274387
2017-10-16,4325.694438934326
2017-10-17,-2233.8498645169193
2017-10-18,74.46130006654596
2017-10-19,-1380.8214492797852
2017-10-20,8.16812515258789
2017-10-23,-2308.4062118530273
2017-10-24,-933.4581108093262
2017-10-25,-2211.1220626831055
2017-10-26,-2367.0108582632847
2017-10-27,-110.55989456176758
2017-10-30,-4643.251701116563
2017-10-31,-5.839381013598086
2017-11-01,0.0
2017-11-02,6703.737601143987
2017-11-03,-2613.658203125
2017-11-06,-713.0793980189874
2017-11-07,0.0
2017-11-08,0.0
2017-11-09,0.0
2017-11-10,0.0
2017-11-13,0.0
2017-11-14,0.0
2017-11-15,0.0
2017-11-16,0.0
2017-11-17,0.0
2017-11-20,-2337.9488830566406
2017-11-21,121.2635498046875
2017-11-22,-2521.6517146996057
2017-11-23,0.0
2017-11-24,1900.952693939209
2017-11-27,29388.363222675653
2017-11-28,-5829.247057139843
2017-11-29,-913.01123046875
2017-11-30,291.17720195223717
2017-12-01,-1968.8363644736228
2017-12-04,1375.9617328643799
2017-12-05,-829.6504889896901
2017-12-06,280.1241332462819
2017-12-07,857.9415321350098
2017-12-08,485.6432914733887
2017-12-11,825.5128860473633
2017-12-12,16.22467041015625
2017-12-13,1149.3026733398438
2017-12-14,-3086.598217827922
2017-12-15,-1656.7854400362394
2017-12-18,6027.368864876872
2017-12-19,91.89294392723059
2017-12-20,0.0
2017-12-21,2436.1467885971015
2017-12-22,-1929.5444297790527
2017-12-25,0.0
2017-12-26,834.3976411819511
2017-12-27,0.0
2017-12-28,0.0
2017-12-29,0.0
2018-01-01,0.0
2018-01-02,1961.2426373107292
2018-01-03,11542.73686623573
2018-01-04,464.4817131416962
2018-01-05,23.230693817138672
2018-01-08,-54.85073174749184
2018-01-09,-52.59783935546875
2018-01-10,626.7566605976658
2018-01-11,830.0031287329346
2018-01-12,-11068.070265718867
2018-01-15,0.0
2018-01-16,6607.545725839491
2018-01-17,-2260.2274965559
2018-01-18,3427.942027296342
2018-01-19,-1482.1931195940022
2018-01-22,-1047.3901806218205
2018-01-23,726.0467262268066
2018-01-24,1368.4366984708015
2018-01-25,1774.031272888177
2018-01-26,-4841.739907196597
2018-01-29,4412.83552823748
2018-01-30,581.0878001621546
2018-01-31,2721.43700844901
2018-02-01,392.2550533839884
2018-02-02,0.0
2018-02-05,-20097.21406173705
2018-02-06,44557.81291607449
2018-02-07,-8950.598854337439
2018-02-08,0.0
2018-02-09,18167.983383212762
2018-02-12,19705.18596097402
2018-02-13,-678.1025867462158
2018-02-14,1945.3469081606129
2018-02-15,4350.485486745834
2018-02-16,544.3715133666992
2018-02-19,0.0
2018-02-20,-635.0989379882812
2018-02-21,-742.3418884277344
2018-02-22,371.16397857666016
2018-02-23,313.4258117675781
2018-02-26,-173.193603515625
2018-02-27,-1055.8094940185547
2018-02-28,-1679.1946911471257
2018-03-01,-3271.4937075206135
2018-03-02,13689.383863619405
2018-03-05,13425.050829614895
2018-03-06,5465.8789739608765
2018-03-07,2922.3881454467773
2018-03-08,3555.9327870777624
2018-03-09,13630.164867128642
2018-03-12,2598.702404022217
2018-03-13,2392.479448454722
2018-03-14,-2239.760359764099
2018-03-15,-354.78393936157227
2018-03-16,-1033.2159156799316
2018-03-19,-3805.6958613395636
2018-03-20,4018.348159790039
2018-03-21,-663.2608184814453
2018-03-22,-5195.000423703879
2018-03-23,-9825.707846505305
2018-03-26,11844.756983893267
2018-03-27,-3393.482544081546
2018-03-28,1431.5575497490959
2018-03-29,7607.457667078295
2018-03-30,0.0
2018-04-02,-8726.277770996094
2018-04-03,3555.333522796631
2018-04-04,3714.655750274658
2018-04-05,6022.560256958008
2018-04-06,-5329.625129699707
2018-04-09,155.9563217163086
2018-04-10,6672.911248275217
2018-04-11,-2497.416934967041
2018-04-12,4458.417956284109
2018-04-13,-1656.2547416687012
2018-04-16,3425.995693206787
2018-04-17,3482.8135414123535
2018-04-18,-3928.035575866699
2018-04-19,-474.64981910159986
2018-04-20,-3553.7902317047246
2018-04-23,748.6738473687844
2018-04-24,-7925.839087077542
2018-04-25,1336.2102293286978
2018-04-26,4684.7670461450325
2018-04-27,-2752.642053604126
2018-04-30,-2274.2439519677837
2018-05-01,9046.550464630118
2018-05-02,-4379.747064590454
2018-05-03,-8056.391795839572
2018-05-04,3167.3845443725586
2018-05-07,2301.267379760742
2018-05-08,-2450.621988024028
2018-05-09,-5217.524915558946
2018-05-10,2278.859046765734
2018-05-11,679.4504089355469
2018-05-14,-1071.5694637298584
2018-05-15,-1412.0903297151826
2018-05-16,2966.646465710237
2018-05-17,-850.5759815488555
2018-05-18,1940.4885482788086
2018-05-21,-1947.341871465976
2018-05-22,4759.108271462579
2018-05-23,40.74574027744586
2018-05-24,562.1866455078125
2018-05-25,-632.4158363342285
2018-05-28,0.0
2018-05-29,-1213.036096572876
2018-05-30,4976.437612533569
2018-05-31,-1328.7253398895264
2018-06-01,1334.8224277496338
2018-06-04,912.2082691192632
2018-06-05,3114.425012043544
2018-06-06,801.2452922548541
2018-06-07,-940.2367744445801
2018-06-08,462.20521068573225
2018-06-11,272.7964286804199
2018-06-12,1816.2637270178143
2018-06-13,-3650.572332382202
2018-06-14,2512.3635865960773
2018-06-15,445.152286529541
2018-06-18,236.57629919051578
2018-06-19,-5496.000243595667
2018-06-20,1018.1249028614598
2018-06-21,-4233.050263813565
2018-06-22,-39.98381819044084
2018-06-25,-13565.091320276253
2018-06-26,2871.2428340911865
2018-06-27,-250.33740592003596
2018-06-28,1381.2960605621338
2018-06-29,396.0155879429328
2018-07-02,-375.13029282433035
2018-07-03,-3011.743829727173
2018-07-04,0.0
2018-07-05,3250.6351146698
2018-07-06,5655.57195854187
2018-07-09,3132.887643814087
2018-07-10,-4598.914329528809
2018-07-11,-1407.948938369751
2018-07-12,2160.5837173461914
2018-07-13,774.5566349029541
2018-07-16,-4591.688997541173
2018-07-17,-1056.0984535217285
2018-07-18,4552.058388573802
2018-07-19,-195.239217076989
2018-07-20,697.3774528503418
2018-07-23,-346.5467695508828
2018-07-24,-10552.884157725728
2018-07-25,2515.418830871582
2018-07-26,2665.0538015365664
2018-07-27,-4241.346836090088
2018-07-30,-2951.692922864643
2018-07-31,6273.591190338135
2018-08-01,-3598.566475970408
2018-08-02,6376.261148452759
2018-08-03,2563.9052734375
2018-08-06,3302.4450874328613
2018-08-07,157.92922019958496
2018-08-08,403.9999256134033
2018-08-09,-1167.44380709103
2018-08-10,-1296.1504392623901
2018-08-13,-2276.4179725646973
2018-08-14,5994.785221576689
2018-08-15,-4118.922957079737
2018-08-16,5652.308817795334
2018-08-17,-35.68427848815918
2018-08-20,11959.675374269485
2018-08-21,8147.273022413254
2018-08-22,3157.4613761901855
2018-08-23,-3004.863052368164
2018-08-24,8020.512666906627
2018-08-27,3129.3980068138694
2018-08-28,1306.6626224517822
2018-08-29,1748.5488372870827
2018-08-30,-1932.9131240844727
2018-08-31,322.00300216674805
2018-09-03,0.0
2018-09-04,1589.9864044189453
2018-09-05,4662.865936517743
2018-09-06,-2439.5180963107878
2018-09-07,-1152.236132417405
2018-09-10,5240.854307719637
2018-09-11,2105.1000095094887
2018-09-12,497.96464759962146
2018-09-13,4075.5815455572874
2018-09-14,1310.8911018371582
2018-09-17,-7204.486088752734
2018-09-18,3067.6390953063965
2018-09-19,-3251.652473449707
2018-09-20,1175.9035911560059
2018-09-21,-4595.381539481024
2018-09-24,-1011.0362129211426
2018-09-25,-1976.6120567321777
2018-09-26,-10.84491252898988
2018-09-27,-1133.5591621398926
2018-09-28,2589.880023751941
2018-10-01,1240.4923782348633
2018-10-02,-1009.0296440124512
2018-10-03,1817.1403846740723
2018-10-04,-8597.75297164917
2018-10-05,-8302.15237454004
2018-10-08,-2591.640090942383
2018-10-09,-6001.097588266651
2018-10-10,-3056.1640315737095
2018-10-11,-15420.63371208739
2018-10-12,17239.46207427982
2018-10-15,-542.6643306187191
2018-10-16,0.0
2018-10-17,0.0
2018-10-18,0.0
2018-10-19,0.0
2018-10-22,0.0
2018-10-23,0.0
2018-10-24,0.0
2018-10-25,3852.33437252044
2018-10-26,719.0292478288775
2018-10-29,-3151.574062892354
2018-10-30,1983.5224075317383
2018-10-31,3190.688035011299
2018-11-01,0.0
2018-11-02,0.0
2018-11-05,0.0
2018-11-06,0.0
2018-11-07,0.0
2018-11-08,0.0
2018-11-09,0.0
2018-11-12,0.0
2018-11-13,93.59890529087363
2018-11-14,-9892.708673204692
2018-11-15,18170.10976791382
2018-11-16,0.0
2018-11-19,287.30606283460435
2018-11-20,1695.1778610774463
2018-11-21,4459.533834525484
2018-11-22,0.0
2018-11-23,-3062.174352373397
2018-11-26,2206.1565939358634
2018-11-27,0.0
2018-11-28,-12.33006477355957
2018-11-29,-230.17547607421875
2018-11-30,539.5055408477783
2018-12-03,0.0
2018-12-04,-742.6845372063739
2018-12-05,0.0
2018-12-06,644.487190246582
2018-12-07,-1707.4807662963867
2018-12-10,6302.368543624878
2018-12-11,1053.7649765014648
2018-12-12,3478.544593129836
2018-12-13,0.0
2018-12-14,0.0
2018-12-17,-3536.526368004933
2018-12-18,313.4900689125061
2018-12-19,-7308.07386173521
2018-12-20,-1671.9719123840332
2018-12-21,-2305.2929496765137
2018-12-24,-8097.335719244824
2018-12-25,0.0
2018-12-26,31307.64242962428
2018-12-27,5232.068312508727
2018-12-28,0.0
2018-12-31,0.0
2019-01-01,0.0
2019-01-02,0.0
2019-01-03,0.0
2019-01-04,0.0
2019-01-07,0.0
2019-01-08,0.0
2019-01-09,0.0
2019-01-10,0.0
2019-01-11,0.0
2019-01-14,0.0
2019-01-15,0.0
2019-01-16,0.0
2019-01-17,0.0
2019-01-18,120.72846766880365
2019-01-21,0.0
2019-01-22,1296.8612976074219
2019-01-23,-871.5897652762255
2019-01-24,0.0
2019-01-25,0.0
2019-01-28,0.0
2019-01-29,0.0
2019-01-30,204.6644088200194
2019-01-31,-1656.425158091958
2019-02-01,2077.3665512629887
2019-02-04,-794.8722464016466
2019-02-05,-177.79624938964844
2019-02-06,1727.8497764723666
2019-02-07,-67.8611624581481
2019-02-08,-82.92592021397297
2019-02-11,0.0
2019-02-12,0.0
2019-02-13,0.0
2019-02-14,0.0
2019-02-15,0.0
2019-02-18,0.0
2019-02-19,-42.953172888069844
2019-02-20,-3187.4383335113525
2019-02-21,3694.3915063994223
2019-02-22,729.8350909096888
2019-02-25,-563.7455520629883
2019-02-26,1252.2478019169505
2019-02-27,6021.736933095099
2019-02-28,3629.064836502075
2019-03-01,-1098.795126506261
2019-03-04,-2776.5791969980355
2019-03-05,-2810.634002140604
2019-03-06,-3869.8171800204736
2019-03-07,-298.784233842602
2019-03-08,-3801.713077000186
2019-03-11,4945.267335891724
2019-03-12,3192.355104446411
2019-03-13,110.09023475646973
2019-03-14,786.4763660430908
2019-03-15,1389.014139175415
2019-03-18,-1891.298083714076
2019-03-19,-4606.209438596451
2019-03-20,-163.29203196934236
2019-03-21,7150.365627288818
2019-03-22,-2112.697375161308
2019-03-25,8274.009949275442
2019-03-26,9815.215049743652
2019-03-27,-5345.26339585442
2019-03-28,-2404.4737678255347
2019-03-29,1238.4733345849163
2019-04-01,4439.832702909197
2019-04-02,-505.2165107727046
2019-04-03,859.7204850741646
2019-04-04,-170.23408317565918
2019-04-05,6230.764300005792
2019-04-08,-944.5718558175226
2019-04-09,-2352.376699175154
2019-04-10,1889.668836593628
2019-04-11,1079.5801525115967
2019-04-12,2317.27366065979
2019-04-15,3801.469861984253
2019-04-16,-4868.512714385986
2019-04-17,-7411.033429282055
2019-04-18,771.1951560974121
2019-04-19,0.0
2019-04-22,-4215.100546973086
2019-04-23,13552.336841583252
2019-04-24,784.6089724472539
2019-04-25,4048.232907703905
2019-04-26,11615.131547927856
2019-04-29,-6410.225627354173
2019-04-30,5421.637859344482
2019-05-01,-7557.069571495056
2019-05-02,6019.5047035217285
2019-05-03,1129.0488767623901
2019-05-06,2690.197774887085
2019-05-07,-11026.444911956787
2019-05-08,714.9377365112305
2019-05-09,-3060.6530723571777
2019-05-10,9549.984102249146
2019-05-13,-15067.349342346191
2019-05-14,6660.165056228638
2019-05-15,6715.529224395752
2019-05-16,8191.66953086853
2019-05-17,-3880.175281524658
2019-05-20,76.03377532958984
2019-05-21,10514.234558105469
2019-05-22,337.5629253387451
2019-05-23,-7802.924033096853
2019-05-24,2556.203239440918
2019-05-27,0.0
2019-05-28,-4080.518886021191
2019-05-29,-9525.557821273804
2019-05-30,3499.098144394995
2019-05-31,-1578.9132153647306
2019-06-03,302.85011700222185
2019-06-04,19269.660526275635
2019-06-05,12743.820366450716
2019-06-06,-1190.9302368164062
2019-06-07,3953.296874591279
2019-06-10,-1319.0164927073865
2019-06-11,-182.91566405977346
2019-06-12,368.34676660810146
2019-06-13,6642.054256439209
2019-06-14,2188.9844036102295
2019-06-17,1123.3902530670166
2019-06-18,578.9311294555664
2019-06-19,3055.5633392333984
2019-06-20,1833.0904350280762
2019-06-21,-5501.794960021973
2019-06-24,1212.064859117782
2019-06-25,-14367.914922441749
2019-06-26,116.47275733943206
2019-06-27,6646.855565752315
2019-06-28,5765.11006573271
2019-07-01,8205.050226211548
2019-07-02,2212.3790283203125
2019-07-03,1761.9423504897586
2019-07-04,0.0
2019-07-05,279.7290802001953
2019-07-08,-1142.9523010253906
2019-07-09,471.577392578125
2019-07-10,1542.5975646972656
2019-07-11,15.986312866210938
2019-07-12,1055.0589752197266
2019-07-15,143.83914184570312
2019-07-16,-607.7218835013282
2019-07-17,0.0
2019-07-18,0.0
2019-07-19,0.0
2019-07-22,1505.1881081716872
2019-07-23,3827.1585083007812
2019-07-24,-503.07872935698447
2019-07-25,5957.121551513672
2019-07-26,667.6105613708439
2019-07-29,0.0
2019-07-30,0.0
2019-07-31,0.0
2019-08-01,639.3141885484943
2019-08-02,189.27688929012942
2019-08-05,416.24874779156426
2019-08-06,777.070348739624
2019-08-07,5434.374367713928
2019-08-08,5432.933429718018
2019-08-09,-424.69411849975586
2019-08-12,-1094.4919548034668
2019-08-13,2121.403633117676
2019-08-14,-6313.256252288818
2019-08-15,-304.3820343017578
2019-08-16,3924.8766021728516
2019-08-19,2256.7890663146973
2019-08-20,-1980.637607574463
2019-08-21,6.213024139404297
2019-08-22,-180.8353271484375
2019-08-23,-1509.2642822265625
2019-08-26,2976.8815378461636
2019-08-27,-63.2711181640625
2019-08-28,1142.4651418413364
2019-08-29,-187.790283203125
2019-08-30,570.306396484375
2019-09-02,0.0
2019-09-03,1245.216836384373
2019-09-04,2146.5634841918945
2019-09-05,-828.3462295532227
2019-09-06,707.2267608642578
2019-09-09,-2349.9664154052734
2019-09-10,-1655.8690456662691
2019-09-11,2954.029359408784
2019-09-12,2215.9096975326447
2019-09-13,-206.58768858228484
2019-09-16,-2767.320075988773
2019-09-17,1974.5000028780526
2019-09-18,-627.8648233413696
2019-09-19,1842.0502986737665
2019-09-20,-207.4911651611328
2019-09-23,1105.2394104003906
2019-09-24,433.47391510009766
2019-09-25,-33.722084045410156
2019-09-26,925.2981033325195
2019-09-27,526.2999266215643
2019-09-30,2609.9218656676094
2019-10-01,-24822.091066224202
2019-10-02,-19602.50395604544
2019-10-03,4143.685302734375
2019-10-04,9348.967262268066
2019-10-07,-499.4187698364258
2019-10-08,-4447.455177307129
2019-10-09,4616.887557983398
2019-10-10,443.74104046821594
2019-10-11,-1625.3520833935065
2019-10-14,36.56395365510707
2019-10-15,-190.48679668562704
2019-10-16,-129.11746215820312
2019-10-17,1677.9139289855957
2019-10-18,75.82819747924805
2019-10-21,2371.945167541504
2019-10-22,249.52111216953676
2019-10-23,1432.5372200012207
2019-10-24,3450.8526415143724
2019-10-25,-933.8158645629883
2019-10-28,1213.7747039794922
2019-10-29,4734.610578094213
2019-10-30,1001.9773971012735
2019-10-31,-4453.2318115234375
2019-11-01,6024.676275253296
2019-11-04,762.993595123291
2019-11-05,-1297.4252395629803
2019-11-06,2728.7686072758256
2019-11-07,-574.126159940444
2019-11-08,1533.4840666907144
2019-11-11,-699.5163564682055
2019-11-12,786.6224594116211
2019-11-13,-1658.2269287109375
2019-11-14,-102.43444538116455
2019-11-15,1649.037359237671
2019-11-18,4997.472349711823
2019-11-19,-2790.525514602661
2019-11-20,-3295.3113427843323
2019-11-21,-2738.2928009033203
2019-11-22,967.2310949052844
2019-11-25,4936.4214153289795
2019-11-26,7910.347007717433
2019-11-27,3559.332865885321
2019-11-28,0.0
2019-11-29,-2344.5916715349676
2019-12-02,-14124.079520089274
2019-12-03,-1983.290204184399
2019-12-04,15006.74979645866
2019-12-05,6186.001860209871
2019-12-06,9133.199663162231
2019-12-09,-1896.1962642669678
2019-12-10,-2729.819553775473
2019-12-11,11769.098151649743
2019-12-12,16733.142192116837
2019-12-13,-3698.4682846069336
2019-12-16,3010.083641052246
2019-12-17,-1106.2544956207275
2019-12-18,-2786.1106452941895
2019-12-19,2054.8240693637294
2019-12-20,2209.548420292993
2019-12-23,-1002.5180123874111
2019-12-24,1464.2259353569552
2019-12-25,0.0
2019-12-26,-599.1279373168945
2019-12-27,-762.528925657272
2019-12-30,-2967.44677734375
2019-12-31,417.5130729675293
2020-01-01,0.0
2020-01-02,5556.478269577026
2020-01-03,-6178.991493225098
2020-01-06,-6687.992022173728
2020-01-07,-4491.939592446598
2020-01-08,4772.759554369089
2020-01-09,7140.621675729752
2020-01-10,-1390.6968574523926
2020-01-13,3523.407890319824
2020-01-14,248.96189294542546
2020-01-15,307.56860542297363
2020-01-16,6374.632633345468
2020-01-17,-3245.375192642212
2020-01-20,0.0
2020-01-21,-6819.151204313555
2020-01-22,-1824.0928102902008
2020-01-23,-916.1099177769202
2020-01-24,-5132.496004104614
2020-01-27,-7116.500907897949
2020-01-28,3532.1882718290553
2020-01-29,2322.415740966797
2020-01-30,-394.3044204711914
2020-01-31,-5331.06748308455
2020-02-03,2162.023006439209
2020-02-04,4555.29706818717
2020-02-05,22888.79032816205
2020-02-06,-4066.9299681527227
2020-02-07,-851.7199859619141
2020-02-10,405.60035705566406
2020-02-11,51.613311767578125
2020-02-12,696.8424224853516
2020-02-13,-1732.9091033935547
2020-02-14,204.16751098632812
2020-02-17,0.0
2020-02-18,0.0
2020-02-19,277.0226658412379
2020-02-20,894.6795065743586
2020-02-21,259.2978275844034
2020-02-24,0.0
2020-02-25,-1352.8034035818953
2020-02-26,117.30005972726508
2020-02-27,-4340.7080078125
2020-02-28,7310.787174497327
2020-03-02,19890.027074813843
2020-03-03,-9750.454750061032
2020-03-04,3070.851852416992
2020-03-05,0.0
2020-03-06,0.0
2020-03-09,0.0
2020-03-10,428.7513923645025
2020-03-11,-589.079180036274
2020-03-12,-4486.672212328229
2020-03-13,0.0
2020-03-16,-2700.919093540738
2020-03-17,8919.381950650897
2020-03-18,386.9787227085644
2020-03-19,409.5584201812757
2020-03-20,0.0
2020-03-23,579.653511864798
2020-03-24,6383.120407104492
2020-03-25,-183.77391896929043
2020-03-26,0.0
2020-03-27,0.0
2020-03-30,0.0
2020-03-31,0.0
2020-04-01,0.0
2020-04-02,0.0
2020-04-03,0.0
2020-04-06,0.0
2020-04-07,0.0
2020-04-08,0.0
2020-04-09,0.0
2020-04-10,0.0
2020-04-13,0.0
2020-04-14,0.0
2020-04-15,0.0
2020-04-16,-829.085334777832
2020-04-17,3478.6113786697388
2020-04-20,-3055.8623097283516
2020-04-21,6194.141782726566
2020-04-22,3431.2569010938932
2020-04-23,2852.8033359391366
2020-04-24,76.23078492709601
2020-04-27,-6032.3561947005155
2020-04-28,-4476.143023388726
2020-04-29,532.62572870084
2020-04-30,7540.432551792688
2020-05-01,9852.06145392997
2020-05-04,2571.81396484375
2020-05-05,1712.2064514160156
2020-05-06,14.08270263671875
2020-05-07,119.784912109375
2020-05-08,873.7120666503906
2020-05-11,5082.968923977443
2020-05-12,11702.847089767456
2020-05-13,10185.651057788302
2020-05-14,-408.649658203125
2020-05-15,2275.8477783203125
2020-05-18,1078.0532836914062
2020-05-19,-1810.8126831054688
2020-05-20,5879.349783335409
2020-05-21,-340.98451232910156
2020-05-22,5130.872477855006
2020-05-25,0.0
2020-05-26,-2269.598495483399
2020-05-27,3751.7874757562295
2020-05-28,6982.1233367068435
2020-05-29,6493.603893314099
2020-06-01,495.36674470560786
2020-06-02,-375.0652860913998
2020-06-03,-2036.1766442741728
2020-06-04,-1157.6750886865957
2020-06-05,-4608.719477210722
2020-06-08,-10868.40535729273
2020-06-09,27309.55745559079
2020-06-10,9028.54480407067
2020-06-11,39014.695342881336
2020-06-12,-1414.6888673986632
2020-06-15,1796.4022216796875
2020-06-16,1290.7250366210938
2020-06-17,345.5888671875
2020-06-18,472.58447265625
2020-06-19,3075.0875854492188
2020-06-22,197.5074462890625
2020-06-23,199.29272239548857
2020-06-24,-1171.2689514160156
2020-06-25,645.8729575361521
2020-06-26,-1946.6905517578125
2020-06-29,4417.29853493826
2020-06-30,5929.7056884765625
2020-07-01,2983.7510256086152
2020-07-02,1007.0682760987983
2020-07-03,0.0
2020-07-06,71.00942093985941
2020-07-07,-735.012730870933
2020-07-08,696.2505564008388
2020-07-09,-3245.7704665320207
2020-07-10,3167.8403030123063
2020-07-13,660.5632780620003
2020-07-14,26313.657161848914
2020-07-15,-935.7327575683667
2020-07-16,-20427.039644036984
2020-07-17,4395.87731552124
2020-07-20,9410.525234699247
2020-07-21,-1771.057538986206
2020-07-22,-1928.6798773833634
2020-07-23,8600.909712791443
2020-07-24,-529.3663468020411
2020-07-27,11741.230955123901
2020-07-28,-8552.387578419271
2020-07-29,8874.841892242432
2020-07-30,5160.980906895224
2020-07-31,-1962.6025619506836
2020-08-03,6997.145101547241
2020-08-04,3072.942153283526
2020-08-05,3291.023468017578
2020-08-06,-876.6677067279809
2020-08-07,2546.6355692659104
2020-08-10,-10018.497608865979
2020-08-11,-347.01137333256474
2020-08-12,1472.9555386645106
2020-08-13,813.9546278885409
2020-08-14,-453.0403486660562
2020-08-17,6230.671272277832
2020-08-18,-1423.6067600250244
2020-08-19,-1601.961898803711
2020-08-20,-1020.8050994873047
2020-08-21,5020.720432281494
2020-08-24,834.4981575012207
2020-08-25,-48.752679143635305
2020-08-26,1827.2379779815674
2020-08-27,2967.025752067567
2020-08-28,741.9563578196803
2020-08-31,-8020.419335365296
2020-09-01,26986.687137126937
2020-09-02,10140.951353754312
2020-09-03,3991.1622205461535
2020-09-04,-4233.766580343239
2020-09-07,0.0
2020-09-08,446.143093960638
2020-09-09,16558.334743499756
2020-09-10,-10521.253327829494
2020-09-11,6113.8664474487305
2020-09-14,9600.077954752105
2020-09-15,3523.60001373291
2020-09-16,6116.148008857464
2020-09-17,-7213.509755441124
2020-09-18,-913.4877724647558
2020-09-21,-15216.535114083972
2020-09-22,9176.069596154355
2020-09-23,-14767.412914276127
2020-09-24,8591.003918783994
2020-09-25,4649.459178209306
2020-09-28,13950.954152515955
2020-09-29,-2653.003179550171
2020-09-30,2647.5100743770613
2020-10-01,5661.611770629883
2020-10-02,1255.4107971191406
2020-10-05,9163.577877044678
2020-10-06,-4656.315589904785
2020-10-07,7533.71268081665
2020-10-08,6089.845362220487
2020-10-09,5429.0700953347405
2020-10-12,946.2423615115046
2020-10-13,-712.6641569137657
2020-10-14,-6117.546510594242
2020-10-15,6727.2767809459165
2020-10-16,-4799.845866169246
2020-10-19,-9085.493589946203
2020-10-20,2476.3353342328965
2020-10-21,-3119.746925898954
2020-10-22,8643.593546186139
2020-10-23,-229.85152053833008
2020-10-26,-18278.20959554398
2020-10-27,-501.6997299194336
2020-10-28,-17061.601134708944
2020-10-29,1900.742417471747
2020-10-30,1295.3950263431916
2020-11-02,12844.826344626304
2020-11-03,3989.3263059343662
2020-11-04,1756.5377349853516
2020-11-05,680.3537750244141
2020-11-06,-692.7216987609863
2020-11-09,-2325.561321258545
2020-11-10,4056.1268277849626
2020-11-11,7221.897621086668
2020-11-12,-2582.517150742682
2020-11-13,1161.6007385253906
2020-11-16,672.785901750835
2020-11-17,-980.2113037109375
2020-11-18,1661.5485324519038
2020-11-19,5765.178663049438
2020-11-20,41.56765948023144
2020-11-23,7717.55916073489
2020-11-24,10929.745924668641
2020-11-25,-625.9157130973337
2020-11-26,0.0
2020-11-27,964.1040652564584
2020-11-30,-10581.080496038709
2020-12-01,7995.018872022644
2020-12-02,-4895.743520327987
2020-12-03,-1260.4226992811573
2020-12-04,6370.415237052111
2020-12-07,5791.606771639406
2020-12-08,1253.8226261479542
2020-12-09,839.3521694115263
2020-12-10,2641.201638289862
2020-12-11,-955.0180416107244
2020-12-14,3132.1396198272705
2020-12-15,14094.679844243155
2020-12-16,-4125.919596672046
2020-12-17,-1562.9602562018513
2020-12-18,3146.307233333576
2020-12-21,-242.72816777229173
2020-12-22,1047.3314817207195
2020-12-23,16340.86965237345
2020-12-24,1806.994779935906
2020-12-25,0.0
2020-12-28,2184.924416780472
2020-12-29,-13442.379443304908
2020-12-30,13446.25373840332
2020-12-31,-7008.558926446069
2021-01-01,0.0
2021-01-04,-75.87966918945312
2021-01-05,2954.4101257324214
2021-01-06,3403.746622647566
2021-01-07,747.0675100428759
2021-01-08,8430.571011594358
2021-01-11,8180.86600066934
2021-01-12,-1439.175452164246
2021-01-13,21729.88796059574
2021-01-14,-2548.091289520259
2021-01-15,794.242869624075
2021-01-18,0.0
2021-01-19,10604.520264557428
2021-01-20,3595.787543296814
2021-01-21,1701.7044837134235
2021-01-22,-2754.881628036499
2021-01-25,2054.322730984012
2021-01-26,-17291.64858043194
2021-01-27,-36646.58118271826
2021-01-28,49553.47868907451
2021-01-29,-2231.4273747035595
2021-02-01,3148.034568786621
2021-02-02,13059.800941467285
2021-02-03,-1329.2531330926088
2021-02-04,1608.4848709106445
2021-02-05,4241.196830749512
2021-02-08,2570.0143781389474
2021-02-09,-1907.1147757938952
2021-02-10,24214.56931631906
2021-02-11,755.1267005375485
2021-02-12,-731.5991897583008
2021-02-15,0.0
2021-02-16,-4393.534561157227
2021-02-17,-62.59642791748047
2021-02-18,-530.24853515625
2021-02-19,4223.100318908691
2021-02-22,-5319.226661409659
2021-02-23,25072.277709688446
2021-02-24,17472.91219350272
2021-02-25,-15580.59633578572
2021-02-26,5374.485174485624
2021-03-01,20185.78674643379
2021-03-02,-2973.782994951518
2021-03-03,-9118.805557829994
2021-03-04,-5187.943222658987
2021-03-05,19499.21409896443
2021-03-08,-18051.161745888847
2021-03-09,12663.349792003635
2021-03-10,-1761.1836571012245
2021-03-11,436.43787384033203
2021-03-12,-1376.936029366088
2021-03-15,3636.0182706628584
2021-03-16,1863.4562765530204
2021-03-17,1894.0669700077515
2021-03-18,-4556.4912296363345
2021-03-19,-2317.8618844917783
2021-03-22,4486.002730335512
2021-03-23,-4922.293029785156
2021-03-24,-1686.9564208984375
2021-03-25,17885.877060209
2021-03-26,21075.025947298323
2021-03-29,-3913.644397326876
2021-03-30,4286.224892888749
2021-03-31,4181.2625754220135
2021-04-01,6962.328147888184
2021-04-02,0.0
2021-04-05,1131.3727416992188
2021-04-06,1517.1396083831792
2021-04-07,-3153.087681634077
2021-04-08,-1468.9557056427007
2021-04-09,6233.087753295898
2021-04-12,-931.1081886291504
2021-04-13,2572.4170104776204
2021-04-14,7213.6812953948975
2021-04-15,4359.600044250486
2021-04-16,10915.934803281505
2021-04-19,-2781.030906677243
2021-04-20,-8057.070586408884
2021-04-21,15571.364939280918
2021-04-22,-3296.361404725484
2021-04-23,13727.212890182202
2021-04-26,11640.30101633075
2021-04-27,-3465.620487485633
2021-04-28,1983.1323890686035
2021-04-29,1559.144006729126
2021-04-30,-4921.722520828249
2021-05-03,264.6884250640869
2021-05-04,873.9770558220994
2021-05-05,-1539.7036864757524
2021-05-06,703.0607573645462
2021-05-07,2296.737329823627
2021-05-10,-1402.1791057586756
2021-05-11,3227.8949376514975
2021-05-12,-9097.217432158326
2021-05-13,916.0281096867113
2021-05-14,9669.693426949638
2021-05-17,501.44791490691114
2021-05-18,628.8777506692104
2021-05-19,5776.594039678581
2021-05-20,2762.260009765625
2021-05-21,-955.8070362636017
2021-05-24,584.231132234846
2021-05-25,2553.6715575626895
2021-05-26,-19.04190444946164
2021-05-27,-300.3512268066406
2021-05-28,106.84613037109375
2021-05-31,0.0
2021-06-01,-90.37279891968183
2021-06-02,1159.2298706599631
2021-06-03,645.008953094476
2021-06-04,46.295165198191256
2021-06-07,107.0277412618917
2021-06-08,-1762.798318862915
2021-06-09,763.8778705596924
2021-06-10,-924.3021932329461
2021-06-11,2301.005401611328
2021-06-14,106.1956787109375
2021-06-15,-2655.0
2021-06-16,-355.76579339164346
2021-06-17,-5823.950095585407
2021-06-18,-10224.087335041595
2021-06-21,15170.360018900461
2021-06-22,-821.9748011997756
2021-06-23,88.08201599121094
2021-06-24,3629.4579236166865
2021-06-25,2643.1244442122297
2021-06-28,112.58400573049653
2021-06-29,839.2327236107394
2021-06-30,3551.2614239283944
2021-07-01,2098.669289180214
2021-07-02,0.0
2021-07-05,0.0
2021-07-06,0.0
2021-07-07,2709.4594945226427
2021-07-08,-1785.9525508199451
2021-07-09,1812.3391647338867
2021-07-12,430.2123548303286
2021-07-13,-2597.1033687591553
2021-07-14,-6416.5989893845135
2021-07-15,7010.510465656017
2021-07-16,-12731.488458020354
2021-07-19,-23603.846823726373
2021-07-20,53698.59160617419
2021-07-21,29189.593834877014
2021-07-22,-9711.52917190961
2021-07-23,5822.31450176239
2021-07-26,8332.446118354797
2021-07-27,5028.009667805265
2021-07-28,9708.030744177951
2021-07-29,2253.3514676094055
2021-07-30,29.366277149747248
2021-08-02,2039.8241920471191
2021-08-03,3655.06867684636
2021-08-04,-4590.638023376465
2021-08-05,-705.3424293143275
2021-08-06,-3238.828757286072
2021-08-09,5182.080004419589
2021-08-10,11829.64066723415
2021-08-11,16613.609395435873
2021-08-12,1468.9982551847158
2021-08-13,-9168.055092811584
2021-08-16,-1716.178897857666
2021-08-17,-4945.91444955553
2021-08-18,965.9568872451782
2021-08-19,-3115.4990907226256
2021-08-20,2466.9827466692295
2021-08-23,2349.000457763672
2021-08-24,2553.260887145996
2021-08-25,10.298391069686204
2021-08-26,-947.4739183698357
2021-08-27,563.5001754760742
2021-08-30,698.0035877227783
2021-08-31,0.0
2021-09-01,0.0
2021-09-02,0.0
2021-09-03,0.0
2021-09-06,0.0
2021-09-07,658.4729165349673
2021-09-08,194.72449910640773
2021-09-09,-500.1974156413751
2021-09-10,0.0
2021-09-13,15422.029463853149
2021-09-14,74.07528228419483
2021-09-15,5121.938754762921
2021-09-16,2295.0565648079055
2021-09-17,-1276.2275276184082
2021-09-20,-1455.1765888759019
2021-09-21,-1686.040766034808
2021-09-22,1884.0917647225388
2021-09-23,-2208.210751669739
2021-09-24,1073.247317450386
2021-09-27,-1125.4758722441616
2021-09-28,-149.80180277143086
2021-09-29,-597.4615794590561
2021-09-30,-4557.919686453717
2021-10-01,10813.165274483845
2021-10-04,-5167.883331571305
2021-10-05,2393.1271612984806
2021-10-06,4703.649385111674
2021-10-07,4670.630650997162
2021-10-08,-2559.0441030774664
2021-10-11,-2493.778232574463
2021-10-12,-4565.520375115556
2021-10-13,885.0620554515381
2021-10-14,17858.84919193814
2021-10-15,-576.1092643737793
2021-10-18,-4442.357173919678
2021-10-19,6448.063404083252
2021-10-20,5936.73986639295
2021-10-21,126.7169189453125
2021-10-22,3504.2120151519775
2021-10-25,1049.2916259765625
2021-10-26,1070.022136688227
2021-10-27,-1720.6610107421875
2021-10-28,543.0103607177734
2021-10-29,-1101.9635952540775
2021-11-01,7995.90372467041
2021-11-02,4367.2382534572025
2021-11-03,1105.9752656391665
2021-11-04,11951.066291809087
2021-11-05,8941.50472041539
2021-11-08,-7773.825961777147
2021-11-09,1793.2671372549867
2021-11-10,-4644.89564924581
2021-11-11,3002.7358989715576
2021-11-12,6224.574537140976
2021-11-15,1540.7594641276764
2021-11-16,7851.475085122252
2021-11-17,1226.4117183685294
2021-11-18,-288.2836723327637
2021-11-19,-2068.5285720825195
2021-11-22,5450.269483838765
2021-11-23,1212.8298939296005
2021-11-24,1229.896513802671
2021-11-25,0.0
2021-11-26,-18735.549213409413
2021-11-29,280.34769439697266
2021-11-30,-5275.160628182544
2021-12-01,-5042.3684611661065
2021-12-02,4668.99949836731
2021-12-03,-3687.6215991973877
2021-12-06,4104.139596394112
2021-12-07,14745.341668401466
2021-12-08,-629.7903984614775
2021-12-09,-4423.817041397095
2021-12-10,786.2050158977509
2021-12-13,-3398.1076134273007
2021-12-14,1033.4414157867461
2021-12-15,9505.636854205812
2021-12-16,-4292.909143447879
2021-12-17,-2092.0809999874605
2021-12-20,-7091.446496282306
2021-12-21,10176.642007827759
2021-12-22,-448.4685802459717
2021-12-23,2143.2865409851074
2021-12-24,0.0
2021-12-27,7692.445573091507
2021-12-28,1024.8564014434814
2021-12-29,-285.45462799072266
2021-12-30,-1431.5289714677021
2021-12-31,196.09974472862905
2022-01-03,1069.4932245527039
2022-01-04,1400.673439230231
2022-01-05,-1530.7437559195955
2022-01-06,4394.41934456144
2022-01-07,-11061.066473313742
2022-01-10,7908.53573257583
2022-01-11,8556.668647834234
2022-01-12,-897.2248799800873
2022-01-13,-2700.4905497687205
2022-01-14,-5246.329839706421
2022-01-17,0.0
2022-01-18,-10367.738585744584
2022-01-19,-4400.985462733679
2022-01-20,-809.6234817504883
2022-01-21,-2417.386332920618
2022-01-24,24264.32479068211
2022-01-25,-6778.835647583008
2022-01-26,-11132.55007335118
2022-01-27,0.0
2022-01-28,0.0
2022-01-31,0.0
2022-02-01,0.0
2022-02-02,0.0
2022-02-03,0.0
2022-02-04,0.0
2022-02-07,0.0
2022-02-08,0.0
2022-02-09,0.0
2022-02-10,0.0
2022-02-11,-1189.2249898910552
2022-02-14,65.41883686611527
2022-02-15,5118.611841201782
2022-02-16,-60.931982312892615
2022-02-17,-1142.87370586395
2022-02-18,0.0
2022-02-21,0.0
2022-02-22,0.0
2022-02-23,0.0
2022-02-24,15207.0830078125
2022-02-25,526.9169921875
2022-02-28,0.0
2022-03-01,0.0
2022-03-02,-190.97079675538112
2022-03-03,480.6383743286133
2022-03-04,-100.66757757323217
2022-03-07,-154.93967144827798
2022-03-08,-9478.377603292462
2022-03-09,45883.1596219199
2022-03-10,-6299.695704085491
2022-03-11,-52.14664309365486
2022-03-14,-985.4581598554441
2022-03-15,6566.431919642855
2022-03-16,5774.026240212589
2022-03-17,0.0
2022-03-18,315.9333825792568
2022-03-21,102.26327351161325
2022-03-22,942.1518023354688
2022-03-23,51.651541573661234
2022-03-24,0.0
2022-03-25,-1201.0
2022-03-28,0.0
2022-03-29,0.0
2022-03-30,0.0
2022-03-31,307.3288170950723
2022-04-01,3215.329731260018
2022-04-04,407.5809080941367
2022-04-05,-2983.239456449227
2022-04-06,152.71529878889996
2022-04-07,5580.361572265625
2022-04-08,6095.923128945476
2022-04-11,-2841.48164095199
2022-04-12,241.89281477250347
2022-04-13,10623.887164524622
2022-04-14,-5404.298338345136
2022-04-15,0.0
2022-04-18,-925.393391251564
2022-04-19,4332.787622332573
2022-04-20,-2355.394231081009
2022-04-21,3022.612378120431
2022-04-22,-812.1849182673793
2022-04-25,4074.8264142445137
2022-04-26,-8165.276432582313
2022-04-27,2782.7905976431575
2022-04-28,7927.178837367469
2022-04-29,-2458.946876525879
2022-05-02,2248.9163774762833
2022-05-03,-77.7313853672672
2022-05-04,10382.777852467145
2022-05-05,-4112.805328369141
2022-05-06,-2541.395263671875
2022-05-09,-6925.799407958984
2022-05-10,4496.363914217272
2022-05-11,-8679.26762335642
2022-05-12,-1147.4383065359968
2022-05-13,3440.3791710989844
2022-05-16,0.0
2022-05-17,0.0
2022-05-18,0.0
2022-05-19,530.1895926339348
2022-05-20,-320.078125
2022-05-23,1588.8885323660652
2022-05-24,0.0
2022-05-25,0.0
2022-05-26,2211.180079221729
2022-05-27,-2075.574576241629
2022-05-30,0.0
2022-05-31,2882.3944970199
2022-06-01,584.0625621250673
2022-06-02,-43.270111083984375
2022-06-03,-562.7924510410829
2022-06-06,29.012554781777958
2022-06-07,-1901.2165498733534
2022-06-08,370.63231270653876
2022-06-09,488.39557974679235
2022-06-10,-1871.5192098617558
2022-06-13,-8509.35370853969
2022-06-14,-4037.7946963310114
2022-06-15,2127.2527487618563
2022-06-16,-1594.409031391157
2022-06-17,-3609.730367660526
2022-06-20,0.0
2022-06-21,6105.037994384766
2022-06-22,-4381.3076267242395
2022-06-23,0.0
2022-06-24,0.0
2022-06-27,0.0
2022-06-28,0.0
2022-06-29,1114.8845563616123
2022-06-30,-1569.8046875
2022-07-01,2417.9201311383877
2022-07-04,0.0
2022-07-05,0.0
2022-07-06,0.0
2022-07-07,0.0
2022-07-08,0.0
2022-07-11,0.0
2022-07-12,0.0
2022-07-13,0.0
2022-07-14,0.0
2022-07-15,0.0
2022-07-18,0.0
2022-07-19,1426.354826348174
2022-07-20,-2395.2662448883057
2022-07-21,-540.1299480370162
2022-07-22,3799.7787162235836
2022-07-25,4709.223580496644
2022-07-26,5214.408842904224
2022-07-27,2270.630226952697
2022-07-28,168.4048839637199
2022-07-29,-154.7174949645996
2022-08-01,-48.68738899912028
2022-08-02,1287.4601652281692
2022-08-03,-5523.432686805725
2022-08-04,-1067.027478422444
2022-08-05,-487.71948013986685
2022-08-08,2123.2818254743274
2022-08-09,8838.699696711132
2022-08-10,-135.26204204559144
2022-08-11,1237.005287306642
2022-08-12,-4272.680033973283
2022-08-15,-3608.1093398502785
2022-08-16,-7472.163944959638
2022-08-17,14675.072002138408
2022-08-18,-263.12397066184803
2022-08-19,0.0
2022-08-22,0.0
2022-08-23,0.0
2022-08-24,0.0
2022-08-25,-54.83437916210853
2022-08-26,1709.5259437561035
2022-08-29,812.308435406005
2022-08-30,0.0
2022-08-31,0.0
2022-09-01,3666.156866891047
2022-09-02,-2387.416259765625
2022-09-05,0.0
2022-09-06,-1894.143592051096
2022-09-07,3590.035228729248
2022-09-08,-2234.6322438035736
2022-09-09,0.0
2022-09-12,0.0
2022-09-13,0.0
2022-09-14,1634.214599609375
2022-09-15,-2534.0911342075924
2022-09-16,-2166.1234654017826
2022-09-19,0.0
2022-09-20,0.0
2022-09-21,0.0
2022-09-22,-1271.0251077924472
2022-09-23,2122.7700334957717
2022-09-26,-13202.7964553833
2022-09-27,-4767.994065727523
2022-09-28,12625.960904530126
2022-09-29,-4241.915309122625
2022-09-30,0.0
2022-10-03,0.0
2022-10-04,0.0
2022-10-05,0.0
2022-10-06,0.0
2022-10-07,0.0
2022-10-10,-674.527587890625
2022-10-11,-959.4656982421875
2022-10-12,-497.0067138671875
2022-10-13,0.0
2022-10-14,0.0
2022-10-17,0.0
2022-10-18,0.0
2022-10-19,0.0
2022-10-20,0.0
2022-10-21,0.0
2022-10-24,0.0
2022-10-25,0.0
2022-10-26,0.0
2022-10-27,257.5682830810463
2022-10-28,-3645.2396392822266
2022-10-31,1841.6713562011803
2022-11-01,0.0
2022-11-02,-3286.1364397321486
2022-11-03,-3947.028564453125
2022-11-04,6208.474330357149
2022-11-07,2847.078660249709
2022-11-08,-197.49924659729004
2022-11-09,882.1112601757056
2022-11-10,0.0
2022-11-11,389.41101012911076
2022-11-14,2137.6146542685383
2022-11-15,633.1178176062479
2022-11-16,5106.499640260422
2022-11-17,361.35687773568065
2022-11-18,0.0
2022-11-21,0.0
2022-11-22,-394.0584561484212
2022-11-23,-508.12387793404434
2022-11-24,0.0
2022-11-25,-56.44598415919586
2022-11-28,-876.3716817583385
2022-11-29,2767.394383021786
2022-11-30,25021.43180257933
2022-12-01,1405.1941201346135
2022-12-02,-11306.456248521808
2022-12-05,5263.005035400391
2022-12-06,-6727.56909261431
2022-12-07,0.0
2022-12-08,810.525110244751
2022-12-09,7019.530953202932
2022-12-12,13455.838570254171
2022-12-13,4338.105366298145
2022-12-14,51.61128698076675
2022-12-15,1235.5309153965527
2022-12-16,-186.83950996398926
2022-12-19,-4234.80269241333
2022-12-20,1588.05269241333
2022-12-21,529.348653793335
2022-12-22,-3705.454038619995
2022-12-23,1058.55269241333
2022-12-26,0.0
2022-12-27,0.0
2022-12-28,-1201.4423479352718
2022-12-29,4075.6494140625
2022-12-30,-169.20706612722825
2023-01-02,0.0
2023-01-03,0.0
2023-01-04,0.0
2023-01-05,0.0
2023-01-06,-2954.473977906351
2023-01-09,135.24775314331055
2023-01-10,556.8883989879027
2023-01-11,8087.041760376527
2023-01-12,758.1042241368949
2023-01-13,6.0645008086859775
2023-01-16,0.0
2023-01-17,-1707.5837794031384
2023-01-18,4036.104116916669
2023-01-19,1884.901212215424
2023-01-20,14489.172386918734
2023-01-23,5910.004014526095
2023-01-24,2861.8191829068483
2023-01-25,4018.9323695727767
2023-01-26,4560.898166111533
2023-01-27,-3048.394195488523
2023-01-30,2856.395107405531
2023-01-31,5751.805962358222
2023-02-01,-6211.763775587082
2023-02-02,-8379.172220672901
2023-02-03,36088.267128791136
2023-02-06,29006.149387700225
2023-02-07,-12757.439026134363
2023-02-08,-570.2431640625
2023-02-09,-311.04052734375
2023-02-10,1503.8377190998492
2023-02-13,5247.201515197754
2023-02-14,423.8863028117719
2023-02-15,915.837890625
2023-02-16,-414.722900390625
2023-02-17,1831.682373046875
2023-02-20,0.0
2023-02-21,-4786.560791015625
2023-02-22,-166.5032566615535
2023-02-23,-2601.2695683070615
2023-02-24,-9209.154275076728
2023-02-27,2777.1297367640927
2023-02-28,86.398681640625
2023-03-01,17.277099609375
2023-03-02,-51.837890625
2023-03-03,1209.601318359375
2023-03-06,-933.12158203125
2023-03-07,-1900.79736328125
2023-03-08,691.196044921875
2023-03-09,-4957.5043659210205
2023-03-10,-8224.726628984703
2023-03-13,2814.531557900561
2023-03-14,20441.786154338268
2023-03-15,-5402.85277829851
2023-03-16,7512.389678955078
2023-03-17,-5525.389678955078
2023-03-20,0.0
2023-03-21,0.0
2023-03-22,0.0
2023-03-23,0.0
2023-03-24,0.0
2023-03-27,0.0
2023-03-28,0.0
2023-03-29,0.0
2023-03-30,0.0
2023-03-31,0.0
2023-04-03,0.0
2023-04-04,0.0
2023-04-05,0.0
2023-04-06,0.0
2023-04-07,0.0
2023-04-10,0.0
2023-04-11,0.0
2023-04-12,0.0
2023-04-13,0.0
2023-04-14,0.0
2023-04-17,0.0
2023-04-18,0.0
2023-04-19,3108.8504840305777
2023-04-20,-2426.641571044922
2023-04-21,4853.084948131034
2023-04-24,1409.3515548706055
2023-04-25,-1671.0862426757812
2023-04-26,-6346.767289297879
2023-04-27,25690.705035618354
2023-04-28,6436.1699077061
2023-05-01,-214.1188735961914
2023-05-02,-843.6535121372608
2023-05-03,-1900.6659611293408
2023-05-04,-3635.3577270507812
2023-05-05,2787.286964416504
2023-05-08,438.8997573852539
2023-05-09,185.73848724365234
2023-05-10,-37.793975830078125
2023-05-11,1478.1062624454498
2023-05-12,-807.3603515625
2023-05-15,1379.8573417663574
2023-05-16,-969.2375602722168
2023-05-17,3337.796417236328
2023-05-18,3740.200596996719
2023-05-19,-2318.8278410775274
2023-05-22,-4218.843617490364
2023-05-23,-3131.487166268485
2023-05-24,-495.82862854003906
2023-05-25,2140.2739448547363
2023-05-26,3603.7588519879846
2023-05-29,0.0
2023-05-30,2611.240157808569
2023-05-31,8148.13101102622
2023-06-01,9373.3307688577
2023-06-02,8282.942988327577
2023-06-05,1752.16748046875
2023-06-06,1550.8546152796002
2023-06-07,2079.8558575425795
2023-06-08,3016.9891948018767
2023-06-09,120.64606397492821
2023-06-12,5393.971736703601
2023-06-13,4172.497559070593
2023-06-14,-13356.043706655495
2023-06-15,-2365.24235623224
2023-06-16,-5950.29989797729
2023-06-19,0.0
2023-06-20,10059.335484436591
2023-06-21,-4862.165097168515
2023-06-22,6678.611709594718
2023-06-23,1530.481834411621
2023-06-26,-902.4349327087402
2023-06-27,6048.601234708505
2023-06-28,-120.35892868041992
2023-06-29,-508.18809509277344
2023-06-30,-37.463050365448
2023-07-03,-827.4799995422363
2023-07-04,0.0
2023-07-05,220.95121335983276
2023-07-06,-598.4544219970703
2023-07-07,-13.376190185546875
2023-07-10,5456.179786545899
2023-07-11,4028.7703110149896
2023-07-12,3157.8954106739493
2023-07-13,134.4955886432133
2023-07-14,2123.866554260254
2023-07-17,-1339.640474319458
2023-07-18,-2464.0350341796875
2023-07-19,254.09404754638672
2023-07-20,-598.4582481384277
2023-07-21,-2788.6280820029215
2023-07-24,2180.1647159031445
2023-07-25,4690.955886568351
2023-07-26,-700.6499186924509
2023-07-27,-976.2552719116211
2023-07-28,1019.7164115905762
2023-07-31,-929.4462585449219
2023-08-01,-758.9380950927734
2023-08-02,-1033.0887756347656
2023-08-03,1344.0201530456543
2023-08-04,-250.75
2023-08-07,1145.8715460641101
2023-08-08,-1048.569995880127
2023-08-09,8812.917272056846
2023-08-10,0.0
2023-08-11,315.9140625
2023-08-14,3195.0859375
2023-08-15,0.0
2023-08-16,0.0
2023-08-17,-3044.7131086077043
2023-08-18,4413.627715996332
2023-08-21,5875.582977226797
2023-08-22,2209.2105824266173
2023-08-23,7198.918270111084
2023-08-24,-5672.387153625488
2023-08-25,3047.149362564087
2023-08-28,699.5758781433105
2023-08-29,6904.210838454115
2023-08-30,-381.0695323944092
2023-08-31,-2167.4385566711426
2023-09-01,-448.73612785339355
2023-09-04,0.0
2023-09-05,-1543.931145770205
2023-09-06,0.0
2023-09-07,0.0
2023-09-08,0.0
2023-09-11,-111.36892046247056
2023-09-12,-348.55560302734375
2023-09-13,39.924523489814305
2023-09-14,0.0
2023-09-15,0.0
2023-09-18,0.0
2023-09-19,0.0
2023-09-20,0.0
2023-09-21,615.1317182268444
2023-09-22,-639.7412109375
2023-09-25,541.3272399902344
2023-09-26,-2337.5306091308594
2023-09-27,3357.8778904506153
2023-09-28,11356.910400390625
2023-09-29,-5437.606894356865
2023-10-02,-9577.884352547773
2023-10-03,5330.284996032715
2023-10-04,-2513.258678334095
2023-10-05,3803.5978206396103
2023-10-06,5528.573123506131
2023-10-09,13293.856408119202
2023-10-10,9413.479738235474
2023-10-11,2139.9219035421083
2023-10-12,-3023.2401332855225
2023-10-13,-358.58853912353516
2023-10-16,2969.5049284866827
2023-10-17,1577.6328811645508
2023-10-18,910.4104309082031
2023-10-19,-1106.98944091797
2023-10-20,-2518.08340317862
2023-10-23,3526.453096389776
2023-10-24,8025.085730978411
2023-10-25,-12860.772197178429
2023-10-26,-4030.393176964325
2023-10-27,-9599.364888191223
2023-10-30,14697.419948441617
2023-10-31,5182.202564239502
2023-11-01,8006.008050033023
2023-11-02,11382.279579690528
2023-11-03,-1743.0234375
2023-11-06,2973.267551422116
2023-11-07,1264.2398071289062
2023-11-08,614.25
2023-11-09,-2600.58574267796
2023-11-10,2666.7962188720703
2023-11-13,1808.0811462402344
2023-11-14,722.9060516357422
2023-11-15,-2572.843674182892
2023-11-16,2767.860004425049
2023-11-17,-2359.881534099579
2023-11-20,3381.4122467041016
2023-11-21,2965.812759399414
2023-11-22,166.59156799316406
2023-11-23,0.0
2023-11-24,1189.0013687951237
2023-11-27,1367.6715927124023
2023-11-28,-1124.7392762047916
2023-11-29,-279.83190522873906
2023-11-30,3127.6857545035496
2023-12-01,-1321.8260768141215
2023-12-04,-914.2713013716866
2023-12-05,9872.465025254653
2023-12-06,-4609.217187217331
2023-12-07,1895.355452946259
2023-12-08,6266.407338193469
2023-12-11,4051.2073407854305
2023-12-12,3095.9249424934387
2023-12-13,-788.2515422276078
2023-12-14,-7253.754872594556
2023-12-15,11844.634797964782
2023-12-18,11812.024477635106
2023-12-19,-6811.578652109418
2023-12-20,3692.170397213532
2023-12-21,3101.5788419587216
2023-12-22,-3267.169950893952
2023-12-25,0.0
2023-12-26,6049.974289928171
2023-12-27,732.6700600215333
2023-12-28,1904.591115031919
2023-12-29,2187.731803076611
2024-01-01,0.0
2024-01-02,-1572.9118822642704
2024-01-03,-35.23077201843262
2024-01-04,-5539.212633269163
2024-01-05,-910.3726825714111
2024-01-08,11615.171083586545
2024-01-09,-525.7298278808594
2024-01-10,-1081.3114624023438
2024-01-11,1374.5686403002028
2024-01-12,956.8171539306641
2024-01-15,0.0
2024-01-16,-604.1098327636719
2024-01-17,1222.4213899884817
2024-01-18,1116.4936065673828
2024-01-19,836.5907592773438
2024-01-22,892.5684814453125
2024-01-23,-1446.152847290039
2024-01-24,-1172.4665832519531
2024-01-25,454.0573425292969
2024-01-26,-416.7388610839844
2024-01-29,1048.0684814453125
2024-01-30,-149.27867126464844
2024-01-31,-1614.0907592773438
2024-02-01,1132.039810180664
2024-02-02,1334.1879119873047
2024-02-05,149.28341674804688
2024-02-06,618.886962890625
2024-02-07,1869.113037109375
2024-02-08,1097.8296203613281
2024-02-09,615.7834167480469
2024-02-12,-1328.1160242898131
2024-02-13,0.0
2024-02-14,-1962.0930802481535
2024-02-15,-13069.732176848825
2024-02-16,35500.550882067
2024-02-19,0.0
2024-02-20,2860.137530394968
2024-02-21,-4123.86315536499
2024-02-22,0.0
2024-02-23,-314.33281128747535
2024-02-26,7512.332811287475
2024-02-27,3428.3891620636223
2024-02-28,-3290.587760925293
2024-02-29,4818.198598861672
2024-03-01,0.0
2024-03-04,-1810.3026221139226
2024-03-05,12493.60871287754
2024-03-06,3443.170617784772
2024-03-07,8952.52329145161
2024-03-08,5632.461713109705
2024-03-11,11289.491875375988
2024-03-12,6975.803225244788
2024-03-13,-11212.417996815244
2024-03-14,3358.627791132247
2024-03-15,-1919.966608047484
2024-03-18,0.0
2024-03-19,8007.253918239076
2024-03-20,7871.445037841797
2024-03-21,10805.754904746991
2024-03-22,-2102.8864135742188
2024-03-25,-385.5674472536438
2024-03-26,-1168.205462864441
2024-03-27,9203.552795410156
2024-03-28,524.6526674542845
2024-03-29,0.0
2024-04-01,4804.016494750977
2024-04-02,285.7358654567215
2024-04-03,-4415.181326116818
2024-04-04,3415.78999151503
2024-04-05,-7414.304848568798
2024-04-08,-1122.7455518245713
2024-04-09,-1146.0251024109984
2024-04-10,-15653.36034679412
2024-04-11,-3615.6935782432656
2024-04-12,-4891.050902230405
2024-04-15,-11838.127921717514
2024-04-16,1379.9538310596076
2024-04-17,-1689.4769927433729
2024-04-18,-6968.856055123459
2024-04-19,-20346.91608674184
2024-04-22,22513.788268498007
2024-04-23,15019.397794995977
2024-04-24,4017.8164389474214
2024-04-25,-324.6058654785156
2024-04-26,8172.584899902344
2024-04-29,-1009.846923828125
2024-04-30,-5790.80323628017
2024-05-01,1706.2646680559455
2024-05-02,5160.3605237688325
2024-05-03,8546.70834350586
2024-05-06,8126.998513085494
2024-05-07,5606.024688039505
2024-05-08,-1219.8900512967775
2024-05-09,981.6770725250219
2024-05-10,795.1304168701172
2024-05-13,-482.81569862365467
2024-05-14,1114.548433031348
2024-05-15,2033.9952000209464
2024-05-16,-752.3513810293948
2024-05-17,1682.8534373215066
2024-05-20,-3692.9320884772724
2024-05-21,2929.325206041336
2024-05-22,-2366.9558357170645
2024-05-23,-8489.148254598858
2024-05-24,5120.355865035823
2024-05-27,0.0
2024-05-28,-9320.509966714086
2024-05-29,-11908.817615781578
2024-05-30,657.9649535587871
2024-05-31,4682.342136383057
2024-06-03,-9088.45827824729
2024-06-04,-5128.854432787219
2024-06-05,-1311.5224820545754
2024-06-06,-2170.1339548655906
2024-06-07,1940.5061378479004
2024-06-10,-1771.8257009301906
2024-06-11,-1123.928700992039
2024-06-12,458.81974819728634
2024-06-13,-1449.8197481972863
2024-06-14,0.0
2024-06-17,0.0
2024-06-18,0.0
2024-06-19,0.0
2024-06-20,0.0
2024-06-21,0.0
2024-06-24,0.0
2024-06-25,2108.989293779663
2024-06-26,95.3265380859375
2024-06-27,-120.31583186560033
2024-06-28,0.0
2024-07-01,3544.6690979003906
2024-07-02,4859.550913946967
2024-07-03,6601.7799881526425
2024-07-04,0.0
2024-07-05,0.0
2024-07-08,0.0
2024-07-09,0.0
2024-07-10,0.0
2024-07-11,-883.1959145409598
2024-07-12,-2466.9757499694824
2024-07-15,-7960.9809348242725
2024-07-16,-538.9660837990822
2024-07-17,686.2557563781722
2024-07-18,3495.719305583408
2024-07-19,-3509.461529323038
2024-07-22,7983.603210449219
2024-07-23,-2124.998059953964
2024-07-24,0.0
2024-07-25,-6429.0940190042875
2024-07-26,21209.052420275548
2024-07-29,4630.041598728739
2024-07-30,0.0
2024-07-31,0.0
2024-08-01,-483.9575185775757
2024-08-02,7682.957518577576
2024-08-05,2824.0206604003906
2024-08-06,1828.578514099121
2024-08-07,2096.4008255004883
2024-08-08,0.0
2024-08-09,0.0
2024-08-12,0.0
2024-08-13,0.0
2024-08-14,0.0
2024-08-15,0.0
2024-08-16,0.0
2024-08-19,0.0
2024-08-20,0.0
2024-08-21,0.0
2024-08-22,0.0
2024-08-23,0.0
2024-08-26,275.7950047084272
2024-08-27,122.74913787841797
2024-08-28,-723.5441425868453
2024-08-29,0.0
2024-08-30,1065.3579854113755
2024-09-02,0.0
2024-09-03,2657.071114948833
2024-09-04,-3580.6092478888404
2024-09-05,-3644.3655533109545
2024-09-06,-989.1402978897095
2024-09-09,208.23980140686035
2024-09-10,1717.9820852279663
2024-09-11,-832.961688041687
2024-09-12,-286.5741998638439
2024-09-13,130.84656143188477
2024-09-16,588.9246005330765
2024-09-17,-135.2362447806779
2024-09-18,633.2113258498044
2024-09-19,460.0631669930059
2024-09-20,189.1905899729063
2024-09-23,0.0
2024-09-24,0.0
2024-09-25,0.0
2024-09-26,0.0
2024-09-27,362.4761443819352
2024-09-30,439.3443531308827
2024-10-01,-103.90842165265667
2024-10-02,7344.737537384034
2024-10-03,1142.5844317844912
2024-10-04,896.7659549713135
2024-10-07,-691.0220845937738
2024-10-08,3752.137170740538
2024-10-09,151.61102294921875
2024-10-10,1807.2738909040172
2024-10-11,0.0
2024-10-14,0.0
2024-10-15,1916.799536160057
2024-10-16,-2038.1155624389648
2024-10-17,2418.316026278908
2024-10-18,0.0
2024-10-21,0.0
2024-10-22,153.06405421666076
2024-10-23,-1013.0640542166608
2024-10-24,0.0
2024-10-25,0.0
2024-10-28,0.0
2024-10-29,1638.3141937255798
2024-10-30,-1002.3173217773438
2024-10-31,-2662.996871948236
2024-11-01,-1180.9910220759214
2024-11-04,-169.62723909105512
2024-11-05,2443.162482942853
2024-11-06,670.6088725498712
2024-11-07,43.64933395385742
2024-11-08,-488.87786865234375
2024-11-11,785.6980018615723
2024-11-12,-785.6980018615723
2024-11-13,2927.0857920987282
2024-11-14,250.32834911346328
2024-11-15,-101.33870083945294
2024-11-18,0.0
2024-11-19,-446.65741947719073
2024-11-20,899.402784075055
2024-11-21,11733.685312543597
2024-11-22,-3050.4306771414613
2024-11-25,3397.653060640618
2024-11-26,1129.9422140121426
2024-11-27,1041.771139144891
2024-11-28,0.0
2024-11-29,-42.36641379765183
2024-12-02,-15.484101976663055
2024-12-03,1506.7610460008855
2024-12-04,1951.6293084280765
2024-12-05,3971.5010331869203
2024-12-06,-1052.398812523907
2024-12-09,-1726.8316178747546
2024-12-10,-761.2461631127762
2024-12-11,-1215.7618751525943
2024-12-12,-1223.168816975187
2024-12-13,0.0
2024-12-16,-794.29509912218
2024-12-17,3857.25390815735
2024-12-18,-12645.131261961804
2024-12-19,-4161.616290603345
2024-12-20,45245.90570453234
2024-12-23,5041.395186560498
2024-12-24,3174.5065879821777
2024-12-25,0.0
2024-12-26,907.8426712580949
2024-12-27,-1574.861406803131
2024-12-30,0.0
2024-12-31,211.85268197741362
2025-01-01,0.0
2025-01-02,-69.97245039257655
2025-01-03,5541.36498723712
2025-01-06,-2468.8141247885637
2025-01-07,1699.5246505737305
2025-01-08,22174.42075637407
2025-01-09,0.0
2025-01-10,-27714.849596619624
2025-01-13,23616.23358855929
2025-01-14,34699.19487413339
2025-01-15,18122.807095391385
2025-01-16,19082.569808380962
2025-01-17,6850.977755410332
2025-01-20,0.0
2025-01-21,1788.9803807394928
2025-01-22,-3588.3156779153023
2025-01-23,8240.88318225315
2025-01-24,2744.9477996826213
2025-01-27,5733.282987049658
2025-01-28,-472.08630105427073
2025-01-29,349.33793503896504
2025-01-30,1197.14599609375
2025-01-31,-1193.38232421875
2025-02-03,8008.069534301758
2025-02-04,8097.90966796875
2025-02-05,3292.8127657515693
2025-02-06,951.8689620494831
2025-02-07,-3020.8104689461757
2025-02-10,12701.450033051606
2025-02-11,192.65737727709234
2025-02-12,-5001.100537163849
2025-02-13,2900.027500152588
2025-02-14,4646.134155273436
2025-02-17,0.0
2025-02-18,3140.0163974761963
2025-02-19,528.9695625305176
2025-02-20,2309.267715777669
2025-02-21,-5913.744503974915
2025-02-24,-1432.4405551637974
2025-02-25,-6182.474155834751
2025-02-26,20758.517557893494
2025-02-27,-8358.424085617069
2025-02-28,2970.8139125279076
2025-03-03,-7997.347603934158
2025-03-04,48.93121392386456
2025-03-05,1208.5554820469465
2025-03-06,-763.2861785888672
2025-03-07,183.10554340906992
2025-03-10,-571.414466040474
2025-03-11,1633.0312303134356
2025-03-12,3275.806643826627
2025-03-13,-840.2518844604492
2025-03-14,3514.245180266246
2025-03-17,0.0
2025-03-18,0.0
2025-03-19,0.0
2025-03-20,0.0
2025-03-21,0.0
2025-03-24,0.0
2025-03-25,0.0
2025-03-26,0.0
2025-03-27,0.0
2025-03-28,0.0
2025-03-31,9049.051845550559
2025-04-01,2238.3616638183594
2025-04-02,4436.586490631082
2025-04-03,0.0
2025-04-04,13197.384525026575
2025-04-07,24750.98620162692
2025-04-08,-12677.182349068764
2025-04-09,62873.87230661937
2025-04-10,-3800.0606842041034
2025-04-11,0.0
2025-04-14,0.0
2025-04-15,0.0
2025-04-16,0.0
2025-04-17,0.0
2025-04-18,0.0
2025-04-21,0.0
2025-04-22,0.0
2025-04-23,0.0
2025-04-24,0.0
2025-04-25,0.0
2025-04-28,0.0
2025-04-29,0.0
2025-04-30,0.0
2025-05-01,0.0
2025-05-02,0.0
2025-05-05,0.0
2025-05-06,0.0
2025-05-07,0.0
2025-05-08,0.0
2025-05-09,0.0
2025-05-12,0.0
2025-05-13,1442.304472582676
2025-05-14,2174.5000876699196
2025-05-15,-1515.1242390360028
2025-05-16,-830.1840201786624
2025-05-19,929.5036989620695
2025-05-20,0.0
2025-05-21,0.0
2025-05-22,0.0
2025-05-23,1088.34375
2025-05-26,0.0
2025-05-27,9940.126754488268
2025-05-28,370.918565477642
2025-05-29,1648.61093003409
2025-05-30,0.0
2025-06-02,0.0
2025-06-03,0.0
2025-06-04,0.0
2025-06-05,-147.16926762036377
2025-06-06,2534.131393432617
2025-06-09,7275.101079123356
2025-06-10,-2347.4794983352967
2025-06-11,1981.2106648513304
2025-06-12,-1281.0083053622898
2025-06-13,-645.5442886352539
2025-06-16,3903.927909851074
2025-06-17,-1825.1959795270643
2025-06-18,6509.207555498397
2025-06-19,0.0
2025-06-20,-2666.1953923361616
2025-06-23,2525.889865602763
2025-06-24,5809.689542497906
2025-06-25,-2916.6552548067775
2025-06-26,-5947.579462766648
2025-06-27,12419.677066019594
2025-06-30,1280.6425495147712
2025-07-01,792.3498229980469
2025-07-02,-1078.9653400693614
2025-07-03,-1023.3246628556906
2025-07-04,0.0
2025-07-07,5266.107125554764
2025-07-08,2426.1828773702878
2025-07-09,795.4070625305176
2025-07-10,132.80050659179688
2025-07-11,5782.972705841064
2025-07-14,3039.2429804120666
2025-07-15,-6483.431156158447
2025-07-16,5980.362260546016
2025-07-17,12039.913812092374
2025-07-18,-1552.5567517961845
2025-07-21,1507.4513256890214
2025-07-22,9813.55554999626
2025-07-23,5965.904172795177
2025-07-24,-11475.307517017663
2025-07-25,-5535.707922560817
2025-07-28,-2754.847198486328
2025-07-29,2168.291416168213
2025-07-30,1569.0150756835938
2025-07-31,3957.3427668980244
2025-08-01,-215.8346939086914
2025-08-04,4323.5053907121965
2025-08-05,-2827.1947780336686
2025-08-06,-1192.8659601211548
2025-08-07,-2212.8017091069914
2025-08-08,-4226.446578093936
2025-08-11,-1173.1455688476562
2025-08-12,5097.5506019592285
2025-08-13,3056.683525289807
2025-08-14,-3367.3499488830566
2025-08-15,-1864.141239370618
2025-08-18,762.9460525512695
2025-08-19,1086.6749649047852
2025-08-20,-2602.606792449951
2025-08-21,-2654.0661659240723
2025-08-22,18462.60235977173
2025-08-25,-2274.576384680611
2025-08-26,2777.7809257507324
2025-08-27,-1978.1153708866618
2025-08-28,1094.4369888305664
2025-08-29,-10713.960610525952
2025-09-01,0.0
2025-09-02,-442.2518926348014
2025-09-03,581.5479655265808
2025-09-04,-1368.5569953918457
2025-09-05,625.1254539489746
2025-09-08,1878.101261138916
2025-09-09,-1220.866439819336
2025-09-10,8392.560276508331
2025-09-11,8889.876096453005
2025-09-12,-991.2190178462515
2025-09-15,-1367.4550691332206
2025-09-16,-2102.393879209241
2025-09-17,11868.565648147032
2025-09-18,2760.4728169441205
2025-09-19,-1843.9071040834724
2025-09-22,-647.6553503104465
2025-09-23,7523.054986681257
2025-09-24,12165.051037328565
2025-09-25,513.5432494878787
2025-09-26,3513.636962022092
2025-09-29,-2168.0312032699585
2025-09-30,5508.717364226077
2025-10-01,1626.7655143737793
2025-10-02,1342.4499011720968
2025-10-03,4145.097438812256
2025-10-06,1650.1391310010604
2025-10-07,1301.8847361973358
2025-10-08,36.200066430231345
2025-10-09,10462.621942520138
2025-10-10,-1891.1283369234588
2025-10-13,-763.9708234071761
2025-10-14,4476.751875468665
2025-10-15,7285.608660289214
2025-10-16,-3068.9205295017914
2025-10-17,7197.134324754992
2025-10-20,-2699.9010740007598
2025-10-21,1193.098731994629
2025-10-22,-919.5066452026367
2025-10-23,-1395.5037269592285
2025-10-24,1296.299331665039
2025-10-27,2822.028109073639
2025-10-28,-2768.0561141967773
2025-10-29,2876.1908521652163
2025-10-30,3882.6689474582668
2025-10-31,-319.95375389712285
2025-11-03,303.5976634366163
2025-11-04,-3645.224739074707
2025-11-05,846.9480901786275
2025-11-06,-5160.397207328285
2025-11-07,7969.916740553752
2025-11-10,17763.609826581822
2025-11-11,10147.341193710066
2025-11-12,-1652.023931997167
2025-11-13,-1728.0817739452705
2025-11-14,-230.5092430114746
2025-11-17,-1706.0331048965454
2025-11-18,-1856.4930229187012
2025-11-19,2324.0488290786743
2025-11-20,-4078.0471563339233
2025-11-21,6484.918570518496
2025-11-24,21358.106672286995
2025-11-25,-6259.2008864539
2025-11-26,4306.923266547083
2025-11-27,0.0
2025-11-28,-2107.4570452826383
2025-12-01,4568.649656023273
2025-12-02,-1896.0165115083882
2025-12-03,3733.0635138920406
2025-12-04,5015.814479419155
2025-12-05,-978.3800525665283
2025-12-08,5604.533980028957
2025-12-09,44.685539245610016
2025-12-10,-5803.732315029407
2025-12-11,4281.215402535034
2025-12-12,-5978.088823011941
2025-12-15,-495.9245739664398
2025-12-16,1745.286688668387
2025-12-17,-6917.982384817944
2025-12-18,-1009.8843244825007
2025-12-19,16799.795030866335
2025-12-22,13206.05857113429
2025-12-23,-4274.547024522501
2025-12-24,2160.896964481898
2025-12-25,0.0
2025-12-26,-9960.827457632338
2025-12-29,16357.042075429654
2025-12-30,0.0
2025-12-31,-1236.3464802333297
2026-01-01,0.0
2026-01-02,17462.098064763184
2026-01-05,17850.994287150264
2026-01-06,3643.061363765173
2026-01-07,5407.980692011962
2026-01-08,176.3579019819091
2026-01-09,-4046.660352706909
2026-01-12,4854.661481312336
2026-01-13,4215.45724882399
2026-01-14,-3519.461144736837
2026-01-15,1939.986023817747
2026-01-16,-237.9659372057232
2026-01-19,0.0
2026-01-20,-1874.3144178731136
2026-01-21,-690.5647295202524
2026-01-22,24.512235283851737
2026-01-23,2232.896113157273
2026-01-26,7415.103075010444
2026-01-27,-1601.0878795215124
2026-01-28,-5197.882634162897
2026-01-29,-926.3795186281147
2026-01-30,22776.275995816493
2026-02-02,763.1502783468783
2026-02-03,-2864.2573223114014
2026-02-04,-761.9766754422644
2026-02-05,-2221.6740333012212
2026-02-06,-7135.668837734649
2026-02-09,1710.4022261755813
2026-02-10,-1493.777885266708
2026-02-11,3368.2026538848877
2026-02-12,3986.9891962664424
2026-02-13,10169.258860724334
2026-02-16,0.0
2026-02-17,4347.082172530039
2026-02-18,5353.587200982209
2026-02-19,-1303.039223160068
2026-02-20,0.0
2026-02-23,1107.7034188679304
2026-02-24,-1383.3894953046504
2026-02-25,-2474.950310434618
2026-02-26,4211.660968780518
2026-02-27,-96.02458190917969
2026-03-02,0.0
2026-03-03,0.0
2026-03-04,0.0
2026-03-05,-1022.437842164723
2026-03-06,-6328.836357048582
2026-03-09,23911.77455670493
2026-03-10,-2618.3178765433136
2026-03-11,664.4559350694958
2026-03-12,-6401.20007651193
2026-03-13,-2828.2690110887734
2026-03-16,5158.516232763004
2026-03-17,-1452.997221674231
2026-03-18,599.8353160790109
2026-03-19,2875.381976468251
2026-03-20,-18087.057839700155
2026-03-23,17942.197046927024
2026-03-24,8987.304463522774
2026-03-25,10600.601931333542
2026-03-26,1930.613817078719
2026-03-27,-7496.148803472519
2026-03-30,6193.977878843046
2026-03-31,11049.480449335908
2026-04-01,7435.6239917959465
2026-04-02,1866.02046544211
2026-04-03,0.0
2026-04-06,-677.5190331595336
2026-04-07,-2365.746202468872
2026-04-08,469.54750714983504
2026-04-09,-3331.0477676391497
2026-04-10,-3063.5588353702015
2026-04-13,3686.58281646456
2026-04-14,-101.23622785295811
2026-04-15,-930.5690998690487
2026-04-16,6389.201892307825
2026-04-17,-1751.09051101548
2026-04-20,-4322.8154176984535
2026-04-21,2999.7404955455286
2026-04-22,-4732.116515568323
2026-04-23,1213.4286778313638
2026-04-24,-12405.035967145639
2026-04-27,19282.244968823023
2026-04-28,4158.47018650599
2026-04-29,188.8463311876527
2026-04-30,2381.411787169322
2026-05-01,1342.7418816430254
2026-05-04,459.186442783895
2026-05-05,-4194.023423876085
2026-05-06,2082.7891381127747
2026-05-07,4732.103540148058
2026-05-08,-11834.272370883411
2026-05-11,-1425.1733575548424
2026-05-12,6160.211004529674
2026-05-13,-2197.717344284053
2026-05-14,1600.4028015136719
2026-05-15,2472.6336629731245
2026-05-18,-2750.947450195046
2026-05-19,-1705.2461738586387
2026-05-20,7773.665471928467
2026-05-21,820.9183015823328
2026-05-22,1468.6104736328125
2026-05-25,0.0
2026-05-26,2725.5377197265625
2026-05-27,1140.8055855887287
2026-05-28,2976.52791595459
2026-05-29,-2702.3879759311667
2026-06-01,-8418.015591042376
2026-06-02,-6401.290567806801
2026-06-03,7899.670609644481
2026-06-04,5767.902096237462
2026-06-05,-3788.125142506193
2026-06-08,473.38911213193865
2026-06-09,-530.0969418116957
2026-06-10,4312.387405395508
2026-06-11,4396.2720997333545
2026-06-12,9817.352467179298
2026-06-15,-12831.518364667894
2026-06-16,-8134.783079675266
2026-06-17,-2056.253537246148
2026-06-18,-3917.519155842907
2026-06-19,0.0
2026-06-22,6251.285147530676
2026-06-23,-2096.0194925580718
2026-06-24,-19222.51748956953
2026-06-25,9683.280627386912
2026-06-26,-22341.311573982235
2026-06-29,-4941.152781895226
2026-06-30,-4868.909004007066
2026-07-01,-21579.046957663137
2026-07-02,4380.178749084485
2026-07-03,0.0
2026-07-06,12938.262263570517
2026-07-07,36904.22869784491
2026-07-08,21041.679957083288
2026-07-09,-7964.348767416823
2026-07-10,2424.01277024405
2026-07-13,15239.094916616164
2026-07-14,671.144229888916
2026-07-15,1116.595221042639
2026-07-16,-6957.754001617432
2026-07-17,7987.515156200953
2026-07-20,-820.8982991491041
2026-07-21,17388.303014346526
2026-07-22,4742.504572868345
2026-07-23,-11534.695738928654
2026-07-24,1108.4194164276148
2026-07-27,-351.84600496292956
