month_pnl,year_pnl
-88652.513694082,-102461.65994943885
-85462.83690219266,-95830.67865056651
-83039.28562566207,-83441.40035762102
-79384.86016387597,-80422.79423471856
-76785.61222783155,-78948.77669545585
-76642.60652075495,-78204.4104005439
-76134.91266080311,-77529.45463686324
-72999.30330204964,-76508.86410069469
-72606.68345510958,-74914.03364908691
-72478.5033124089,-70072.43834435937
-71861.783381973,-69785.4920189552
-70961.14203000069,-69156.14994829048
-70381.66516838752,-67477.15940688344
-69515.78302361284,-65950.39016475003
-69263.35441425868,-64151.90529692169
-68842.7685484375,-62308.09804522996
-68596.75566550663,-59668.10545660768
-68097.95298591681,-57680.97680245134
-65085.52423647474,-55129.30876064302
-64698.18812438418,-53673.52014519481
-63520.40853963575,-52693.7679184164
-62529.017896856625,-52656.21550202356
-62450.18572524617,-52213.20384291241
-62186.256165913175,-52189.728816117604
-61767.752882361405,-52007.30827697691
-61313.83248298507,-49699.52207349029
-61225.20581674574,-48537.07414366517
-60387.99999999999,-48497.46998785215
-60387.99999999999,-45989.65724689627
-59482.91295930317,-45431.417262809686
-59059.72763608184,-44760.64722599303
-58546.25287018503,-44289.117229768206
-58356.54600102563,-43939.07138783585
-57659.15719652175,-43467.05361002691
-56572.10391439708,-42488.11069778032
-56372.05268839425,-42486.56744941644
-56137.85978848594,-40849.58228448466
-55665.28061985969,-40607.202184489746
-55506.498504161835,-40417.38978075974
-55114.351469789224,-39568.469240912396
-55071.478543417805,-39538.207681724045
-55011.241409540155,-39040.686857598215
-54582.31194913389,-38979.775239041766
-53972.30785502705,-38393.15389450954
-53959.63277380806,-38257.474897061125
-53831.41070842742,-37552.92966691078
-53593.061550072256,-37411.42263094026
-53302.00873722348,-36975.04190501143
-52611.93038477221,-35881.40880693709
-52434.437174422375,-35255.68638249817
-52107.049392700166,-34653.54272149284
-52083.73956346511,-34309.85916968752
-51955.145692552825,-33617.09763116503
-51624.62466096877,-33488.501822812264
-51607.292243957505,-33144.9167786496
-51089.82033123288,-32806.2105680192
-50892.227478214685,-32731.94037233087
-50826.21120704928,-32498.01481941773
-50155.63366811615,-32312.122930978017
-50141.51995866638,-31976.095105920598
-49921.94598126411,-31466.504616771366
-49886.31722187993,-31103.050835737125
-49724.97772230421,-28312.023710829904
-49670.32584653582,-27475.107959287514
-49606.923487867636,-27446.220556276123
-49462.01348706655,-26241.226165720454
-49440.05108523369,-26006.42225643571
-49098.43883776667,-25968.19318289424
-49035.149263586325,-25839.07999094895
-49008.1439516885,-25349.975979132374
-49005.10243259159,-24625.970847742894
-48949.93078405515,-24616.345427410954
-48884.51473855974,-24529.9292808345
-48873.96397342,-24041.66039642274
-48859.093259266425,-22992.868700427556
-48778.04093997819,-22926.530475940104
-48532.239210605614,-22418.848789436626
-48492.190465314015,-21458.711164815068
-48448.85956948143,-21385.927682263486
-47948.846815858575,-21246.21245041911
-47948.846815858575,-21000.682763406294
-47921.353442907304,-20895.613802756474
-47556.406235013696,-20866.47949402673
-47363.262648752774,-20754.54538760864
-47229.87579389979,-20606.941410200947
-47049.12937647956,-20281.720714892625
-47049.12937647956,-19883.93851309159
-47049.12937647956,-19814.07194606755
-47048.709994844015,-17639.133305864612
-47009.55725254332,-17618.25342362268
-46295.65264170512,-17383.85065226896
-46203.1018967458,-17202.167001417733
-46077.06415336471,-16962.153637272953
-46074.904702322856,-16783.470535295302
-46026.31073573674,-15986.95273867678
-45711.11348877635,-15809.067858883296
-45197.20693843707,-15635.600277355687
-45185.26123929024,-15426.286613685726
-44970.653384872865,-15422.622158050433
-44817.81956562826,-15373.096700497998
-44816.5890504292,-14640.572763085424
-44787.90608174459,-14517.559842288427
-44567.024956498826,-13958.03369665156
-44517.21281872477,-13380.401130744405
-44466.0402344976,-11192.14264825419
-44438.74180412292,-10871.349365404847
-44138.93034369604,-10329.52998059131
-44056.25267801964,-9556.055817978766
-43667.614010470264,-9406.228171280429
-43663.93511397499,-9294.849020958012
-43476.649858610974,-8168.19044227252
-43152.73414027689,-8145.331533372388
-43053.52422789167,-7918.528549432769
-43035.844592945905,-7600.412664379473
-42756.60038234498,-7553.638637883334
-42614.884809400304,-7552.086999041652
-42614.1636301449,-7377.787003891854
-42276.98311008727,-6971.887165870001
-42212.07262560302,-6947.59198049131
-42197.27351297651,-6898.659634368902
-41843.38380304403,-6630.296747292628
-41000.923677767976,-6477.514217632095
-40997.26300784519,-6279.635599204557
-40468.37948989869,-6231.206807885848
-40455.60598174165,-6031.995036329543
-40350.73957497736,-5557.588010345271
-40200.66172136581,-5500.865490155738
-40120.82762377601,-5306.905468770434
-40070.01319163185,-5197.361296534553
-39661.107292873494,-4755.013227207228
-39574.176626546,-4618.4845854044
-39567.7159613201,-4447.805088588266
-39397.00649074141,-4356.949958733145
-38941.34516899928,-4255.2460266351845
-38936.71569735659,-4097.866285238975
-38755.23599192074,-3436.439788750238
-38744.90599255909,-3100.320762736432
-38505.88928309505,-3020.655832784454
-38413.81233007571,-3005.1269670725305
-38392.87929480418,-2934.3910023314456
-38162.4978979315,-2927.395324340836
-38094.64138589583,-2535.1831126893594
-38017.46191922258,-2240.5272358825823
-37975.90319524484,-2079.6454317910648
-37971.46059117998,-1636.6832705566776
-37892.88986778259,-1630.3621853419754
-37845.55997545381,-1574.9199528181143
-37678.36481753418,-1572.6640038320584
-37534.49325973647,-1332.4346069609019
-37456.98652911182,-1322.3821542944552
-37427.90035659923,-1231.1203383037646
-37304.68704227037,-1142.5840623037884
-37289.984669583304,-1106.8287224343803
-37253.59703622547,-911.788970810916
-37135.39412702833,-899.3950071421095
-37031.52531167436,-887.4026748791948
-36995.86717152594,-558.1179979698682
-36901.846368040366,-450.3375785521421
-36830.0492112977,-351.440515603259
-36777.04790139198,-268.9880870410634
-36743.76509816305,-206.8772860085469
-36566.789190564814,88.22786092759634
-36554.54183220862,143.11218917375663
-36383.375914352306,369.5820543935879
-36249.69891214371,508.34868776807525
-35896.903892176495,797.6187180280976
-35895.1635870593,817.3284970010427
-35813.54873153143,966.4350258196428
-35670.00877230507,1380.081278869111
-35626.17558291983,1387.1222920075488
-35536.06234277998,1417.847388812439
-35448.140462449635,1551.2247934511397
-35339.09138759542,1599.1828813722714
-35261.06016339575,1674.212939790279
-35196.88433977536,2463.535371831458
-35056.27828507768,2563.567986931077
-34975.7689916747,2618.665541546645
-34930.20255349361,2825.940404568344
-34853.73126128739,3154.58645200725
-34733.21469521522,3164.606795276988
-34714.30726810864,3546.61617026999
-34624.399939945775,3620.941747443998
-34576.3634717124,3801.903210418546
-34435.817777701785,4001.596513560864
-34421.469904150305,4021.7445347479297
-34358.843402760365,4030.6465717214305
-34332.98998750953,4082.4507279396485
-34174.20136301858,4455.62449785641
-34143.51903023035,4521.322034205703
-34028.27294424603,4617.5939253397955
-33998.43219014574,4859.242247564427
-33965.11557773181,4895.274274281037
-33945.33419585228,5270.9193365317915
-33871.22697154114,5311.9927099261695
-33849.20265366352,5618.072733572539
-33757.70652471269,5704.085083161128
-33585.222212280554,5817.194329823826
-33556.13192847793,5849.156575850146
-33555.999678347835,5941.7217675618085
-33547.001623221775,6065.985682896244
-33409.140849334835,6128.40813962038
-33270.076303754526,6211.62889856947
-33166.47352933887,6347.625464405275
-33156.48561372071,6694.238042439749
-33155.7290425981,6951.602869851198
-33115.70378141743,7603.6982112270925
-32995.230061735405,7645.915290628152
-32921.56399863104,7992.326478106632
-32913.795215521546,8087.424951638539
-32852.52392295429,8165.672584329299
-32728.17059942651,8234.636192457967
-32664.59367990493,8562.011642864696
-32555.623841915833,8625.676578402428
-32550.933428611075,8694.077158996064
-32357.627500329727,8955.235507896941
-32282.481026513164,9031.326833196996
-32244.003199645464,9094.1956880008
-32221.571415151862,9115.4683798041
-32215.796756744385,9137.18562855048
-32163.35379648208,9348.928478973117
-32128.354608331385,9817.981899142207
-32036.32706230028,9945.570793134924
-32014.751363141157,9951.401864256062
-31877.92851230073,10030.367377502553
-31742.626408713208,10032.643414173726
-31721.007404429518,10046.337176016299
-31676.698324850622,10127.621353779581
-31630.763090900076,10178.849516613078
-31546.736599121767,10307.972907117466
-31505.632723586903,10324.00296609741
-31421.927647726865,10377.245029858226
-31337.614698137553,10393.341588820787
-31313.69040203095,10691.731812749596
-31262.814351218098,10844.889023644631
-31172.442689010168,11372.063104731662
-31150.624158927356,11460.85293093758
-31115.506594743063,11462.710328136109
-31092.19645152772,11612.222167781365
-31072.392542941227,11836.105148332377
-31029.482505866472,11871.84800399196
-30833.999999999996,11909.368202924754
-30833.999999999993,12234.632663198849
-30749.374617849055,12356.508245825753
-30749.0150545665,12362.981100678495
-30715.182585239418,12509.992898923938
-30709.980922835195,12573.922578794676
-30588.628838539105,12584.913638029713
-30550.661366377564,12596.308769566636
-30530.790061984677,12674.774465697148
-30500.25666207928,12940.354304671328
-30472.949212585176,12985.510114346012
-30431.445235099138,12993.52522890913
-30388.250950132075,13115.851568818056
-30369.70355354035,13117.935592991955
-30335.492867009983,13395.814596993576
-30309.28142871173,13476.963911397164
-30270.043463127953,13561.577307019892
-30212.390904435073,13743.93139650132
-30209.65675619668,13787.198337197384
-30033.51940798761,13948.22479313612
-29989.82040371217,14166.549197503598
-29978.737514019005,14190.515858156163
-29970.66867053508,14294.792121895814
-29943.543539524115,14363.900766849445
-29942.290781940683,14369.983999354488
-29935.365459953013,14403.863183770947
-29831.035090310215,14474.529759526267
-29703.768215043212,14479.76744881698
-29618.403170994363,14611.060649914405
-29549.889922278264,14637.583486522868
-29422.435920681244,14765.692086415664
-29284.61397869256,14787.911880935779
-29203.806481497617,14914.879481724427
-29137.248641150334,14916.279102393513
-29104.75261524744,14941.439018181438
-29046.750228643425,15076.243628297594
-29024.14126394476,15177.833723085227
-29009.69580684394,15188.798859970895
-28973.797503931306,15231.372506448217
-28943.614841188668,15243.241001640097
-28809.95687065804,15328.026830775336
-28784.34045655386,15677.489860006666
-28738.75774029324,15759.963849067615
-28661.609541978083,16152.427660737729
-28546.476001279705,16293.417135374926
-28493.169806207956,16365.054862669575
-28491.985625675763,16439.87518109591
-28426.43007707596,16714.61111574514
-28424.380779317515,16841.35342516234
-28415.111317924086,16883.299024948188
-28394.226206745418,16884.872857247086
-28375.852736524175,16924.803749203784
-28362.429191759653,16977.37187038159
-28324.325681924824,16983.243870752118
-28271.334914548093,17202.49152181823
-28261.12221295491,17439.70290744306
-28232.823836939664,17490.452448879005
-28216.79262406483,17764.957837309157
-28212.751808319772,17831.904683300374
-28202.82879638673,17869.222060322805
-28090.62083632605,17963.262090172033
-28085.572213258038,17974.49888290673
-27957.163753918227,18090.880820632123
-27845.65888524057,18427.28580527651
-27828.543622783243,18598.900695102566
-27715.35452074666,18655.06900588106
-27667.83248938834,18666.84432555946
-27656.440168159344,19224.83946813856
-27631.585531967045,19407.845800246512
-27587.430548429555,19570.700980986636
-27583.58617118426,19888.275387798
-27506.655653187216,19993.821488584766
-27506.031121407228,20103.282888242207
-27408.603207179498,20111.962136081303
-27394.269588896197,20491.29348673138
-27394.269588896197,20535.025352529192
-27347.008999688223,20667.50812458992
-27310.813068560194,20734.635777592528
-27287.38670613085,20811.549848028473
-27213.90670636721,20874.903610553098
-27196.376060622082,20940.915671169776
-27132.973556654808,21119.34829614849
-26996.73408009326,21183.91426929404
-26947.73336512701,21681.505732102116
-26928.328830105922,21696.10170859949
-26839.438215153546,21865.157841248038
-26833.832538945364,22190.289231683542
-26796.606059721555,22412.458357683296
-26774.556892752596,22417.769322259115
-26774.334499904082,22475.72061324113
-26737.605163438024,22919.464148725805
-26716.755928363084,22961.35652160649
-26716.42019115176,22983.15983819952
-26691.209043434643,23117.13179440157
-26626.590561560224,23130.9352081845
-26625.808559417725,23182.115898319636
-26557.076731511534,23244.057118449953
-26532.064821958542,23310.110525182343
-26530.32176392418,23406.641396709834
-26485.070461715964,23580.925385611506
-26483.297933340076,23624.127208607555
-26459.415355614252,23730.236208047107
-26422.09115329809,23739.917143208637
-26370.97814512252,23799.514669282024
-26355.285078644727,23975.78715871917
-26257.94292291571,24018.892624020522
-26192.357757142658,24022.743124672248
-26159.892215456282,24296.077302319754
-26126.17149100988,24576.3035709432
-26012.10981086323,24835.50564699489
-25979.228658897533,24837.210351654438
-25959.283367463526,24924.689782236375
-25913.97266852859,25036.167323895832
-25877.101593903128,25053.341559103697
-25755.176014150875,25083.113228746814
-25683.531830412947,25133.966901983506
-25675.848752192098,25206.85069950144
-25523.154713562533,25386.94177566252
-25509.38726706163,25435.825210554212
-25493.029173816958,25454.835595335302
-25478.81269587789,25469.1843436275
-25467.589656165685,25513.901081051146
-25383.439181872745,25564.638383252288
-25371.722037434538,25632.860993215156
-25195.78677538465,25674.803617256082
-25192.76571280617,25736.00641156949
-25094.318498798784,25798.153281279985
-25091.61955203328,25855.141656058273
-25048.99841957434,25860.13361789495
-25043.88307646342,25906.059653197022
-25014.17759711404,26046.77861806311
-24970.26296809742,26089.545886942396
-24936.09344141821,26093.90137393133
-24928.812059913354,26172.843022704226
-24907.932465348877,26387.916860171747
-24904.38793000152,26497.35232290198
-24858.89997558931,26602.380745955823
-24838.591039930074,26625.379824280608
-24824.74554109576,26670.80810907906
-24799.96334203652,26698.500205108132
-24758.50901443617,26796.27880447251
-24740.083224041155,26878.686918343912
-24609.03417597497,26891.17882701326
-24563.067706857408,26900.530042001148
-24527.71439354761,26992.06277067324
-24465.55068174431,27049.504770994175
-24431.584314908298,27052.7925600665
-24358.84407080923,27077.031971956872
-24309.347759553355,27128.77813061654
-24243.784784555442,27156.950377004432
-24176.941941670022,27317.047998683825
-24128.789675848806,27663.144343001586
-24086.295777865824,27717.813120382278
-24073.797744750987,27861.255272013776
-24049.757282257073,27871.35983148637
-23983.88461528506,27898.033430405994
-23959.624320455958,27977.94512552883
-23941.672879883197,28001.421429182854
-23867.2187219347,28002.324567658477
-23817.25302955082,28186.130036915958
-23800.162284646663,28354.821404695547
-23752.84732285566,28535.379630582713
-23726.938773376583,28676.722262365496
-23710.180623667577,28702.15696704387
-23682.14314096314,28734.627558027016
-23677.51947048732,28779.710019111524
-23648.105947204982,28803.53027093414
-23601.15660585671,28871.831219145177
-23532.86210998467,28877.91703345088
-23519.054325478406,28898.561569537436
-23415.07949468068,29019.636017697176
-23414.582240377145,29104.008759413366
-23375.719684311323,29119.076761739543
-23348.339838436674,29208.867894308885
-23323.76932374919,29371.690819621042
-23287.91094865118,29548.682545576765
-23277.619660002845,29573.729866981565
-23265.914068017668,29576.813157251883
-23229.424636364005,29588.296413234246
-23197.43093742644,29704.190633807775
-23108.12983281271,29715.97645660817
-23091.92143886432,29740.13126913135
-23061.220319747918,29764.940934870945
-23037.639156000954,30020.64692119183
-22961.539143306858,30029.976251925764
-22961.539143306858,30116.414068988466
-22961.539143306858,30155.7025708983
-22889.65074293954,30185.658520502668
-22875.20398334097,30232.096063375488
-22813.42246539255,30582.5238710641
-22769.489131518738,30644.006994247422
-22765.48686286391,30761.710812977435
-22759.87210931098,30788.54283792631
-22751.5691683633,30813.818669625776
-22737.10583870749,30857.95380192151
-22584.093879835964,30904.6012672016
-22572.875092080638,30939.0972456762
-22542.699793985907,30999.405633756163
-22509.45889355456,31008.33295023437
-22483.80327013561,31268.803639837646
-22478.05957668167,31298.162491491803
-22462.066168035795,31447.151678136535
-22424.71763401366,31665.377640622042
-22395.26515523029,31859.39520285812
-22376.997450743453,31991.0866089293
-22365.762245638012,32253.56532611168
-22349.741210103068,32279.524824942884
-22301.43182398592,32386.779990153664
-22243.07004121372,32402.70719626981
-22218.67009924136,32433.471443312537
-22210.22736035073,32434.583632043577
-22169.615112032283,32506.11061813149
-22132.226339646746,32524.821217656234
-21957.60493305752,32745.26735648099
-21954.90654730791,32756.733093432063
-21889.3664147343,32796.37692701819
-21875.27639324324,32979.78967693879
-21859.034447976534,33130.54976122726
-21839.39549139568,33277.539018120035
-21711.55555135865,33385.68523005067
-21664.3124229908,33416.002212132735
-21606.808274694868,33530.71552616359
-21528.901765380586,33675.81589502942
-21477.921836614616,33702.84766800076
-21401.0637602806,33730.6937773909
-21398.983616096626,33853.97110288481
-21355.469912529006,33940.61110150814
-21336.4364186355,34030.69143205037
-21300.11155387333,34158.716549004836
-21261.609161376953,34272.72006363531
-21235.0454916273,34344.800785234984
-21159.408140914733,34367.322028739174
-21152.655286686753,34371.172806756775
-21138.320463759563,34436.03692042827
-21134.40315566745,34439.80696177481
-21126.626505647477,34574.784295235426
-21097.815904106374,34584.212251799436
-21096.62473242624,34765.23995632782
-21071.257478475567,34778.387216516814
-21050.76661750251,34800.65497633396
-21034.58293737685,34839.74870748162
-21026.619648933407,35116.3928464141
-21019.41518541744,35127.43678259854
-20994.715187549642,35189.40054769178
-20993.25461959839,35205.77916261121
-20990.34170624189,35235.136477930166
-20943.411409309934,35249.32190498278
-20859.982188718648,35268.92421167239
-20845.18596599782,35312.81196039065
-20828.28097626141,35426.6985731295
-20819.796751090453,35430.2319218517
-20808.15015459061,35434.22830292152
-20798.289579527715,35585.49806770262
-20780.17800167628,35628.79977599204
-20759.47411683625,35671.93259651314
-20738.635147571586,35695.91504668341
-20720.027240344414,35810.13064782108
-20698.657173837928,35851.153072782836
-20695.06628608705,36139.25094456329
-20678.64302539824,36235.018067564335
-20659.914157867428,36272.62891869888
-20623.95861707412,36293.05261983188
-20620.473044157014,36331.24597614999
-20617.342622995373,36342.953104921784
-20562.813270449584,36466.19202818191
-20557.773668970374,36557.047808
-20550.482876402977,36567.99479457308
-20545.305728878287,36631.558377163856
-20538.19157327926,36643.356004578716
-20526.944317119436,36650.45771271841
-20525.393563338686,36652.89902062081
-20486.840062856678,36676.54354887345
-20486.840062856678,36683.224483183294
-20476.929639152113,36739.812276210214
-20474.37558402331,36950.02372378959
-20468.113009963698,37092.184860280584
-20425.856995241997,37140.72250492236
-20403.450095313055,37184.69200452731
-20391.569132855977,37189.89427667002
-20350.71610355378,37237.66943040912
-20310.54583862848,37294.06845630922
-20292.350725003642,37434.45920544009
-20279.538888743962,37574.7697355577
-20262.334422997053,37661.120611488805
-20246.50243931156,37691.801164729266
-20235.22321532448,37698.055664505264
-20165.60243875638,37793.253739254855
-20124.63297803061,37849.17685125566
-20116.643120356966,37892.032839332314
-20116.643120356966,37912.487003104936
-20038.218709928675,38097.95257503653
-20032.754089491737,38098.57848971231
-20022.99319972309,38194.57590470996
-19987.13651800156,38211.93392707633
-19974.746901461083,38260.26076327042
-19950.423629488276,38278.493130011295
-19947.14212318826,38345.181935923356
-19944.665824583582,38408.71360003953
-19938.17646125383,38460.97664099082
-19893.906166195862,38461.10303592679
-19778.458517159743,38521.856171642154
-19726.313749364424,38677.367373662346
-19706.871495791824,38752.65654710357
-19699.676388468084,38911.99972426044
-19699.07176494593,38916.05409538743
-19689.83770777499,38933.44174966651
-19684.766970736644,39194.06018661598
-19684.145547866818,39222.497405767455
-19660.93049614772,39245.62108664848
-19647.80123850279,39558.91081663545
-19603.834928461496,39664.996222240545
-19589.61518287659,39672.156290633386
-19526.8782425268,39782.95064122332
-19510.6033625603,39787.297210523044
-19483.220750757613,39856.37355894699
-19459.32244389397,39888.857054199594
-19455.31399999346,40037.18756619521
-19423.625031335036,40106.91918613229
-19399.064662797104,40110.62654330047
-19371.096236637637,40138.466663888525
-19335.66801077976,40320.184080004656
-19329.62073234149,40334.70874464522
-19326.383177995685,40422.278445405624
-19236.771459545394,40482.16995303973
-19218.545216866893,40601.44931973727
-19191.970789704974,40688.760936072824
-19165.956002848507,40700.39195670397
-19165.600118398674,40774.55938354563
-19135.25158032349,40798.14290765354
-19092.197707005886,41282.90743056369
-19082.455178533266,41289.03009736538
-19051.27111111368,41386.62785087309
-19039.683497377795,41475.4566079634
-19027.456957885173,41527.6289747103
-18978.085522208898,41645.88967718389
-18947.122624550553,41655.70991032468
-18937.59577293056,41716.10961232013
-18924.925855193826,41786.057678665435
-18919.869780540466,41822.66628112112
-18897.447290284268,41828.43393455243
-18845.99398871831,41896.48237947061
-18781.464554088434,41976.55931380818
-18772.49173346583,42040.27420270445
-18752.168447358275,42067.279991933254
-18687.2498087883,42182.1233270339
-18673.859168222974,42247.03187246835
-18652.477742876337,42247.47230889114
-18648.07063732829,42266.46811400143
-18614.843472123146,42334.1881031479
-18554.427956717343,42338.3902843849
-18554.427956717343,42358.85581529139
-18542.149940218223,42507.9823479312
-18520.45985746383,42534.97572722611
-18511.04205186027,42551.61715819154
-18496.65977765833,42678.0731387819
-18491.820160610365,42682.08331425697
-18417.50157885893,42794.71806578982
-18377.310172353486,42866.479653034876
-18358.491258825572,42967.730697972496
-18356.845881274778,43012.78627181041
-18344.928407294406,43034.62853234157
-18317.0819768565,43132.31317675115
-18316.32797915594,43206.18386862971
-18315.150733470917,43218.21837076108
-18315.150733470917,43299.0366236142
-18315.150733470917,43336.895249554145
-18306.249756268087,43376.512932266465
-18272.294132198607,43673.08906144743
-18263.265030230796,43820.45636625799
-18255.692768948396,44135.96585374207
-18224.325625896457,44161.96216372086
-18190.61381878172,44216.52257927827
-18066.857928480415,44234.99318184172
-18024.043465137478,44253.627137099116
-17999.441974963473,44339.74192231041
-17985.07343857631,44460.55323120518
-17958.912601470947,44504.90428311482
-17955.25527606682,44505.79745198994
-17955.23535810197,44509.83374633949
-17955.23535810197,44528.916324070604
-17955.23535810197,44545.70139544347
-17954.430753707893,44562.31809370866
-17939.585942949558,44651.92688109184
-17924.34935605529,44678.14501699384
-17908.734123672763,44812.4289617794
-17905.759435772903,44815.15219601565
-17893.18286137921,44831.331759486864
-17875.99971989223,44860.843571313846
-17806.109758496288,45147.39786151485
-17802.39279133934,45227.31005293986
-17780.152952602934,45304.30132176201
-17777.977192963932,45416.70206952099
-17741.763033866886,45449.119899647594
-17721.9445501055,45673.22510685235
-17709.85302632194,45700.52955981657
-17691.987816504065,45731.754058752755
-17683.926720517018,45803.20703160764
-17665.89701776846,45828.86892381734
-17665.343789219853,45942.82886910439
-17621.72319878852,45958.486969207035
-17595.86248496599,46080.18812884601
-17581.11911712374,46214.3547462736
-17568.02424890652,46448.994207382195
-17554.882577078657,46487.85478273459
-17519.311408826277,46508.74030441891
-17515.898814337597,46614.07352825561
-17507.794158663066,46626.9060085501
-17485.35501979079,46665.962535866725
-17468.648908172316,46676.50364950727
-17413.12598896025,46715.51613921757
-17386.807015180577,46760.76919136722
-17362.640091623558,46810.28334125437
-17350.006736653188,46853.77532570701
-17327.31147428922,46940.84496528767
-17283.79010832312,46953.598182252455
-17275.667421102506,47034.36248927457
-17271.789374351483,47224.783823413476
-17253.6524311815,47300.073412426915
-17230.185862132486,47365.26504325023
-17227.952941962678,47379.73729734765
-17218.124801567625,47425.45785353862
-17198.77570712564,47457.31123502765
-17197.67324978965,47507.98176877846
-17185.526326928826,47522.08561517521
-17182.51208468846,47568.480149422445
-17141.106663686885,47620.658788510686
-17139.67371392252,47640.52266885556
-17114.00218081474,47682.569997361774
-17079.08368498939,47722.44612663986
-17021.302063397008,47745.42523232517
-16999.874066999953,47748.133572867955
-16998.17052102089,47750.012112072625
-16931.09999765672,47881.998666601496
-16909.321707589283,47901.75751902381
-16906.912386366315,47909.61857240536
-16894.66470061028,47919.13518457764
-16876.547969477473,48008.127047044916
-16851.691125392917,48071.225133836204
-16844.320432952554,48135.93767631026
-16814.3392414536,48236.433724897215
-16783.908365283733,48238.34425587312
-16780.86425965171,48254.11473386621
-16778.49924182892,48356.25538074967
-16776.534994346744,48398.63091714048
-16744.34933504037,48424.78940422188
-16692.129013470254,48619.44907079431
-16683.257052012836,48642.41811269513
-16602.8647830486,48788.17253429547
-16595.70371958186,48800.61923876837
-16591.246980581956,48802.41983348986
-16583.322152503904,48820.64717023712
-16572.874604123,48890.63607989042
-16566.406480312333,48949.925727418515
-16546.007786342077,48965.591025335416
-16472.863332203466,49081.864365628804
-16446.864336218037,49099.13314168797
-16436.854904276966,49121.510967441995
-16389.125718457362,49212.59847741467
-16336.172243254525,49232.86383193733
-16324.051742741069,49263.80770031032
-16293.037303481802,49363.371427791586
-16291.325216940491,49407.94896301195
-16285.788568701057,49499.62399930617
-16238.977118287767,49601.596898027885
-16213.140914082507,49637.89955989804
-16188.930794119835,49720.356940780235
-16188.68716955185,49806.64295523505
-16180.203574086923,49838.811267239704
-16112.181197745464,49868.33878113534
-16111.329772472382,49951.701316595085
-16080.043747408039,50066.92216202182
-16076.225612367896,50074.53172424868
-16070.638274703688,50132.58197561331
-15983.456680195653,50168.79966548496
-15973.596852779392,50220.217588015905
-15971.109195164288,50230.33992883138
-15962.003608465178,50386.854931277834
-15956.643196208144,50450.5945579409
-15876.76843166353,50475.23559248448
-15840.000000000004,50480.380779862404
-15828.592222264831,50567.60941679133
-15825.0668752534,50716.99472749238
-15731.554234095991,50720.00204363891
-15728.906499828623,50735.91592412339
-15705.749360527268,50883.319917185
-15684.418784890864,50920.52993665425
-15661.329615933548,50939.07790694916
-15607.082641601535,50958.78123807909
-15590.127532669465,50979.360838174995
-15584.551692792353,51030.50338750228
-15576.254445654995,51094.057252466635
-15558.247089147577,51102.39285792614
-15533.427321774596,51105.96404557577
-15513.656256471371,51119.41537993299
-15475.768780827488,51124.10611079418
-15467.975133027354,51240.332727074645
-15464.231069428582,51389.601862669006
-15458.504156521332,51393.77310790337
-15427.385391780306,51400.86765025337
-15340.64273735453,51490.474895017476
-15248.269260866296,51511.73146586762
-15237.396680286958,51514.36016719678
-15230.217828103498,51542.62186939368
-15228.758703419138,51624.13789062845
-15185.870096036344,51644.46330606942
-15182.711097172305,51667.31260456365
-15172.682568345746,51689.11705436029
-15167.169654505598,51853.86940677672
-15159.780614733732,51868.01650867279
-15129.979840278647,51885.43165019579
-15125.18785102028,52089.323066013196
-15114.457864318574,52109.30037021637
-15106.829084106868,52203.02673070777
-15086.508617264888,52253.96577668188
-15086.130961077562,52298.649064694124
-15076.02895920616,52299.36040786337
-15054.858853714788,52335.07882436685
-15033.000000000002,52388.88143119653
-15033.000000000002,52481.24008497185
-15033.000000000002,52515.9116193057
-15033.0,52568.23498770163
-15033.0,52689.47273331029
-15033.0,52737.42812236722
-14988.885466916154,52764.60403285705
-14977.001413634836,52771.30448286877
-14965.469308955333,52781.09982151646
-14962.319624747566,52800.06975822788
-14950.659999506795,52810.235362240215
-14943.860770838597,52916.66527949058
-14930.429515838623,52994.870420694395
-14924.770850317826,53006.391285504695
-14903.044211183282,53025.65371673446
-14883.872931412265,53084.81842248786
-14852.046348980493,53152.42975630074
-14842.543915339877,53226.89875580578
-14841.523074643943,53294.804004532874
-14828.556892565339,53314.53094984805
-14760.034655196318,53355.96235144137
-14748.804512926516,53425.24323868752
-14735.080764566152,53484.31942287522
-14720.924547263588,53572.4791452033
-14707.12536759035,53605.523772307824
-14681.826478345054,53703.70707859306
-14650.442628860472,53741.143073695064
-14644.777751564963,53823.77292903835
-14641.651053292404,53840.47606793471
-14632.124298095703,53899.23067947796
-14620.780592169096,53937.57747169907
-14617.33017935069,53993.98034649239
-14589.005688701363,54069.72655517708
-14588.672319582507,54101.345498885465
-14582.492924230417,54119.434030243385
-14574.731171812313,54150.70557934894
-14474.9379667555,54237.30277405451
-14465.789311204633,54239.26111025471
-14462.428206545934,54331.58771898059
-14449.927194595311,54403.42225778104
-14448.480030706953,54414.47220442978
-14431.340025969912,54464.34238851063
-14427.955950021707,54502.2257016216
-14425.186834812168,54528.52316245017
-14423.259050062727,54562.28440447355
-14417.21574860819,54618.48365088872
-14368.935221706111,54630.58403924539
-14367.852630615198,54639.724982840606
-14359.404434885284,54741.01803226975
-14321.879115070578,54748.32467225625
-14311.31711636272,54757.43222595958
-14292.706432206283,54783.01491585793
-14223.551102672298,54786.645572236615
-14219.048716545103,54845.833941817415
-14218.494394336434,54846.87646171031
-14212.203316143597,55025.31417797284
-14198.031159673457,55082.40338226736
-14194.661288942643,55096.08199807578
-14184.407539418778,55166.50908780952
-14176.46808004379,55274.65743962351
-14155.185536009918,55290.55322524475
-14085.051529679975,55299.26117493435
-14075.41774259293,55321.99254504274
-14068.892918757043,55337.96371763085
-14068.294750213616,55338.04268710957
-14044.171882714534,55455.84442814765
-14041.298022951407,55510.34858628687
-14027.283063173281,55527.058914031266
-14018.389221634185,55708.39602673049
-14015.82574813705,55737.50885125573
-14007.863180092396,55776.35585337027
-14004.972391401045,55953.41298072668
-13986.595437186106,55988.41319758535
-13984.62540853022,56005.67704084947
-13984.042158637727,56033.25606984747
-13975.05409671578,56048.1276355982
-13946.207190990404,56076.28811096285
-13937.048029456826,56160.369554298166
-13931.999999999998,56167.40722967897
-13930.321791095437,56181.36412079001
-13923.841835294463,56185.00881643795
-13914.518124103544,56194.81589458677
-13893.701949358012,56239.683901173805
-13889.696395908086,56268.97886357996
-13886.992652620578,56477.82426042219
-13854.23227391924,56477.950440713335
-13833.728653771483,56479.101199763216
-13833.512347544938,56480.678375414405
-13808.823897361757,56485.42626517164
-13787.008809413219,56540.39639750561
-13782.57549241612,56559.744542820226
-13740.188991069786,56665.924984966
-13731.042305094858,56676.185442754126
-13699.127876826684,56676.44707133093
-13698.471454279785,56693.642011829776
-13697.211131981432,56718.24854423319
-13696.065368550167,56772.23725208214
-13673.76466768129,56864.19427769523
-13669.376475266039,56920.22670304775
-13664.428177867634,56964.214731267515
-13644.030421870108,57016.86207586526
-13634.166446345182,57019.04329562189
-13633.70465203694,57027.00253271217
-13627.781578677046,57027.10725603792
-13599.039288861408,57155.28875545102
-13595.084936414441,57158.780447670484
-13579.569502353665,57161.15730469568
-13573.370120866028,57210.52593772752
-13553.502784218108,57212.44806708612
-13544.520595414278,57250.40135111124
-13539.907362733546,57280.08179891119
-13530.808950151693,57337.20782114781
-13517.7228942939,57441.1929072311
-13511.804765054163,57480.824046441514
-13507.51449642859,57508.93048882503
-13440.345462185996,57572.695257084626
-13424.102018220083,57609.65137873379
-13410.484454529642,57620.49730925049
-13394.786312103271,57650.340265205814
-13382.22469942912,57786.45776195181
-13377.670573506975,57878.56399949961
-13376.019394465853,58014.61362871104
-13358.151323454727,58071.82266070154
-13339.32048239028,58098.82857423176
-13335.911765405088,58177.40401089193
-13323.53399014469,58188.347654240475
-13318.192971910734,58212.457792060806
-13317.754009893968,58331.453184383216
-13313.095508200797,58344.571054015876
-13309.124568011084,58504.17346496237
-13302.672399418674,58508.849015133645
-13295.962944643828,58511.40840796058
-13280.41901748521,58587.43891470775
-13279.710742133007,58615.010111791664
-13267.48814639014,58726.33324406828
-13240.30325337814,58916.26468922416
-13239.869807243333,58996.57862772244
-13239.29822536878,59013.92500793922
-13226.281375672133,59059.87877416613
-13223.057260973086,59091.580829986444
-13197.651710322905,59145.3856206792
-13191.742627484462,59150.434674654636
-13185.80174732209,59161.524842832776
-13173.651167733331,59197.52127747876
-13146.861892087109,59205.924313051335
-13142.60991150992,59210.094175168364
-13021.313030856054,59222.630723016606
-13016.671248061299,59231.72997617724
-13002.782706669415,59377.79630633764
-12982.854871102729,59385.51312078752
-12980.614833184634,59395.18564042023
-12967.777394311728,59543.72143265185
-12965.147141286317,59602.724464620784
-12954.36727585119,59613.506082058
-12948.187840836406,59619.23140077933
-12943.107289893269,59645.3547733852
-12935.737143278122,59715.91279620774
-12935.659845863074,59762.109059606366
-12921.921797054134,59890.73832167908
-12906.733891793672,59997.574625509194
-12903.689489620092,59998.8187218564
-12892.696898596625,60010.74781251793
-12890.104146548678,60127.420019405254
-12888.734561290057,60155.367925473576
-12887.851039784313,60211.977556960825
-12862.321719748637,60228.88830264979
-12843.085655042105,60232.717281886464
-12840.917793955135,60306.22193426741
-12839.782898289835,60329.35159921648
-12831.064067448897,60351.67429053785
-12827.150012731545,60371.72049306115
-12824.571210793074,60376.00017087801
-12822.98995046955,60416.93018143531
-12802.909143447876,60450.29576293059
-12798.16601017543,60570.758326675284
-12794.527127368088,60582.94741777027
-12777.950582504272,60583.934859565226
-12771.348416464685,60744.90719367781
-12756.472219092499,60760.95233864449
-12735.779523508863,60771.99443548057
-12721.683992385864,60775.46959929801
-12711.872886300112,60906.56665101218
-12699.490530286523,60916.0345202173
-12683.414599963602,60993.06482262263
-12680.21446984153,61044.68127074398
-12634.284794807425,61066.885484116436
-12629.95843519483,61070.16249988762
-12613.171065364553,61107.63163655142
-12611.64537048339,61162.241941145454
-12589.93229920524,61165.116249697516
-12550.44861200882,61166.43467370101
-12548.513633387432,61200.891824398816
-12533.334939275464,61377.82046519009
-12530.49417712008,61421.610034176214
-12516.756978409667,61472.48175297458
-12500.864894066563,61568.24322775424
-12488.970593145921,61597.407490185295
-12478.818536826551,61600.36196242059
-12440.465018238348,61640.51847735474
-12433.444809947698,61641.47230243694
-12431.611043112614,61751.29106581217
-12428.148850304719,61857.25767898565
-12420.525760650635,61909.09825479976
-12416.70722835404,61977.261073572314
-12368.206583976696,61994.447779229726
-12353.793767213794,62040.99556442673
-12347.584880862902,62053.96326981277
-12343.807088783822,62062.082325032854
-12324.958330631262,62087.28623790403
-12319.22944089344,62099.30713777035
-12293.805231673374,62165.202486515045
-12281.165966578901,62264.370828304964
-12256.063524791165,62292.11829440931
-12242.92244073324,62298.25997507568
-12227.132707595825,62370.62507506774
-12226.44540398458,62404.99272125107
-12206.21575232923,62430.9776851193
-12194.398878778735,62549.70975363248
-12189.831124612274,62559.10865047993
-12184.349256634734,62613.92770414689
-12174.614605903622,62622.77257566796
-12153.433240958639,62664.709946419505
-12152.936400617873,62705.72971325267
-12151.295020035288,62712.8328014271
-12125.20419951847,62724.64740913266
-12119.599665778016,62748.75760255539
-12108.492206164716,62776.461084374365
-12105.073923485641,62819.32585249626
-12091.954949617388,62885.70181526453
-12087.875817946024,62929.06651937963
-12078.843324729383,62961.984176039725
-12060.805477993852,62971.586587769634
-12035.463479791379,62977.454120244314
-12020.862748214176,62977.87893663132
-12005.662904415796,63034.57967514654
-11947.745954990409,63104.504860426714
-11943.745250855165,63151.464739084186
-11937.304687500002,63196.885364549526
-11916.417020354973,63248.8695526805
-11913.101539611824,63277.05354053638
-11859.533898574988,63388.07253248342
-11841.502883229938,63391.16586487627
-11803.747835976737,63441.93495082855
-11803.319923060266,63469.49777221678
-11770.240540776951,63504.05251480008
-11736.797448601039,63687.97557267121
-11736.797448601039,63715.6869188547
-11703.671978695156,63780.04800532543
-11690.900166477515,63783.62288136144
-11690.249797616692,63790.460607511595
-11637.21713875021,63826.5785436119
-11614.914305584773,63828.04134557916
-11559.005243982601,63859.50162327283
-11548.845132384959,63869.71351527318
-11546.144503968104,64007.054729376556
-11545.019607543943,64012.95265731655
-11524.642001594804,64022.504464336875
-11502.546653066347,64039.40280013425
-11499.567942500114,64127.877327169655
-11463.755820717126,64188.24327221939
-11463.581240790236,64262.502431103196
-11460.439864107542,64271.46549693176
-11453.394441093722,64278.69282751407
-11431.572660871916,64312.47226996077
-11428.540884392587,64365.24010459016
-11411.943110551185,64568.98362062658
-11393.674973828434,64583.886085144135
-11361.372263193138,64590.86659436568
-11359.314492719504,64618.60382149899
-11348.882646288199,64849.44791529861
-11347.843063473714,64874.79214087565
-11341.848351708513,65016.28649919368
-11309.939767479915,65085.3413740056
-11296.128263200988,65112.54268891478
-11296.121294021603,65133.209411842414
-11269.743758065371,65154.93803375109
-11265.861348594897,65183.747924327734
-11228.819150720308,65185.42191156319
-11219.481971297904,65240.16074825192
-11217.324793815624,65242.43074003289
-11205.91568170275,65268.373443705765
-11171.584297248308,65270.78749595365
-11165.070946250651,65316.44105172169
-11163.054469449158,65376.40613220427
-11140.161590610229,65402.873062184895
-11118.43395239966,65464.80529054571
-11110.580991881237,65532.02030343657
-11109.82352774483,65540.5792759486
-11097.618271691492,65544.18957276011
-11085.511331336813,65547.32190470173
-11085.239343762372,65678.09179856097
-11080.782639503474,65698.49183206892
-11080.694469554064,65718.47655302293
-11079.937145369411,65732.28486130913
-11071.352533783247,65737.4764521291
-11046.854006954603,65768.51433386128
-11043.401381492637,65790.8215748583
-11043.258204187669,65860.7187054498
-11032.071270533947,65905.99827364512
-11013.474426031156,65947.76427963798
-10999.512416005144,65951.9738915307
-10998.607815197543,66004.17160729846
-10973.589975629533,66011.88015663625
-10966.354249051634,66012.13471565933
-10905.801354680752,66044.7332436186
-10893.78539041113,66100.79579332896
-10887.724451048043,66164.08934901434
-10886.344660656803,66176.40547982288
-10877.224401337748,66217.69666172776
-10874.803762997908,66234.8698612453
-10866.0,66315.67646413192
-10865.479240689961,66362.13809198992
-10857.054304293193,66481.43599542548
-10844.159527472104,66546.628251229
-10840.944066796957,66552.76749236241
-10831.587496621269,66610.24210962225
-10824.98374666486,66629.25073247286
-10814.379806348245,66652.91642931529
-10802.053798948,66669.87723365851
-10783.680208206211,66671.59683275229
-10776.11516632351,66719.57785327104
-10761.075301953708,66734.65081870552
-10756.715680701396,66737.93982678647
-10756.642035245897,66778.36488289492
-10756.524499075756,66922.40682819905
-10752.872292109892,66925.25864941737
-10719.771410328996,67013.27941802566
-10710.970936230224,67029.00884933134
-10678.03037207468,67075.97734975824
-10660.386917625132,67124.39400348491
-10631.493826150916,67176.0633135523
-10629.858089447,67190.56544655559
-10624.966120174959,67198.35287444078
-10576.354808347578,67217.05773049602
-10568.02367506708,67285.1785440275
-10551.087742328644,67324.48213085104
-10546.878551721558,67326.52936804293
-10542.444507360467,67327.45198185102
-10533.416484117508,67328.90272067275
-10530.10922455788,67347.09068049697
-10529.25788198199,67362.45198074408
-10499.446158817784,67364.09039700885
-10497.765271220886,67482.15975405491
-10490.037547452117,67506.2793048791
-10484.415581243378,67629.28057411741
-10437.676187702584,67648.57495972075
-10434.285969938544,67663.45033792083
-10432.811378206541,67756.08248341935
-10430.958251271897,67840.02379025737
-10422.857646499351,67872.46108974722
-10397.899679728918,67969.9094076242
-10397.46488952637,68023.88280279294
-10369.750408308822,68086.03472662823
-10361.82912567682,68140.6185933523
-10327.36941364829,68250.28138593267
-10317.025940690719,68252.49579307012
-10310.747983574865,68254.10158293598
-10244.899794331624,68261.0091419731
-10227.25322559902,68450.51064966407
-10219.073041984,68511.5344893251
-10209.760622126729,68511.8070184504
-10207.385645662023,68584.63878664793
-10182.79006593568,68600.89532443453
-10170.440672533863,68684.77141198088
-10152.000000000002,68693.3423733541
-10147.979450157722,68736.91702040599
-10124.562420828017,68751.70475336484
-10106.791607039293,68797.67474462307
-10106.431796686998,68854.68132045446
-10097.72607909782,68893.38534869454
-10093.134740625137,68958.23335651848
-10077.471146583564,68981.32668159684
-10049.604073865046,68992.06891717229
-10035.333132914146,69104.26363556714
-10021.005350112913,69108.32875142782
-10011.11542081831,69150.52999576503
-9998.17081878865,69272.7960764
-9991.242124795917,69315.00203078984
-9989.287404809662,69359.73874881443
-9985.055851748997,69386.55177835052
-9958.134071792852,69431.94153792514
-9954.531276702839,69474.70476273134
-9952.793991429455,69491.6596078872
-9949.248561654786,69539.37040046268
-9949.063963890072,69573.2024595567
-9933.118316224629,69590.49763698236
-9933.118316224629,69653.96733719969
-9930.977492775266,69694.62646352398
-9927.941511631005,69708.13800682337
-9907.227122221644,69729.81656287398
-9903.098588126093,69753.35167173829
-9894.90801211766,69767.99461985489
-9890.06914285253,69863.74715837419
-9876.283556750845,69918.41321113284
-9872.377718704072,69922.92529203216
-9868.89350794043,69931.46235372337
-9860.076092413488,69991.5521910532
-9849.133081947044,69998.08314607832
-9828.670464651923,70045.64992862081
-9826.13136233608,70051.24588261326
-9823.567587307565,70072.48795340752
-9821.244929126311,70075.26530068256
-9804.06187956667,70197.18872465412
-9802.511756488233,70208.07672447828
-9794.756998334567,70240.15556168558
-9748.938346317853,70252.61547442846
-9744.820728114675,70274.79224773818
-9738.699192915687,70299.72527052669
-9735.443091256311,70310.76402204378
-9687.40200601305,70438.11193220952
-9682.018323097911,70461.33162454193
-9682.002034306544,70467.95306647677
-9671.93560729707,70524.04067470343
-9666.809580666699,70535.29017336876
-9648.492475373416,70552.14533676424
-9632.840308325642,70557.17089378834
-9613.808637346534,70564.8777628882
-9613.526457207514,70610.53176576752
-9607.165247133835,70624.49620454655
-9594.667255605962,70672.08965877113
-9584.740166732236,70683.96591816639
-9574.738023587619,70746.65651604104
-9558.88451903207,70808.41600026401
-9555.58058735298,70821.61495218966
-9551.147243295394,70864.07959177664
-9548.443231003637,70958.92429895065
-9513.990136623375,70959.0499132532
-9512.589115687751,70979.33592028271
-9504.0985789299,70985.44309604171
-9502.785525798809,71150.53077854421
-9469.146625825331,71237.79017964439
-9444.566980515223,71244.64652408878
-9444.217917578499,71321.61319826328
-9405.322611672535,71328.75472554122
-9377.466011098422,71336.3697879229
-9360.647637043672,71381.74398713464
-9307.311334916505,71429.69902430261
-9298.081318821238,71503.7327677693
-9285.882297362614,71518.5680019855
-9282.542008936356,71602.589356763
-9273.320594276698,71619.11390569387
-9266.885325397778,71643.18116622313
-9265.923839586061,71643.73094470172
-9254.853995765949,71677.3219709055
-9252.947704008644,71687.99575441206
-9250.376893043514,71748.23340865537
-9244.581983259704,71771.53487098221
-9238.627676078248,71840.98902012626
-9220.988812037875,71842.86227652016
-9215.220928379464,71850.03053682185
-9213.35348405158,71852.75480052404
-9197.511940836896,71997.04229756762
-9194.480095148083,72071.9280229808
-9194.480095148083,72106.35319202287
-9186.815112352371,72108.15849261623
-9162.432366371126,72115.87851039012
-9150.322626863206,72129.64678343716
-9149.237082004547,72162.01872285764
-9110.927341699597,72174.76921389796
-9085.24837204392,72191.84546715874
-9080.841869899212,72199.20140893126
-9056.759878975985,72208.08593681878
-9047.501138176247,72265.57645971436
-9042.14861849376,72312.51412418914
-9018.129468134455,72326.96119581803
-8997.383304068027,72355.38039066116
-8991.887353403261,72386.15392715597
-8968.279839856295,72405.43745980943
-8945.45225545335,72414.2121571813
-8943.187698193933,72430.2124231713
-8923.938176700043,72468.37321802537
-8917.751993519922,72482.31823602744
-8917.026422364332,72549.67998521662
-8909.480473620548,72564.50760657445
-8888.613715733802,72611.38808795379
-8888.15579867363,72738.15287190679
-8887.826151881902,72780.80874243805
-8880.11401939392,72783.43444911079
-8836.628000753264,72825.25329688619
-8834.947226183758,72887.27550458902
-8830.73812675476,72949.60204846514
-8818.474300214224,72993.22241856367
-8818.116417595305,72999.9186315026
-8811.945541654337,73084.32471379216
-8800.330409152162,73101.71329453157
-8793.9509919882,73166.12211961404
-8793.9509919882,73177.7425083603
-8793.464123249036,73207.33670377724
-8776.165696467691,73435.2631220988
-8761.653321811118,73515.20483931473
-8760.313583714584,73560.61981630325
-8744.763711520613,73636.69835598118
-8735.555596624103,73700.76270849365
-8727.120873723718,73722.3873180491
-8708.723191857356,73773.77146009031
-8702.274567467779,73784.41500541136
-8676.501028146056,73785.15564176014
-8660.360764520492,73802.9658972877
-8656.621811492101,73808.50149124021
-8638.512539795469,73878.53127174714
-8638.512539795469,73885.22852000168
-8634.833920478834,74016.0688162616
-8621.18446716242,74038.07869358579
-8609.398836203974,74053.72892481936
-8605.865528140734,74147.75736060315
-8597.806212408195,74148.88555199764
-8596.455441883632,74160.26765031472
-8549.848739283441,74176.15984329156
-8539.209381580353,74187.41383109774
-8538.00348378931,74191.55527024617
-8533.63243143899,74260.37542775695
-8524.427286454615,74395.2070738588
-8519.4529760565,74506.78848627626
-8516.215635129378,74549.23408297123
-8510.0,74579.68742016383
-8510.0,74588.16464335579
-8510.0,74614.26301400986
-8510.0,74615.41816936227
-8510.0,74658.36660751273
-8509.999999999998,74667.66925488203
-8509.590968608845,74680.43694995144
-8506.532984767637,74710.04174957958
-8497.11357852391,74735.05014450195
-8487.998882906772,74740.96551217364
-8483.807155745368,74758.32645092692
-8464.407636540265,74758.87318491933
-8462.55844715663,74800.11089387962
-8451.57922576157,74891.72962479934
-8447.60213058336,74984.87675254686
-8443.213243348246,74989.56672656542
-8441.497741682177,75023.66358062199
-8438.440358809064,75047.8974015713
-8430.35247148787,75057.67422621592
-8401.866416420267,75088.34224283701
-8396.099005494783,75128.16106168709
-8392.78285617488,75139.01340875457
-8391.569474663032,75152.6325237923
-8377.997272866134,75166.08780997146
-8363.014309440354,75228.0919073309
-8362.300709928779,75259.43931181941
-8347.714948177343,75272.65161206036
-8345.010617307267,75283.73645373755
-8342.029372044952,75426.2639954601
-8341.397763592842,75446.95908866616
-8336.174028737225,75537.60283213004
-8335.724630423934,75576.43994767322
-8326.553757412077,75585.61081378786
-8317.560382587577,75592.24623026174
-8314.444046122699,75612.16473712241
-8306.237412725171,75659.79434360772
-8297.75274521965,75788.40998537201
-8287.40947863035,75801.3818910292
-8255.406531538247,75839.21761315204
-8250.107836859563,75885.55935358992
-8240.884304642655,75898.98174410207
-8233.712932212002,75937.83826478897
-8209.40790666853,75993.58184788909
-8209.40790666853,76037.65331389228
-8179.063413279394,76058.98982315396
-8163.461433410645,76154.67447631704
-8160.181259870535,76167.09473921552
-8155.646702153321,76221.6876453502
-8155.5498694011185,76289.45114067619
-8155.213611977407,76422.99866611633
-8149.025830388078,76452.70772595069
-8145.336390580453,76577.27374652454
-8108.440608263018,76603.00318230904
-8108.394022839437,76609.55176828575
-8103.340101582659,76649.89718704562
-8084.711120929045,76704.91753171175
-8083.28619285991,76713.44530291221
-8078.313640390104,76755.22359863343
-8073.975908620023,76793.65298320554
-8070.4430915116345,76822.8609292507
-8049.0221748692875,76854.49578562801
-8046.816309911845,76918.12609589103
-8039.501694755863,77013.52606431916
-8036.286290032525,77016.48827207941
-8034.921863998699,77092.32580075944
-8033.133960621683,77104.66700450862
-8032.328540154873,77114.94383907318
-8015.547614097637,77223.25651222467
-8010.993527718967,77285.69714803353
-8004.7756709541445,77340.742393119
-7994.274285725195,77396.57863106899
-7987.169746126452,77429.5679873909
-7969.614773460824,77467.70796079299
-7960.437133141917,77474.46422777859
-7956.969741106044,77580.91259181507
-7944.784588405064,77761.79035750456
-7935.70816329548,77790.2278707028
-7932.997882911159,77798.09281720435
-7928.366530946325,77801.01393717527
-7922.336228711222,77804.82421408384
-7905.573486685779,77835.60093275135
-7902.258104324341,77843.04602115488
-7897.518353291931,77853.62765393936
-7880.404899120371,77877.24509600233
-7851.431288668076,77900.35972292081
-7851.399910041258,77900.5327995845
-7850.865528140732,77928.24964010717
-7849.844950062875,77986.91833792419
-7846.472467422482,78016.9479849253
-7832.011394449641,78082.65394222738
-7827.412586144061,78150.38572418682
-7826.181396399119,78184.51067948337
-7821.868086593471,78210.32252376422
-7811.536259242467,78255.8712118013
-7801.534871305712,78277.52158524308
-7796.259230528573,78389.31980768271
-7795.6720957926245,78412.96435538353
-7785.558855840138,78438.44235696115
-7785.154950175961,78459.67004464351
-7785.154950175961,78472.0712983608
-7783.928604909354,78493.85431127886
-7783.617421763259,78551.5569744109
-7782.50955074175,78579.21245561336
-7760.749198641102,78640.42233195479
-7760.749198641102,78653.07073376016
-7734.208782400376,78668.68770502298
-7732.285659449439,78674.76516813895
-7731.84147720677,78729.5095809017
-7721.744512149275,78733.32080675871
-7714.295066356693,78751.61882177427
-7705.284764579336,78804.6339557852
-7705.119412643548,78807.34775289468
-7703.9024144581035,78850.68357447215
-7697.644363522591,78853.64095450303
-7684.0162228175595,78962.34882320676
-7678.497715779691,79042.4848317929
-7674.868639741624,79112.40657954552
-7673.279882941904,79129.0208525658
-7659.845100947805,79164.79628683835
-7648.750385046006,79180.09354104323
-7647.989105224606,79201.18702844216
-7634.761817216851,79225.8707631485
-7622.524176836034,79263.29463102142
-7622.113065753689,79325.04231894875
-7602.451028943105,79343.94901544713
-7602.30270058767,79464.70878337118
-7588.2280964000065,79478.60403842592
-7585.866493267644,79488.6958422661
-7583.593078885762,79540.34725424228
-7574.890513488213,79600.77198127334
-7525.993698154178,79616.79283092711
-7522.522285120824,79619.45923241544
-7515.1851735455675,79646.68634184769
-7511.268224052017,79657.13824814555
-7506.595110518607,79688.64112707542
-7489.042018651948,79849.95356571676
-7463.259284734717,79855.76253065895
-7460.552934987194,79857.7941714355
-7450.089984485043,79889.36744494086
-7411.975851808278,79903.13809832501
-7397.9924211502075,79920.0689660992
-7390.008615357512,79937.981150857
-7357.223461576872,79966.13383357861
-7357.223461576872,79970.90827471872
-7355.299872074807,79973.62997373512
-7342.054119655064,79983.2738158021
-7341.461778317171,80016.66537838333
-7340.019441400233,80127.47696294103
-7335.659807954522,80131.89619583747
-7316.959080389566,80250.79396416449
-7313.90758078438,80272.86061055327
-7308.733687264584,80297.54230151858
-7303.850126572982,80371.52598055774
-7301.813534813269,80401.13297763899
-7300.561961344281,80480.63627963407
-7300.561961344281,80487.12413332274
-7300.561961344281,80528.0361977987
-7300.561961344281,80544.3868121079
-7295.365231718311,80557.84269235811
-7276.691061122149,80561.50757331509
-7268.7435490403805,80572.53806919706
-7267.659124868257,80600.81741881376
-7267.570622086514,80603.04541896933
-7263.655160290858,80628.17638456821
-7261.656732831675,80659.55705985858
-7254.023416212677,80703.97656482458
-7244.302947282801,80877.4954645464
-7232.948307241644,80919.28488246034
-7225.119216152547,80980.69481168469
-7215.580446856362,81047.02197699889
-7213.755791800373,81087.06729395053
-7191.880530493612,81139.39169146327
-7184.636237723484,81176.78292373253
-7173.41570336481,81211.7939374957
-7152.33013926233,81226.10957067352
-7149.146471670702,81228.12923691956
-7144.591752392924,81257.40881429418
-7131.908821105935,81271.10352408892
-7126.903722354315,81306.64556169516
-7109.016460520906,81317.0995227098
-7105.816032375617,81317.7822492378
-7101.562322003503,81350.93595051776
-7097.545825600642,81414.98066336763
-7083.544849293572,81424.39464230204
-7079.295930930531,81441.70464369238
-7078.915326390936,81453.18116838601
-7066.154228074214,81510.14636983181
-7053.457303251524,81522.51834247791
-7052.20915538923,81548.25591368342
-7046.038111550479,81548.33853647532
-7035.296431439252,81583.18821011276
-7027.321251051819,81616.99573906828
-7022.875693082821,81617.14098984846
-7007.855384009236,81622.70642517292
-7002.8476282528745,81623.72286454262
-6998.478182622352,81750.41402106614
-6989.596139669475,81753.63543052346
-6984.387431076575,81762.2381330899
-6939.673829691737,81817.21632201331
-6934.852409635261,81825.45086748253
-6899.465405872905,81843.45812491016
-6888.006604143577,81943.45138181104
-6886.826792716977,82163.74813585634
-6883.170372792656,82205.22292133738
-6875.952850665375,82214.44163649422
-6869.610631023169,82379.20210976266
-6866.53487375805,82379.38575283121
-6857.308499659882,82379.96408472749
-6845.621416432497,82415.65449656754
-6833.336088759571,82461.05233778269
-6830.289984498717,82461.45060052181
-6819.084690877371,82540.42701760362
-6777.2936076266415,82541.7423308406
-6758.825712135862,82687.59892121382
-6736.040332351407,82689.76467133421
-6724.7782022953,82743.95046279265
-6719.514014414386,83041.02005592416
-6714.345474617838,83055.81653567737
-6703.429299661102,83073.82555248903
-6674.61997299535,83085.65689236767
-6668.644293580742,83135.7519037213
-6662.4431800671955,83173.64932170947
-6658.413236754195,83284.66179748949
-6621.43593103543,83321.80541796348
-6607.499080794151,83343.6741489513
-6604.49632423264,83363.21847168033
-6603.496489422634,83367.84010951855
-6599.049021039689,83377.03508815599
-6595.509189810064,83380.53158840105
-6585.967756339482,83394.64911907053
-6579.249253136766,83412.24119680267
-6557.011297430254,83452.02886170999
-6552.77367292131,83469.25891114981
-6548.973820481984,83472.17934404098
-6545.183948380616,83488.98524187296
-6540.279477221629,83577.00011673996
-6535.545931134913,83604.93693750247
-6522.949427025711,83650.49565078528
-6515.663087095527,83695.3790844849
-6505.679962396603,83729.21677272665
-6505.297382354731,83750.04645888292
-6501.850033862267,83783.50794003686
-6493.651333315032,83836.45135363509
-6484.599461453289,83895.62665585116
-6472.138228722987,83904.23379383769
-6465.716139248443,83912.34941215176
-6456.339244365709,83958.13869268552
-6454.5625743355085,84039.41927756586
-6428.798431609339,84052.89332296174
-6418.254016331266,84087.54281941484
-6414.719263826102,84101.5683435543
-6408.442679064616,84115.59098594535
-6392.529729843129,84133.2537073748
-6388.126959545305,84153.0595424941
-6386.114242758057,84160.23315599983
-6382.122096436364,84206.0639732394
-6378.955769862436,84215.4526211791
-6375.50693832129,84243.34261616638
-6371.572985172261,84250.57748457354
-6352.094210471431,84256.95277348586
-6347.324598448615,84284.32083963492
-6319.807139090145,84371.8341017621
-6318.385105967544,84403.6940983534
-6305.439533301727,84420.67354052405
-6302.1944236755335,84445.33252460608
-6301.486784628463,84466.5316648654
-6300.342305643191,84470.2766488451
-6297.856976985937,84529.46489673847
-6290.484265804291,84537.71132193302
-6270.898504802168,84551.90564004006
-6265.586785997617,84590.20459125718
-6263.884216768402,84608.44375389813
-6262.062103373675,84716.10024413902
-6241.20263671875,84721.71425001964
-6240.531405534067,84737.33532496862
-6235.20194271633,84740.112683211
-6231.440687826709,84747.4677714619
-6213.29305974076,84749.91714334486
-6200.374348197664,84761.72209935526
-6200.362350531992,84795.33900874009
-6190.002961839973,84848.61050665381
-6182.723368474393,84874.72577639134
-6181.894076687993,84877.08544324123
-6172.1069740568155,84948.67118440356
-6157.09328702516,84973.40338557115
-6150.729682956453,85005.53177690505
-6132.508361407696,85036.75124509852
-6124.225355999811,85167.73560980386
-6115.347026041579,85234.87048755377
-6115.347026041579,85304.97889946183
-6111.621710504785,85342.22762269639
-6105.139867305734,85355.4095368897
-6098.6113732883,85372.76306530413
-6083.909763813041,85398.30089488199
-6071.747281619473,85405.03455424322
-6038.392781325718,85419.39410422539
-6015.532930663643,85435.06518344373
-6014.786822455275,85464.25630574569
-5988.574577570054,85472.85363690343
-5972.408066119487,85514.65090176888
-5970.301254544933,85515.54201291285
-5969.60682024275,85564.59950762126
-5966.874469416481,85586.88630746093
-5955.641196795835,85587.62554916313
-5946.918759346005,85592.19700201924
-5932.106968675356,85596.93937592843
-5894.339029158862,85679.72032107631
-5889.611636962247,85688.84481564589
-5881.58033268791,85696.85158806197
-5871.515283482449,85701.10863498267
-5867.935377768128,85713.22962305383
-5863.325158664153,85732.55653466487
-5861.380086796622,85762.73487918734
-5856.083056109326,85799.23417476245
-5847.1664417130805,85813.6935056449
-5847.005221554194,85834.17798061026
-5830.527873686391,85890.6413577283
-5813.782364913405,85893.53674805169
-5801.374058859712,85935.0666324922
-5788.261453764786,85968.35596558034
-5785.835865344296,86057.70417317312
-5783.559787511755,86109.63189578062
-5779.897774832596,86112.44973436426
-5775.506189210093,86178.97922690422
-5759.576466185717,86217.6712815251
-5759.125160898486,86225.47739827643
-5753.353593690055,86238.07900035383
-5752.5935662474,86331.24592546056
-5745.499378068157,86358.24401617047
-5730.867043682503,86477.43565562798
-5691.3129531996165,86500.47327245974
-5691.037027938033,86515.02536454369
-5685.93971151965,86553.84741984951
-5678.774303844996,86645.73914270746
-5670.073107549126,86688.13966082683
-5669.908545783599,86753.65569439944
-5666.865415487958,86785.27307536775
-5651.489869526414,86790.74773034034
-5635.859123570592,86805.62311506284
-5619.976905277817,86816.19048411498
-5614.935568979804,86855.99744171757
-5612.4715484891285,86858.03857905524
-5602.4843279293655,86898.4321366378
-5582.455361519568,86929.98393645468
-5579.710086260507,86953.31034278017
-5570.470829316548,86960.78984347417
-5570.179955789023,86971.85430303645
-5566.628402403424,87016.3680166943
-5551.05826912609,87038.33114133563
-5532.30519866943,87065.18486225608
-5528.3566974912255,87155.82130728457
-5526.57067140515,87179.65864598751
-5499.003711530144,87193.49435976575
-5495.367152111855,87269.35452634945
-5463.272028378062,87313.24124867572
-5457.842849441979,87350.53828729912
-5412.420148270471,87384.67594439643
-5408.425322021745,87424.97711043691
-5401.8964161021395,87464.79461005756
-5401.287235055652,87487.69803849279
-5392.510209398583,87500.79032102661
-5388.736899512198,87523.28883208551
-5388.509486521985,87524.10406718937
-5386.607823542189,87530.71749671013
-5371.451341084056,87533.17439513537
-5365.711445672181,87550.27693530495
-5363.588259015771,87550.45971113439
-5359.35424610546,87566.06471824647
-5358.567799193514,87594.74262685433
-5352.340383257179,87614.73655245986
-5352.047445978444,87615.22976902565
-5329.975515825397,87687.45964462412
-5325.322719233364,87687.64983759611
-5324.956295013428,87709.28985986543
-5309.64305979864,87713.75392031664
-5283.969288383223,87789.2016485419
-5277.144141180057,87829.65880809515
-5272.40557711466,87875.8238412312
-5257.912799937395,87877.28440868003
-5223.890148571566,87909.98116254807
-5219.6556760924195,87921.16361103731
-5217.848210062303,87927.58574232049
-5202.528178419401,87987.76563855581
-5199.452016421739,88038.43148326881
-5197.416904585718,88102.34557620119
-5197.416904585718,88130.70132098024
-5187.764693439007,88141.82218124189
-5170.338797450087,88178.99899673456
-5158.223695380404,88269.94874511438
-5156.063098362508,88392.7893163648
-5154.617039237698,88418.48019034526
-5149.929542030634,88450.77493240146
-5147.140474626024,88482.66350712099
-5143.480471372604,88483.43102793182
-5119.265766143799,88484.81769762722
-5097.802277224389,88583.42568460527
-5093.083997862694,88587.7138051817
-5062.711503437589,88590.84047312394
-5054.77471215383,88613.85054656435
-5054.7493098803825,88638.433262876
-5047.0,88738.6530276365
-5033.880720496178,88796.07229544442
-5016.360186372491,88896.43353385589
-5013.776670319681,88896.99827974178
-5011.116413252699,88898.62858451257
-5010.3305830274385,88911.39361592698
-5010.3305830274385,88938.35237702305
-5004.460860865471,88952.56884522093
-4995.322961109031,88980.33294224735
-4994.4319024767165,89012.91537841728
-4978.0,89112.37990564968
-4976.824277162561,89147.27983377672
-4970.54290747644,89193.20786557888
-4969.117678097315,89212.77356495176
-4966.931316205446,89271.36461681972
-4959.071151120341,89294.43361105231
-4949.139097520281,89309.89535665518
-4947.593601116172,89357.15331951206
-4943.21648120881,89387.198798418
-4928.817428588867,89412.66901714458
-4883.452381781162,89413.98939499675
-4883.445708819811,89426.3514811652
-4883.065204075399,89426.37797699653
-4879.30311039516,89519.34088759763
-4873.033046722412,89564.34000364372
-4865.777322769161,89579.13161362927
-4859.825138637003,89665.66438077176
-4853.967936856397,89709.81321259911
-4844.302242074692,89711.7451167021
-4827.764855299682,89741.71118317342
-4816.225254195007,89741.77492287346
-4814.849497522643,89758.46417355523
-4800.836264184529,89850.91696475219
-4795.992404086248,89857.86635919979
-4790.294122116924,89893.5714624183
-4787.865500228754,89923.90814185148
-4783.528447968605,89929.7483836328
-4778.635295152642,89936.1111462457
-4762.3439864771735,90006.85751848557
-4761.818156480789,90009.99722211703
-4757.10916478295,90011.73971571247
-4752.834993634869,90056.46791725502
-4743.0773588248685,90078.38215134821
-4729.930642264209,90099.85026308452
-4721.526751041409,90108.4980398246
-4703.269512210576,90108.86009803844
-4700.92764496804,90111.8542827027
-4671.521120991027,90115.04769362726
-4670.965112618032,90148.52779649837
-4668.888271638314,90173.92249957156
-4657.978023818554,90200.7700896263
-4645.0077231271225,90204.46095836164
-4639.557164600902,90255.64154662406
-4617.804654819622,90281.8399974278
-4602.789575610848,90302.01342376645
-4602.097390311104,90325.74596718387
-4598.740878905552,90338.31241752418
-4596.443177223206,90369.95849667274
-4588.2418741328365,90457.74101100651
-4582.440980894276,90499.5775723542
-4578.5625931876475,90592.27723454569
-4577.382690906526,90614.1649485231
-4575.013305783221,90619.5343956778
-4568.595707552776,90628.93430651937
-4562.616219384317,90653.82454810834
-4558.765185424316,90660.61663840512
-4554.715018885461,90677.64139882152
-4545.429835217406,90692.26702773568
-4531.180503232132,90704.19404800444
-4530.459804534912,90720.99859258115
-4522.37829862323,90760.18754112719
-4518.5528627123385,90806.5066583667
-4507.264776093618,90859.54808184931
-4505.813362802793,90871.24909135269
-4503.259390149788,90918.25699608674
-4496.925316163482,90921.26121996125
-4495.628430945549,90997.9921437331
-4488.54431772231,91005.25999011316
-4487.874084676995,91015.73262166971
-4487.307030814038,91029.20099738665
-4484.016580300665,91058.35002025531
-4480.6581363677715,91073.59847724433
-4470.824769241473,91097.8317148345
-4460.314239961755,91119.49484956264
-4426.597090312453,91137.48034773557
-4421.3149607181185,91169.71485481934
-4408.33160182412,91211.77287272901
-4407.336509278854,91256.42419036795
-4403.196496316368,91316.00914319916
-4396.565256118769,91330.11831401082
-4392.842396787235,91341.30512150699
-4384.273804426189,91371.48804010652
-4371.704184123443,91373.55110793443
-4367.350707530984,91388.5903744016
-4357.304901165622,91418.83069566308
-4346.0436444623065,91452.95834909173
-4344.707979372579,91468.80479882447
-4333.013430765703,91469.44970439158
-4312.738398994699,91477.18583030356
-4301.315498011452,91515.52103519441
-4300.828127861023,91524.01277763503
-4293.460853082795,91558.88761035039
-4279.805847133873,91616.43912424335
-4274.093051552771,91631.9974743637
-4243.280355078837,91716.24464344978
-4232.728728362483,91768.94684141876
-4206.84134641718,91786.63876204827
-4198.899350609128,91791.08546411995
-4187.719875880667,91847.92162031791
-4179.847587278903,91870.00867671621
-4178.268332004547,91952.79678351534
-4176.372394783139,92021.94131647689
-4167.399429116921,92030.28336017471
-4154.229498079847,92055.15780990472
-4138.7801217351425,92071.26215810433
-4128.674457924721,92110.2249080113
-4119.665101221627,92140.67807672708
-4087.1560316766904,92152.21126529138
-4082.2551625796586,92222.56543018136
-4069.287916626253,92259.76912769249
-4063.6549733025727,92312.53108477601
-4059.6824846608524,92314.35612734727
-4053.0088165317193,92340.93932247159
-4052.367504256111,92358.65512267171
-4051.7773091452577,92361.53289706365
-4048.538288831707,92384.21452880758
-4047.8049795627403,92389.80690741532
-4039.1271681445032,92418.6203038181
-4035.221138630588,92444.75500923394
-4035.139505147932,92462.25710468626
-4023.2439466544565,92522.67506168566
-4018.1746349334517,92527.31687109818
-4015.526406628753,92531.49902762684
-4012.762372595905,92611.81310255166
-4010.000000000001,92612.01813926021
-4009.2102464948493,92637.89322394994
-4003.920317547667,92644.28020301892
-4003.849983624077,92646.42843277115
-3997.02931143557,92651.0347151586
-3983.5530778680622,92670.43091718649
-3982.5458569526672,92688.89982421059
-3979.338009493695,92758.3833361353
-3959.5139854976132,92828.21087161131
-3943.4848968131273,92883.8968630688
-3942.973233972273,92891.47148171479
-3937.761846917001,92936.0845704421
-3936.4975315502697,92996.42527031894
-3928.7834480319416,93041.03191076007
-3926.744422674221,93043.02908924647
-3926.1297641481615,93094.86083592687
-3913.1902540581505,93125.56192878309
-3907.8771286010633,93147.38212266995
-3898.6246004104614,93150.17508740078
-3896.7327498878785,93169.19332683091
-3879.153438568116,93171.59116126792
-3878.6386860438724,93207.75414540088
-3864.096287795466,93252.05317245206
-3858.609072344703,93295.83567500113
-3856.9023586852263,93297.293824264
-3856.167338575642,93342.18404820136
-3849.836433955599,93349.9455317088
-3840.7637206826766,93351.3712219
-3830.0532455444336,93397.3545436859
-3813.465749740575,93415.94269382954
-3811.5068193163197,93481.04848759511
-3800.184891700716,93492.29216987743
-3788.47574213574,93502.52758344589
-3787.944106306353,93546.13002909947
-3786.026587435178,93563.57775003581
-3784.7440076214853,93569.75806696073
-3772.702925613963,93713.86558101865
-3753.9614880936906,93744.12338270465
-3744.722801208496,93829.16003005861
-3743.303926059176,93830.87702470181
-3730.1663904871275,93859.9896901846
-3722.239130701326,93894.9891027809
-3720.8700959682333,93895.30036425586
-3719.810828208929,93900.6737382924
-3713.042544433055,93920.52979612355
-3712.715906177252,93934.22881473815
-3702.6417026349654,93957.40249095645
-3694.246447426941,93991.13142544887
-3692.1903627940665,94030.92292400777
-3677.451789992194,94031.27308545793
-3676.793905173021,94034.62067982128
-3672.808841603127,94081.89140793264
-3668.154544762193,94090.50985501494
-3667.25113342487,94122.01803103517
-3660.6399539879476,94158.18840764255
-3659.819668020521,94170.64024753234
-3647.317680903867,94215.04025978688
-3639.0,94226.68219976762
-3634.631212506947,94255.3659910815
-3629.1859966005504,94288.4392037732
-3628.736269201552,94300.08488198688
-3626.7245884282006,94316.80428460664
-3618.029476438245,94397.23172732754
-3615.3137259653777,94477.94562731475
-3604.166297418732,94490.83594356262
-3599.9570093154985,94497.71264017484
-3598.5203410557197,94508.57109705042
-3597.5270510400933,94536.06604531842
-3590.4718719891307,94557.42915151804
-3590.154614789133,94573.3652565394
-3585.874770726494,94602.105219858
-3584.6665371486024,94602.169539622
-3568.898301056456,94653.66796544628
-3543.4911154167858,94657.15221582986
-3542.02723693848,94687.0245078461
-3539.902945109789,94757.30185765881
-3522.9722945690537,94781.91064253877
-3479.318818773496,94845.73510980612
-3466.132406541282,94876.58981932905
-3452.417937551223,94890.0329038076
-3450.6399504797228,94931.9232249599
-3446.0797404561454,94933.07079448023
-3431.327168737247,95047.23347703053
-3428.0894379445435,95064.52570382186
-3425.124516623375,95090.0877183846
-3425.000000000001,95092.37342779979
-3415.85277829851,95117.71685401024
-3411.2058518273916,95151.37255944523
-3401.883723940151,95167.748278933
-3373.738037347811,95240.39100008344
-3369.706451007279,95253.35593376844
-3345.396696499429,95258.37706874096
-3340.032193899091,95266.38803746022
-3323.2538980756444,95276.00948095314
-3321.4056359699925,95345.74794679027
-3317.8430346080513,95436.08438508838
-3310.895337411356,95439.48469710347
-3302.4777366774283,95485.79815139098
-3299.966414724088,95488.63026022905
-3295.427794967397,95520.85745039996
-3291.5504737581596,95577.80516559732
-3283.571051989313,95636.96410051413
-3274.4167895657565,95639.65016753336
-3273.089910490179,95657.46185939654
-3256.3438589913494,95678.26612019539
-3255.62317332199,95768.1808926464
-3249.0331411361694,95771.73246507133
-3243.8332642827736,95793.4939802885
-3242.98937565937,95845.34729148663
-3242.3438058921247,95857.3742387465
-3235.808521679479,95892.86600027763
-3233.4600680555377,95900.96143596518
-3233.098389625541,95910.45333550649
-3225.900055987502,95924.58685718256
-3225.3656144142324,95971.8243163994
-3205.1097679138184,95998.60051136347
-3203.7315435069245,96063.24005826877
-3195.942387444631,96078.12348473076
-3188.3068643638258,96089.84092695381
-3174.5496941975316,96190.06637437001
-3163.4022959981785,96200.7267110347
-3160.6245877742617,96251.66756606092
-3154.916167020794,96285.5235626016
-3154.916167020794,96319.73845352442
-3152.3491418361277,96339.44640508726
-3137.241200447078,96363.04781867788
-3129.2151196002833,96373.38804825713
-3114.8874443599016,96410.66859539924
-3107.288515567781,96417.14382706373
-3104.410924179253,96442.37322510988
-3095.9878321715732,96449.32062195876
-3095.2405919858747,96476.19324076176
-3094.408581938058,96481.93133264783
-3089.0801236289035,96485.42435055115
-3087.7329694202926,96503.95922778343
-3085.7752425329472,96550.18708305687
-3082.066208805357,96572.15211612832
-3069.9517233712268,96577.26284093509
-3065.4233426196597,96586.21011155848
-3061.0,96595.45783596378
-3046.9630126953134,96632.14619129052
-3044.5214653696166,96688.09819900997
-3043.232985394282,96700.82117988373
-3042.855815887454,96707.70872869666
-3040.336568014958,96709.71701465333
-3018.8601974078483,96755.2020465647
-3003.1025913272606,96767.8412296346
-2993.686060922473,96775.2469733527
-2993.3898490497104,96805.35439293725
-2993.346090146455,96809.37022236422
-2978.195365650293,96846.27631407126
-2966.9456069129365,96848.83557096557
-2956.4378176075897,96849.10291675158
-2948.431642941072,96869.89056917612
-2942.116418480882,96882.20576410634
-2934.4456972054045,96904.15555204666
-2922.0916061401367,96934.80151094713
-2915.9477939605695,96944.81250659064
-2903.4242826529853,96952.97006775648
-2893.271943637316,96988.8359228544
-2893.0892292771805,97015.53204328669
-2889.0506744384757,97037.23415591042
-2885.3960424151037,97063.38514840603
-2883.013121979582,97068.92802844732
-2877.769300869566,97087.59630425482
-2871.981271675648,97090.7741624969
-2871.0242698022157,97115.92275804283
-2867.1366390841144,97168.12769785957
-2863.895407608575,97208.19410383688
-2860.3783164364722,97212.47830666814
-2856.620144196917,97233.84136027953
-2855.8843792506595,97253.26939451697
-2854.6462035179175,97283.42779348583
-2849.771213378219,97292.68603015803
-2849.709137167244,97318.22031514999
-2825.690467493864,97345.31116392784
-2824.898370410723,97364.18160946027
-2808.898495350568,97413.62870425839
-2801.7513293027614,97425.55669451621
-2794.461597987576,97472.43350296366
-2794.0586881637405,97473.06378720482
-2766.035729953223,97582.63690802039
-2756.8380843571267,97650.86552348308
-2725.662112644729,97735.63149620808
-2724.631241185325,97748.43923202588
-2705.1566803455207,97781.88472781873
-2682.8682817731556,97814.02803664538
-2672.27266039166,97822.7685664722
-2654.9148127692133,97854.52853972577
-2650.243365389957,97861.3803575209
-2642.830858775549,97869.89252290557
-2642.164779663086,97883.51189258267
-2640.9888094834096,97903.52272911578
-2616.992510710482,97909.07885345387
-2613.159193175182,97959.38512659066
-2608.6604080200195,97971.13474667925
-2598.831176042552,98036.0230897749
-2593.618513294632,98106.34023111197
-2591.9055602209914,98147.55808692312
-2555.9494338887234,98170.95377886294
-2551.8232322760414,98200.91454238544
-2545.545089755791,98211.6185423647
-2544.228548731113,98217.89531861039
-2530.25635937282,98227.82444530731
-2528.3197205918395,98254.02945362669
-2525.489203214631,98268.6335792201
-2521.700879369466,98315.70947016997
-2517.886825799961,98371.19639018607
-2508.4354263373443,98386.51067859796
-2508.018510988779,98399.49758565429
-2504.7332939079006,98399.78141796593
-2466.5457066126783,98410.75758200037
-2455.9128790582768,98413.41259603847
-2432.7209084034057,98417.7941900832
-2424.6915046147096,98477.57724612093
-2400.643685332382,98519.59965489591
-2385.94977140427,98549.71690181331
-2378.9631017106162,98558.53048476158
-2372.5028967005683,98570.26795680184
-2368.2973281656014,98613.46337561951
-2351.0920114857754,98613.80682092057
-2347.3145228454077,98648.68802295416
-2334.9748330797775,98653.30757151332
-2323.045001064016,98655.31687595168
-2320.9902717300774,98656.42228662975
-2308.842818089891,98677.31583377297
-2305.943366016634,98733.74691171323
-2304.289952175972,98748.94889862207
-2296.000000000001,98768.57278444078
-2291.0062213966085,98833.29450537487
-2288.5435067926173,98834.00896210334
-2286.1521977356397,98855.81918604024
-2277.7357598372937,98927.41401519092
-2269.951610394891,98952.86726357264
-2267.1036319391906,98988.63877252174
-2259.265464595379,99011.57975491461
-2246.1422023773193,99030.54487817622
-2245.9030096190027,99053.05338398059
-2244.0202886036045,99065.51129896304
-2232.8858752250962,99075.33630781512
-2232.5995801006247,99095.85298999728
-2232.299082875182,99119.96312851566
-2220.0749169758637,99194.65530925133
-2216.037733861439,99202.44426686432
-2214.255074296676,99231.07284637865
-2191.7714731352858,99231.5738566433
-2176.722084045411,99250.66752997464
-2173.9193600245917,99262.24900645865
-2149.8311032567735,99271.11635909765
-2146.355785335867,99273.91489761225
-2142.130401645434,99302.10191934445
-2128.320443698321,99358.05191634383
-2124.9999145098836,99359.7539147309
-2118.5839653015146,99364.95286016808
-2115.5623709814736,99380.76199504313
-2110.9281929220465,99413.42170839649
-2109.79296906506,99478.48509885588
-2102.698732120627,99488.95206310903
-2099.3552201219936,99533.09363840305
-2064.8911403332336,99546.264445637
-2055.1373646088978,99555.06164814741
-2055.126533951079,99585.1494651437
-2054.497024791572,99625.80525164932
-2051.105447837296,99630.03827168253
-2045.7910249403585,99647.9338762759
-2042.924388885498,99653.59273590356
-2040.8667233330925,99659.89912448623
-2039.8202583789734,99667.35494290089
-2038.8900329044527,99699.78117278637
-2036.0678560563529,99761.5924037525
-2032.9925163132748,99791.79642896142
-2028.3219796589692,99818.3774002961
-2020.9692193780784,99832.8619310516
-2020.016430377942,99897.7929181201
-2018.959048271181,99908.58010872777
-2005.6753901072943,99915.0415696927
-1967.54407620428,99943.16846154415
-1966.0219411849703,99956.57298651763
-1957.7958722114556,99966.39062574929
-1954.9520077364855,99967.24124159123
-1946.3620379992844,100033.60289817202
-1941.557855248524,100082.62609609531
-1919.6531329835861,100084.24758544986
-1911.992720178192,100118.40701639646
-1908.841553296389,100222.31584644318
-1908.15212563104,100266.11249603548
-1898.776767901003,100273.97338793104
-1892.58153850691,100305.04935978123
-1892.4337002720586,100347.93511615471
-1890.1801711491316,100349.3991604533
-1888.2895202636719,100374.32205326232
-1885.2342039857467,100375.18360611374
-1874.2656896795543,100400.08027868607
-1849.8552329881095,100455.0674340043
-1849.3724878515313,100464.78132619182
-1822.6585209540472,100470.28242371764
-1805.7078672817781,100472.48724416325
-1799.6162219388107,100478.55374532084
-1799.344656876164,100489.92387039318
-1797.514920370897,100497.24731155802
-1789.2295506171413,100520.91707938051
-1765.5325866597113,100538.12517150803
-1734.1715812683105,100559.74942495147
-1725.0446454456796,100562.26230428906
-1724.8038061516254,100573.86172063007
-1720.3668911797881,100590.63316902093
-1718.7607893943832,100593.3296976771
-1707.8316313879996,100602.93902793954
-1706.7762709685885,100607.13240386765
-1705.459259033204,100617.50709363392
-1693.9969552584826,100626.64981481858
-1683.3687589508909,100632.61986339936
-1680.421919413976,100704.44784489699
-1677.6325293949667,100751.07996145316
-1676.5080479894343,100757.94691974773
-1671.3839726789024,100776.7820397105
-1665.3011674880938,100781.27501097751
-1662.8331887381391,100817.70247149459
-1659.6243303843767,100839.18806222506
-1657.9189367635245,100844.90019784664
-1654.8320202485966,100856.65843978952
-1651.0540424925648,100862.43564101626
-1650.0683406761855,100883.25249423305
-1632.8375536032925,100896.71812210765
-1621.5991668190304,100899.74046795725
-1616.061591012139,100899.84761796665
-1613.6252973419905,100932.59400039056
-1601.3884173801785,100967.44426783492
-1589.8526693752829,101007.11142776688
-1589.0216072627427,101012.72048423978
-1584.8320669105642,101034.03238378264
-1578.1555397510401,101061.45306622976
-1577.941536596838,101145.60330350064
-1570.5173947129633,101152.07930704518
-1567.1040902818968,101184.4715737445
-1567.1040902818968,101202.58153002597
-1566.386510848999,101205.99219524866
-1554.115474837161,101245.58890909796
-1554.0,101248.05396349097
-1552.930260419862,101252.09650390488
-1547.8271625382422,101296.43071249555
-1546.4659280436422,101305.6724239757
-1532.6480413164427,101334.73834490776
-1531.8580617904784,101373.6852329033
-1516.656464167996,101384.12646685322
-1516.656464167996,101384.1424490043
-1516.656464167996,101412.01313925633
-1514.261044706605,101441.94203353782
-1509.1998277136754,101446.54102713724
-1502.5858913830361,101467.11020909887
-1490.047540153825,101485.93742220748
-1488.002953393122,101496.23422883233
-1486.306655815676,101510.66862886293
-1482.86549712931,101520.24529436644
-1480.0,101575.08011625489
-1480.0,101649.69026379925
-1479.7965394428575,101652.0949643512
-1476.7352513670958,101662.4770953739
-1463.3668125357244,101670.06845743323
-1447.9967206035203,101671.63567808695
-1445.940403188979,101706.46765936275
-1443.1578658478504,101731.50260313922
-1435.4196807997141,101732.06498813628
-1431.487686327532,101735.57405543333
-1416.620436157525,101771.64351737499
-1412.1383152008166,101784.45255211431
-1387.3972153323093,101849.72748938625
-1386.8540072611495,101856.26314897201
-1383.1501802035818,101883.07256758216
-1376.3389341149941,101911.94272851945
-1375.630545207441,101997.15714013577
-1367.8998553241963,102057.87811349118
-1356.8380991390668,102078.11447683418
-1347.543534619469,102095.85700064045
-1346.4141021115825,102132.2380199602
-1344.6256629398777,102136.21727035723
-1322.6416721514356,102140.00916753491
-1321.7053231171149,102143.71389309
-1320.811605930333,102206.58090645925
-1319.6041137831494,102244.3716158696
-1316.8050841093072,102256.6412120205
-1316.8050841093072,102267.81687220509
-1316.295204605362,102301.34848691721
-1299.1536830493196,102321.23765179096
-1296.806072473555,102332.80225251391
-1288.4332384892887,102347.14936120165
-1275.056207656864,102359.19551788051
-1270.5966230119836,102362.14105522636
-1269.455936023142,102370.71477818486
-1268.4216123989568,102382.85610342026
-1266.9150179113667,102383.07480658803
-1266.781111001961,102395.96843924696
-1264.9236695766867,102475.75714397433
-1260.3319434097862,102482.19918773
-1257.2396412917496,102487.57138243757
-1256.725077765339,102489.69815413444
-1256.4079128503763,102505.74292596756
-1246.9828628301743,102519.1683908104
-1240.0554798671237,102537.45166171445
-1231.246253405335,102552.02246623379
-1222.4372248479226,102555.812846882
-1217.2539143562126,102616.08008250172
-1217.1106350081127,102617.51452721863
-1195.2510702184463,102637.52070962542
-1181.7153637069132,102656.93886784144
-1170.6922841753221,102679.96211549222
-1167.4285360744889,102695.06085758554
-1162.832822995526,102712.91761604375
-1150.240963578245,102769.00979891836
-1149.134375504098,102833.8230230808
-1145.1437372309938,102845.59328833641
-1129.7615549564289,102942.22872645513
-1123.6780345439947,102947.88519772468
-1109.7412547894778,102996.6105035883
-1105.6378397600943,103008.70178486625
-1096.4910763331864,103044.67824669395
-1091.3570751632906,103047.44859880209
-1082.0973783901645,103051.35843222466
-1078.0164955343498,103063.0736618723
-1077.4484873158667,103080.15037925754
-1074.689185755582,103104.91326596047
-1060.2614104407353,103175.17466933382
-1051.2173478432978,103221.4425646152
-1031.2538740975651,103226.93748058596
-1029.1782477242668,103243.53921355521
-1024.4524027960651,103247.89893172469
-1018.2174740518685,103313.09730953831
-1013.6183795247671,103340.54353817872
-1005.0828662600015,103350.16728396076
-999.3290318080449,103384.58333160204
-999.3290318080449,103404.42874678537
-995.3770090512116,103464.39517492913
-993.0391252381451,103495.35644023764
-992.8077052320814,103496.43829384871
-988.4447518587217,103537.6320269959
-977.1912552969816,103558.41609116964
-973.0151402609713,103652.31653113032
-969.3481882299739,103664.87346936979
-964.2963934625903,103689.02499621257
-962.1888363020753,103707.25495907241
-938.4125087261318,103714.96069325725
-936.6792619228054,103734.25773392408
-915.3679726123703,103750.78090344161
-912.7030307224768,103765.44789295537
-910.4157092571791,103787.6104010173
-909.0324365752094,103789.52904358931
-907.1845081874417,103824.12276240754
-906.2921772514055,103839.95295063086
-900.933531318386,103854.04093136106
-900.2331693512906,103859.3370853749
-882.1174773829355,103861.95967813907
-879.3735576357003,103866.00310881648
-879.0308409758964,103890.32805877073
-875.7687254122468,103906.03317666052
-869.7831326552805,103920.1344736815
-862.7676001957507,103945.18822859018
-860.4798828874318,103987.86403954882
-849.102031264988,104025.97764062881
-844.0678585596816,104067.06053572045
-836.7613150732814,104117.13103360796
-834.400994505206,104122.1803905623
-830.0423919473324,104132.23322817257
-830.0179675646839,104170.51091137096
-828.1284977708965,104198.94189279419
-824.1430480139543,104229.6920784882
-819.4552742072565,104251.84108349253
-818.3686342920555,104289.83223770354
-817.917482307995,104292.20284535205
-815.3762841905846,104317.19340561118
-809.3443752697256,104328.46554926479
-806.27832068714,104361.90522791656
-798.8059170927045,104374.55320173502
-775.602732522133,104421.61834214418
-771.3605995177904,104442.18343715998
-770.522819519043,104504.0754779746
-764.2771355424693,104506.2881880658
-762.998382312906,104529.7453248331
-759.4319890737438,104581.06595987927
-755.4141984666851,104651.55239726815
-751.2363087450213,104669.42870768474
-743.6397760936215,104676.51062107085
-727.3231871639034,104690.44282667979
-711.4808840070464,104731.23882273267
-707.5465511254251,104762.55963385102
-697.3921296426176,104766.61571524822
-690.8697450501252,104799.29432228633
-690.5290997709408,104849.63430966657
-688.315482786697,104895.04608402931
-684.6824991362464,104932.36552160126
-677.9809179646427,104932.57199180117
-670.2377677645168,104963.1979192665
-666.8903871263732,104989.95351559788
-658.849566476687,105009.27166276313
-653.5742171151296,105110.42813466281
-651.3570600918392,105134.41479699951
-648.6305403369088,105180.29284839968
-641.5859986714263,105231.63809396542
-641.434762954692,105254.11210336836
-641.1818995816348,105258.5668206726
-637.0,105270.12913303718
-636.9999999999995,105301.17845874184
-636.9999999999995,105319.02973823877
-636.0340869426657,105403.91148950381
-632.4445946727424,105424.01749171533
-630.1307158470336,105424.74921206066
-623.7078879560704,105426.16029034345
-611.718980210182,105476.36247449262
-553.9339811461159,105486.18336270531
-544.5204848051017,105488.92488339134
-540.1214113576123,105511.22735721718
-539.9355603456643,105547.23257309209
-539.5603293010467,105549.75000313346
-531.1166989122135,105558.09695688318
-531.0676121711729,105558.87779833587
-530.605003356909,105561.9687322889
-524.6048595564671,105576.99864779197
-521.086166654346,105584.8938957793
-519.5378082820371,105644.38079505306
-518.492003577051,105652.84466838842
-515.7176475524902,105678.30354022975
-514.7689953191011,105729.43465215815
-513.9201844078958,105744.92923094548
-511.6822209869115,105758.02762508384
-504.8534195423372,105766.49041182648
-494.5720814466513,105812.50957437923
-489.6822876419226,105831.15243606905
-488.18462317332296,105869.97160542016
-487.9464291163831,105887.51760176252
-475.284576416016,105901.42317155428
-460.6067256586557,105910.27018809313
-454.51651729856894,105918.2965798293
-445.272635596144,105951.24315517285
-444.60949271065556,105978.33218085769
-442.57156647955435,106034.6433208499
-436.5155649185067,106036.76760436804
-430.86250264305454,106077.68303309177
-423.81364372795406,106106.57909383104
-418.38653131894444,106128.25505386098
-414.30850165232005,106262.43810122355
-405.0238262925777,106296.37427972032
-403.2043410880706,106303.05913596493
-401.60085543570676,106306.80302897526
-394.0871849060095,106316.72820448868
-368.6053981781124,106328.50899437492
-366.49566980774944,106341.46946591989
-359.4641363961309,106344.91035572121
-347.9163774762819,106351.58481010368
-327.62269684246576,106359.13589771301
-325.0000000000001,106402.73093337673
-324.6452232088386,106405.47021830085
-324.40398141319747,106423.01535088677
-321.3607792513794,106434.81061669759
-321.26131364275716,106441.56970124591
-319.9928103855591,106503.24586302885
-315.8624219894491,106519.84203250072
-315.05275951114436,106557.70807887826
-311.5999845096394,106644.60878315999
-309.0,106675.8094680309
-308.4407686506074,106687.09035365924
-295.61214665001535,106689.50848238808
-295.23854943682477,106701.17029513633
-292.94645486557624,106762.89076229504
-290.13008049557175,106809.5401309644
-278.4441404342597,106811.84938706674
-275.8389924594485,106837.03400860519
-259.8085023334934,106855.99453313014
-255.61794573917678,106856.93357878074
-250.36772867612933,106895.2003085615
-241.88827293259965,106896.35191340098
-234.25260904854804,106911.57797329762
-233.9912815093994,106928.52481809686
-228.25081511905853,106958.62587480883
-211.52772176267536,106975.34581231227
-204.8825287989257,107013.78362175402
-202.1147771733207,107024.95506651056
-198.23404121400745,107055.79547769678
-195.3588322230703,107079.12877155215
-195.13364846366585,107086.91468988148
-192.15994262695312,107133.8807458537
-182.41892075537316,107165.143232618
-170.5707431180117,107255.0215145009
-156.17754949842856,107325.38794744009
-144.64970128878758,107335.62928364969
-141.0000000000001,107354.31548023221
-139.1183470658018,107366.25197589397
-135.79347981725368,107415.77921077181
-117.71210428648101,107430.93711122448
-114.65177645005315,107432.12574957106
-101.60322821140107,107434.94661516797
-100.25612780026358,107474.53245759
-100.23366178786091,107491.0582418272
-94.55075172013221,107497.71708204066
-92.13153168133613,107550.85245345328
-89.28903470718501,107583.50999954762
-86.3664001056004,107598.65184106147
-85.55615322931908,107602.73359777243
-82.49855703969615,107631.29145564351
-72.01648575919899,107637.27033121252
-68.53912193435644,107639.46271160664
-65.53354828697593,107681.17610602727
-65.38830941061155,107692.02188743865
-61.87789194924744,107694.83877021915
-59.58338614874856,107753.29832381012
-58.13864719866342,107789.02537805695
-56.661177226432756,107792.22514278552
-55.775254913748086,107868.79854779592
-55.00880564961699,107876.81416552413
-53.81554957804906,107946.91574471342
-49.544572762103144,107950.25564115393
-46.74995877062838,108053.51501812239
-45.97785200391536,108069.79001700884
-44.04064788137566,108104.74214826313
-42.423110604282556,108104.95760235623
-36.56209666393261,108105.32710751465
-26.349995749338632,108132.2383734499
-24.66149752478941,108151.61079647709
-21.628674847748698,108161.07742071155
-19.89013671875,108173.14321744443
-19.332026583761035,108181.35380211899
-17.488856349633352,108205.37913627284
-2.930867586801469,108241.93805360797
0.0,108259.97357792515
0.0,108267.29734645574
0.0,108283.82774863919
0.0,108289.72147393222
0.0,108330.52044468262
0.0,108340.38923100059
0.0,108344.54219160766
0.0,108391.44899275471
0.0,108427.34803850304
0.0,108454.66051656855
2.5531918151018544,108462.37180977192
5.129501206547275,108519.41712336885
24.49609565733681,108559.0257001945
27.065368107396353,108588.12366334032
33.8412816183818,108596.97839941306
47.321898153875736,108603.72373261623
52.33909356594836,108622.12086535353
58.21531312806201,108626.82893177443
62.475315604882326,108656.6277362107
70.68488240241459,108682.63031274932
75.62797713279724,108753.84075333382
101.53713757650394,108768.56953259892
101.83167764118662,108800.05422568323
103.23341424120963,108808.74038396566
105.96256831715505,108836.84622934891
107.5269895961942,108844.48644409857
112.34696940014175,108864.58515058242
114.31736796243786,108914.51345765588
116.2600483893666,108930.92293824458
125.44467224395066,108940.67123597859
126.71979345594627,108988.8807065487
130.7074313163747,109044.91334255257
136.5433933564741,109045.93491167678
141.0,109090.30086937972
141.0,109101.98854822778
141.0,109102.62042459416
141.3747814382932,109105.78427597453
146.80999488488396,109120.29806516852
162.56866591318249,109185.02571766725
163.5283681324654,109185.36521508865
168.8064746856694,109193.79240129673
171.93263530730746,109195.7679741297
181.83120346069336,109219.80320007469
187.8434017385589,109220.84021932742
188.28030943871426,109222.87120582364
194.22405835556674,109242.03696562556
194.4886893204166,109254.39335182741
194.49850273130755,109257.69886388941
210.99060600143457,109292.0177646194
212.6646519729029,109308.44263572356
219.24625982554608,109308.81824311172
235.46113443376726,109339.57805344029
252.87007032121755,109357.35179999904
253.0146393094716,109359.08810232367
258.1519108499697,109405.04302709436
267.36487524850463,109464.38231096097
289.9860816683114,109495.69190694598
292.6962964875379,109515.55151121953
297.99770218987396,109541.46664917473
307.99999999999955,109555.39140103539
308.0,109557.77980837657
312.4606551442953,109593.33792911257
318.1649475097579,109635.97777606762
323.64274508615927,109660.91226014058
335.5640101432723,109680.22232987199
341.7676516941574,109720.14979614533
342.5043139117133,109764.17400654734
346.5221092700931,109795.0495267766
348.62682328905066,109828.80413324507
348.7911114862816,109832.39404286658
351.5988681657218,109836.06002421046
354.103076015223,109873.60549271107
362.4423667533015,109934.31493565
363.36250686645917,109949.83961553233
367.41065979003906,109978.59728913655
368.6003500393397,109982.61743240699
368.6003500393397,110031.4624073675
376.7335555894033,110062.94109751505
377.00119141170853,110071.63281531836
383.11498318396116,110090.24026390488
389.7829578944511,110121.9804811222
395.5140933309674,110133.27385742325
398.34711483547335,110139.56191175323
398.9297913142509,110205.67729571878
401.86563767705024,110242.37909383433
402.6123028482632,110269.01093295636
409.72068864958146,110286.73145086423
415.981636864788,110290.2323770268
418.8580666610153,110322.17134509777
424.6157603604215,110358.8206527232
426.7750530923822,110386.75006316387
433.05164301395166,110411.01335341581
433.31050520284043,110411.43428576006
440.52299736230634,110459.51642739773
442.81826712403563,110476.29440923245
450.30331151828295,110542.64840728883
455.20084980553474,110554.3956059302
473.5434429305236,110566.7718206303
482.5622755799907,110578.30581690586
487.0,110596.10378360754
487.0407026154131,110601.2782408339
490.60194124493773,110616.39946302355
493.589080742413,110637.00401011543
494.0033926282631,110657.17215703218
503.75024616714995,110686.69143463897
505.51332422665564,110731.25804575844
509.5319534540249,110775.49549451887
518.4887409891489,110808.09065117159
538.5843362127198,110819.77267808573
538.8670678820074,110851.42775217125
546.0,110868.38600117821
546.0,110882.78909211498
546.0,111045.75305443138
548.2216784613174,111054.94652889456
551.7789416142587,111079.34342607431
554.1590769631327,111082.55252402171
557.7280102968209,111083.12293194875
559.0607050827603,111131.60003638265
561.5501101357313,111188.9810216427
573.4167578561251,111194.42650875021
587.5553229195707,111256.39586801188
592.1314300128356,111260.58008159917
606.6210659571907,111281.25495212412
610.2853288650613,111283.52996323787
610.8852277653623,111385.13451207546
612.1911913326798,111406.10319275508
614.8024164608394,111408.89888497752
615.2610401425918,111438.5466513634
623.9519732338981,111490.71034965327
632.1613549164299,111527.98557836654
632.5052810737184,111558.71016470015
644.3601171970076,111585.61449844498
649.74694473403,111608.19493210317
656.7777651378099,111639.16820406915
657.2567176818811,111645.85155788483
662.7046926702916,111666.57353557859
663.9854779754678,111720.31381046772
677.5820755277127,111747.37523853757
680.0,111771.00352621076
682.1730927739752,111786.78252696994
682.1730927739752,111878.11274281573
694.023736953739,111901.3974709341
694.2288721799496,111911.60083425898
695.961716447553,111924.9327671869
700.0679774795371,111947.7755424295
724.4007295199608,112042.01225978983
724.834899016787,112048.11190480847
732.364718982169,112062.52088005202
733.6914745398599,112064.30100469952
734.8794269221371,112065.62426429134
738.8142539773721,112120.04400384426
740.6833842822562,112176.81457643854
747.4641120944692,112180.71057195312
749.9632227761249,112268.42457870072
750.6644088200194,112304.52436062266
752.493994338176,112375.56198840486
756.9591314451991,112462.03696017613
756.9591314451991,112469.05544061319
758.1881286757271,112490.05996278347
768.6703355482559,112496.09005824159
784.3765565667918,112503.22371292111
801.2900738034498,112508.36885520395
803.4633515051486,112540.2549866864
806.608690193726,112557.90671065879
813.0454549789574,112573.98500662176
834.0173492431632,112583.48475204203
836.0549134526923,112584.94693718648
843.6344322137347,112589.64635785983
846.1879399504123,112607.16466324672
848.1154436383877,112621.4202657683
856.8343753133249,112633.39134124338
859.1846115929802,112634.83517338548
859.1846115929802,112641.48518080381
868.3649963821699,112658.63793650697
876.2957149914319,112672.63672566418
880.1312908445095,112683.9776680131
883.108678000337,112705.32134948458
885.1850698505177,112738.64683624683
891.1819929054859,112765.78041727206
894.4934417179882,112791.49272670067
895.558296118465,112850.67577629433
896.8242638621596,112853.83193617204
897.5311891010988,112874.55926573277
907.9436854975565,112915.24810353358
909.408498014709,112923.9622309208
917.0226121970445,112938.51616290648
919.5448702403446,112947.8396172694
925.5157195499705,112962.5085877179
928.5121441568576,112969.16315635626
931.6557683604321,112989.8173176902
933.1112984248757,113014.08652251957
933.4732512746705,113053.87392428932
938.0775545665136,113058.07793041634
942.6061370032139,113059.05068788344
949.0335687909801,113105.74023767875
949.6525987897621,113139.52653377394
949.6719213042811,113202.6380662577
952.9106216430664,113208.2890670471
953.107687847948,113211.7760899578
953.107687847948,113236.30839592221
956.1137403079438,113256.71561694151
968.4833036150158,113256.90941018715
975.5088229859994,113279.1361777186
981.0333412545451,113279.72876565806
982.7717659133486,113297.46735185388
984.3254928588867,113306.53675004412
986.3919399806491,113330.12889036114
986.8365101814707,113331.20518875118
988.1191751616705,113342.3408312969
988.4608789852987,113361.8926326546
994.0885814598682,113376.63448245189
996.7556677375526,113394.3281328167
998.5946291514773,113447.67149140147
1003.8785774366861,113500.9321958508
1007.1645220688326,113547.55017840015
1012.4629167829107,113565.72666944769
1020.211220332561,113565.80722481859
1026.488557304653,113582.06436385431
1034.2896773814682,113631.39008539042
1037.5614618573964,113682.19027527749
1040.033658998339,113687.99408913525
1048.0577327183287,113690.91985903477
1060.342580522809,113708.98787747961
1063.0987917185084,113751.25782683925
1076.7756988661886,113760.47655584132
1077.6984224659864,113789.85085121226
1089.3709955215272,113792.71364768918
1091.0365934712431,113891.1523442949
1099.605768918992,113922.23803515092
1101.1828468186527,113924.39121784485
1103.2260393586112,113937.69793563226
1104.7660368169772,113951.28974957125
1115.1783616202101,113966.9306122916
1120.2677299976494,113972.84168539729
1139.6044267926843,113976.78080238607
1142.8785309451196,114006.71041890551
1151.2922564063751,114010.56617649972
1152.8893800463165,114094.87572291918
1152.8893800463165,114103.75045824054
1156.8937777791652,114147.14025676248
1170.8540430068924,114163.83870284882
1174.3923564127545,114173.26311092718
1197.309184142534,114224.53431493891
1206.3789263452354,114230.27214707636
1216.0842348848012,114232.31837894226
1216.2388482434285,114271.30751728159
1226.7933045796067,114295.19587050175
1236.4347780772587,114311.55015919048
1237.0,114330.43047337868
1237.0000000000002,114345.38482658353
1244.8380323478314,114370.88843727109
1247.7961048739207,114404.37781313492
1259.2794023241163,114412.69954201154
1271.3924317700066,114412.93835331709
1271.947149140481,114438.45682888369
1274.3339014053472,114443.41454868662
1285.652947425846,114453.87845420836
1299.402261120933,114489.7774122273
1302.8265389715152,114512.57327037206
1304.978002922877,114523.74336278441
1308.8070125579843,114546.4468127659
1309.6351208346205,114572.12840933463
1310.6431635106956,114586.82060689588
1313.898229326508,114589.77248602251
1316.7027263301172,114614.8677533184
1317.9166751078355,114639.30850992886
1320.8461094413433,114643.59176662989
1328.065131698333,114655.54218517028
1333.0864846365816,114724.4243483798
1335.7392892496944,114763.92693240297
1338.760353769574,114772.15231013295
1340.274375029977,114775.68144374236
1351.8529191357368,114789.68225846971
1358.6003905364541,114904.79150300367
1359.9557457821807,114914.7938455173
1372.2106067793593,114927.51586423589
1373.2791771207521,114930.12052338461
1373.624660968776,114930.45503083311
1382.5780450616553,114939.22043449548
1386.4917443820195,114951.87703589033
1395.527330671036,114960.77251596113
1398.0000000000005,114989.5298276629
1398.0003766673358,115029.3272199461
1399.0168687445666,115036.62183838236
1399.846586636133,115065.1151405233
1408.7115770578393,115079.69334277089
1418.619581903713,115093.53508864138
1421.2271173000318,115098.24057819159
1424.9115789618013,115102.65513292386
1427.202903747564,115111.62002902382
1427.7641120297785,115131.42127079633
1432.9536785909174,115142.8228160484
1436.0117029462672,115209.69184241978
1436.4866707324527,115211.91280045685
1443.3260357379904,115214.70809548248
1444.4750641413884,115254.59665090698
1444.5723967892036,115261.97750152851
1447.4707614353501,115263.05450160158
1456.5075638464332,115273.21832638116
1456.7925333976668,115295.88048558575
1456.7925333976668,115331.20407824861
1458.5006495884768,115379.1070986987
1469.0000000000018,115390.90805665098
1470.957387924197,115391.73367901365
1477.5807550294248,115417.28990084797
1485.0515296799776,115420.1048644099
1485.0515296799776,115455.25035994401
1485.0515296799776,115471.68703247824
1486.3740829399394,115475.14559943348
1492.3192815098955,115482.98413307332
1497.4842542580209,115624.75424575819
1498.7737333093496,115646.71207957613
1498.8276880809335,115672.66118604798
1507.023348603927,115691.58934552317
1508.6062744004348,115701.28751116135
1508.6062744004348,115702.73087890657
1508.6062744004348,115759.87888600996
1508.954460416534,115763.06280884569
1510.0880436727111,115765.17157151017
1510.1444722924907,115801.4747839911
1521.6683950424194,115827.16477082456
1524.9430355003565,115848.41011040547
1530.5376281738313,115857.05910156455
1531.3763167176921,115860.7970312834
1532.8915667533747,115866.60287742954
1535.6658562251478,115889.88139319417
1541.2391212327036,115929.84072724402
1542.089377675756,115953.40906492308
1543.1624660491716,115977.31482492173
1543.8428221089562,116001.4585681473
1561.082079035924,116010.1085825988
1562.257328782769,116032.35738028798
1565.389842305858,116034.14114832017
1565.389842305858,116086.2382193975
1573.4285134758265,116088.93358773852
1582.0639806474828,116092.14678682588
1585.375295749699,116098.71939132051
1592.9157389402428,116099.22989991732
1594.1234179394523,116122.55246978135
1602.6591100692867,116129.97852649017
1607.5725972652317,116137.17634436065
1620.3906185627075,116137.83908488072
1631.672312770561,116151.7987323829
1634.886963112011,116173.54613668578
1639.86547367911,116187.90581652091
1649.7629849569817,116252.00834665982
1655.2715323311966,116298.19368403302
1655.2715323311966,116311.8339730502
1655.3562131949561,116335.66673919137
1656.0608098506796,116416.2873812403
1664.4746009962892,116418.64126850027
1679.0806185858655,116420.99536429987
1689.5928661142316,116474.4073849066
1690.666853138353,116484.52913241717
1694.0000000000005,116526.06061291698
1697.0750923156738,116526.23062009495
1712.070591926572,116531.82626709776
1715.1002346447203,116564.91847528728
1715.3499266419813,116660.86667609226
1724.3238878250365,116701.71713953363
1724.570514372413,116704.88448355878
1730.2943079812305,116712.72660677774
1735.1628764016373,116720.955727475
1736.075266735902,116731.42031436312
1739.9230642999769,116742.98590012958
1742.5387685980286,116763.06179884498
1743.462277582712,116806.65570899418
1754.7818310260764,116870.13439990793
1760.6660831996219,116876.48551808084
1766.0604791130372,116903.31552091669
1767.8900365829622,116906.568758113
1776.0000000000005,116961.72850982627
1778.077389989583,116974.79621318413
1789.6826925277774,117021.50897376881
1794.429500392509,117027.9637850183
1801.23903986384,117049.13870770592
1804.4573421818873,117075.63227185185
1804.501413362369,117077.6098581553
1807.2844863278597,117090.57266662797
1815.0,117139.67950604645
1815.0,117159.23664494923
1815.7788461957753,117326.0631039994
1816.2205427374283,117362.04033406288
1825.833119528641,117385.09184447353
1826.498153924957,117393.8801962136
1828.778692211427,117409.4006038733
1829.9780587809273,117438.24304991102
1832.7395634651139,117441.80968345914
1836.7329070908654,117463.22008519506
1848.04481680052,117464.09370241835
1848.8660159111016,117491.19785564287
1849.651509438229,117577.65218595101
1849.830324104829,117608.19753221111
1851.5750592776599,117630.25137872348
1859.2774523325734,117653.60337976048
1860.0895388467006,117677.76797997947
1879.988503609401,117711.32510570106
1886.28837503708,117715.06772593095
1886.6510747671273,117731.48072481157
1887.6245103904248,117749.70694247317
1889.1921005249023,117758.19184407176
1891.8334261689788,117772.79930499614
1893.460419603738,117818.28514713893
1903.2972148145855,117866.85042832576
1904.2866201911347,117874.71989357476
1908.5173073836559,117909.0112262964
1926.283123152618,117947.95859413489
1934.143944484852,117952.18360963889
1958.4953236238869,117988.4122940132
1959.363642215727,117989.2594467742
1960.924079622535,118073.95466079035
1963.7157600947976,118083.82924291902
1969.1009817804443,118152.72204430617
1973.545887470258,118153.5170509475
1975.2877616882324,118153.77291509937
1980.1858098166595,118158.72875389035
1987.0,118235.5874316522
1988.786773954108,118291.49202559676
1996.5894840785486,118350.78975049083
2005.762185914181,118357.15971556732
2008.1781641585314,118370.10810630665
2028.439154590882,118377.62803697588
2046.9654285907773,118425.76920360331
2049.7775558743506,118491.65396245896
2059.0055033819967,118624.66088191103
2059.0055033819967,118653.5670228005
2059.911384582507,118726.94462112013
2061.64053467344,118825.68911223757
2061.921942336231,118829.4455061811
2063.6324752568926,118863.9140109335
2066.0605539253684,118882.89198238502
2067.8323105573654,118885.99366338772
2070.871258190692,118914.61919508663
2102.111188905561,118947.08455656256
2110.011582408645,118966.51296952792
2110.1480307579786,119008.63789325103
2121.00177628653,119012.45281143686
2122.826011845089,119027.65669463364
2130.369576862873,119037.42352371555
2151.554990461882,119079.94031807364
2152.448429192793,119108.95977460503
2153.3024044036747,119122.59160457338
2156.0180660315564,119143.78107907085
2157.0023951530366,119147.26881202633
2159.477235572671,119162.71145250116
2161.8243141344647,119189.93244850641
2170.2131364600964,119202.34861268313
2172.97365522385,119206.04191665995
2177.5944974763142,119207.70680618286
2180.544869218549,119263.43156821385
2183.6149364028806,119310.12531713086
2185.9977078096895,119322.9856652533
2192.2407799959237,119348.60899959294
2195.4742285524007,119358.56905632369
2198.623111792979,119379.77440977097
2200.9999999999995,119381.39632654187
2205.504232406616,119403.16195986947
2208.233627489646,119452.13857666086
2223.089275223877,119553.28450384311
2224.298459393638,119584.73512378764
2229.99366249358,119607.15030578205
2240.6220071997004,119623.5309618882
2256.4924516337196,119709.43489536217
2259.874418803607,119786.45847644117
2261.586359483812,119826.62352842947
2263.308724539618,119850.44690757139
2265.4261019229775,119878.66561947545
2275.986742700884,119897.50290324009
2284.672893115454,119923.46446367673
2306.071823051992,119942.16483982114
2310.9927485329854,119961.06165403978
2319.318621839804,119976.58633581232
2322.321712119241,119984.79465782642
2322.689657075055,119986.70935758525
2323.6077926158696,120052.34144628045
2324.7331315449446,120066.29789694703
2324.8751194477145,120125.77469798499
2325.0,120130.7113099013
2325.0,120140.09202504158
2328.8799310411523,120151.79497974267
2330.9912636620634,120152.22217946392
2337.524053267076,120176.90903711309
2338.237078598562,120185.88236594194
2340.0,120197.89420666009
2341.2935866117386,120201.4461176906
2341.5402654409527,120234.2994045955
2350.3862435136807,120239.90464598803
2354.438442059932,120348.29238700874
2356.1266909497244,120390.90881948813
2366.9364911998937,120392.46973279543
2383.4574760368882,120432.28151743772
2388.395556177429,120454.53325882975
2390.171401841294,120495.2649776765
2390.171401841294,120541.73892365178
2391.0620446886423,120561.22874282088
2392.427441460753,120583.53914374969
2395.2272508484957,120592.39257284574
2398.405915260316,120614.16240637639
2404.0087274823845,120617.97270488739
2406.9834266390426,120650.83189003813
2416.7296600341797,120670.18076132868
2417.9559392588276,120718.38826663153
2430.2481782095774,120799.49729735508
2433.5115871429457,120800.734902995
2439.277987309867,120808.89778297291
2442.4148566722833,120831.11947623313
2442.6588041441664,120874.49987409796
2449.401576689294,120900.16165023191
2452.014532191458,120917.29189450401
2455.950260094216,121008.17831797263
2460.767098052147,121062.72780242993
2471.515416571083,121063.2313238043
2479.5527193886865,121081.11853471823
2481.5487505368014,121097.76600168436
2489.357641356334,121104.03955149652
2490.8274627413243,121109.76687165677
2492.6086998496276,121117.00689339632
2495.656095436645,121123.67187108316
2497.4274305956715,121132.99886499133
2499.8952880587167,121217.19776360485
2509.1648022106674,121259.77132914748
2514.5101190294513,121263.81694698332
2523.7344965934644,121377.4305017335
2530.9073559216395,121405.04214031354
2532.691194806732,121491.53365768702
2538.310579436158,121531.3731702736
2546.7496541823784,121531.60179814266
2553.6976135628606,121570.6628148981
2559.6128613608266,121574.20093027179
2562.603230782953,121639.72019619597
2565.2392491612914,121706.1184073686
2575.826258523136,121736.78685234273
2577.387557506564,121743.94621595314
2578.126154439794,121756.21345093427
2581.000381674092,121788.6718368701
2592.9594484396803,121871.87463130263
2596.059037446981,121891.02054667473
2599.6380900996014,121894.74745656762
2606.56818861622,121900.43102928581
2608.88733386992,121915.89765006288
2636.964514545056,121960.07416500358
2638.066745689959,121961.35062749054
2642.1769510337413,121999.72233292033
2645.1641377721826,122013.37186172184
2655.141588057806,122057.20729739331
2659.2256585870473,122101.0321382455
2669.1262738023515,122125.66829409779
2674.3747878074646,122146.78915441035
2676.758653691828,122179.17430601803
2679.1613281794725,122228.13684964171
2681.634580373762,122273.89561230794
2682.190805162695,122306.6169339674
2696.980880737332,122314.74327273032
2698.0470882653826,122328.77457751546
2707.0337728772847,122348.34745679596
2713.5635923998607,122387.71843637744
2716.372079644912,122406.92023554875
2720.6068635668107,122425.08174685076
2728.9442593710783,122439.51839331216
2731.664789106151,122444.66649396073
2742.0692397526436,122486.02167086938
2746.390049253203,122516.27615221932
2747.300895690917,122536.95653678686
2749.6119288546433,122540.20200078824
2752.2551669052636,122551.015886426
2760.4351047107357,122555.13471090794
2772.8818259409163,122568.34461729866
2775.0906211648435,122605.9277776478
2775.116887978143,122607.63493273087
2777.538164956213,122611.9279866729
2784.676717213215,122616.75875625429
2789.677240371682,122630.2790896892
2791.941422496523,122652.16279441121
2813.713354791904,122685.81284530666
2816.804983445574,122712.35500913006
2818.1927464348987,122720.60795009129
2820.556835038313,122813.06250229909
2821.513502836238,122830.53295365398
2832.372321128869,122845.6812854324
2834.623214023488,122862.97606754302
2835.1988165719367,122864.56833498817
2867.000000000002,122905.6660687073
2867.0000000000027,122950.69043871335
2867.0000000000027,122952.86646773125
2869.281915681642,122962.53626080904
2870.838268177859,122966.7677896875
2872.144211224163,122976.05746565557
2877.0126158850708,122976.23203473439
2877.8292029244544,122984.13126512928
2882.0659485544493,122989.60881619797
2885.6996440887447,123099.53921192046
2891.9550550324348,123141.32430420602
2898.067671128685,123155.01295382642
2909.3450646400647,123272.75203403406
2911.1510318688142,123280.80455565464
2911.3763357912085,123319.37753408292
2918.3974795682034,123343.2809707438
2921.6044326509723,123351.55263664034
2922.070416586738,123355.73465713434
2927.1823565960085,123368.9952110392
2930.4672860758556,123376.99901216374
2931.899855307184,123415.80333244799
2934.7738668578195,123425.85289847842
2939.9111782823456,123478.44465772594
2943.235840490858,123506.5847375902
2952.567578758524,123529.92838440622
2961.00589483124,123593.07852787625
2962.493329627152,123635.32265637605
2963.1629049437342,123638.54449186998
2963.243014063157,123659.79885280132
2963.8015945298334,123664.4788050992
2965.508932743733,123680.09617427412
2972.9999999999995,123683.99449411462
2978.879261425577,123730.37064116346
2981.2817090579438,123732.26040737968
2985.7042530604595,123747.1541069916
2990.636362109868,123751.22390753022
2995.737880706787,123764.30931678825
2995.8129002707265,123772.48210929974
2999.2048221656332,123802.38360433927
3021.6211043766734,123819.08251881604
3022.9594770499552,123825.88653913572
3036.2395292690826,123852.24150066712
3055.351913656502,123860.01752442974
3059.283968039914,123886.72867037564
3060.2253347124642,123981.8848807385
3068.920359202823,123995.44156798306
3069.32993825845,124043.93742387636
3073.0000000000005,124071.31853524278
3074.064909117581,124076.50925154341
3079.368459258736,124096.65758579104
3080.8411579813337,124098.23309288702
3094.1671054874087,124110.47077027388
3097.173283474772,124123.97639243942
3108.8504840305777,124155.50927955762
3113.8299094098074,124158.21407876695
3124.551300832213,124160.39728237902
3140.044119017518,124164.89786366068
3149.8186839648633,124213.29924671998
3151.856215408904,124230.80643469942
3156.3990791866163,124256.3896407229
3159.238228150787,124289.56645572174
3161.8165306363794,124376.65970306737
3170.769855652568,124497.4197925755
3177.2345915521896,124503.66365293089
3190.5831163270054,124509.76441693315
3195.957629067554,124523.45000563355
3203.627902984623,124524.09955956262
3210.944053649904,124525.47125193053
3218.121274198834,124529.23076413355
3219.531834704534,124564.84406908916
3219.831941979307,124569.23310303687
3223.039269038606,124578.92870008945
3225.3452900477832,124623.55149659092
3228.5491618598953,124627.14501798138
3243.5445300681185,124635.0410591025
3252.7795805590504,124643.906253985
3257.5382005827732,124673.32223566939
3259.1449363231504,124709.52549644871
3265.7255435330744,124717.07977313665
3270.1155528340923,124727.96016699927
3277.090423243363,124741.74727758349
3286.7031089919406,124753.81578568059
3299.655122935771,124760.0956754684
3299.7899440015835,124796.8400392533
3301.9831098147915,124834.0547810623
3304.5939600808824,124871.67944649294
3316.4025695664386,124888.242618961
3319.70010137558,124894.10637698861
3336.6168362753433,124899.89139761242
3338.4706122194348,124933.37448574821
3338.9090890032976,124944.16187352795
3341.484186376838,124954.57768414702
3343.6656145368397,124957.33526120019
3348.7837722812437,124957.77235276358
3350.8243680170463,124977.54440186711
3351.9092375040254,125031.05145835881
3352.367384535908,125059.20527619976
3356.170413664413,125070.47959440098
3356.1946022169022,125085.87100042614
3356.653875793766,125092.82474619997
3360.7892735345104,125100.62487583491
3367.347566877087,125107.72292896672
3380.6013082436193,125145.07235678595
3383.936083112443,125186.21759588382
3391.344428573343,125197.44085624386
3393.465241500302,125316.66827581612
3397.133538382406,125338.63696566649
3397.685892956526,125348.15502301297
3408.7340379442458,125354.61646633486
3408.746256521782,125397.23932857173
3408.7525864669265,125444.4451180526
3408.828796386729,125456.25668532522
3421.3013263259454,125460.61719308581
3431.6531631605944,125461.92158369505
3439.6677220208494,125484.62176632888
3441.4562043803517,125520.03828899353
3442.2623948029013,125527.68155021324
3447.0954070772746,125536.47224111215
3449.3344733033873,125543.07582695996
3456.9634886809645,125556.50150590291
3457.2068000180298,125558.10283252172
3457.9417772293164,125588.9721128259
3463.005595649978,125618.1900293316
3467.0382712057635,125623.34927284703
3474.585426603051,125634.94180468141
3485.0921460560294,125637.8851236787
3488.02566439765,125639.90634281283
3489.3395346914176,125656.97448626597
3492.3363015651885,125667.16025598571
3494.6879977499248,125693.79539392679
3498.591625417981,125734.0372612137
3501.1679028442886,125759.38599018534
3508.919883932391,125781.4220919269
3509.5530876091507,125799.83918069955
3513.248075587435,125804.98616046559
3514.5719005039737,125819.09600968017
3514.64456122261,125847.4024050236
3516.932543328845,125854.18937941962
3523.6602317604857,125966.04070166183
3535.1351234572303,125967.29225429473
3539.78203187668,126018.37260278634
3544.8189097813242,126032.73119389152
3562.4391333546355,126068.15697697228
3569.397524067282,126128.39220824421
3572.518765926364,126128.73916904417
3576.4090621130777,126133.26643134866
3588.2780945811965,126136.20946238733
3594.9781919888073,126150.17857304645
3606.2149047851562,126166.56173671142
3608.3505448443593,126189.66832854046
3618.139338765819,126215.94306026185
3621.729581560441,126216.39094864481
3632.4840293271286,126269.89471885138
3653.50306756156,126306.51558819826
3656.5109065941433,126342.92683800631
3658.1875427109535,126381.59200433319
3670.9383615766283,126448.2148627555
3676.2546882288802,126464.61616865243
3677.467909063622,126485.53413222519
3679.624053955078,126500.8716025863
3683.0202292374106,126511.52238551216
3685.290385501743,126531.54377320834
3686.0031490666497,126539.09020539692
3687.183531097009,126556.24417604718
3695.570612771179,126582.45175000602
3697.978196007871,126583.1047199285
3704.2131013870057,126591.96892694061
3706.617020368598,126609.12059652798
3709.2486442838253,126621.1090422188
3711.728784833642,126638.1453139016
3712.600340059841,126678.70740149706
3712.735953296962,126743.93701137809
3715.1070885317677,126744.5301932863
3732.011313847135,126796.74170940266
3744.856630699989,126803.71808547631
3749.7037032161447,126815.05505767046
3751.73983165196,126822.18118126053
3752.776673623506,126836.83925572482
3757.6847521236887,126864.93433918248
3765.003401960651,126902.58102958542
3767.1003709009638,126912.47752130032
3768.741488763271,126920.70629145415
3769.307646342664,126924.036784155
3774.415967055731,126930.5278972217
3775.2096536840745,126938.42705370704
3775.917228238928,126946.92693018912
3778.626627240877,126949.60433306867
3778.626627240877,126959.88696365706
3780.6490810598625,126963.48522155623
3790.9615199565924,126984.70479653563
3792.4008567843994,126993.0101054907
3809.048737934667,127041.00168085103
3811.0390758514422,127059.95907991273
3813.1451630592364,127078.54556226726
3814.1451064178054,127085.70852477202
3816.4545679773664,127089.98225719597
3825.4165506874115,127095.2523519141
3825.6540761675133,127126.33857040736
3826.3389424255874,127180.10528075698
3834.5105533599753,127191.01241152629
3854.6117515563856,127256.68152623514
3862.1915458611024,127309.2598226666
3863.342990807111,127324.47861724236
3863.342990807111,127378.41718010395
3868.928571258263,127385.20518483449
3870.1094175406624,127448.96813837113
3894.326807311596,127456.98952152047
3898.1299995695126,127475.61149782798
3900.5597777026014,127509.20553936283
3901.0957758086042,127540.79456450249
3907.1636730943783,127548.82433967074
3917.62697890829,127554.56106110984
3934.337367500571,127562.38134700907
3960.918197120931,127586.45799750941
3967.028312614989,127590.26103544238
3970.945721251628,127615.76576195442
3985.5970106124905,127632.85112556387
3990.155788421629,127687.86874968663
3993.63780198777,127714.35098551858
3997.241871816784,127745.49222121919
4003.6375339542055,127746.10897522305
4004.8362983976094,127782.61857646701
4005.008978077358,127785.24226565014
4013.944334915701,127807.15068198947
4019.526962467632,127833.87772810452
4022.581775903693,127839.60272125687
4024.8846014227,127858.49365215638
4027.8975219726562,127914.26107619486
4036.085629871908,127939.86631206101
4036.778401425949,127951.70088556841
4042.1436681917858,127962.30895124165
4045.83849997179,127987.24760910447
4057.0391352517336,128026.15624413331
4058.512122767433,128052.70131385328
4071.1321642739367,128064.34999161109
4076.918757506781,128095.86873655669
4079.4259897640486,128100.63781370442
4086.673032556262,128104.33156234879
4099.290736743379,128105.37781928276
4100.397359882096,128162.71278083319
4101.503747463218,128189.42789406441
4106.221681799207,128197.96669598986
4106.715406060217,128206.0930370432
4108.4768699918595,128227.24641651759
4109.239901832121,128242.02334681593
4114.7317236491845,128280.38730667328
4115.048491069247,128316.66661664422
4120.483830775536,128335.14598330433
4124.438994271422,128443.79571417403
4125.535863603869,128469.15141056263
4130.332803726186,128496.31387003844
4140.549588918658,128500.29497456552
4145.329895360122,128502.64622669565
4148.527015890423,128514.81498845991
4154.74997786114,128521.10907864574
4155.204984664917,128526.8868888958
4171.085135323661,128570.53807337796
4171.574366978231,128620.20249698844
4176.545806884766,128630.28457695234
4191.762784991951,128675.96283846241
4192.967767596239,128679.6303774802
4195.543380635116,128720.04084927702
4195.727830001295,128738.0795157807
4201.346984658953,128745.20406067374
4202.296530178629,128780.71909512793
4204.481735672225,128800.56373991279
4212.501687186115,128810.63423548438
4213.246251353207,128850.92929438181
4216.416409730893,128854.79880023008
4216.525291408736,128906.65298816134
4217.525431632928,128921.4208103418
4223.152304445008,128929.5256868771
4226.727404730643,128932.03097314482
4234.275773729608,128948.22914659989
4235.81860615523,128956.38591911107
4238.099201645171,128995.7620270593
4251.018775905902,129014.94938982386
4255.591184531015,129022.20420825484
4255.630875928071,129034.8388797725
4266.380406243465,129038.51475439747
4266.730135236469,129041.18587791926
4276.099385142308,129056.32854936805
4277.360727446412,129122.79857879871
4283.891848632287,129140.2248130101
4287.268188476541,129179.14473625591
4289.5488220453,129219.82729555876
4298.387410572585,129260.62369297245
4302.007052779181,129273.57221640859
4305.400680405757,129317.38199780672
4311.767130851742,129390.4257457768
4314.731538772601,129409.65760275295
4316.64457743508,129420.93071462441
4335.680133478969,129424.08879721168
4340.762383733464,129426.0872774124
4345.0,129428.06035961414
4346.122048139627,129455.83043471404
4351.141382796432,129456.67543709275
4357.355425085363,129456.92683243766
4362.562345334462,129475.43845333386
4376.323187163901,129503.38182155567
4378.258804661891,129557.90349274881
4387.228255987161,129572.42232671808
4397.717770729751,129575.36478017061
4404.321903705575,129580.36466743263
4408.342738236697,129639.31009420328
4409.523529733934,129682.80073572899
4414.146939039242,129691.22351828651
4414.589862823486,129694.71987496105
4415.217304774698,129706.99672700674
4418.825393778942,129707.11765415326
4426.06796073915,129759.40625588378
4429.51540374756,129780.13073578908
4437.0,129791.0514370714
4437.0,129819.46040388514
4437.0,129835.78095809056
4437.0,129859.69280758919
4442.000000000002,129876.31840242658
4442.122036644412,129884.59476785999
4455.154973387737,129904.90162072868
4467.018174290657,129921.84819114211
4467.018174290657,129960.7196127006
4472.320472581048,130004.35687283098
4479.607417515375,130029.38115632534
4480.785213504514,130034.10001376686
4492.966452598566,130078.77801103255
4501.893720660888,130087.22090642793
4503.718714271274,130103.74218348092
4505.146596244383,130180.38841712472
4505.412877457522,130199.79485380647
4523.722611597603,130213.18000360896
4531.622419357298,130216.54883195671
4535.487193243831,130228.23414635652
4535.928605488399,130241.14232053074
4536.979866470587,130253.76788105295
4543.5718370164695,130270.78952476807
4549.616869534752,130281.46821933977
4552.330424921859,130299.50378457143
4553.865040063865,130301.62493171012
4554.219378607599,130327.84976060045
4572.335822480063,130349.64206610403
4574.626222099578,130385.49724611212
4576.827528153142,130403.56998573034
4583.633231622847,130408.32189495223
4589.137689862931,130427.76879476638
4591.365547452663,130433.32084717065
4601.076123476028,130434.53844378676
4601.646264757386,130435.38570158822
4608.24161965504,130495.58863260063
4610.637748990727,130539.66366039003
4610.637748990727,130549.76078603943
4614.178006512793,130575.8860149043
4616.625196661271,130638.56226406776
4618.399507641774,130642.35913315837
4624.562853370397,130656.05706908024
4635.957322767812,130703.29618653224
4661.787004300539,130716.74201563431
4661.924298192779,130743.90786121576
4667.953777074815,130749.44247027801
4675.324234758106,130789.71937685358
4678.691568987728,130818.6711671694
4681.585206917347,130858.24088467879
4684.034650666359,130929.40032308441
4685.544987201684,130975.75915181638
4685.7402964660005,130985.69839990989
4685.865022165444,130992.96193374916
4689.101139681679,130994.29236252821
4696.587086575369,131004.05322303089
4699.894934654223,131005.40856833113
4704.230832423462,131018.10985405103
4709.073888097493,131105.8083603382
4711.6291656493795,131151.04188011374
4713.0,131153.04352588305
4722.84330996446,131153.3944029978
4723.229055200329,131156.1187999929
4728.955122232441,131157.9834538697
4731.037833758769,131167.14287321919
4737.96245086195,131198.53731155387
4738.966736929743,131222.13087960647
4744.000569479786,131239.7364476579
4744.619212763614,131249.7455259902
4751.851755244401,131253.2974922657
4752.076098033394,131283.5453169005
4762.774771775536,131293.0063115699
4767.018667561627,131300.6467457243
4774.918360880423,131305.0295698473
4776.600202918067,131348.08530778546
4776.600202918067,131444.67762068356
4778.824780702602,131484.0071714946
4782.226488385897,131512.6957064867
4790.687308107139,131518.05398924858
4790.877897398817,131530.76412948535
4791.828819411123,131536.009503058
4794.512252807618,131555.2648476191
4798.770000474792,131573.99195570595
4813.635739854406,131598.5567727089
4817.409307752334,131607.8871242318
4822.795309049765,131625.51994490623
4823.557149614615,131626.17653684944
4848.218440685929,131701.2303669622
4851.467299597602,131710.85770116543
4851.642225912633,131716.75615532062
4853.172021406001,131725.3632844175
4861.028368541161,131739.916391032
4866.447617326457,131747.45400094992
4875.4933092253505,131748.71622348687
4885.0,131749.70529139048
4885.0,131755.3887603028
4885.0,131835.92029376546
4885.0,131844.98545534266
4889.153438568092,131873.43314075493
4899.979006767271,131889.8981870243
4909.548249432015,131900.75084963872
4919.014920507179,131967.65185986232
4922.889995251387,132027.61790486745
4941.252102851859,132034.0952460936
4941.29128973825,132057.70967559295
4947.249934230533,132072.6530178445
4947.619475534953,132138.70755525993
4966.277394192592,132169.35130906105
4970.6169158220355,132216.615042482
4972.145380905654,132241.8042712978
4973.8638741288905,132243.1813417672
4980.981425813276,132245.78968080456
4988.072165625427,132272.21959074907
4990.056574157297,132273.28847676518
4991.291449614912,132311.6613439663
4994.370595591394,132346.43212270748
5001.014121804922,132363.9710654617
5011.2836619104855,132401.44753324988
5026.386676464782,132445.84886527061
5035.034164428711,132449.36755092663
5039.065403291113,132465.20301384598
5048.8144607884515,132483.00748646265
5052.914636748175,132487.0027117217
5056.010313153268,132546.93042169305
5057.53115950312,132569.97129581656
5067.703025272924,132579.4905689444
5069.962227446698,132616.16338067388
5071.19323144635,132642.02985683508
5072.513735328403,132687.76362035962
5095.872049127308,132700.3118955067
5108.481598445362,132724.6757561479
5108.5793223381,132778.5487286873
5113.0851940087,132789.49079564642
5113.391860893797,132814.58226280552
5116.517294406898,132864.48916103164
5123.766461917351,132869.07822646407
5126.201214381585,132871.8029226745
5130.646182571133,132873.28988066755
5131.209396362304,132875.35036390167
5137.495914493284,132925.77938095163
5165.517230851277,132931.63501191995
5173.943986696855,132975.4066544175
5176.017509732936,133021.40087364393
5183.4134859016995,133056.58496413907
5187.060453585233,133097.00646190986
5187.437702894209,133113.8332265615
5193.447280066341,133132.2026936156
5201.180605684,133141.37332950317
5203.63263474194,133147.37860400334
5212.109071561248,133166.7837086576
5212.888172013414,133199.33190144802
5219.094512990534,133205.33662273202
5223.685133542307,133211.5621450969
5229.169908302174,133241.18485706204
5230.2698238236535,133242.81817216525
5230.336585998536,133252.7053520678
5230.394867522385,133277.53538788215
5231.826992835319,133286.78915272444
5232.115636893708,133300.42446408968
5240.090799944748,133315.6717503752
5244.171911035288,133346.08740070043
5246.204880986904,133365.96517842155
5255.80861524176,133374.35282786418
5255.870989118309,133440.92737929308
5259.488456078931,133476.63424488483
5265.0021238327045,133488.64698270374
5265.581906488975,133495.1363175937
5266.258778299574,133506.42054218907
5267.721988916426,133516.5204177839
5270.366615704128,133523.87326967707
5273.559173311514,133530.7246331828
5277.647954225548,133532.04646813872
5285.130426355769,133556.65906878878
5286.301725949534,133592.39940757415
5293.59288079396,133595.4473392964
5295.9972216061515,133595.8191913025
5296.00677163262,133614.7788832954
5310.3410248245655,133618.0449760301
5339.5630332742185,133657.4620717253
5339.5630332742185,133671.03771485598
5344.221824645983,133766.61317401277
5346.210733686174,133803.30897070683
5355.428653444549,133823.792775069
5355.98697681089,133849.12657425235
5357.17278187618,133857.05138960917
5360.0,133858.6629470075
5360.0,133867.53312729087
5365.590857778261,133901.44017708304
5370.051968523442,133914.38954748423
5371.452694245778,133915.40101405553
5378.564047813401,133926.36896073812
5393.798241513112,133937.12346834794
5401.023848703931,133949.4187810762
5406.3839436939625,133990.1619568212
5415.547977822141,133992.6160627178
5416.531129990306,134006.30120195664
5417.873240062175,134017.63204731257
5428.103866883681,134037.61500387534
5433.2617473602295,134042.18962100573
5436.27967987745,134052.16997408867
5439.246071457859,134080.2074650526
5440.492126464849,134100.44390116428
5441.965681025016,134113.18449805462
5442.855818714428,134140.0083958932
5443.862125635148,134152.05217289925
5452.327044980879,134176.90416267945
5453.925909570289,134179.17062042438
5456.449343902696,134184.3806268318
5460.481099878038,134203.771533319
5461.157742125659,134224.91911140518
5464.451762335659,134373.21040925808
5465.1218512398855,134378.9304050888
5466.004154750278,134407.98962410862
5466.024523377448,134439.91178131104
5466.53860558783,134460.2972344841
5470.653217485976,134477.34215191434
5474.798128570828,134493.81538059033
5478.189483591489,134499.0042128733
5480.330906953139,134520.3705617019
5483.766444683102,134522.20066741534
5490.026240212538,134531.72105033058
5499.28689183508,134534.3901918446
5510.95568401472,134555.397557991
5517.770402363383,134571.86957403593
5528.565410069052,134601.32866369802
5528.757183926431,134617.60422999517
5537.183133534052,134644.94767710147
5540.584400091859,134647.87673963828
5544.555973717114,134678.4801851682
5546.621896335057,134692.88347824977
5549.067109176092,134734.52548132633
5553.061365263808,134738.08935217353
5556.550831181655,134746.93960900826
5560.3634010382975,134760.92820814677
5569.925944873273,134769.57282638547
5572.751677513148,134804.76782747672
5575.500799417501,134826.93566683342
5575.9731879575,134907.3999470132
5577.037451539723,134976.20044139464
5582.029789243419,134980.55981682026
5585.417843409937,135001.94545718603
5585.747999514857,135086.52618774338
5587.425741144594,135104.8533157195
5590.174433588964,135111.5908686092
5593.840491073483,135222.69684193816
5594.4763448579,135226.449848158
5596.677528926317,135230.43907304315
5598.338928495143,135275.16918417392
5602.370201757986,135282.9461323364
5606.513307843877,135292.8879465546
5614.395076887957,135297.36309211596
5617.884578466387,135299.00547516352
5618.175973994401,135324.06478953356
5618.83268788883,135339.33962709561
5619.162958366522,135343.95609698966
5631.2890186309905,135349.95417683473
5650.436073984383,135421.43212425706
5651.164892673449,135490.8762774808
5652.273715530141,135503.28281370222
5652.782698699404,135533.01000274936
5653.984468988045,135556.29716547893
5654.047240972526,135578.786448402
5667.845817489284,135582.6887434551
5669.330296669669,135585.9045959711
5670.242079326095,135586.11606764785
5672.883775608878,135599.9405511192
5693.1589528492295,135606.8613262687
5699.813719068269,135614.80733978745
5702.5988185065235,135624.88040764834
5704.443547282897,135625.65423779833
5705.577518292819,135633.03484589708
5706.98189735412,135663.8383072102
5721.710231576646,135664.5161598751
5726.156964523414,135674.69334084645
5738.602842654579,135749.9441065106
5739.671252250664,135810.19122191836
5742.2029789515855,135853.98323205538
5744.114391871857,135854.55059637342
5746.509037971491,135859.30676698673
5750.138239860553,135863.92418250022
5753.209870100023,135874.93102999235
5754.898724555972,135919.97165605004
5761.254912938406,135928.55374136992
5771.867522852806,135932.0970752751
5773.3769730159065,135969.35171645033
5774.928762469948,136009.4518198116
5794.685345240994,136039.99810074063
5794.951847348886,136043.15057161864
5804.984018189584,136062.34704552375
5814.409522448265,136066.70025881717
5823.704585296787,136128.81804786407
5824.795788969317,136143.80746236874
5834.575601100916,136169.1025416851
5838.95803591185,136189.7893160581
5841.808469806392,136201.47267280312
5845.0,136231.31761709275
5849.409520694195,136391.6867887803
5857.864414828163,136401.2588946052
5862.109243120456,136419.96742865
5862.887684958294,136435.81697060377
5863.77353274822,136463.77102158766
5871.80321148462,136488.08357231956
5876.773543051321,136563.26670132362
5877.607612473628,136573.39626426355
5882.043546336059,136617.08287828308
5894.57478799138,136620.90070252772
5908.578164185784,136621.69276666635
5909.203808750444,136645.09818514745
5911.005334990359,136670.59946680916
5913.977049725432,136683.72007041317
5919.668402808058,136702.89318430424
5921.908659764701,136726.47182595718
5924.083190509259,136741.3754739761
5924.352687699444,136798.6041515384
5931.048997913101,136827.25612531387
5933.055435316894,136855.63364810607
5938.783915758134,136892.3492122549
5940.891247068148,136982.45351741137
5947.87924184117,136982.86489854543
5948.8899753775,137007.62462832243
5962.281658325866,137030.16160149238
5971.508840220293,137068.65678172445
5975.164572817939,137073.9455745901
5976.400840486804,137076.33477314882
5978.158481121063,137079.77656223095
5983.074451088929,137129.02688317635
5983.263332503177,137146.0746280807
5988.147647721433,137214.45410082163
5991.99573373796,137225.55867772453
5993.1254271099015,137230.75451358725
5997.121684891829,137261.39891769201
5997.247545378538,137312.40692022874
5999.524491991309,137367.61016627727
5999.557263817104,137420.9759333219
6004.1423996516605,137436.40700570183
6008.811830793107,137448.81929196639
6010.837500086876,137512.42940413952
6025.418694768625,137522.40622478726
6035.7099394798215,137561.26921628203
6038.099959237234,137566.21572239063
6041.876368675912,137593.0125598481
6043.000008208408,137606.31882091938
6051.8732227257415,137606.67063556396
6060.339065687985,137611.93286498953
6061.043834243508,137625.48442774164
6061.162984064649,137634.29214261268
6068.847984313954,137648.24354290956
6074.674150739384,137804.93106268134
6080.372434888551,137820.35205910882
6081.152623483103,137829.6279478925
6081.910819155839,137852.13842977796
6087.493634360178,137863.82043802732
6087.493634360178,137905.47448080787
6093.395031758693,137943.4225550549
6094.536336745526,137956.1744418144
6094.972225989598,137962.24226258486
6096.364827292304,137972.44005765233
6110.729237011501,138039.97692086868
6112.61466271537,138042.04664146894
6119.80264442308,138042.95950235633
6126.399823529376,138043.46334220681
6130.851885829641,138044.99625676023
6131.661117400443,138052.674462114
6133.636366980427,138068.9797740493
6140.871994018555,138070.783183728
6150.456974574503,138071.06718010566
6153.286757435091,138096.36969673634
6155.368055224378,138108.79752227227
6155.515132767819,138123.83387718882
6160.211004529674,138142.49287222125
6168.551798956771,138162.53913247585
6170.467659269056,138171.45289541996
6179.680621964589,138171.6055192607
6186.790761028007,138194.1540098871
6193.099488598965,138206.32182473794
6195.258863483155,138209.4651348251
6208.430436781481,138227.22374333657
6210.0774530002,138234.2596669708
6210.6739657947,138357.5483848028
6211.966010740816,138372.19012287693
6213.56630636965,138445.05478608608
6214.096093109692,138483.14857070782
6214.848777805042,138495.4263388259
6223.268747167923,138520.27342864452
6234.835000923699,138534.89311303414
6246.397229126523,138535.55963635436
6253.0455954075005,138542.18036350177
6265.0,138560.17202601273
6267.243416666963,138565.33507197245
6267.54126945564,138567.2980983341
6268.3259205306895,138602.19711123192
6273.258619734216,138602.87379418098
6289.406714320183,138614.26427832677
6290.279106344469,138619.7608948775
6298.132159301222,138632.83370179794
6298.714158603138,138650.65809266915
6311.939749240891,138704.8313204561
6319.256819725004,138795.86229281762
6323.916377476283,138813.77132875583
6327.045340963774,138816.771851199
6328.732694012775,138817.7138752767
6333.62331880846,138823.10291472514
6337.097483532778,138839.56055399345
6341.016892586445,138857.05710276545
6343.961031232574,138878.9846183742
6349.450387001032,138880.18616671214
6353.2482092039945,138900.81544101253
6357.387924228391,138915.84518654004
6359.761251926413,138922.7900858777
6361.0485161031975,138932.7389998606
6364.858877692901,138989.9259278092
6366.832431588875,139012.54652467795
6378.241445549949,139051.89877986914
6380.781723567416,139072.89253561833
6389.110225490145,139101.80928814417
6398.233457565326,139111.8902676957
6401.908274531328,139138.86899553036
6407.971111842568,139167.9343506268
6408.788367067057,139187.46016400203
6411.078073774061,139204.58295845988
6417.481901373179,139206.71489156986
6420.6015820673565,139247.1050797021
6423.145933917598,139261.96576057165
6423.5903528928575,139287.52608388657
6437.4112184558635,139330.20841790957
6450.748002461038,139332.06678710668
6453.325056995669,139389.3578578234
6466.497379098617,139399.4277634111
6468.278976270157,139430.90095760138
6468.650385073219,139437.19945557625
6481.641021558184,139445.32295267933
6484.842823573532,139455.79663173645
6496.813660757882,139478.3940815244
6498.547631434027,139538.9596763338
6499.917387229982,139576.8712669781
6506.416138155126,139586.65240541525
6507.883871146604,139591.95600957534
6513.414144362733,139594.3790112565
6520.5075984682435,139602.70542744227
6522.023640905082,139609.80508271282
6525.730619566793,139620.95718937265
6526.56320531028,139622.1819056273
6526.89112571306,139625.80748178277
6529.175971746428,139628.11473424942
6529.175971746428,139638.5500848294
6542.674944741365,139652.80469654273
6546.1781442846595,139685.9384385007
6552.915538276948,139689.94161309506
6553.974310329982,139692.7107838309
6563.000000000001,139693.44494256808
6566.459012917112,139724.25201640814
6566.665232998961,139728.83715069294
6587.241637195851,139774.67465986527
6590.983556474943,139808.98148017272
6603.726069143842,139834.30257710392
6604.196293728696,139881.2622966256
6605.5648404530075,139909.45030750558
6614.180079221729,139937.57181564393
6616.436248506835,139946.4421475274
6619.5630332742185,139962.4320525101
6620.479066303775,139988.35005434914
6622.167921543098,139993.9158412048
6628.531420247867,140015.66430843732
6648.154054045693,140062.4433800664
6651.49827054571,140114.64127670013
6653.384494423888,140121.03164213046
6654.278351340964,140135.54406266558
6658.233939034596,140192.16491909552
6662.320128032186,140213.81596953532
6662.725094522764,140260.02955268108
6676.092638765054,140262.59899640095
6683.297827584403,140274.93336633279
6691.811904907226,140316.64084558818
6692.102989809848,140354.8136911222
6692.587178468715,140393.80410936897
6704.641189302724,140396.87978797304
6707.17751359939,140398.3884410688
6708.358946664004,140410.31841236344
6709.281592232828,140443.88003223282
6716.14369996956,140546.28444124977
6726.5487827233155,140595.4772420271
6731.30763762338,140626.07271501006
6739.12722890718,140658.23286625318
6740.241165842328,140679.4344660384
6741.839851983987,140693.76638982986
6746.218724829816,140698.42764798237
6749.7853797503885,140761.65135981375
6758.523596150542,140773.00473446504
6759.920756544381,140777.31939348136
6765.008705650065,140809.247107046
6772.657688481457,140828.4665277514
6774.098977633899,140848.36792169305
6781.674000058847,140859.79584853983
6786.480629920976,140860.08993399137
6789.93224900106,140860.47210429388
6791.512847764146,140865.48298864713
6793.807481970103,140880.6021382468
6794.135362676203,140909.05884550302
6802.629782932128,140922.20965029515
6802.787845202854,140931.69012510777
6821.792861665974,140934.07216806075
6827.128015552231,140978.18523590898
6827.205255797866,140981.07414240495
6831.338562556668,141038.47349660745
6835.555644563311,141048.40745270252
6836.208299432493,141048.99355592046
6840.58078237941,141054.2382737398
6841.800939151238,141068.651732547
6844.31540601597,141082.20179950344
6845.819497738574,141099.2345878909
6847.003313847941,141111.22392606732
6849.206299373098,141119.52908776485
6852.339220319467,141129.07096316974
6858.629947934813,141151.71594885414
6859.464933821137,141181.88203718842
6860.031750270338,141196.61874632322
6864.399228777199,141234.38889346796
6869.7375450815025,141247.82141506672
6870.845291546396,141366.69941166462
6873.340301053822,141398.4074756418
6874.860909870711,141419.31749011803
6883.914627875563,141452.45037305358
6884.177172797063,141458.16360039372
6887.654881068631,141460.82305760885
6889.194948247492,141468.91820524426
6889.472940819591,141482.58747782017
6893.646438053688,141508.4673450332
6894.902723721094,141575.99030302253
6897.714397294159,141592.315849151
6902.611408012234,141593.88945788995
6906.845105239317,141608.37202887872
6907.300094570434,141637.03938863106
6907.551864283409,141660.10394120222
6909.6084927490865,141685.9392427206
6911.595601218086,141690.19368854602
6913.386302811796,141719.72163575038
6915.42671585083,141761.78055693422
6915.775242771415,141787.3520370381
6919.984479631672,141788.0582534756
6922.354874048979,141797.02623843303
6923.399975129527,141849.66936666623
6923.912351301766,141851.82922314742
6930.863254513039,141887.91609529092
6938.145707862721,141910.85706107962
6947.972658191387,141927.77672260144
6952.212083305595,141928.7880524397
6954.021494422644,141947.57722062728
6956.656482151566,141959.73401038995
6957.4757486070885,141971.65937086512
6959.367208651127,142015.26989443816
6962.725653512149,142015.83820044145
6964.9092984199615,142065.8726917505
6965.432141985222,142084.8945606776
6972.752248849209,142088.6319552319
6974.414494650717,142108.21761521284
6977.87415501049,142123.000392369
6983.304546049661,142185.92721976544
6983.304546049661,142260.03982855612
6985.985446725572,142274.946504712
7000.691315565775,142282.59187662596
7002.139546649842,142291.57567809313
7007.8566355705225,142302.11908580578
7010.498445919571,142312.130758575
7011.4083007404115,142322.25068650927
7012.604147332055,142326.57660613745
7015.868543011809,142354.15699476853
7016.758360760564,142357.07946794375
7021.422254289894,142374.5363587481
7021.997128435544,142395.68815699645
7027.063751118526,142428.69777200904
7027.875683333183,142429.3246284724
7028.378239580555,142446.8251065357
7034.96267236983,142524.65430452145
7038.447632449024,142572.9998265845
7041.504629492738,142584.85420812867
7043.699911117553,142598.04653273302
7047.528935977388,142605.46861550628
7050.579911231983,142635.47612914012
7054.6721192087425,142679.616375804
7057.146152615549,142685.54809473245
7059.683933598648,142689.26474986758
7065.986385583859,142730.0671394892
7071.447659969342,142738.70001198573
7078.245797157282,142745.0847414561
7079.68626403809,142749.0942207404
7081.408529247561,142784.41638353898
7085.7406005859375,142785.68592803818
7086.519084998552,142788.84719988282
7092.475663457601,142876.5569358213
7093.849111284534,142883.4069381782
7101.042827844614,142894.0570387328
7107.632276058202,142922.05970316287
7107.661133084972,142930.37683228083
7110.899783543181,142936.14489184954
7112.224169697068,142952.41189655237
7123.716245242524,142996.3551816429
7127.424853018364,143027.37388975278
7129.79122086934,143038.5219540085
7131.698845233212,143069.29396688938
7133.660987854004,143077.25118056376
7135.42925354412,143088.7559076122
7141.448668343685,143112.63506615156
7141.751813616069,143121.7626722625
7152.912585054122,143127.85924000404
7153.351527759008,143182.72015082833
7162.9671441316605,143226.42542052272
7168.062666348047,143229.24737872393
7168.856150167315,143233.09342234462
7169.12067805018,143237.36380175184
7177.563267230991,143255.3767829196
7184.397410937711,143300.56554211886
7190.791617785174,143318.17023680892
7211.443834696484,143321.9975379536
7215.572590317042,143331.07244433675
7219.0870180130005,143333.22868420393
7220.651787383211,143340.113741551
7221.658567769171,143371.5123517173
7225.4141925573185,143383.80944974083
7230.91544479983,143459.56158045353
7237.577735458113,143463.95268909415
7240.053323473239,143464.00981793232
7240.321542603686,143496.9187664816
7252.259046213995,143503.37805002066
7252.734284315802,143526.72361559514
7254.8856951168445,143560.1576767221
7256.69003146035,143614.25597630243
7263.185688768101,143617.76760293747
7266.999921934943,143641.86572437617
7267.540625844645,143662.66119619782
7272.987662315414,143667.23617620976
7274.042249270842,143698.97351625987
7279.4045864854925,143703.50166092595
7295.189082758807,143750.15331591872
7299.3873183386895,143770.7740260022
7306.697303652759,143779.79312964843
7308.631598608848,143852.59839689726
7308.92377519607,143901.0453013181
7318.347335202329,143908.213616005
7320.361776930893,143915.03532917172
7337.824677245965,143941.33892997672
7338.707956637652,143980.18770069734
7348.285508939202,143987.86690974238
7352.561253343305,144028.94767269905
7356.017429692416,144031.44992346433
7356.857409477245,144036.65822201123
7358.300356558373,144056.09161065306
7366.196383254875,144073.82000596172
7367.432240486145,144118.26937139043
7371.43363203319,144150.77905275137
7382.249761785781,144199.04118290966
7386.872421843616,144211.94396839823
7388.267379760742,144217.76320794658
7389.352893897467,144222.79383366462
7389.864763838893,144233.90102096967
7394.751937150957,144263.88507802994
7395.142927493409,144265.8386027302
7398.659423828124,144307.9953034605
7403.88137871877,144376.80529536516
7404.606805018011,144444.40118040354
7408.543362532335,144462.41138185788
7408.69075291499,144478.17309554137
7408.74896427564,144507.6896340336
7432.3112963949125,144545.47763965814
7434.466194970269,144600.39255550923
7437.736158166617,144605.71234945743
7442.696560314729,144609.03633427614
7444.841889279225,144621.8744900397
7447.367834568024,144636.28181879863
7452.8976701327465,144637.69473506726
7455.797144719518,144656.04892213002
7459.54932403563,144692.8736451864
7459.997998748496,144697.92535242016
7464.00677694591,144702.4871002094
7482.118306023736,144734.82847837894
7488.160394941058,144743.31228400968
7491.920480660063,144760.2816770246
7500.113979560978,144763.11066183017
7500.6116792304265,144796.06510841844
7502.656482151566,144836.05788694107
7511.877006377492,144845.64091042127
7514.083904675066,144861.24662080826
7517.349027838023,144875.79348383623
7525.2129806791045,145001.9240606001
7534.4563740321555,145075.33580205264
7534.968415260302,145103.79236593423
7534.975521087645,145119.68404817596
7539.3082977363465,145145.49855733773
7542.217964359704,145157.03078067303
7558.0448167324075,145173.20304223473
7564.520929881501,145175.036479456
7566.395753451766,145177.23213739044
7576.103448595315,145177.67026838232
7584.7081290483675,145199.28094107762
7584.771993296483,145203.937347906
7585.187854358093,145247.5784903083
7587.455749920442,145255.70813185826
7587.516833373484,145256.97236413613
7593.131313664593,145313.09429616586
7601.038360663809,145330.47677915436
7603.692883576646,145343.62060252257
7609.056257196844,145348.50019882407
7615.6818783283,145356.92543223937
7617.257403135313,145385.9163632052
7621.243589222432,145436.9592902492
7621.640543937685,145454.34632231505
7623.684113570604,145482.6592389516
7629.038830178114,145491.22837829593
7632.060211726592,145517.0998260805
7639.320308140334,145519.01883431838
7641.391048192978,145533.97696362215
7655.002134561535,145555.35809789377
7673.3242107800215,145579.9305459091
7675.84325318682,145580.2125024966
7680.365254572469,145580.46302764755
7683.554825135621,145605.51121053527
7689.864886692592,145631.5435245888
7692.690090860637,145633.32585106575
7693.7459333283605,145636.4740348033
7698.744773524155,145637.8266803878
7699.134250572732,145657.65138186718
7699.134250572732,145661.10161402408
7705.3058398706635,145698.7485464302
7711.27031149182,145718.49276595464
7711.850171446778,145742.80323251657
7713.955544642038,145747.63145717554
7716.086748940641,145782.31601452813
7719.980768374023,145782.65026554046
7723.028573989878,145785.58753384862
7725.227890729902,145814.7535170656
7736.070234332762,145844.61452356406
7742.633309721957,145849.7093104805
7742.65158673694,145849.88121766713
7748.234074081674,145898.4979353462
7749.9291855948195,145899.09880958273
7758.346939359381,145902.54916037834
7761.201108217241,145910.9595911331
7761.829051630828,145955.2595887356
7770.03746916569,145973.67833186907
7777.370764153334,145989.95403774298
7778.370941979538,146002.75118344187
7782.438436576305,146005.23366679458
7783.56480571202,146012.02652515695
7785.171983071732,146037.64141946184
7798.869013377597,146043.23329583227
7800.381378991244,146070.39757369237
7801.877849851331,146088.77854947536
7803.539837496623,146101.9179001706
7808.965493900449,146119.7361243537
7820.098693847657,146147.58647562773
7835.872200982869,146157.89632618421
7844.2509786912415,146184.5840626615
7846.019800662991,146213.57628357405
7851.172382184443,146221.8150319883
7859.837511811935,146237.75314634177
7861.181625059678,146247.67397369654
7865.482681904522,146266.43743044988
7874.57103409088,146272.04993685655
7880.910345298898,146309.78212082386
7882.212688173564,146325.579752309
7885.580858639325,146365.17119564337
7893.739608764649,146386.31143435417
7904.934495312807,146411.66354492732
7913.554030248099,146433.24102641852
7916.273203441066,146451.04422322338
7917.036801167903,146451.91403710848
7919.740043231424,146485.6922348737
7924.238019398286,146489.72964399203
7942.235530444537,146493.67037179664
7943.41335061618,146522.60332810876
7948.1379758119565,146540.77984518665
7954.0022305250095,146552.34993523365
7959.841924922831,146553.9358399254
7962.274440356637,146588.86411806504
7965.506752831572,146605.68289295264
7972.9672408104,146619.09089300458
7978.0,146700.321604899
7978.0,146727.4051053864
7978.444749236108,146751.87602816307
7978.902013778694,146771.70706146106
7982.501546621321,146778.8288371904
7985.212246077455,146822.14457312648
8000.354382787455,146835.0577673913
8001.556379931211,146846.0928923488
8004.9593671560215,146861.79201304907
8008.074459024873,146872.2299648183
8014.1045393943805,146873.89213417255
8019.425440243313,146882.93432324272
8020.834768806204,146899.874999421
8027.168281282707,146924.7039865425
8027.47627803262,146929.48710020952
8035.261281047562,146949.14489272656
8039.590759277344,146960.41544108727
8039.913223896698,147006.84004231865
8043.331447056351,147007.17062774728
8048.1298436437755,147007.27035169952
8049.864878382017,147048.21963053092
8052.1206024714975,147092.8737451689
8063.956532069646,147094.15955466885
8077.732253057616,147110.7933854716
8084.070350033924,147113.93518280992
8087.425102233887,147116.825434838
8087.709921189722,147159.5951378005
8101.574264185789,147164.7779183559
8103.37869877475,147178.77109880123
8103.93835190363,147182.74872310663
8110.343568154735,147192.39708515577
8111.141303624419,147203.9730912958
8114.09094987597,147232.81523079533
8114.6260744844085,147272.87343346214
8114.818924920879,147312.56814454292
8122.362852982125,147330.09049231667
8123.58663722446,147360.9127218213
8137.045979329516,147385.493430308
8137.285687650954,147390.63671645103
8140.93506082467,147394.98143686564
8141.608177116942,147431.5179782936
8146.238035968398,147450.54589681953
8152.822781154085,147463.1556104762
8153.027940954469,147469.06910543772
8154.221725497926,147477.68907741137
8164.3606210436155,147490.8876159616
8178.739668846127,147517.50426361387
8187.797242505228,147523.37541866305
8190.518903868562,147529.69658574034
8191.916689089359,147530.7340003593
8194.291800328636,147537.24697224592
8197.642364025089,147568.62269914156
8199.035366535194,147602.05111496797
8199.830701742885,147608.45244485998
8199.858551808764,147629.05198984483
8199.877493602897,147664.04998765662
8202.34190389091,147693.50079258851
8206.69752107345,147695.78433297362
8207.007112230565,147699.74559651953
8208.809474093581,147699.91321022168
8210.581653015957,147702.94488176284
8211.831638608608,147716.15673490934
8211.955931970075,147727.7800356662
8217.726049048564,147757.96839298526
8233.325156143736,147834.15459014682
8240.433517507166,147842.44786420892
8244.246932983398,147864.08648998395
8250.311932018849,147880.1854547431
8262.628101766168,147911.8255978823
8266.649790508414,147952.85057377818
8274.4215479408,147963.88388489818
8274.944487128938,147985.03588071896
8275.078418629502,148077.93022378007
8282.749166829268,148083.59779116092
8282.817960943506,148108.42132673954
8283.491007668636,148130.59322176667
8292.858086228342,148176.2046705655
8301.896536827036,148190.9687467133
8307.995498367713,148196.03154909622
8310.18296405246,148198.44191287243
8312.462216019578,148203.1758270093
8323.775080680845,148241.25071964954
8326.635588986534,148245.93852562565
8327.302744388588,148253.40719496354
8327.43667609354,148260.51154036183
8340.010258896022,148307.81042279516
8348.47215884072,148309.77259165904
8354.744618569104,148333.29007541272
8356.667150224981,148356.39396131036
8360.41475391388,148372.2105458975
8365.515479428395,148390.88967142787
8369.91456777709,148393.6302395378
8373.614673614502,148394.16742673944
8374.184647492,148394.56061097552
8380.486563478202,148398.78682303423
8383.925567661025,148428.35630186112
8384.99722290039,148455.42580786778
8386.548283100103,148473.56076095777
8386.594415528429,148504.080647724
8387.877748455314,148505.20065997328
8392.248293212464,148519.85795707357
8394.914081318018,148522.1839228016
8399.405231484368,148530.02779071682
8399.86462649277,148547.2062650919
8405.271065694902,148566.89323897022
8414.362006323678,148578.6762370552
8418.027640751452,148587.61453393538
8419.533265147891,148609.8954760005
8420.282584054119,148616.08564209094
8422.611930302211,148634.4481560418
8426.55426720211,148652.29632393803
8430.080572026136,148669.57605239327
8431.480966840467,148669.98072976718
8434.992504315705,148699.75453640724
8436.40055411202,148774.44678483685
8443.446728706364,148808.45218999044
8445.823221870833,148811.4345516222
8446.130923611763,148828.01949346918
8450.892958589953,148829.3149811201
8458.350599391119,148851.30765923433
8458.670169523757,148857.6592696395
8466.760564497548,148872.6851114035
8473.785400390625,148877.15032046166
8474.964190125464,148881.32508192747
8484.105585685804,148881.35026288038
8486.646223153384,148887.08286654088
8489.085841672782,148897.8662004982
8492.68798651014,148908.28377209388
8501.890845026272,148943.56634923382
8503.333808370993,148964.94636537344
8504.874251229443,148965.00036269426
8507.968546032904,148969.10728914395
8508.363312176287,148984.03620842536
8519.520619698942,148987.81094269248
8524.043399214761,149015.9272054775
8524.603878566199,149038.37045838154
8526.511245063386,149061.33863352024
8527.229290008607,149103.5086823615
8537.891566753387,149117.1185731547
8540.952208382738,149118.43098117635
8545.384609767365,149131.49213160796
8545.78909492494,149177.75668561461
8548.576590154868,149187.75998890406
8550.25749301911,149200.81060656472
8556.268369300027,149219.89289237774
8563.63800820284,149230.54579445292
8567.632522685182,149244.20503612925
8569.012832505361,149246.14143197873
8574.299252424913,149256.53842009825
8578.62872874738,149291.51205270624
8580.853568077106,149314.80500626555
8582.570000920983,149341.25600765433
8588.190977028427,149360.47881717343
8592.63639540331,149388.8837100949
8594.258949960982,149415.76111950196
8601.727409166984,149430.9762834055
8606.291664106513,149438.83326849755
8607.486266221313,149467.99856175698
8608.136933854696,149473.6790986317
8610.051004477855,149507.37934185783
8610.09082433157,149514.6705790417
8614.195792266284,149544.73889957144
8615.658561808708,149549.88015566557
8621.850893224986,149553.45002869196
8622.592316150723,149566.98867816594
8622.680540902316,149604.07633890436
8626.80259307793,149695.56849532464
8627.604486703873,149706.05760468764
8627.667422975826,149710.78298447808
8630.29448059628,149731.7601525954
8630.571900503974,149739.88447124622
8630.616298845827,149745.18162449758
8633.918078797224,149794.99933796254
8645.35639144695,149847.32147598267
8648.566744463786,149852.5485792585
8650.0436724595,149911.99560074284
8653.0,149954.8239113603
8653.0,149964.59033102635
8653.0,149978.90339028847
8657.381698472178,149986.90699069842
8659.280519860133,150008.47267992154
8661.9983907427,150021.96299081182
8662.48727376122,150052.3633722919
8668.33848668848,150083.1635118042
8668.418211902892,150100.1266530581
8668.90118215765,150102.79153662067
8669.844872679043,150105.56759319978
8669.917024101527,150131.21133024353
8672.824521047696,150153.09844882996
8679.359635727764,150183.34527117867
8679.508632012792,150219.74301523823
8680.27429332053,150239.64170200488
8683.966383320962,150255.90793216234
8684.882451840827,150287.94290632865
8685.188813788549,150348.75578275748
8685.724727051589,150374.63953847543
8692.44180718491,150390.9623135329
8698.760316235686,150480.9612360171
8699.44654360839,150506.269079583
8700.089059829701,150517.36240267762
8706.31003073285,150549.5502639499
8711.61215441572,150585.41223054274
8715.627815246575,150603.56995322029
8716.069185529472,150610.31907098636
8719.338225705289,150669.06407194486
8719.365437626853,150669.82273849408
8722.635151028659,150696.71028551046
8728.622288227065,150702.79618590223
8729.265202811792,150707.01287019253
8732.555702592645,150719.43729099206
8732.661767891503,150739.50742658548
8732.730221169339,150758.4660717078
8740.361200332642,150764.45790751494
8743.215189661312,150788.59973728645
8747.34154168202,150842.88508508878
8748.141301189133,150854.89791005856
8748.948492629179,150857.34634460715
8750.756669998169,150905.21537830142
8753.789231266299,150924.7424710137
8757.819832512308,150966.84218277247
8761.691470248355,150979.43016084595
8776.822191596037,151005.42779728357
8792.215406128362,151047.5835574014
8792.972445964797,151054.88333361485
8793.92783566884,151055.93237520964
8796.826046126229,151058.55788613218
8803.10661508358,151082.08372982912
8806.57237546786,151088.7698164412
8817.642824343282,151093.54683142048
8820.948914459763,151145.34393048298
8821.614809036259,151168.4114518166
8822.87961748668,151198.88185470446
8825.683138711109,151275.87350156487
8825.901231220781,151308.82422856765
8827.66120750563,151358.00476186615
8828.808588947568,151393.14009036336
8835.45025888512,151431.5483791146
8835.624187435438,151482.60552595346
8837.340509414673,151488.4292814561
8838.130825587677,151499.5645345449
8841.079232556485,151557.37231203492
8842.27228648322,151614.61940942486
8846.266954949919,151684.8716824566
8864.857046263558,151698.93252315692
8872.709012167757,151716.39915452676
8887.134188141143,151723.90573607176
8890.513503193846,151728.7339260237
8896.457084792011,151734.38288004047
8897.15741789341,151749.58099123416
8898.877130644663,151766.52452531867
8914.2004405771,151772.5936437846
8915.727516889598,151778.26528162614
8924.48063659667,151794.13563031808
8925.318917683191,151797.15930805888
8928.066540939444,151799.2735741819
8942.535453251403,151800.35120902743
8947.000000000002,151807.59522567492
8949.124116710253,151821.21220619342
8949.434442622305,151821.82601014213
8950.724983555914,151830.12528526783
8953.215818200846,151857.60736535274
8953.215818200846,151859.24758063038
8954.759550639552,151877.54992803512
8962.96093014308,151907.4941205978
8976.003670283724,151917.67642176157
8978.598630632678,151938.69046083512
8982.894296816434,151949.77593989024
8986.852716718397,152034.94622288432
8990.90118125506,152061.6272518294
8991.70789766312,152126.18332740237
8992.352291652132,152153.5617836032
8997.539980036872,152227.22348606598
8999.060495138168,152255.4789377281
9001.86950605256,152289.36719996596
9012.05355743,152334.52289351393
9021.3611884798,152351.22609797565
9024.225567068355,152366.97157478315
9029.962534138145,152414.22047562257
9038.41757415019,152422.45000563347
9038.58788010053,152437.1579361643
9045.055892160963,152461.61332540863
9047.613779885412,152461.71604236547
9052.456491504377,152463.85493951192
9061.517282247542,152492.34608047362
9063.884862559175,152526.4634990011
9076.28283555167,152531.88666197238
9086.191316877092,152534.42831056463
9087.78096883638,152566.65266167265
9095.559366532734,152571.4626498903
9101.799170596249,152602.85109621292
9114.0,152626.13289759838
9114.0,152639.9729859318
9115.91703687394,152671.8822999171
9119.70540516718,152676.91116682123
9121.982906120198,152711.85258873872
9128.027903659025,152721.8899020126
9131.637111885244,152732.149660928
9135.929679172403,152758.3707319498
9138.406259468606,152787.41606248275
9146.76002296378,152789.23510031187
9151.798607400477,152798.40023129323
9159.734615360043,152816.0410032273
9165.25636110985,152820.07243788248
9169.2651598113,152822.8409972361
9170.130583558775,152831.8571927548
9182.75027724674,152854.2907014914
9184.902839660646,152857.58829867846
9185.391109160033,152864.5291431972
9195.115347300249,152870.8527731896
9199.499712126573,152893.36330105586
9201.12126561577,152906.4318819046
9201.816338845665,152956.10921035483
9207.799360649939,152972.94427706517
9208.193889175136,152985.96960789815
9214.938493967034,153038.50797918858
9219.41737329962,153048.32426034554
9224.846790892745,153098.76920677087
9230.608008044104,153099.3383681774
9240.175048385361,153105.17656339917
9249.754382542207,153107.99270673314
9253.491473402242,153111.49773347375
9260.868385314941,153125.14009735404
9265.332486101563,153131.7438525728
9268.30284837311,153152.40208230697
9274.566847154068,153186.79155002325
9283.250121525358,153222.69485560484
9286.477193185277,153228.14030656638
9290.448247705179,153238.2690968003
9292.067208971323,153275.80329557828
9293.555539642068,153279.88747157372
9296.209461382452,153283.08236309467
9297.861863357693,153320.43615929584
9301.98391267228,153321.83830235683
9307.97029246606,153389.0608757224
9323.6153698819,153406.0763050147
9330.887098550798,153407.20419624867
9330.976596355438,153426.8181150981
9336.737009048462,153436.8473502398
9336.786123548241,153460.00541891367
9338.577848570634,153486.6681277752
9338.620291369294,153492.60680610797
9344.217817034045,153494.7960384062
9352.937782338671,153498.2317842585
9355.66184558194,153504.3849334206
9359.677831513533,153522.38613212967
9362.04403727395,153526.96333367494
9366.008542239666,153531.79200492587
9369.193990230555,153588.05818571357
9388.235251426708,153611.7738198212
9392.235485230167,153676.0607326882
9403.845461845398,153715.11093236724
9406.958465576168,153728.86398679868
9407.699651496734,153730.2920359714
9417.401147450753,153760.1738308498
9419.235511234818,153776.7858285564
9419.815490552362,153823.87520204263
9420.854006222304,153849.473707676
9420.854006222304,153850.40478745528
9421.856378827782,153866.88086014142
9423.18916009153,153870.22915153854
9430.34396961757,153892.11770302898
9440.095012732923,153893.7766778128
9458.830931527275,153939.50413293502
9459.441439185812,153946.65384401596
9459.441439185812,153958.91093919968
9462.000247614704,153977.76074016953
9464.959814105707,153995.98458114697
9472.105781214577,154005.04868636804
9476.443961092398,154025.69460082048
9485.47606774738,154026.5437878881
9492.927116632502,154071.84669651306
9494.45507533209,154085.18427655523
9499.832547528405,154115.0874966213
9504.028368200567,154115.7676091364
9519.776206680723,154148.27155915333
9519.809054170335,154166.94624211112
9520.429213932588,154168.47199439994
9535.199836594722,154275.40329376285
9536.443957601285,154280.6303395714
9537.816113046258,154294.35966137476
9540.244070598055,154294.5292796918
9541.82798637663,154302.41085663857
9550.23754293579,154319.47125474043
9559.346612317222,154348.73589677465
9561.562346220013,154349.84559920855
9562.167632750079,154362.05120371067
9564.915869849076,154363.90549840248
9574.139181205208,154420.82494653965
9574.592855215076,154445.71045662675
9590.216878976144,154459.2047652687
9592.82829284668,154525.93424051153
9600.847615718834,154569.9352343763
9603.259226799004,154574.7953186036
9607.424089550994,154583.01147961622
9623.963202067756,154602.05027668818
9625.085111447752,154605.54207330095
9626.821142571309,154643.0565497534
9631.957596778879,154678.997143592
9632.773565496722,154689.8908070923
9637.61828953879,154706.67724603417
9637.61828953879,154723.3370179534
9638.0,154730.76300950555
9641.692792636995,154731.53504736087
9643.966414076947,154738.39019986568
9650.695881979816,154741.23518093998
9650.695881979816,154781.18643414974
9653.074305193766,154783.00932090622
9667.298647369647,154790.80707028942
9670.235343558423,154794.87434514926
9676.429300819136,154811.87202414442
9676.86495937619,154819.1445453252
9681.099157060882,154859.53822399888
9688.52876039913,154878.65382925107
9689.59388693742,154910.89464121207
9702.91391059331,154914.51071795408
9710.999061243892,154930.21713323245
9713.44715891566,154936.8764867271
9717.403800095839,154945.08375060558
9739.391483306885,154957.0840490376
9743.613049200607,154981.20747458938
9748.834313239371,155003.62154952108
9750.336717741833,155003.72656026902
9760.753686956006,155004.47127563617
9764.820691449264,155014.89424724237
9773.662424496257,155018.7370155369
9778.33411448339,155063.38810678886
9780.979705401793,155105.25137039588
9799.599815743308,155130.41946684459
9808.696321828,155142.04869661163
9808.804037128171,155150.45512093816
9812.18115200314,155154.47261052465
9813.095608881546,155155.89791131005
9814.339405706989,155161.42256562194
9816.565799457698,155166.18955349922
9823.34182361194,155199.0136926004
9830.656082493912,155204.8791563767
9842.566230416302,155232.25698588573
9846.936129161291,155235.42087384628
9848.804278782425,155264.11492504386
9861.768904106964,155297.85082745552
9869.220310177127,155386.49142733653
9871.631230115901,155398.55734089442
9875.96100722039,155415.5236358302
9877.079430784623,155420.63749742508
9877.50152584484,155486.8037362779
9888.669591835544,155522.9185567241
9895.258869511737,155554.66058344496
9907.250803828214,155564.77140441956
9908.389678273874,155582.87146759033
9915.8410163607,155582.99581466394
9916.328761543555,155591.7577657189
9917.603863477676,155596.98374348035
9920.73978083473,155598.97455191604
9926.847336496581,155610.92991795694
9930.240169303786,155630.63151683123
9933.51730057171,155635.74711734906
9934.993326136053,155638.31031635823
9948.364473785688,155694.24554916786
9957.007297788357,155712.16255995215
9964.607413300393,155735.6449489679
9965.317885194494,155745.87910384795
9966.197892035769,155753.8399317434
9971.025411912378,155766.22866998398
9972.997921415725,155767.9211524044
9984.808599080363,155769.69851018704
10005.630997708864,155770.0005791186
10006.552144391215,155817.81541326223
10008.081183161057,155821.5127331019
10008.562133312218,155859.00804771698
10010.402337619253,155885.2542253563
10014.076524496075,155891.0669630936
10014.590227382507,155912.49520250724
10015.226645929457,155916.9089172226
10024.052882739485,155937.56896538404
10027.68325866972,155952.13431576334
10034.711759975973,155976.19118998735
10048.756518261775,156016.6676236731
10064.981381365233,156059.61517431063
10069.267227223942,156083.47404260302
10070.67818723405,156095.79040018164
10072.834899016787,156110.26426051362
10075.623541968213,156162.50582265007
10077.070152010248,156202.91757498472
10084.811431203576,156203.73606239053
10094.051329476511,156207.3680808544
10096.878784537324,156221.29061578
10097.309026377543,156260.9617808803
10098.444204194206,156277.41444213048
10101.771442004623,156288.00336020332
10106.93312995775,156303.07312794233
10108.828036206123,156319.95819449422
10113.066749879303,156325.36503744975
10117.162948335943,156335.84456849098
10117.706100021096,156368.5184372493
10124.09049899237,156385.3704368813
10131.486337917184,156447.76555708464
10131.67004738538,156558.6809659346
10132.27493364472,156566.77918848835
10136.261856572957,156662.8753794943
10137.343133585795,156679.76011434617
10142.151948128427,156691.55165382777
10142.40189479078,156724.78898017737
10142.971051130975,156735.34946414398
10145.292009064182,156764.66116823463
10146.784086516924,156764.9499977316
10146.784086516924,156798.67465543735
10155.739304457362,156836.85112646653
10155.920677866248,156863.66043320717
10173.225206307041,156872.90573000914
10180.312799981722,156877.71098949236
10188.648609638227,156888.05995892623
10189.439223425725,156907.200744033
10194.501754794817,156920.78453426703
10196.963746326343,157120.14282340667
10197.680636405925,157134.62966462533
10197.946339121881,157136.2185055443
10199.915997913899,157176.13686214166
10203.337999139498,157178.5284177066
10203.716012528985,157196.68436929153
10214.027478422444,157214.25744921825
10215.842154741302,157227.18399206235
10226.638159513475,157229.36223941183
10231.145284925191,157250.7624166352
10231.967933654785,157254.20580441604
10238.848693030217,157300.59001983918
10239.864972114565,157319.86952011933
10242.061020033725,157332.2147202237
10250.283817734018,157344.73122530332
10251.459849630031,157357.48923790458
10255.771738341844,157383.3640341077
10258.958966868264,157396.5162039654
10261.852340936688,157470.83549880979
10269.663217033669,157499.6615018333
10275.246964318412,157551.32144910935
10290.483053224416,157559.544691818
10301.502308028086,157563.4762462887
10306.823997531606,157567.11505263194
10319.241984571774,157582.43084658895
10322.46751221588,157594.4060131482
10325.21902573108,157605.92854740794
10326.987706695287,157630.79559806414
10327.840418032265,157648.74662755203
10332.204463413775,157654.82558957167
10338.687278202611,157678.85271464914
10338.988773277797,157697.71790768427
10341.363568953124,157702.5434869699
10354.177854435762,157712.64007084715
10357.492715035165,157718.36887981213
10361.785818985505,157731.70369112486
10374.0,157772.20341706276
10380.610269580677,157775.78600273823
10386.377318586607,157789.3147271531
10386.46198660987,157794.60090771742
10388.029653242662,157813.74587786198
10388.845417635763,157838.40581044133
10391.53029462267,157845.17426041196
10392.265824181686,157892.21334741812
10392.56437059813,157902.0323726449
10399.044985192151,157963.42990234063
10399.044985192151,158002.16294143873
10404.459502254238,158037.05560473038
10407.877268876351,158065.4941308499
10410.174136042595,158078.60314295976
10419.931892667504,158137.36460958215
10431.640768562029,158204.34965639465
10434.49174671516,158249.04605313716
10439.434795379642,158317.0090757608
10447.667483466004,158321.9845981938
10451.34328416415,158338.59136354917
10452.912041664116,158341.26887564996
10458.947909797946,158345.7691724982
10461.226385882846,158373.71658730504
10464.17620195658,158375.5588249138
10476.841100386215,158381.92966313017
10477.563335725217,158417.15114263122
10477.568826317774,158514.9410151585
10479.990688323975,158526.03910894063
10480.0,158537.04207209172
10483.131604535236,158541.51355846442
10494.132544040647,158556.19294430528
10497.786796859307,158587.41408996916
10503.978880269202,158592.62749528882
10512.706366470884,158594.04903313096
10512.727656875331,158620.8953880582
10517.149119189813,158622.87359946972
10521.704613515307,158623.94193350413
10526.424619470308,158653.7589550018
10554.039657524689,158662.80863034725
10555.731057371417,158673.68826442098
10556.833397354394,158690.59873402116
10571.879933561582,158701.35162627697
10572.00036580221,158708.39925031157
10579.189424650993,158773.04147735654
10585.983694297955,158779.07902731214
10588.953134945448,158800.88745287491
10592.78992012569,158822.4641490493
10601.595735379624,158862.62507355202
10602.614391701536,158870.63151654176
10602.650522504533,158895.60544332437
10608.177499566782,158901.14444191116
10612.369451114122,158922.9672768201
10615.302898134501,158925.13890407758
10620.224907466343,158943.08408285887
10621.625390904297,158997.97510032993
10622.21469283105,159042.46573897763
10624.46035483904,159063.7281983325
10646.660573942325,159096.24192674662
10654.41639586856,159100.36262365745
10654.47622070999,159113.83609975237
10672.145665815893,159125.48224120477
10676.246455192573,159165.6084797724
10678.682351197489,159179.46515992712
10691.20926352909,159190.54562873498
10702.90612743582,159201.1090651069
10706.52990613665,159243.7344898327
10716.669581685754,159252.43255424494
10718.011677571703,159277.49020656518
10737.658278601528,159314.4259532775
10743.999999999996,159328.10268996446
10748.250440546402,159342.6030035359
10752.878207342957,159355.21016533035
10767.10094121523,159365.68936371792
10785.806075862503,159366.99925621925
10788.811597142896,159371.8105078425
10789.30319724765,159374.43737438734
10801.581479208837,159390.7839735065
10807.856030566341,159406.55782659576
10813.89461108617,159439.59340802248
10817.578675133827,159487.52333085026
10827.400093981174,159497.72649596416
10828.107069219843,159532.2924737249
10833.447822843278,159549.64953512815
10834.84554059161,159577.98915386212
10849.985321044931,159591.1156976222
10856.043709482496,159598.04195025994
10858.50530028342,159639.75209529913
10860.392863069259,159644.3296041999
10861.538720267157,159649.76277193002
10862.712848527086,159660.57358602126
10863.024596997664,159671.13309495797
10864.383638773654,159696.83974846773
10875.573397789685,159744.94929036067
10875.833847999576,159766.04106530125
10887.564588649024,159800.42842721092
10890.553224427385,159840.64546094614
10891.60518564498,159882.94984355988
10897.071283272322,159886.40620730605
10902.022087063146,159893.64481869768
10906.419778653553,159917.57677800322
10915.01130059786,159926.04731296634
10916.928830555506,159934.07862605367
10922.131747109552,159961.07058840158
10925.478432042255,159983.07980787748
10934.673450316692,160026.12867011334
10937.020236730581,160039.36003804207
10937.378443956362,160057.6591597116
10938.340260539739,160060.91354598323
10944.260735682074,160063.36864246643
10954.73674249646,160065.76053564888
10961.11267522402,160078.90827040994
10964.847621917754,160082.63746259894
10968.507946286902,160083.30056364203
10977.145045825426,160092.38138994147
10981.600118534901,160101.09523216326
10984.544565200806,160141.01302794053
10988.172412054864,160164.84588411887
10997.541274121832,160191.02332764017
11000.755856548025,160192.90100419516
11001.068372198511,160201.3723017062
11001.428858484553,160208.30008906973
11002.74985194202,160235.74288235386
11010.328323670792,160257.0471019234
11014.351604734156,160284.5145031384
11019.791031462799,160299.27435660365
11020.40570064953,160321.6653241429
11021.19076888899,160347.69170767913
11026.122014386288,160373.2721254826
11032.432482446915,160393.68804577406
11035.041885410035,160416.1685038294
11035.776328665874,160417.69110578304
11042.666829109217,160431.9343368666
11046.986149549488,160464.4030788797
11056.952275208056,160487.80911583558
11066.715509959624,160494.95975275556
11075.890833837628,160498.29387538772
11077.759704657965,160515.0444490058
11086.115563937608,160553.73380141595
11087.474782024092,160570.92230047495
11088.66599948066,160571.244112117
11088.807083913249,160592.69827578735
11096.932084730686,160599.4768850719
11099.996124608168,160602.48884763042
11100.072166953767,160606.70507772474
11100.247546706902,160612.37891014986
11111.49596704755,160615.52857393882
11132.992420315772,160641.6547248705
11136.054189307306,160682.7431589194
11138.569140570513,160692.52869563448
11139.387419598443,160714.96677153447
11142.100291763041,160717.3493725572
11143.027500663457,160721.27139231138
11143.581239734362,160739.5858815569
11160.16242599488,160739.94336387096
11162.26948104588,160748.97725387974
11168.79355021885,160749.35701910086
11172.759677290924,160774.71538474725
11177.520294887712,160799.0102028677
11179.9619422725,160831.83814084536
11183.90990965708,160840.38819905685
11186.402739184265,160873.87509848387
11193.751746416096,160882.21452432883
11199.62948218413,160905.07671868804
11209.323093107767,160916.6316417795
11216.75885789735,160926.85849111417
11219.988928760762,160938.9413995572
11221.466984953215,160942.2878720761
11223.219927685554,160945.21899868763
11231.134725025708,160968.0716266631
11233.889770848427,160973.75630051756
11240.648854528183,161015.74732559067
11241.818411111835,161020.82147644242
11244.567553145505,161038.32049751288
11247.024136679509,161049.31324856618
11250.06212929315,161065.83293159516
11250.867385864263,161083.86922713692
11256.864684104949,161099.20816637797
11264.24176720211,161134.9508203779
11269.972409929585,161146.15036443312
11276.208710908864,161161.19784334733
11279.898160866334,161184.73034273728
11281.255458899908,161224.27108493872
11283.358374970307,161229.83525607406
11291.700237478533,161241.4422115258
11293.097515855508,161257.49692990942
11293.097515855508,161258.64268384656
11294.410686765395,161263.88619124034
11295.302116802754,161296.99133898536
11297.597549506605,161297.07380788669
11305.69711082325,161331.25147812697
11311.348486840798,161349.1220226459
11316.750532695216,161357.30359647947
11317.640504019613,161382.254303251
11326.951652901507,161401.49942808488
11331.79017714092,161403.43606018167
11331.797910417827,161411.28983129794
11334.520539437008,161424.6945991516
11335.15009444102,161425.00495018292
11335.446632896135,161455.88449016627
11340.752456375532,161458.65119859998
11341.487851279093,161480.03038328042
11342.577711888716,161499.04234060217
11350.79374840428,161540.58468602377
11351.896732705005,161541.55924575657
11356.447283881054,161563.6117449659
11363.428140018666,161570.77583244882
11367.320122071667,161584.17702269545
11376.777417063717,161610.80654684134
11380.700078947219,161617.87243049487
11386.780188764835,161629.10259631707
11388.163159847265,161656.94405187873
11394.74472808838,161661.31459745337
11398.775219934329,161662.39002173283
11401.657638072968,161677.88058321818
11401.657638072968,161679.9945146356
11409.920352697372,161716.3881634645
11411.27642020158,161736.38547783234
11433.13307178021,161772.91872956068
11436.196621724535,161794.13268344753
11439.278058954653,161795.7079180309
11453.722312348234,161799.298613395
11453.948573384965,161811.58446032665
11456.922380992384,161828.4587661454
11475.390148299075,161850.27769060637
11476.84571649345,161864.19030707222
11482.909955569676,161882.98240017908
11482.991177967622,161943.48567625455
11486.30355000496,161953.76740539077
11490.8215227127,161956.61510774062
11509.528769322791,161960.96185381064
11509.997660415507,161974.60396652558
11512.02809773173,162002.83468615156
11518.288334199375,162021.99901182318
11520.946861709888,162037.1506321941
11539.22920298576,162053.46335813837
11543.793481537272,162082.93984849128
11549.866625411147,162105.00286964013
11558.945108243395,162105.56627746994
11558.945108243395,162115.55766195053
11561.815475463867,162151.87145531178
11574.179944174644,162156.00788218618
11584.994886330156,162192.95763003817
11595.582409484048,162197.06291878218
11596.411339283,162213.45772584845
11596.725557787075,162222.0438073958
11597.470708063673,162261.43059131078
11625.776592765527,162275.84735849925
11625.839162622175,162303.3046066676
11626.549217053804,162364.528100729
11629.711523669132,162373.27918764524
11630.239101256659,162382.2197366358
11638.765915717388,162394.75684267282
11639.54374854905,162399.82507572847
11644.349500315557,162400.50212134636
11653.88946424212,162419.3315788422
11654.025906017834,162430.7875734397
11655.929263796128,162463.44726036285
11657.667451586032,162492.88245764805
11657.876300266797,162510.45462812693
11660.65549795968,162520.5053165811
11661.721680198387,162568.25034228395
11666.356977871475,162591.53753907332
11666.356977871475,162604.15981457918
11669.25275860513,162630.93850951522
11673.381820951183,162649.28516890324
11677.426644870204,162652.49041899614
11679.0644223009,162658.40162599087
11685.137707744312,162672.2151039073
11686.952230027728,162771.32165622717
11687.338612386166,162781.46418891632
11691.609521193182,162807.43536348006
11702.000000000002,162813.26478838077
11710.236701011636,162817.41504618098
11728.236896378701,162828.17663024153
11737.469736610128,162840.02172252102
11737.76381213324,162897.40412418332
11742.252741285723,162906.3308633396
11749.893195390749,162928.03122794628
11758.271979059482,162972.53947326104
11765.604078701555,162972.71699013034
11769.660836781766,162979.59905956464
11776.248639277166,162980.04644410955
11779.772827557188,162980.547433172
11786.909882409233,163012.28286283358
11788.143421173098,163018.06266037058
11789.506836124829,163031.82738803964
11791.219139916557,163083.27343654638
11792.844944477118,163102.4064703157
11792.860620021835,163116.22213842193
11794.433112859726,163145.99050123355
11797.646007026917,163162.38720190525
11801.651322926782,163186.06076056612
11812.803382890572,163220.59321747496
11821.702896237379,163247.64709382394
11836.60811543466,163249.30115029638
11837.342801042963,163252.75325863704
11838.578441091937,163267.57005110808
11841.562941449021,163321.09213680885
11846.36397392409,163330.1669030359
11847.841185808209,163381.93433770962
11861.743882724215,163439.50783867502
11880.522775292406,163470.87032919266
11897.099982942835,163535.4483210699
11902.013256447633,163552.47133588794
11902.013256447633,163567.66376442573
11908.449131284433,163586.2396574361
11908.747706413269,163594.5607495308
11912.402526446753,163624.5182762997
11919.145226870278,163643.43721951763
11940.433502384592,163670.35516052603
11942.95125627517,163673.83213361673
11950.46926961626,163693.13016239228
11951.963064466217,163712.0862084627
11958.760585784912,163860.76692327426
11972.739130224507,163884.26675891876
11981.180355889514,163890.1158076696
11991.756800992152,163914.06809181825
11997.5655593872,163938.7699614593
12000.724011659635,163954.31738882393
12001.111552544993,164000.65995304933
12005.336791719732,164007.7156690019
12006.003598179115,164037.16119851382
12006.003598179115,164041.36218331545
12008.83668967654,164046.9048753124
12010.181241035463,164103.60948705676
12017.373724528716,164107.54069788964
12026.825740678012,164133.9646073921
12028.341215951094,164193.80252208025
12032.343517848432,164211.75622671
12049.160891124182,164237.20764219767
12057.152921591478,164238.96300067223
12058.867520945445,164247.21827549598
12063.551685571698,164266.85851216322
12068.424155609906,164270.69819440157
12070.17442451205,164284.37986654893
12070.186401230936,164295.48190363817
12076.120358467097,164330.3514002562
12087.24822316852,164331.66056260053
12095.524400370448,164334.53057621207
12098.660453796387,164352.0835356712
12104.8224996669,164396.70378858695
12112.287480524605,164420.89439375064
12117.101493937622,164442.74353121003
12118.84420909201,164508.3296999932
12120.660159860337,164519.40560112678
12121.959855658657,164521.96553094048
12123.812364578247,164542.87752680265
12124.20766094753,164548.8576907089
12144.373240402767,164549.38059912407
12159.794450555552,164578.0626148496
12161.31416266305,164579.32092578066
12179.816216877536,164600.54599979092
12182.788603748593,164610.78254120698
12182.85312332428,164615.31414796633
12198.227369921555,164650.99160244633
12201.974104404484,164720.55317087684
12211.080410412378,164771.295366679
12211.840279545102,164786.43062010835
12214.184992109016,164787.69508958716
12219.553577968061,164815.9130927496
12220.667111481964,164846.87328054223
12225.850323353465,164870.2140224917
12235.533572060733,164877.11804538133
12243.0,164935.6634236233
12250.678689684177,164960.65220153335
12253.175268854397,164983.9795423576
12253.54767686978,164995.493787757
12255.370689017445,165007.76470625406
12256.875958442715,165073.67944645876
12257.741984503606,165081.81698505365
12277.461617878518,165093.34664251123
12282.913869074404,165094.81499350083
12287.015786647777,165117.60727162025
12304.549140385227,165141.42040133482
12306.055980341778,165142.23682056158
12311.48415686403,165181.42416233677
12313.045250892657,165183.426136647
12313.108692015916,165198.07776386387
12320.01678378242,165226.51646365435
12326.876943366864,165292.18338436744
12333.496860606318,165325.05607937064
12338.000366006578,165340.85367372213
12340.620751500119,165440.19443392757
12352.684420142876,165490.64029421128
12357.044837202342,165517.4564109699
12357.492915221625,165547.3892920358
12373.961673940948,165569.79814144538
12374.681125555715,165580.49198091033
12381.580507414668,165593.06512760266
12381.717499596722,165646.1673644781
12382.986216545109,165693.53855880676
12385.376661436914,165754.88277625188
12392.111005978957,165770.80520996018
12400.405421427316,165788.11870213924
12403.082713723194,165798.97417541908
12404.032954522525,165803.5122730392
12406.335970503937,165816.4915420158
12412.727710757932,165872.72673631567
12417.756115777149,165901.1818157265
12418.160204989608,165929.99365634567
12420.223589335157,165945.70491385463
12422.999282564419,165953.27520830283
12435.264925105253,165959.6708727734
12441.922146115983,165961.85616183275
12449.95107139862,165985.08661684825
12451.311966248948,165988.4188927752
12455.9491833278,165996.45717896736
12458.76220318249,166004.75209951404
12469.295783315332,166035.15808487785
12473.909349986468,166064.0075114541
12482.363348977868,166086.52252580426
12486.656065532108,166116.65329968923
12492.781370929306,166130.64588638715
12494.873423065445,166171.022632599
12500.027785709945,166184.70109836548
12500.059621197834,166187.84256667746
12501.14511666978,166212.27484146177
12518.615045649622,166218.76062045782
12522.578851836099,166219.0941433566
12529.067562750377,166251.08073627955
12548.493637084968,166262.6373674528
12549.549510138359,166266.00542921678
12555.735379934327,166292.51043309495
12565.469090461746,166293.7450553095
12579.569309864763,166313.57155886706
12580.802551405784,166315.8932779176
12582.553477559773,166325.46442344354
12583.137916564909,166326.02870058152
12605.12711831501,166341.54038843093
12605.985279083243,166344.96617540292
12609.368382590168,166368.54304476298
12616.616263185208,166429.94187935762
12626.182753392637,166473.9154111998
12631.691841057353,166503.80880325165
12633.17772977691,166518.92918401107
12636.121083225535,166541.8951526879
12643.788555596528,166580.3726247209
12651.031394754147,166616.49317070408
12671.098434686639,166677.53141135833
12673.462845121074,166680.14436813767
12673.722785677248,166680.99895257613
12677.119749886639,166681.1044364317
12680.024116516117,166682.7652945859
12680.41455626487,166696.53294902184
12681.662052256732,166712.05575224335
12691.545866983284,166717.22345219346
12692.24278306961,166753.42863595486
12694.246272053033,166760.39650634365
12694.38198947906,166781.59300478865
12697.043273312705,166782.71879872252
12700.616857307292,166800.45473793568
12700.810365472513,166803.25151795143
12702.867119422996,166806.02215848654
12704.375199283868,166834.51558195695
12718.239369392397,166848.23492561065
12724.557735255778,166882.5432535581
12726.536464146233,166895.51749163022
12728.630434853694,166916.19946471287
12740.916399393742,166935.4147497586
12743.388738904669,166943.58110463628
12750.05104715483,166962.87412096767
12751.222129310876,166970.2797915169
12752.851162399551,167027.4277302367
12756.818523951923,167058.42313032487
12767.570142882227,167082.21259699552
12770.5,167113.57500767705
12778.961732540822,167190.38200942113
12779.002428735987,167199.21563879072
12779.219211953014,167210.59730672845
12780.790586301253,167216.12769947737
12781.618408731096,167222.16617040974
12786.447568007874,167234.8070485421
12788.002354485641,167237.735048277
12793.677259581427,167319.70894914021
12795.62015206474,167322.1818560362
12800.573714665003,167337.48625588417
12801.453274522497,167351.21380644187
12806.888319015503,167420.69816983596
12809.114970752162,167447.6922699043
12822.526881558546,167465.96655971662
12833.461780241527,167521.25841547764
12833.55907976629,167540.6846162591
12834.39239239692,167551.99545102456
12838.88189356671,167597.45032156367
12853.09166158951,167631.6232728958
12855.30936496588,167668.02793616903
12886.446037735255,167691.89984841004
12899.357153551919,167808.58483644895
12906.70148432257,167814.0579353316
12909.630067041937,167830.7462763616
12910.587716306967,167855.03206334787
12914.424050824955,167861.8111077632
12916.845761401302,167879.54232886853
12917.049952166446,167886.73782946385
12918.818362116808,167895.38939292094
12919.188574007561,167912.89657327108
12919.647850581574,167919.91284293795
12920.978532109933,167932.16586264543
12926.11735561915,167940.7151343908
12927.331271205634,167947.4929997581
12931.86120659962,167948.57380184095
12941.728006635372,167955.5952567203
12960.795480251367,167961.97138979612
12971.262036357612,167984.3569057329
12972.05539444517,167986.02428109298
12974.195425851005,168003.53143692017
12987.175897053314,168045.0616874866
12997.949581691162,168096.93530969956
13014.259076561262,168152.60365164286
13021.465260471616,168163.31022996578
13023.715751102989,168170.20987669055
13033.498411008306,168171.52669828277
13034.128366061625,168214.50863988057
13034.929208244552,168219.18119013315
13045.849950449807,168229.66692233089
13047.6322555542,168230.3061229161
13048.640920911505,168250.22464380955
13050.718502044678,168324.7994869438
13061.368678842275,168335.12356251478
13062.48521668569,168358.89203584206
13062.931239298408,168361.3716463191
13063.12054760116,168371.2774704013
13065.180397987368,168418.63257992268
13074.904810854367,168443.3619522708
13076.227682130679,168465.82799831455
13082.169905662477,168496.75486561243
13084.438855545872,168528.95719092232
13088.374718802312,168558.0285334417
13091.876927648276,168672.20507545123
13092.514935425352,168705.9101776565
13096.149961505613,168734.94952472625
13098.35529957502,168738.57165680605
13101.731473531008,168757.97388027393
13116.830424257696,168779.38785159594
13118.73513603211,168784.50048022612
13120.002659491129,168787.54738748074
13130.689411197418,168810.0008824043
13141.306765828815,168811.84184386057
13142.34055846076,168896.26556079736
13148.181867326954,168908.04093636782
13157.66076830455,168919.9862711259
13164.150459851511,168931.723352594
13171.968113677854,168934.61570194786
13177.02780662267,168943.23648425506
13180.558766773778,168951.58192503452
13182.699020249496,168990.69518523556
13190.216206959318,168995.97830972497
13192.844351223564,168998.95438266644
13196.35850111077,169005.79839620425
13197.53134002009,169023.87074686802
13198.788463115689,169031.2853075096
13199.89884090422,169033.88199128432
13207.917658073517,169152.9451041562
13223.640356387386,169205.28301799294
13224.50694002424,169254.81521381647
13226.26872646809,169288.09097669806
13229.470504488268,169302.02226756274
13229.818185993605,169359.3109015738
13230.750703096393,169391.5517958743
13239.124060426417,169403.1507300139
13250.628318241663,169436.54660538275
13259.870905807993,169440.7561066065
13269.714793613963,169460.58563489578
13273.079780919159,169546.73408605377
13275.237476757602,169579.6066025666
13275.864157097685,169649.30270780827
13275.864157097685,169650.26287037967
13278.62285995483,169686.63208149152
13283.164110047486,169703.83200282714
13286.882272277555,169706.99829294003
13288.180567605197,169710.3971096957
13288.30472006114,169738.5455753633
13291.03807439124,169748.63608339854
13293.710076263993,169795.15918571604
13297.823245661593,169804.70147148197
13302.752107756452,169844.91128429343
13303.639819622045,169853.59970590053
13304.05833445276,169866.5893161126
13313.42620936461,169877.589631055
13315.804026842132,169902.49600432607
13322.477346556534,169903.031658939
13330.927890777588,169921.76412257116
13330.927890777588,169930.99945427687
13330.927890777588,169943.65591243329
13330.927890777588,169958.7572180885
13336.826447759364,170002.7122894866
13343.085200684398,170051.77148011758
13343.225155796328,170092.56829937862
13343.266202245442,170154.88674245565
13353.561916828146,170167.74911493913
13357.37609737261,170173.46964475082
13362.087501525826,170216.49655323362
13369.52119588852,170235.40133961604
13374.946890064632,170249.52272953308
13376.674496684776,170251.60930967334
13377.42417299748,170268.87949420724
13380.873041868197,170302.28261019502
13384.775827680318,170304.36148323337
13385.72849328176,170310.44865718906
13388.39981825013,170318.48522968806
13392.81069949694,170328.7472988878
13393.177302428638,170370.01296697345
13394.020427686812,170382.21661247525
13395.25090156283,170399.71977462078
13401.987520558498,170430.58960880552
13402.090298601564,170431.16289120074
13403.877073560456,170436.98199323256
13406.61180431503,170439.9800809964
13425.079373461871,170460.90688247335
13443.203750474102,170480.27412174427
13447.014282226562,170515.00972022364
13463.930157457076,170516.6827914885
13470.477611473641,170521.83109588287
13473.544619032282,170524.34888531486
13474.336706570204,170566.05739491328
13480.900932925077,170568.5079601151
13482.971903153839,170575.78183250772
13486.587359155932,170578.3434894765
13491.444786770035,170585.29241658957
13510.135635375986,170613.93867637427
13511.313263756841,170652.82445112302
13518.031590819339,170656.78425776958
13519.248883383614,170671.6286669799
13521.571409021106,170688.75864403578
13525.892234257288,170694.07284123567
13536.977437921942,170699.45255713802
13539.585495642285,170725.95047283176
13542.098082610502,170744.8034809827
13544.641636541928,170750.50115260057
13554.874663761682,170751.33721535542
13560.847110067098,170753.70967843695
13563.544803994064,170794.4833795088
13570.337345395707,170804.04192847013
13571.200931957777,170831.63384100364
13578.135585410253,170890.6183977638
13590.94472546237,170892.5339732255
13593.953180483422,170896.94575363403
13599.276354432102,170900.71059298512
13602.244957889823,170920.36731731892
13603.206596204216,170933.6333908609
13605.766128608164,170985.2627956953
13615.446128436495,170990.19879690238
13626.214507375444,170996.65822548518
13628.963512420647,171016.03647559026
13636.279793688202,171025.02568965303
13637.290582469535,171025.1281869241
13638.176239541597,171045.4903308323
13638.526060955875,171085.1783484902
13645.22913122177,171093.3360268047
13645.453784670168,171109.02877087268
13646.703921317943,171111.15107721952
13647.298402139108,171178.22998797894
13660.501640149523,171221.4343254056
13660.897989903173,171221.5354847056
13663.309259465743,171221.733714257
13669.894110373083,171227.46720050054
13682.251365269929,171233.56827264174
13683.764805248788,171255.9332851683
13687.278459685198,171264.11743838456
13687.576832090102,171273.00079548365
13692.291849408828,171294.97483531924
13694.096513731134,171376.74270211795
13696.564460209447,171453.70237155465
13701.332338469374,171472.4965539574
13701.618526969625,171512.3166936295
13702.520295245291,171519.58129591605
13706.547241245,171568.49992291417
13709.852178726853,171570.15996560032
13714.940676859358,171617.85788178453
13724.19826023918,171617.91149001458
13727.10794738361,171629.2826000623
13727.774934768679,171658.2061504466
13727.979302236,171662.16764238907
13729.31865467343,171673.12855538304
13729.352295739338,171692.60133363525
13735.939000504362,171700.73416116403
13740.421321937041,171707.18684305472
13746.286198139196,171713.0980656998
13749.386726941399,171740.31650722027
13752.256086485737,171758.49559085714
13765.07207802363,171763.80037901236
13767.251284292723,171768.0800511667
13767.379073194094,171768.52925217993
13772.323669842295,171792.1802880509
13778.044839280006,171804.25155271793
13784.269635745459,171808.8554885558
13785.411125132025,171823.01315624377
13806.605298757553,171838.93369170593
13808.543030296076,171842.8289802244
13816.49061564037,171855.7230146613
13825.115523099921,171879.08346228953
13829.379482133041,171880.55002859663
13835.900779247298,171887.09441723133
13843.136454599233,171900.50754647586
13843.426589250557,171904.92220280858
13843.767793655396,171905.23546435148
13856.295176165437,171913.03482934402
13856.781266927755,171917.17261745242
13858.064784186223,171940.6996617489
13864.222397829848,171948.47951771526
13868.356555121294,171957.18378545556
13868.818844795229,171957.68295609945
13872.407866478003,171978.39596463944
13872.57000269208,171984.54105034895
13878.913238150733,172001.70911250802
13880.58307913371,172032.56594072067
13883.126535211313,172069.23012053967
13888.252445084716,172102.66149827416
13892.0,172152.9300583771
13892.0,172163.75386628078
13892.0,172167.09614076788
13893.809875488281,172185.4560116019
13907.995898604391,172211.07990750254
13908.455778224123,172226.74994759902
13910.917174901278,172237.11010742202
13912.447625296463,172237.24609466112
13917.509318726423,172311.41733544215
13923.958840097685,172318.64968711132
13933.117149353027,172348.28252255922
13935.99287704059,172388.2575918606
13937.378470693307,172392.87288660667
13937.795169387562,172407.2623368843
13943.754585129882,172420.8209671633
13953.569042205792,172445.79500314168
13959.310274515827,172455.97708385327
13962.55457874709,172462.21381845637
13962.701504043167,172479.5697497642
13966.0,172507.8339279208
13969.93044589247,172529.56205696723
13974.231760161256,172535.71634865657
13977.80726647377,172546.54545581347
13989.89573775019,172576.59121217058
13995.500955138896,172582.76036107546
13996.046485560266,172610.26889147927
14001.26256346704,172619.93687198855
14001.444887195297,172646.7935288974
14004.671336310268,172657.18076963082
14007.452180726188,172657.86616000955
14010.088020614192,172672.15219553886
14014.633253165652,172690.92581822196
14014.860498700818,172705.7511720658
14017.157044734255,172743.31194865704
14023.420981543415,172749.03919877324
14027.269217354917,172753.43385366036
14029.635131529401,172770.53022977288
14030.378386361268,172783.37498685293
14031.411930492934,172850.91801990772
14031.780189582287,172857.1184256076
14033.592505523136,172881.69990766043
14034.567567825317,172893.61695919716
14037.337874855313,172898.23220445434
14043.925589289,172917.12048932476
14049.022416251055,172955.0023696763
14049.723577039578,172962.35096607893
14059.70310861723,172963.35369186738
14061.864896416653,172972.13523914127
14065.812622717469,173009.9502138921
14069.234303423347,173012.69537557874
14077.531082987785,173014.11103161756
14079.072427204661,173042.48130643368
14079.377609729756,173055.46682409727
14080.811993326455,173060.92417711872
14081.41047378949,173065.94954890868
14082.28354116849,173086.96898845266
14085.173974990848,173092.0501070362
14086.269976752144,173117.86276793468
14093.397084031782,173118.64395420894
14104.241365296491,173137.19696841924
14117.513591766357,173156.1435762815
14117.698979718409,173205.43574687402
14134.499325581965,173213.76286714422
14135.16772497549,173217.22178002773
14137.154428958896,173223.1342912574
14140.079797983148,173230.2828753931
14150.81444515501,173248.83503835558
14151.99273681641,173257.4318540181
14155.802653040208,173291.2122240918
14158.700304337917,173333.34512131556
14159.967546156473,173342.82107601836
14161.45935310636,173361.567101734
14177.2250283105,173383.32069873816
14177.369773047303,173397.63741106645
14181.068733521828,173405.05766950335
14183.191825389851,173456.5714073096
14185.895922728994,173480.13627508702
14186.442539010732,173488.84314006567
14192.3004481111,173504.14386323525
14197.597710200705,173523.99946982524
14198.433311837067,173617.51318134597
14204.993779778473,173626.10802476745
14206.214746815815,173663.77080730023
14206.514657565524,173704.52613286456
14207.660185166762,173743.56472514366
14221.746667878959,173747.44085466876
14224.607192618529,173754.17033461155
14230.348957521557,173769.83426402294
14240.357085159854,173771.75086220677
14243.202074544784,173774.65415598673
14247.74181883676,173783.5440561943
14251.357833453583,173807.49715602398
14251.739326953879,173818.7431566715
14252.703738910788,173847.62768825472
14254.000000000002,173857.15051782125
14263.05940437317,173868.2938975779
14270.790615490505,173869.98079679694
14273.721406970659,173920.75241168047
14275.06478268759,173930.92084361834
14276.987885066434,173963.91339841904
14282.786527531494,174040.55775403976
14283.263897998015,174046.14533610002
14284.276294248426,174049.36567031473
14289.699131863405,174049.4978024449
14294.093825544625,174070.84636312717
14294.587153928629,174076.48126181538
14309.40820498125,174141.8311947244
14310.853571159521,174153.80060156755
14311.836407542225,174154.5057719521
14313.855418069015,174160.69403633053
14325.174753325351,174166.0027020063
14328.501215611182,174182.6060185263
14336.98317527771,174205.0097168173
14337.245728220252,174208.95051542358
14346.438087088718,174252.43491966388
14366.491102031287,174320.2319752489
14367.253483295422,174347.096946069
14370.148553882329,174400.8252182518
14372.006542614512,174409.29741460935
14378.164180432019,174444.32171995303
14385.513421194915,174455.5120106425
14388.89804509707,174474.45362782473
14392.033926078235,174539.06220436093
14396.622499482975,174576.6748260089
14404.207187005455,174582.61809563637
14428.99876655857,174590.77219183097
14432.80790315355,174600.79697409697
14437.445421848974,174609.70574024742
14438.009742532435,174650.53487985476
14441.960251850756,174663.4153753519
14460.208390406204,174674.3371398618
14462.369577680305,174739.11379427565
14470.395391098085,174755.31212433754
14471.948146922214,174777.44807001523
14480.687363794874,174788.6967338835
14485.579075098054,174789.93562397792
14508.2449752944,174795.0986748934
14512.509640336046,174799.96074254165
14518.292773723615,174803.45532229962
14519.629356435351,174811.98266254153
14520.12833334718,174816.3043331419
14525.305378947927,174833.76726806158
14525.305378947927,174860.09950613976
14529.05158764976,174912.00365189137
14530.093919174993,174941.2507557529
14536.01717339244,174942.91221894533
14540.111717360393,174996.2917536326
14544.67439086099,175054.94836124353
14548.096111297613,175069.88937947573
14553.551471148188,175071.80612100865
14557.879442317146,175089.129581775
14560.048630527039,175089.67794065812
14583.648925338472,175098.14135033748
14590.69363096781,175113.56657700863
14597.32501363755,175115.68352477887
14615.090051923575,175162.70981545124
14621.89390129703,175169.34446872986
14633.068940196705,175184.52322627814
14637.769549233575,175190.14711377447
14639.581083297722,175227.93266914567
14656.966240440106,175253.5812472786
14668.160438537598,175282.6180732761
14677.32495587214,175296.67040512394
14679.505667822705,175296.85327099054
14680.778679421972,175329.9251514502
14681.857030970707,175397.6047618389
14692.955107620794,175402.74191480014
14693.958154712403,175404.3622228929
14694.694516624751,175415.93601686612
14695.89353227616,175426.90654180732
14696.520461184671,175448.56249185975
14702.452295167106,175461.88592810289
14705.723421130853,175519.70928628108
14709.103335380565,175525.41704821575
14709.488165889488,175566.21996083425
14711.396789108017,175584.16127690248
14711.418336221148,175625.9940682309
14716.291631051507,175669.091230682
14720.763896942171,175696.76558894775
14721.733406066905,175699.88588442124
14724.238121441436,175708.95356559765
14729.358369009835,175712.2121677398
14733.05763505187,175750.7194851296
14736.280395303434,175809.2132080112
14740.984466774116,175810.64240324497
14741.296574865082,175877.02777934063
14745.974845784063,175904.1181356396
14747.759581940538,175906.5587036779
14747.945431198392,175907.75313832064
14751.245696169992,175909.32735032693
14751.619929994857,175937.58745265013
14753.900264518554,175950.7454515014
14756.984337261754,175951.73751195834
14763.98000548567,175960.41747985556
14768.6826846259,175996.33593697214
14771.462128928732,176024.31475622323
14772.45666980742,176125.77195078981
14774.365933861043,176127.20378336735
14777.074094346608,176129.97055106505
14799.072090557636,176146.6951219355
14804.902473858428,176149.6777123894
14806.3686979157,176157.61585772035
14807.956774302893,176175.25419572426
14810.977358324188,176202.31183471004
14814.569749764043,176212.75104057795
14815.423568112508,176219.6476690684
14818.21492450579,176249.84364524897
14825.376968554085,176262.28402394903
14828.69350787572,176262.49386586467
14829.753921304447,176267.87735632493
14837.58567089693,176288.6066629546
14838.204864774423,176301.0213624239
14841.253095490572,176308.73251502853
14847.45102078571,176309.79231127672
14847.745136533464,176321.4322386299
14847.98042031697,176324.65826988223
14855.059273549421,176342.27928684436
14858.119410003912,176374.42021967674
14859.359751496982,176374.7518683928
14864.387897491462,176391.16310127286
14865.050993885321,176392.32384266172
14865.817780000822,176393.24297116487
14867.484085593927,176429.87874371663
14867.818462405885,176480.8755125489
14870.932471241294,176482.71750439922
14877.029618109966,176509.4466055291
14884.075459480273,176518.13136446488
14885.034064258894,176520.06624901295
14887.015756198318,176524.9209270476
14889.935603107744,176538.72725171712
14893.363486051556,176570.33081114298
14897.532577957438,176591.6172760724
14906.474421058407,176632.64878189572
14920.226119382089,176636.51881374625
14922.809904132579,176640.69746489174
14930.930812435488,176645.4053280949
14931.78606144022,176693.5362654243
14933.126304251795,176702.4175758022
14938.065706270063,176718.8380405903
14945.86654094287,176719.54612307885
14948.732059751244,176747.7875964982
14950.01736651147,176763.22490240855
14951.574430056984,176779.00939820497
14953.596981082643,176803.36704310353
14961.612872600632,176807.00254383258
14965.977492332458,176822.89601116517
14969.429246647016,176826.36493306514
14974.44411778451,176882.27850135724
14993.328574521205,176894.64667281084
14997.701294251849,176960.43177321975
15010.262018953057,177004.54285541602
15010.87882230968,177039.52003307003
15015.080707686302,177048.61516392225
15022.660398176737,177087.81722673343
15025.45757569585,177093.25350298197
15038.530954667494,177104.74972348538
15040.34371948242,177107.4891096352
15042.117987428406,177132.00844817524
15050.701976605818,177134.6638270617
15060.666354145294,177141.53082547867
15062.913122057917,177144.24812850778
15068.589900425508,177197.48472550084
15084.62368771006,177209.53474550584
15086.800396800065,177210.40078251733
15088.944419963025,177222.92842980812
15094.957285778855,177228.1027315174
15097.070380210907,177236.17443227768
15101.614581653066,177243.91082392415
15110.291282892225,177267.80574367728
15115.261345522713,177270.80760737826
15143.75173592567,177290.87800375908
15144.777080399648,177299.79363579408
15146.115940196178,177311.23398980917
15147.406926904405,177375.69743849558
15169.61860874721,177377.3030247434
15172.030568156912,177400.2851251535
15177.629895721138,177406.68724107745
15177.839608584138,177445.99339687824
15177.967222826817,177447.22672428394
15183.116788336209,177459.41173444473
15187.388102940153,177475.64725380286
15190.257839407339,177481.17939492635
15191.639319828573,177486.5884796466
15202.218042765335,177515.61661979137
15205.16991199766,177522.68796837336
15211.501455341075,177558.02807797687
15214.850924151291,177569.6868724226
15215.109924112043,177608.8857323273
15216.276969024117,177683.35499751565
15237.862979003361,177705.57935636377
15240.9750512668,177730.05820315218
15243.87246172773,177757.24752966
15248.666690332542,177782.44539642337
15249.000000000004,177857.04032662942
15255.267773866644,177860.77897775167
15264.590178898408,177876.91402729924
15269.195007119826,177906.46204710015
15270.414863143647,177957.31452340746
15284.768611907952,177970.8494804416
15290.945383208145,177985.34821282962
15306.252368245787,178000.5534120628
15314.288489954815,178012.88860005143
15315.763953617643,178033.19836114146
15321.539841788144,178035.3026737827
15324.76869978226,178056.8122339419
15329.536587715153,178085.7576492685
15345.97045363698,178108.9521550451
15349.725710732593,178121.60532746994
15350.81473840987,178133.4854278309
15357.155964170166,178149.70464214258
15357.726668528168,178161.52547369682
15362.744041442867,178170.0485338824
15378.639838354955,178186.60043917384
15378.804268871028,178202.17287298615
15383.773042406352,178205.26139405795
15394.289239474692,178212.45406235967
15397.449718475342,178214.34306567052
15401.712013823637,178220.33400407858
15411.31835423194,178276.13101368296
15421.296014291887,178284.95313380446
15422.043633358828,178289.7107416561
15431.465100135103,178324.49034265097
15431.755533763366,178362.3983662469
15441.468279838562,178364.55351868703
15444.393910254763,178387.96387645171
15446.099942360599,178433.12204674314
15448.267291120079,178433.448870131
15455.79820258273,178442.68935222278
15463.175882475703,178446.1673884818
15463.861583505379,178451.2415833132
15472.566202521311,178460.48409002167
15476.41444505961,178461.35882166456
15479.09883424216,178471.95388145116
15480.433892284109,178493.4160642624
15481.26526280812,178513.59349669723
15482.027933512421,178516.5050246205
15491.525828531798,178526.8284186466
15492.643827761933,178571.65124034873
15501.610379491542,178584.5376713616
15504.478144884124,178587.73588601185
15507.0409979139,178589.31268493625
15510.73233032227,178618.13284179143
15513.693829536442,178638.31648586498
15534.858111006874,178646.36181276187
15535.200698307579,178665.04926395425
15542.157068303657,178669.2403490544
15561.684125287175,178686.67988915095
15563.99496340752,178694.5542903287
15566.697106429487,178746.4994539448
15576.911037070415,178765.65490351405
15580.656579375292,178796.31870130132
15591.919015833315,178810.6844728504
15599.020877531613,178831.14394122362
15601.248190743625,178834.40938007837
15606.03207242491,178890.6841345855
15607.0,178927.4723110116
15617.278469221932,178948.6666868074
15619.508712768553,178958.8025709901
15635.15742135049,178985.86331511394
15645.426877651884,179001.06512320062
15645.635837997706,179009.7995382036
15657.042696033175,179022.3567610468
15657.210262741348,179030.0935266699
15659.990607125452,179043.94960625668
15665.08920388561,179045.61022775513
15669.57039921626,179099.76718260563
15682.460023863034,179118.4513428382
15683.472975066757,179171.87501193798
15693.67647474154,179190.86705657406
15694.037724699288,179225.5340429375
15698.369026984485,179227.554861588
15698.437772733829,179254.10671922145
15701.472468784887,179300.4872231996
15706.451741082308,179304.98384487635
15724.109047787551,179320.7621122343
15727.399492945002,179346.44493321856
15747.168688365404,179358.4444103922
15747.699278150278,179367.99875982315
15752.861140080851,179382.33443948213
15755.269480603078,179496.58963994466
15755.2709596838,179575.94481304716
15756.04121783801,179609.5335837433
15759.058978659774,179650.9710664408
15759.49762428661,179662.09745517786
15776.638438837843,179683.8392874003
15778.486254743168,179690.29574358466
15781.570557270632,179703.85808891914
15788.909956489279,179777.1348515408
15790.302423392033,179785.53963330813
15795.175616059965,179800.2612771818
15801.05861038823,179855.98473438196
15804.360808031899,179877.39251445016
15806.090980121066,179909.1062327623
15814.736041069049,179923.41036062583
15829.958558184766,179924.37703652043
15832.536899771014,179932.05086740418
15851.885974645615,180042.2504969155
15856.984338385748,180044.65693661146
15860.507613284244,180044.8406693935
15860.871582099362,180076.7146507842
15872.686327406353,180088.96636480954
15874.527967078357,180129.423042127
15885.945607934682,180138.81159463956
15886.811297825416,180143.0313863583
15905.732808930521,180160.7032493012
15909.578852449147,180167.00785018707
15909.578852449147,180177.26996047152
15914.284334080548,180179.4273967573
15917.930488347969,180192.20743783878
15922.71951304163,180210.28406390967
15923.370638711098,180224.7002397265
15924.787813731555,180239.94009876228
15931.0,180279.87638386653
15934.349649803962,180289.59062482626
15934.918592044276,180326.28900500707
15941.656095300401,180355.4141425575
15955.739496707927,180395.15942314698
15960.385317104172,180413.3460518633
15967.620634845334,180428.51640183592
15975.77891560964,180432.90095695425
15989.842104673397,180444.62552331167
15991.504225526536,180447.9184473753
15996.661299160547,180466.1583458866
15997.06258021083,180486.75118412293
16000.274906022203,180492.72821411066
16004.2914246491,180525.8934085115
16006.204129219095,180532.30600401346
16009.874809605775,180559.83487806996
16019.697682959682,180583.95363871544
16019.992593424698,180584.80789531974
16030.59527465276,180609.9701732738
16030.877816608965,180628.50119572022
16039.012478726287,180634.08761480873
16040.601999734128,180634.23029153686
16044.492191519057,180743.53240040364
16045.858849082684,180744.84122361458
16046.494856391633,180797.68582563745
16052.180393763954,180817.26964351104
16055.11888561928,180841.52122821123
16057.617682320717,180844.63174424853
16061.05664008005,180859.8122100831
16065.045778308608,180873.41114287716
16066.90002555506,180899.47434687612
16070.557067053647,180949.81769789974
16071.574117183685,180975.8956039974
16072.637674331676,180980.1290061304
16073.850475805157,180993.10198370036
16075.0,181006.16964265276
16086.176605122411,181009.80959757738
16090.759689024517,181044.5253795216
16092.882366248528,181059.94505110808
16097.247678075515,181090.25538248676
16097.263222558146,181210.23950292368
16107.319513184684,181210.86333405966
16114.647683330917,181236.2741544587
16119.285324931141,181244.43931780534
16119.434733782527,181252.38137037415
16119.44722543444,181253.04937740738
16124.474021979759,181254.0091785874
16130.930475669255,181308.1826762642
16140.182985816718,181342.0784374304
16164.472009880223,181351.75754377677
16168.828990101825,181353.56806191383
16172.409938641958,181385.17551709077
16185.310441153411,181387.4155271734
16185.479504823694,181419.26026294907
16190.631794180194,181421.27806907037
16197.577689869075,181428.9509493112
16202.82170920712,181429.63405999122
16207.044855032651,181475.68536697119
16207.633559618698,181479.90822839737
16216.577451331286,181504.35875276162
16216.577451331286,181537.59646704362
16224.42682966164,181542.47471742966
16224.735439096166,181587.78389770648
16227.093464749227,181619.81784059328
16228.90572193688,181674.59604282037
16248.457560845773,181693.94182089405
16260.464449439738,181726.9407488278
16265.767686707644,181747.56166287814
16272.83798326764,181750.68691750948
16299.869826350878,181813.32230868514
16313.436172008522,181852.58280122292
16313.505420786987,181859.67224221566
16320.548958846503,181904.8227792977
16323.08599403927,181912.80069838252
16323.14215343336,181939.04371917254
16334.79683950969,181980.14498398997
16336.575715320423,181988.51117226057
16339.200456414857,181995.6370686122
16345.1055405821,182019.72218600346
16352.107911450541,182030.1234135968
16355.373031820574,182051.99341889794
16364.894433089676,182062.03621774056
16375.999999999996,182089.21939218062
16375.999999999996,182099.1508109314
16376.39886450766,182118.96419986652
16394.697430917182,182127.58628770287
16395.018320185813,182131.4603500194
16399.090542997645,182194.06802289828
16400.585716656275,182198.21805359639
16401.049181972237,182214.83738994604
16414.041657958707,182270.46543909825
16417.106137548188,182276.34768618856
16433.49683203017,182280.64898061764
16440.686786890066,182305.7304169876
16447.371629272202,182329.3259278536
16449.025130408165,182352.63660922222
16450.325253333358,182405.58125563187
16454.490148757137,182410.77233134
16456.58431575981,182434.4506577424
16464.25562116074,182450.1690832206
16479.071966511867,182454.34083565642
16485.500762871336,182460.93891377962
16487.77562672752,182462.34233215882
16492.623081275367,182463.81572558195
16505.539540989055,182465.1347698484
16511.733884572946,182492.60029443662
16519.03643035888,182547.40904232417
16524.233763081676,182570.41843874124
16526.401524850284,182577.85891618047
16528.79931957379,182581.4265187638
16530.269278458174,182636.71888397424
16532.458566870013,182637.660471848
16538.512434414435,182692.1526626178
16539.0,182698.82547094143
16543.129031590066,182711.7328192848
16560.46736199515,182757.78487745352
16561.508917195493,182761.81925015786
16562.21030243806,182768.3325429474
16563.82815405297,182786.8666404824
16568.56356539044,182794.1052267892
16571.113571081863,182846.71032034498
16589.225180540736,182919.33336438454
16590.79147986002,182930.55063232366
16594.2329911334,182940.64686119545
16602.599587610723,182971.11787666596
16607.135362676207,182973.61020968645
16611.024271420032,182986.0147172553
16611.33960107395,182999.45222915924
16614.882991245795,183024.0740958451
16623.236629894775,183025.72785765782
16625.348386015212,183062.1199708836
16626.71495083399,183070.59444276773
16632.077042920264,183113.86288273335
16636.366724865788,183147.81379514083
16647.592063665394,183172.84398763522
16658.527899554792,183194.6815063954
16658.676744818717,183196.44994166913
16670.0,183244.92830866575
16671.790779113773,183256.20858420647
16680.377298866064,183300.27693733145
16682.425800136156,183327.1941652298
16691.681544916977,183341.78774401115
16696.69422439168,183356.6793705735
16700.67254408774,183357.76526532846
16713.325038671494,183361.97937694614
16715.683130945472,183376.51745754492
16719.521137918746,183424.63709223276
16725.04116330825,183444.13910504756
16726.79535824912,183450.2177150761
16727.54895925522,183481.92863787914
16755.33173026357,183483.47738867142
16755.852143492004,183509.4076718432
16755.908052444458,183535.89591947623
16762.342353616445,183539.8509782893
16763.25964822089,183547.24315212457
16767.93567149979,183587.5082610334
16767.93567149979,183628.72071816243
16769.222003000108,183701.25633123948
16790.319973298472,183719.08471523013
16790.365857703357,183767.239943334
16790.78474824762,183767.29280948648
16791.78883753505,183783.68425813736
16806.742757337415,183792.42105054006
16809.03804956165,183829.144741331
16817.209381103516,183872.21483503067
16819.182347161415,183925.4572492669
16819.182347161415,183941.97414823945
16822.816247923052,183947.17061884067
16828.42770842141,183967.5177248205
16830.7583412443,184003.3683087996
16836.577032395806,184004.84597407066
16838.823373522082,184070.13589973105
16854.22859232765,184079.01734129022
16855.54702244486,184084.65001302108
16871.910405261217,184113.19094257685
16876.269765717618,184140.70679826397
16879.57631766796,184155.58800537238
16889.228929962428,184173.77813962527
16894.454536642344,184175.97799570218
16903.847468171796,184189.4934408154
16914.58455743109,184201.79952807075
16916.60752013751,184206.22969446858
16917.825397491433,184208.9092935323
16925.78408432007,184229.9486422113
16927.759155767304,184241.4539028407
16929.165039062525,184245.97919321057
16936.8987903595,184268.42910653361
16945.091281379973,184273.85658339094
16947.13675597737,184285.9669641088
16950.744925703322,184355.45052635664
16951.8142591204,184389.6352537871
16952.323234796517,184394.58265898892
16956.458471298218,184417.50484172784
16962.463780675607,184421.66647351638
16966.358794995725,184444.48758755406
16971.753981454116,184456.2170808827
16976.81697102954,184503.5228836707
16981.945618084494,184523.26108193398
16983.4590187243,184573.71058642014
16991.6797889471,184582.97150593146
16997.3335710253,184604.284259166
17013.738804204124,184608.56509894985
17014.128616605478,184658.10683202738
17017.996867452333,184683.3497285162
17021.0441405092,184717.76982414728
17025.933376039757,184720.0332088641
17033.930768149236,184739.32322764397
17037.985921229658,184744.21358672203
17044.980539781696,184754.43635582924
17047.729871102754,184776.74160390237
17052.636393274584,184792.5410575015
17052.636393274584,184810.4946190884
17056.192460128237,184815.04314972658
17061.726408277264,184818.57678298434
17065.830452288887,184823.86574898448
17068.403037786484,184825.5531179224
17072.327497209826,184848.22901654243
17074.391504117422,184862.7763862439
17076.5925113814,184876.4611738579
17079.727607573797,184884.43575373717
17080.792849114954,184888.31495669903
17081.476098980223,184899.4234113864
17083.157138824463,184902.91129481798
17085.52122139928,184926.68178161557
17087.15271183425,184990.5205266476
17094.95283320973,185013.28301284998
17102.214912039934,185040.83920638904
17106.155064582825,185051.6677191087
17112.647282021386,185136.98040798737
17112.67257707458,185154.247756396
17116.459325347645,185173.62515722003
17121.3645664794,185212.28717413972
17123.92448893612,185214.05430143222
17124.90096044542,185235.58997767314
17125.404712046897,185293.3114261627
17128.25400464872,185305.05737984175
17129.111523083266,185317.95479788087
17133.065437095498,185359.2099121809
17134.90296227594,185372.3341749055
17138.145457744595,185381.7275136368
17149.337439026243,185394.65728742734
17152.94768575262,185424.79536214896
17158.794619355882,185426.55062302522
17159.390438182032,185439.3992223399
17162.950202737542,185475.14594503804
17178.549273933688,185489.9196135656
17185.69315733231,185502.87313961983
17187.02537734167,185511.84497710638
17202.055234432202,185575.93484635008
17203.1103098052,185637.0902158362
17204.228680951273,185659.23901573237
17208.13408129556,185667.95514462685
17209.012861183706,185681.88094298326
17212.676199810856,185685.3643592426
17214.29304650853,185702.5460598127
17218.93843805792,185725.66474030697
17219.1139546633,185743.11857974523
17221.116591385387,185743.64695446845
17222.057921205254,185759.20226197576
17231.414866345258,185775.22730324944
17245.80378811701,185831.60687749734
17249.952279107896,185848.04621075737
17255.20973968506,185894.53144000267
17264.231127602718,185907.85149867192
17264.93340097154,186000.21201864292
17265.731076495984,186029.74576992658
17268.732981698864,186053.19546961784
17288.555198873793,186062.03773085558
17293.46287814209,186069.67220968858
17300.7724738291,186090.83057124267
17302.379229409366,186107.6198071242
17302.700212069907,186126.05152166745
17308.844236373945,186168.6509282077
17313.409505980373,186241.11301616256
17321.595129932703,186248.5838717904
17322.526472432244,186263.0332898752
17330.96311330796,186308.2539983818
17334.00285329138,186325.09257655486
17338.890589475603,186344.56688788946
17346.334524188707,186352.05419586384
17361.295249938947,186413.46404956066
17367.666606903076,186431.58368752676
17377.339877775736,186438.6364338909
17377.609925457422,186452.72205298278
17377.633114610355,186460.88500881195
17377.957193374634,186503.44248809144
17380.09987395151,186514.65599230345
17384.38565565858,186523.6616558007
17387.07164294378,186597.79320991042
17392.65067073278,186624.71661121503
17393.097991177012,186671.20282695984
17408.00418063572,186726.2051084041
17409.268785306434,186743.02316975594
17412.544593129838,186747.4043033038
17416.46153415953,186760.76035203252
17417.15920002127,186852.94741904736
17418.412008387684,186885.4044938768
17426.041666507714,186904.89106854371
17429.524826662888,186905.67002476964
17436.51534327436,186915.91376331873
17441.41683227675,186962.30755337648
17448.54649865628,186994.2268177952
17453.370428323764,186996.445211121
17455.751810073853,187001.50573905883
17455.751810073853,187042.72694393573
17457.7305508001,187044.0864943947
17458.790960584374,187050.9410225834
17470.526368004932,187081.44891580517
17470.526368004932,187174.1796699252
17481.046828883045,187201.2305214235
17485.9821669204,187216.6647510188
17487.016687665717,187233.22234878363
17487.925445726953,187277.89213892393
17488.912416202686,187329.89312955306
17489.76535960609,187406.33133559566
17497.110466139646,187419.42847558428
17503.88370159697,187428.76082558287
17508.198053530286,187464.8682745524
17508.44869262831,187492.2418498567
17509.818158013484,187492.6531549522
17513.111987863253,187529.8080820527
17514.861731239725,187552.1590264354
17518.21535481723,187563.09423638234
17519.468778337705,187583.48318253236
17527.324140446537,187630.82062094557
17537.622132301352,187631.2799186281
17538.807930333267,187700.8314814142
17540.888236096907,187701.9371201311
17540.888236096907,187743.8193217004
17544.66989602359,187817.19018898698
17548.39489511079,187843.69213952334
17551.637287923273,187864.63713422825
17567.9173060826,187898.30499555386
17579.48339467389,187901.25987335615
17579.771180782987,187902.92935662612
17591.05552356582,187909.6684286083
17606.0,187921.24252661638
17618.464968204506,187926.6900348834
17628.830543245553,187953.69414017032
17629.088361944432,187986.68887063442
17644.226827076498,187998.20412049987
17647.591511811595,188041.36633011268
17663.93927107538,188069.57910597324
17665.3254982063,188079.741730656
17670.751392364502,188119.6703666279
17687.53170589038,188121.09637556758
17698.190466727625,188148.1892199516
17710.021406923017,188148.30549235007
17710.19603025912,188182.81726897624
17717.012816361006,188188.75884957827
17718.97981332032,188198.7074859995
17725.04425920759,188251.9398011992
17728.166643142722,188282.331789153
17729.386383874076,188347.13560761718
17730.973765168874,188363.99846492492
17734.66281032571,188375.36443383346
17735.9991770302,188403.02040689343
17743.01398410119,188463.9329061082
17744.953653335575,188493.93762477813
17749.284090961733,188532.6482096569
17757.473889895853,188557.735689572
17759.4062694822,188573.37298497124
17764.04527372117,188601.14196169368
17767.874401722627,188626.75280361524
17770.333619594625,188648.946816964
17771.52499679157,188669.41200188227
17773.065950598047,188673.76241513665
17780.209072249272,188686.97599608562
17786.974075010836,188688.4925209455
17796.052721296022,188712.89962542057
17808.27628615929,188717.6864279678
17809.871331776903,188767.78696002276
17814.99124843734,188788.39199256903
17827.05464601514,188809.45205574378
17840.76706790924,188815.6466712781
17843.533736092715,188835.407306041
17843.94090986252,188839.27708395885
17844.5702356611,188899.84456960642
17847.062983410706,188900.10739733494
17855.213686466217,188916.54885190725
17855.213686466217,188931.10411357885
17857.353525161743,188937.78804424833
17861.892129761836,188955.89891920763
17875.837564638645,188960.39777987354
17881.615060465687,188973.88227249036
17883.42313594478,189015.23812406408
17887.62491607666,189149.46845908673
17902.660770280047,189169.94250403132
17914.565151759587,189183.3929023061
17917.23098407473,189196.8052894218
17919.553254127502,189224.30236518386
17924.288422278005,189225.7803950481
17927.40680884462,189227.96074613498
17937.553555726987,189229.91379765095
17939.176002400254,189244.5174491576
17941.35502263479,189279.59148039122
17942.31489774159,189318.7727284942
17944.720582604423,189324.08047552616
17961.218290771754,189336.2050243446
17963.624053955078,189367.72056072098
17980.19106388092,189377.15759159837
17984.825315475464,189387.74126941813
17988.0,189398.09418602515
18004.508104154047,189399.64444102565
18006.465243612092,189436.03562217098
18011.035504443298,189447.14740870683
18011.262347630094,189460.62414926296
18014.31387378488,189475.0153762101
18016.195165531986,189558.71901464462
18020.526590279165,189609.02957461562
18022.1231129851,189658.7863155944
18025.747465610497,189708.77296711726
18027.059900232714,189734.44744389405
18030.47384439197,189736.65314308228
18036.85319375993,189745.64212227723
18040.660550185625,189801.2115671124
18041.968370028917,189837.09346553264
18048.391976322448,189847.08005281858
18049.963282653247,189849.7967143741
18051.630713684208,189852.86329954004
18057.881279672874,189855.80629278938
18062.863838604513,189884.2374246803
18071.23579856324,189888.14886627882
18076.764172077186,189906.98268662184
18078.34566259384,189935.547356265
18088.52187286106,189977.6333019563
18091.597409299437,190016.89980695923
18095.705563885836,190057.5119230746
18097.035868746898,190061.95565644337
18097.862046446127,190065.6085934127
18122.1235880511,190065.940915644
18138.88516027584,190094.75852239976
18139.32721078395,190099.46516275406
18142.96091692787,190102.94583197992
18145.169772420653,190141.3088657686
18145.414473329278,190147.6669199978
18166.334437217025,190166.3269368411
18178.092519283306,190166.47537939897
18184.68893960542,190173.56038049294
18198.676640152862,190230.79399754314
18212.04955800937,190237.8216421689
18217.2830246517,190241.7601284214
18221.849207026615,190278.48981193133
18222.67079080858,190332.5930598463
18231.69917837211,190374.38137321814
18238.01954022476,190380.20395178458
18247.371465478627,190426.50316729717
18253.276364394602,190430.57538545132
18257.56613538946,190437.91927209924
18271.523861408234,190467.30438840392
18274.203762786725,190491.22714453086
18292.627443926664,190516.30593468464
18292.627443926664,190525.5370137521
18297.85257472312,190534.22640795377
18301.061021838857,190542.3052037102
18301.063534089495,190543.98016677581
18310.438812562395,190552.0258972986
18318.165392058243,190567.08329829155
18319.33780058795,190570.56479826994
18326.72914447105,190574.6685283695
18327.797245025635,190579.26659710077
18330.284663472845,190592.95035713055
18333.64839209831,190607.233308196
18333.816693493274,190665.49720134053
18334.964698689346,190681.8655646529
18346.503773280558,190732.30932872638
18348.332293408224,190788.16031513037
18349.61038506031,190796.92873687396
18350.367170810754,190816.4862243108
18360.70076130119,190823.11121594903
18361.187007222856,190836.99435412034
18363.20088604519,190886.74466943735
18374.648787600665,190907.11355376244
18375.01625423771,190912.70740604404
18390.81158890043,190918.92676065638
18398.269320249576,190928.24188251153
18400.271519592825,190942.94980955124
18407.048172712304,190954.06262804783
18426.390348059766,190955.37228872097
18429.43146702221,190963.71398544317
18433.084100723267,190997.05537383904
18441.10658829553,191029.0285170247
18442.235356535235,191031.34329556575
18447.106054306016,191035.17651106627
18457.546656370163,191038.02650148532
18463.602805171704,191073.12252906393
18464.1556767055,191106.96932758598
18469.02192333766,191133.91769531794
18472.733676365446,191148.26135327137
18473.629497732418,191195.09130283765
18474.96623017957,191195.39310959406
18481.63041482654,191244.56163544313
18487.594568048207,191254.70044268895
18493.762125423957,191265.42814590252
18493.773243835996,191280.28188046385
18498.667388030473,191309.40346603733
18500.2668259825,191312.23176445282
18502.840528658486,191327.80519759646
18508.34487095902,191368.4052794489
18514.865605626786,191381.48589152956
18522.459428685055,191409.73847625928
18524.477608970254,191421.81110135146
18530.888319015503,191431.84271395212
18532.695249285014,191453.84279540612
18536.280793547623,191467.6967383793
18543.70235834803,191495.5372311558
18544.745857119553,191540.22860763757
18545.336759533195,191544.8504589797
18568.903360639302,191577.3684421266
18569.88406498092,191586.11757133686
18576.61709938733,191655.23425996292
18584.855394584803,191657.4978761673
18594.23059095652,191664.95686641746
18598.120691571912,191685.45720781604
18620.719289984016,191700.3931118591
18620.719289984016,191701.89780051372
18620.719289984016,191755.71181082726
18622.39898627145,191788.68715952119
18623.765920400612,191822.49648697034
18627.41347503662,191848.42857234814
18631.918535232537,191953.27051787707
18632.2564838103,191956.39799724313
18645.042888607302,191959.81346828598
18649.3826379776,191968.62687019783
18651.363260269172,192039.5720088651
18656.6547994954,192089.5593521254
18658.500093494134,192155.37418525555
18659.034808533524,192160.37053011142
18666.75759077072,192175.8190898214
18667.2709765605,192187.33322525024
18673.65584836687,192231.64196400967
18676.042853006315,192335.22519133767
18679.009971039617,192344.16779805935
18681.589110953446,192351.02370718546
18692.272605725702,192387.20552626677
18698.677113907695,192425.6394268445
18702.008084603724,192439.08154630673
18702.250397682234,192447.14993688042
18712.253238609846,192447.33240684436
18715.851452742296,192454.35295549454
18720.272077253896,192463.6249719517
18721.805022614313,192515.51204092163
18734.33874879566,192546.39674304213
18747.484463385157,192554.13345342025
18756.18291333746,192557.6978401456
18757.83887726923,192569.117585344
18759.948205334797,192573.3601512739
18766.419125556946,192587.63794553292
18766.94754270144,192603.5374270166
18772.74136653967,192640.65931386602
18780.01599068302,192680.68296270698
18791.25809288025,192770.94029295447
18797.95300827706,192783.66234773395
18798.015506131316,192813.95602740563
18798.02739545277,192873.6554094894
18798.990890673227,192913.7956673248
18799.15507888794,192922.99637613975
18799.495274782155,192956.15601788252
18808.480777110384,192996.69195931294
18824.356249570847,192997.01636512787
18824.654314381758,193006.45459735396
18824.73627311844,193009.5209005219
18828.61915469166,193021.3129076106
18834.976388181967,193068.19642488452
18838.56604106087,193079.04815125477
18838.56604106087,193091.0370885985
18841.78430836541,193094.18992908506
18842.791358062208,193137.37720300464
18846.58255961963,193145.83278884206
18848.31768660886,193150.72880092688
18848.70705795288,193244.01594769958
18852.492161904043,193249.5311318211
18853.385932377412,193257.34467453603
18853.836603437165,193272.7455978393
18872.19231326242,193286.84507880046
18874.632912908288,193313.31616868288
18878.98227974345,193313.96728619502
18883.155723827254,193356.87988814292
18885.867794496677,193407.08283305177
18891.831629957447,193421.51562648156
18894.957092557645,193443.5584517888
18897.559578146254,193487.59976383613
18904.41138093812,193558.27064856468
18910.281875984976,193580.8346428531
18912.133587394408,193585.76842876835
18912.133587394408,193610.25905105038
18914.77311033863,193627.14395526476
18921.637296472283,193628.17015790942
18926.939528771803,193681.1616158826
18930.785698754444,193687.56934593403
18931.872743810964,193699.31002773554
18932.635254723667,193701.67028466286
18942.072544923816,193726.14056604257
18956.13559183044,193764.7451122829
18957.496795654293,193783.9023817778
18959.950472354896,193791.4307473898
18962.468350172046,193821.19633439614
18979.821879625262,193851.2211512837
18980.941786323263,193877.91770826065
18989.46759789333,193885.30131198687
18994.367340547702,193893.90629957407
18994.508310437202,193895.4806617073
19002.14986661504,193929.38403488896
19005.26005656376,193938.19113651334
19007.75362847533,193949.5948681066
19023.421264682496,193967.51307611808
19024.02098383222,193974.4279132911
19036.7743013246,193993.68527662748
19051.97414009911,194023.23089565543
19053.37144303323,194107.6625020845
19054.66848223549,194194.07815514287
19057.0,194194.60399969987
19065.567988906554,194198.63380202226
19076.461083854912,194206.47565950674
19077.90957021714,194230.8249640124
19079.243299313966,194247.22655000008
19083.499868392955,194284.29624893842
19088.112219708302,194320.91659939283
19093.747806038198,194327.96690273285
19111.768792799543,194332.2786567721
19112.546866144476,194389.33028893807
19118.311503750934,194397.84849902586
19118.741294997075,194409.39443860739
19121.176395654675,194433.56941736588
19131.652185882827,194447.68575297075
19135.19586961609,194537.86822405888
19139.928587325972,194563.67785394192
19144.048154541382,194566.96086151266
19160.958809035168,194570.8119952595
19160.961033139905,194632.32059502602
19178.789839148507,194637.28496989183
19181.760772092,194644.2172385283
19187.834503446324,194646.9338724443
19188.21784148897,194655.15586427282
19197.99301903589,194680.40781649525
19199.74676832131,194689.8895058888
19210.543811968393,194699.99751591677
19217.372993843866,194710.00615554184
19219.667422839586,194743.5131938628
19223.269875935126,194766.07695354742
19224.353098188112,194795.72068648686
19237.10505323756,194814.4587445343
19244.047715221135,194838.53340085925
19245.456915446695,194855.047063504
19248.23749792576,194856.88864526575
19261.273602792193,194880.0389868702
19261.512802600875,194894.40851628777
19262.080317974003,194925.22488893778
19263.852106911774,194942.6306061489
19264.454350267144,194952.49731605392
19274.326498985327,194989.53045472075
19281.700464827663,195022.49850867482
19290.329209702348,195023.9846652065
19292.90190284591,195036.36434084186
19307.80449717384,195036.7474193062
19310.17643846785,195086.6413116284
19311.37991067341,195091.2720714467
19312.532023336204,195093.47028213745
19322.3814308132,195097.25714792527
19326.601724488406,195102.9272511856
19340.898550033584,195122.677860788
19342.027387789305,195140.3854225533
19346.185705329663,195180.45008308534
19350.610615525937,195186.2903973034
19350.907718505176,195205.2642503636
19353.053036962225,195210.53326370034
19353.57546722889,195211.7798950331
19372.310873832008,195230.32667960436
19373.396844489223,195231.43544937883
19373.58938830238,195247.20723608567
19374.257671696763,195279.26618516445
19374.824006353105,195281.69427657127
19380.215388774865,195315.4422968115
19384.02597144663,195330.51092307916
19393.291004214963,195339.82760555408
19394.54870760438,195360.49361343036
19394.892622590065,195435.4280931608
19397.006551401966,195447.48752554826
19398.272565228588,195456.07339760236
19410.950689520163,195539.98252781798
19420.62143741333,195543.45166839877
19427.225649731474,195545.7687136104
19431.030147824968,195580.45509781156
19432.744360242574,195632.85000044949
19433.16293123788,195724.18304683478
19452.368202209473,195752.97265172
19459.744365147184,195792.21639187844
19463.091038312243,195808.42709825718
19472.58702203202,195823.95113410262
19488.88527693066,195835.4268944434
19498.88727154051,195839.09187529763
19531.818857601727,195856.59849034873
19532.59818945612,195874.69647702138
19539.93116569519,195897.7568745271
19546.335566520735,195900.61529401375
19555.240040881283,195995.91642078327
19555.49425082548,196127.56662367072
19567.906765222582,196132.12260438708
19570.6966217586,196140.26199066642
19575.878870453154,196177.66002069204
19577.81416170938,196181.31130227013
19580.38766234261,196189.3669930697
19582.829468148095,196216.51897164749
19591.715515732754,196229.31947592334
19593.438157830915,196249.4924304656
19606.464104873783,196279.95595036238
19609.26082287517,196300.8630457265
19617.199957541045,196363.45108732156
19630.796318105287,196379.25033152956
19644.0830078125,196379.69500284528
19649.436176708747,196381.7556842054
19652.46918688499,196385.8017149993
19659.401346053382,196392.01846668543
19666.97376435145,196419.35238269396
19679.225585358494,196430.60017938263
19680.897283162387,196498.70299017435
19682.273376362667,196507.96827667096
19683.329759631866,196522.4384054796
19687.778768369146,196577.77759356156
19695.7870676518,196577.9380429812
19702.237138169156,196583.13180262706
19702.80866067751,196649.66320969386
19706.046601431713,196675.29860833712
19732.100546155667,196734.97951071605
19732.866668088092,196744.14429002168
19733.220680032467,196749.90326655767
19735.94145074911,196868.33501037513
19750.028405751513,196914.30890348981
19750.423758098095,196925.4518120289
19755.483767867103,196970.14443266392
19760.029842036107,196993.58242418087
19760.30975060804,197055.71421125953
19762.856200831302,197059.94077779562
19766.977491651276,197077.32598757735
19791.64983505862,197082.85910167868
19792.185061616565,197091.26419823506
19792.869565163317,197103.58344626427
19799.379525065426,197133.70170911727
19801.558564560764,197161.24865399936
19804.648734842052,197201.52243546085
19809.908161572053,197207.65005569803
19813.56316786151,197247.59639867712
19813.99420217107,197262.43761466234
19815.3795212337,197275.10985560075
19822.69351393838,197295.47473617957
19824.57001958573,197296.2267478534
19835.606841138444,197315.44322497505
19837.15444959912,197316.3599607604
19840.17775600298,197345.55926038523
19840.84944815296,197356.18264387324
19856.044061490487,197362.41018085816
19861.436163663864,197407.0827993836
19864.375317505423,197411.14174037322
19866.08979593003,197424.98135582038
19866.292830262842,197437.40237339906
19874.84228645054,197449.1066848551
19875.795432363244,197483.6839157684
19881.830579178662,197539.08822237587
19887.252453207955,197543.20930140355
19890.205062866207,197548.20501175948
19895.839213797015,197554.0918281759
19917.120130879543,197571.76405397477
19920.68803126472,197621.9691968985
19921.752387200086,197627.9922870228
19924.76670502768,197637.42374444014
19929.63679913114,197687.02143149712
19930.418908119198,197694.50018976408
19931.44671263013,197707.5710420268
19931.804338489266,197744.0865274838
19940.662993567337,197755.31742799276
19945.543522323875,197856.78125481092
19954.57508716417,197868.2511885505
19963.886234198315,197869.78610997542
19965.067061390168,197870.80135010823
19965.71223943572,197877.6471395833
19984.772530691942,197908.70044241624
19987.740650040774,197915.55433384006
19988.050614254815,197965.3632612229
19990.573744467343,197978.37880223128
19999.906323909774,197987.6870480606
20004.70337481161,198012.43747211347
20008.302227343847,198038.5334990535
20020.894443035115,198051.2311047997
20025.650760310047,198060.56186909328
20033.762153897947,198061.40011741425
20034.837845393577,198081.64988952014
20036.450974362226,198116.97792387014
20042.928820388683,198131.97178927483
20047.74399437222,198133.1508335895
20055.787228839738,198144.62834135126
20056.206488984004,198148.86646499793
20059.574451122964,198186.74680972096
20066.91989176615,198199.60630367484
20067.91240821567,198226.431693954
20068.063084500143,198260.63675097053
20076.477892364746,198305.85672109463
20081.709135464243,198328.2916063071
20084.588565664635,198341.3876060333
20089.01488089558,198342.37677986277
20095.275983503885,198466.8324734568
20104.148939132683,198506.3950058392
20122.30577591487,198521.54126994952
20132.000704850463,198528.384877222
20135.032782520582,198566.42637251102
20137.946261814668,198571.9304344655
20141.03322757993,198579.8748263461
20141.378198589595,198596.6682409899
20142.9521582808,198600.13788643913
20145.434940763884,198600.1405516438
20145.884959033563,198627.65274947032
20147.577536395613,198632.43569677213
20160.262615646632,198652.98979588924
20166.750889846233,198704.39219793244
20168.618468659253,198705.90636541153
20173.66650216921,198722.6241176129
20181.6566935437,198722.79203857688
20188.548410228253,198724.57188550069
20190.06446080547,198757.20044645242
20217.388277888283,198795.72834616038
20244.44594580786,198802.68426922386
20253.39352502142,198828.17256030013
20253.996343612675,198862.78095844827
20259.440707887912,198870.57434448175
20266.05656811169,198875.9259327139
20267.699331385746,198884.263914534
20282.4872807094,198906.83292660542
20289.042235510704,198918.47983874596
20292.655919245302,198931.4215661628
20299.90969753264,199000.05569821596
20301.081619262695,199042.9104183913
20309.401801262582,199091.82897756773
20325.095919183284,199103.63712169445
20329.251551798417,199107.14536551066
20330.938491140092,199108.03301426343
20336.809980358397,199121.66119149752
20343.478328875135,199198.86140586645
20344.075395992782,199199.27185373649
20347.08111092022,199234.11705148226
20349.650776420298,199244.12038433552
20359.539927550715,199245.64905303702
20375.877184663514,199251.55804045708
20390.68288510187,199288.40400656618
20398.0,199295.7504611782
20402.33204887595,199307.82744634154
20402.559556007378,199327.24767510386
20409.581314018797,199345.1718945675
20409.721842867966,199361.56422535007
20413.802502087194,199369.6989866836
20413.88215838161,199382.1989470208
20420.90013463156,199395.13634836668
20435.78027360781,199397.13851884427
20440.080952899814,199404.97837712092
20440.125713791163,199407.97751559527
20447.332761475045,199413.77364342567
20447.55249513901,199419.5294600384
20454.17301835334,199472.5778847422
20462.017408507214,199475.5752626658
20474.03539049625,199532.8295024634
20484.529300621565,199603.44286009233
20495.960064070598,199606.8286771434
20499.019933921973,199608.8717921376
20505.04000762529,199664.2732558421
20516.5614562375,199677.36669996817
20516.73191063745,199696.86733385496
20517.979273182995,199699.34628231177
20524.39125347138,199753.9208265373
20538.28347040929,199766.18795385532
20540.558207443788,199768.6240053006
20548.09226134846,199783.12500863412
20552.189175469543,199783.63760198868
20553.44387360981,199784.65251444062
20559.694707700182,199852.71488227148
20562.764368687334,199889.79569106444
20571.264880044117,199892.73136024823
20580.607312474953,199948.02097373357
20580.820193035273,200012.68940839596
20583.253344059,200024.1797952823
20600.283266271857,200055.0475107517
20601.0,200058.8491813114
20602.58587690762,200089.38627275405
20605.704704965876,200170.34431481358
20612.841230222173,200188.88490265596
20614.26456689833,200212.0845460892
20616.648832048675,200251.4927162443
20619.055650915438,200272.94802951807
20620.55241097726,200279.0117300409
20620.59816036908,200300.36122863635
20626.398656845115,200327.64106488228
20632.31183246203,200347.43491341377
20655.70310037479,200466.16290003914
20660.556696048778,200470.19267507968
20661.129056147187,200470.66026636527
20670.39043045044,200501.0836551871
20679.794316291795,200508.19837965292
20687.087968690063,200643.53919732574
20689.443318230773,200654.41087165047
20696.057670167498,200755.82792959898
20698.683246510387,200791.17461134697
20703.35645001278,200798.4390216384
20703.440047230033,200811.14556038377
20723.00528730664,200867.13039846084
20748.767440966207,200873.87063516892
20750.866103342603,200915.72866155423
20758.414164611266,200917.03438513633
20758.789179699732,200927.7617295214
20763.395425864634,200931.11115403683
20766.052309087343,200952.47706816887
20768.48411066187,200962.05018963135
20771.62878792628,200999.90704974122
20776.498800005247,201004.089036686
20777.39066093308,201013.16288735188
20785.447165284764,201016.25058685025
20787.41334942411,201026.7488072259
20791.83364101818,201042.5051654918
20803.30373287201,201077.71012518238
20806.3095696313,201108.85152336524
20819.18428856987,201121.56124946033
20826.314401745796,201157.07918406383
20827.95543539527,201188.16664017946
20831.44515201023,201188.4766638534
20837.94780731201,201189.54596616543
20844.01357523031,201201.28995043898
20846.173811061068,201228.96064879204
20847.75082901548,201261.44355888036
20848.812664168254,201276.11865728244
20850.390356012762,201283.11621345792
20852.213968770873,201298.34132009745
20852.564871788014,201316.61698690493
20857.192943436763,201337.55534909453
20859.466771551546,201372.94985861445
20879.30538189412,201388.5313713891
20895.981966665844,201407.6526706561
20896.974941372882,201424.92888925754
20898.290601423803,201452.87723730295
20898.326163257843,201468.73002769263
20918.689778617452,201484.92502278095
20925.869528497962,201503.55091459412
20928.545973965083,201516.6269986628
20957.190029621135,201516.75455850357
20961.81297843796,201528.95020287376
20973.694333212712,201531.0584076132
20977.62281697141,201549.96035276144
20981.37308485167,201562.3345371314
20981.817898750305,201589.94200875922
20983.419334888444,201625.14914153298
20994.0,201626.96484367346
20994.092172622684,201651.05032156213
20998.07826307841,201657.517613428
21001.74491105761,201697.3527047037
21002.57598788403,201725.52445861275
21015.40302876062,201758.57240976617
21015.613156999858,201799.41764579504
21017.16394874028,201846.02013661186
21022.841985574803,201873.5914420741
21027.19259979043,201906.65079826975
21031.838566592756,201916.92098769976
21041.669432231363,201923.90736973274
21050.22558947972,201985.88172715047
21061.460039343154,202004.48482782498
21062.958108731676,202028.51880261727
21066.756881850117,202077.22686513004
21070.70330120836,202090.47051000583
21072.658088241304,202122.2646299771
21076.67765092851,202130.0473983288
21101.57231232098,202138.02817591597
21105.274128862882,202176.3343531065
21107.17763893945,202223.08530816025
21111.185987114906,202244.33287506446
21116.44808389459,202277.40836635654
21120.691806180144,202296.17106999666
21128.902099609375,202334.1715319667
21134.232266323917,202334.87849424567
21135.45731203897,202335.2364087616
21147.98663684296,202347.89921258175
21155.281192234597,202398.2114067758
21159.78558213371,202411.26494782307
21162.688506228584,202415.82469480374
21163.259426934397,202432.77990557463
21167.202439785,202463.2857609135
21169.40271220881,202474.06342625615
21173.09828690121,202483.26691276685
21178.076856476913,202489.0778001207
21182.0873807158,202500.95708397456
21193.014361517773,202524.75538177154
21194.766126905182,202548.01389884955
21205.858464360255,202552.119055152
21207.13263269831,202567.2711919376
21212.259290013964,202614.73742295153
21231.764497842105,202646.89356252126
21233.00903914656,202653.73544728753
21233.00903914656,202667.1386609589
21238.003676141983,202683.91827375547
21244.395072323925,202686.43246097217
21247.51537595476,202722.16923786065
21251.718400478356,202737.0615539209
21257.85387522835,202742.14068136047
21268.31822397029,202774.35498911995
21270.07947819575,202806.97921129633
21273.95155021122,202825.72214809494
21302.076510480474,202847.23467361927
21312.26132733481,202855.41554542948
21327.291805216177,202864.20336888524
21331.0296245643,202866.52753702225
21331.136454394895,202870.80246594967
21336.123635121763,202879.42700108464
21345.269576600618,202903.47550681658
21347.01838704518,202922.45100983544
21358.350555453926,202987.74919492868
21374.33284228194,202997.03132954676
21375.19122641427,203006.65306924065
21375.370753220133,203018.19069465552
21378.89152938974,203031.7380789349
21379.89468647753,203066.58782562183
21384.498066101747,203077.89532572872
21389.66792178154,203089.88070103107
21407.36203067642,203099.03280527244
21421.48014313834,203160.43141669038
21421.67750369653,203166.4959711177
21425.82365696773,203185.31916235172
21428.002886423037,203191.57369625574
21436.881407397115,203283.9526716301
21455.265848559975,203302.22450602055
21459.61004992894,203315.53079083998
21463.354759182246,203330.3316498826
21469.101318478573,203350.15031319845
21475.494697298316,203353.96121948108
21479.382684843877,203371.5982168232
21487.51488390991,203392.38158783747
21487.51488390991,203396.99303541883
21488.73786224633,203408.00025948457
21490.12120633466,203419.92524582142
21491.102879319842,203430.14581072342
21491.900341766253,203436.35902495054
21502.79218043598,203473.1346939972
21529.372613395957,203555.96494562287
21530.422411237443,203569.7243209396
21538.729062693455,203636.8776660306
21538.918375611298,203640.12049579615
21545.7398800339,203656.84019461696
21552.848258904058,203673.70532688076
21562.053729670377,203675.17871556105
21566.25151143757,203678.62550081534
21567.762997984875,203713.49841431205
21571.851910420824,203740.1623167821
21576.25644118442,203763.15955759797
21592.574331011077,203765.42332395486
21592.673151527135,203794.23102390766
21593.30302917958,203801.62232215062
21594.920479638226,203820.54749386653
21600.296704803193,203842.07744802756
21603.701145138053,203847.1795737659
21613.617127895363,203873.45544460844
21614.580186809835,203878.80125986662
21635.352589334743,203882.0254944222
21644.30927882872,203888.79900882923
21653.088372434904,203900.09374075278
21653.300433175926,203905.0694616522
21671.48300824849,203911.71008561333
21674.25159914152,203921.20725692168
21676.5057425499,203923.67621193617
21682.179252896996,203974.22842092175
21685.63696609224,204041.6608531135
21687.92893062316,204067.760714548
21692.984493391847,204094.84910919832
21695.913383858555,204146.06488937984
21700.12094616888,204211.767841322
21713.855988400315,204231.06566550047
21717.90271707942,204269.49705140927
21723.40696429357,204283.77703765465
21727.194603545326,204299.1162789379
21727.963204043255,204322.58341973159
21742.145892722256,204377.55932393245
21747.798540387834,204400.33487457898
21760.60816548553,204443.76302547115
21772.317355292173,204446.05347306398
21783.136209930693,204458.408492514
21794.43228415084,204494.51612298825
21797.82627837151,204507.5966021844
21800.016453708922,204554.25134621334
21810.53247220175,204612.83118160279
21812.334207398526,204645.62774710992
21817.601384026668,204659.99167547046
21818.062578814388,204702.26739987303
21820.926627431596,204705.58681457397
21821.572694080212,204729.80595326418
21826.486857278003,204731.36541300162
21830.075058698683,204746.72605425972
21833.068014996417,204781.87803136435
21833.217985834402,204784.63235288003
21833.284222909395,204799.44673081796
21835.167147959997,204801.503378289
21836.67832611287,204816.6792948502
21848.115816329206,204818.95568079615
21857.00427297184,204823.69936149445
21867.737219776376,204826.5188497646
21869.266009024195,204842.44074749088
21870.761752809813,204850.38181408826
21873.945022446755,204895.39450272484
21881.65000194312,204917.87643915403
21890.44674529349,204934.81349779875
21896.281276157923,204943.6483444827
21907.282605086042,204964.6684731246
21922.974402546923,205006.40066967695
21927.949401651087,205012.12039514942
21948.115467991156,205018.6806473392
21950.09615509851,205024.62653592657
21950.762889725826,205096.28722139765
21952.087535994397,205105.7950712953
21970.95500808105,205111.6148329974
21989.28968218395,205118.31572425363
21992.652226652423,205132.94027936447
22013.99440002441,205143.98561085976
22017.12851715088,205151.29060818476
22018.97887573928,205153.46779985097
22021.695812021007,205158.61662275443
22027.38933684145,205183.28319537648
22029.810276235854,205186.7155906643
22029.810276235854,205293.8067674296
22038.68538148062,205301.5378969396
22050.946303401666,205331.88444338538
22072.351250955027,205357.851112536
22084.520867075236,205398.27865798128
22088.358571989196,205403.68397194997
22091.11263644702,205404.39480431585
22092.595255221644,205430.47092039246
22095.383921929693,205468.0013161557
22109.125830582212,205477.50471981935
22120.87636293684,205487.40087106402
22124.348688295893,205496.74529978214
22143.495209813107,205512.57722814594
22144.761996218152,205533.70606528016
22148.723654449,205577.58123043602
22161.663481848576,205579.21544461604
22178.335740344875,205635.8072989072
22183.619411570642,205641.11213057383
22185.91154049124,205659.05346742703
22187.36345682826,205684.0150354419
22188.49244099004,205717.55773178174
22191.617842674255,205767.1921391146
22193.99518876418,205780.00329177722
22206.80872671945,205796.44281004157
22208.400794642323,205798.5610869953
22212.077866281787,205864.02629518512
22220.72432969298,205893.50837647918
22243.969624246878,205895.5801719427
22244.077772617336,205901.85125914635
22247.273635659898,205904.8515792744
22249.27205661365,205909.242616364
22251.198725564158,205922.55544056214
22251.198725564158,205932.1405562674
22262.64606891361,205948.0321857248
22263.76670217513,205965.0166245699
22289.4009878976,205975.2477553571
22290.904972365915,205978.86204528812
22293.325467654646,206085.20458539893
22309.954416275028,206102.50304538876
22313.657914510786,206125.76535654068
22316.05016505719,206130.2131141253
22337.498110430588,206132.91020480215
22353.15499130317,206140.63809841016
22371.651851824354,206197.87173482342
22374.252295613293,206238.6777362142
22376.734601293287,206256.05086972035
22377.507105623023,206268.71395997488
22413.898112365197,206279.95847715653
22420.770703179507,206299.57738748615
22421.17451810834,206312.89960995744
22445.141590867745,206317.13827185976
22458.429560593242,206336.23592160438
22464.3589878934,206347.67064092844
22474.532159907485,206351.57048131735
22479.410611561398,206355.75961806098
22480.416182603163,206390.64610511914
22482.84492066927,206390.690490348
22490.546028562916,206393.79637483187
22496.002192105578,206415.39906195228
22501.564753430215,206441.18675674713
22504.453452416856,206451.67099370278
22507.5725326538,206452.73390047895
22507.5725326538,206466.12171195226
22507.990165012237,206468.62354189175
22517.95044657159,206501.68759908
22528.139314379016,206527.51677654483
22528.981532812108,206535.03054933884
22547.802997589097,206580.60925984383
22550.10892159598,206629.2464586923
22552.30914545056,206640.23522012576
22555.848739130157,206655.81671345228
22568.151112965134,206664.42217670163
22573.239893010672,206699.60871687953
22575.0,206703.29315951047
22583.29141809262,206709.30884705274
22583.317355794574,206720.895027382
22587.433707765158,206730.9188236935
22589.062565054202,206756.88882524628
22596.74232779228,206757.95864672324
22597.856459481394,206793.25561988348
22602.08831501007,206793.8334887795
22611.891285998463,206806.93833352838
22612.470754912923,206831.67462209292
22615.833068847656,206837.41432017944
22618.26418215886,206921.59136688712
22620.33785244397,206923.0888060843
22631.715064236083,206934.43698149075
22646.26082001413,206938.94814945108
22650.51095346041,206938.97697571348
22660.078352519493,206998.91290733637
22663.139745065135,207014.53864768584
22665.26618054934,207077.21425518816
22666.467378616333,207105.9677024569
22666.81073372705,207116.54704616743
22673.565254815996,207120.51657402515
22689.890827042724,207121.00117915875
22696.22270452977,207158.2697413648
22702.771922247757,207158.73226257734
22706.06315246651,207167.88979649544
22709.193125903614,207173.94731982265
22724.076932736803,207190.29358232033
22725.410640886854,207193.57012621843
22727.869333675953,207195.2513226356
22727.869333675953,207195.7547340393
22730.419318062894,207289.7853469337
22734.395277432042,207298.5605963128
22739.55075917925,207313.50168868466
22740.582770739285,207360.41767065873
22742.414295451978,207375.04323773726
22752.48796967097,207390.3805753844
22754.57804325648,207418.6060233116
22759.119141578718,207440.70224756864
22759.515206013406,207472.76281145646
22767.818383523383,207483.6185751812
22774.355582816213,207523.25292041464
22786.382243480024,207532.6500232901
22789.83711641174,207571.61635022511
22790.714583533154,207602.96462677204
22794.456438950125,207617.82057768948
22813.444868189952,207617.97644340992
22813.50859143901,207619.6918958851
22818.13542284286,207639.4957179512
22818.478848593593,207680.07747824705
22820.269348485133,207731.64604365834
22832.068281752723,207746.08262346472
22834.327593360642,207756.81543927523
22838.4594009774,207762.88987009873
22843.17063280516,207792.54850778406
22845.257173946935,207841.39657385024
22845.917997768942,207848.78903286796
22872.047571131166,207854.65225497322
22873.91104160036,207864.1493370448
22888.624805739935,207946.452612417
22921.915899072388,207963.1881107092
22922.703684312975,207965.17907444068
22935.737274953295,207991.55463583124
22963.0,207993.11507706996
22981.280960287357,208004.59559948105
22982.26700336593,208006.77722874703
22983.846997686724,208040.16279600363
22986.13459532601,208110.37281087463
23004.383129051763,208130.69339288975
23007.62592942373,208165.80405894347
23012.399327533574,208223.11920508317
23014.037036487018,208237.62691693648
23016.794746841693,208246.3041255815
23035.20942146438,208276.22766487076
23044.159953032216,208344.25786966947
23050.126097798347,208361.30547748302
23058.798216683514,208372.3076201934
23058.861902713812,208399.27306627366
23061.197346959794,208439.5496067659
23066.583937440555,208457.5388337034
23077.5756816864,208469.27576730936
23080.059343627556,208494.67593646896
23082.679958071047,208525.37508416176
23088.39815344128,208525.7689306055
23090.430184500525,208576.91144374432
23091.531958665237,208611.728806649
23092.38054597377,208637.58612024784
23093.906580362993,208639.89170951507
23112.22149763788,208657.08367299184
23115.445947578974,208659.2846910272
23129.327559982023,208707.07597087117
23142.58832604545,208714.2563079596
23182.149489419808,208734.25714310585
23184.456487280986,208745.5722653525
23188.36603437151,208808.1628133058
23193.092797347475,208851.08355107458
23196.062757219588,208889.0056806461
23200.435942786076,208910.65624904635
23200.435942786076,208937.94777228136
23201.74026209965,208963.1456461548
23207.49132892064,209025.36397857327
23213.943895867895,209043.51027536398
23220.44320940972,209044.19129075322
23224.077376433786,209050.71766008655
23224.427589484614,209059.0540300437
23241.574277196614,209083.30828205182
23242.437147242683,209138.79401817487
23243.264150347022,209168.00323628535
23252.713875174526,209172.083021198
23253.046593053023,209191.03780305388
23259.243278230955,209206.08444808214
23272.33006477356,209210.89598187382
23272.817318201072,209218.6682670286
23273.085499593148,209230.4732755933
23284.074155160364,209245.2248164415
23293.9357520597,209271.4077605861
23296.248107842024,209286.1748048748
23296.49305869851,209315.9828552177
23300.665197883347,209326.38409990084
23301.776316046722,209327.3704041413
23305.193137475413,209331.66880861347
23321.201118775796,209347.78503503106
23323.50427341459,209392.24317411013
23342.19862302712,209407.49995888976
23342.320875099744,209409.38669271997
23359.74969734464,209428.12687776773
23364.72926425936,209449.85049714363
23380.46212496076,209451.02113080036
23388.2581839902,209461.96733588827
23389.066613231378,209482.9818603482
23389.094137430227,209525.01099870895
23389.88137142999,209536.79576606417
23400.822415300787,209573.25047211978
23417.643985646133,209574.2572702254
23419.729155336066,209602.53394753597
23419.889335751504,209616.57616857978
23428.3935433115,209623.48948754594
23439.82641688416,209631.06285686156
23443.442410060314,209753.76184467756
23447.104183197047,209783.30464191103
23467.830547605245,209802.1776806116
23474.739638328552,209828.70030118743
23475.279036751806,209855.24625196634
23484.149637716146,209881.69575744003
23484.772523496846,209888.345548783
23488.929998040214,209927.4689991133
23491.09920542581,209943.6307002136
23502.43333884648,209962.8284708774
23504.093162264115,210000.672568466
23511.946623086955,210012.82413302147
23514.983572278703,210015.77887269435
23523.18928483554,210049.69103665004
23528.770423446396,210050.09586272071
23541.0975678989,210084.1076447113
23553.333200318477,210099.83102769518
23553.39348598889,210142.4132661649
23553.39348598889,210173.11561377556
23563.593045132453,210223.41425598526
23566.930064593027,210237.1960546459
23570.461541414235,210277.65821472238
23573.834135106612,210364.7807935817
23576.107056072768,210460.0969547545
23578.45052010669,210463.53072595605
23579.754091603423,210500.90049034357
23579.875605600195,210529.86375907494
23584.812186717973,210548.33826354562
23588.42631333215,210559.22073222906
23616.21146207197,210571.73934943334
23624.21137181347,210584.53771672933
23646.111311086577,210609.01182823526
23648.152015686046,210637.7826697998
23658.21600134033,210659.29099047187
23660.970206618305,210672.6157878468
23666.068017039976,210695.86827422044
23682.850583093506,210695.92126812245
23683.52144237927,210720.41292904093
23685.695817879227,210796.4240011489
23697.17175980979,210816.30702347425
23704.15195465088,210850.58364916706
23705.684537206373,210882.47380263466
23707.52960622311,210909.1765098062
23707.99490594864,210913.79251194012
23714.733173983448,210917.2162297452
23717.451151149628,210931.71556578355
23723.83721569608,210943.35032881988
23726.262725046705,210996.89675925465
23726.262725046705,211029.21995793085
23729.30292241915,211035.30201217107
23732.296416044235,211087.03912799698
23750.978390932047,211090.9306627171
23753.43427588259,211135.60516371045
23777.134979248047,211172.6222702604
23782.32736979214,211196.9616557359
23788.09036220824,211199.63767528522
23789.356047051297,211204.0072023697
23823.7042783328,211217.53656491212
23858.206536361133,211247.99783982555
23859.346552031362,211272.7078990937
23860.14231477469,211282.55907423166
23861.060747351006,211318.06729478497
23864.622444493416,211334.2779054641
23865.884135416578,211334.49294035786
23871.110187768933,211380.87967755113
23874.63152013506,211420.69120466703
23875.437935761005,211477.32241169046
23882.69487864625,211497.6493332726
23889.936812605152,211499.90790508475
23897.07238558358,211521.67838847643
23898.553963150305,211531.67073029277
23908.957351190726,211539.27912097325
23910.100231034437,211549.74447883025
23923.253745096034,211570.34866883082
23931.08517868178,211571.65867878718
23931.559333000856,211589.8120127406
23941.753603543566,211598.95502945353
23953.83504772192,211607.76125640539
23980.147630606356,211617.0191871268
23980.289847237713,211621.69040175842
24000.304469534392,211627.17481482023
24001.059117180965,211663.4260263187
24013.369322776784,211700.35369527346
24016.10401191029,211721.33981294296
24022.259423119693,211733.10537601364
24033.35254107202,211737.76111623226
24036.700546486045,211785.71394547392
24045.328218153532,211792.87225609168
24046.21428472656,211823.24263174194
24049.42084261348,211832.74756274914
24064.016523565573,211843.38060302386
24073.189411776388,211903.72157282487
24077.677480663577,211916.32666653392
24080.5352810451,211927.1891959224
24080.629946368063,211965.40195417404
24090.503877571657,212000.50016953272
24097.125618202354,212021.81010899358
24107.575175625938,212026.0900936296
24115.09732852666,212053.2537654299
24130.108915073524,212099.78279151238
24130.439489534932,212148.92294539718
24131.112288066328,212217.7758552007
24142.943484646912,212220.46111670553
24149.591828005636,212322.57093325676
24152.952105385863,212329.46625003638
24158.413573060723,212362.85239378898
24159.81909356799,212380.2643773044
24171.28045029298,212445.57973902568
24173.280992439824,212519.98506901093
24175.110467433937,212549.98394880968
24180.859559535944,212575.78949050387
24181.482610396,212592.09808896267
24186.80970777786,212594.0457960624
24199.46717957087,212625.42862836816
24218.433725731724,212626.81983023882
24224.734122455087,212691.3384653331
24225.302453313554,212702.39195280417
24229.675630671612,212721.23047605585
24233.592438374257,212740.81643825772
24235.88497516086,212754.49436736974
24238.494473235944,212769.63274788857
24240.60265094892,212777.5729091423
24242.810731887817,212784.03229055234
24253.897377422858,212827.36763908173
24255.85203831536,212845.55651138525
24258.84757443838,212907.8478197881
24266.562238148275,212963.75373329455
24268.350369044703,212977.97799250064
24269.92238463675,212986.64800017228
24273.02721473149,212989.03377580649
24275.77391896929,212991.17551720148
24276.561162114136,213023.64349071478
24281.055176768976,213064.63399602685
24282.356472287895,213069.98538562228
24289.853356906344,213078.9092663442
24296.952970589904,213098.54075838847
24303.430389625682,213103.46304315323
24309.543586356296,213113.89625561237
24311.133504663216,213167.08652571274
24319.777089255203,213174.80074177473
24324.407196215216,213193.63304236956
24330.79271846159,213202.44457519052
24334.072459493378,213205.2366715329
24342.486818041078,213207.06521659237
24345.517213276453,213212.01223978828
24360.63870443617,213228.2017428534
24361.108739682604,213277.63488318244
24366.442757947116,213310.89364144625
24366.5502219541,213361.97035450587
24369.684676851546,213373.61814812256
24374.06142970493,213388.88187737128
24387.167510543575,213407.38018832885
24402.407669748573,213419.89741536547
24407.75487281595,213435.96664782922
24414.416606392235,213482.684088707
24415.369606086188,213506.93028873217
24416.153654507212,213552.93138153202
24455.83079457281,213558.91799802444
24464.303564446316,213571.25885656045
24467.245276962007,213572.7274017334
24467.49021169117,213644.59687181038
24476.41609464374,213655.73006573733
24478.796800885873,213683.06259507802
24491.42731578009,213742.18335366252
24494.729279143492,213786.23641453468
24502.847999351347,213803.98961056984
24512.543958561757,213804.12625625322
24520.203653233373,213805.3891061799
24521.987617492676,213860.92095106846
24527.33863793099,213884.24247707627
24531.11437835008,213911.23533873894
24546.741883686613,213915.6900351389
24564.369224548347,213919.5081073386
24567.36411055498,213948.05485955309
24582.514292648862,213952.0745376519
24585.51489184585,214028.44867277145
24588.513098716703,214042.23340656084
24596.196598938535,214055.24110565873
24598.93105578422,214087.39516366378
24608.336909736856,214141.60205780613
24610.811377048525,214172.42732080392
24612.12731000357,214207.479130813
24615.883068902167,214208.93375251963
24617.843389068334,214232.9410030331
24621.099224090565,214256.86515782567
24630.678566115257,214285.69621125277
24638.435553329342,214290.53321581232
24648.60447495319,214364.06272077563
24651.32471493311,214375.97990810865
24653.68151661325,214393.69853418204
24654.35220726899,214437.41197933463
24663.860943079017,214439.40508103368
24667.756012865502,214439.52315131243
24669.59269687107,214499.62563742907
24672.820560319076,214514.48185632055
24676.113261869967,214534.30800524782
24690.790935652585,214554.8615776301
24693.654019236554,214589.73938960687
24697.98391222956,214631.07849616674
24711.729719519604,214671.8107994455
24730.973948001854,214676.2309785827
24738.56248889649,214690.8633694819
24739.38292195114,214725.59711977417
24740.786303605346,214738.27179316105
24747.403187734744,214750.71889716384
24750.324360098188,214830.0793918371
24755.941835335325,214849.813142538
24765.279067993164,214858.0040628995
24767.891629866193,214888.34236593757
24771.810822793428,214904.76225589003
24773.58354851177,214923.496906221
24776.955693585503,214953.71073274102
24785.490894232484,214970.6275184154
24792.5880196435,214984.1184256417
24803.249911989493,214988.11212554996
24823.313499450687,214997.90159743174
24830.39701254025,215006.05959343907
24841.49800079211,215007.44460158685
24841.983350549428,215019.43143233232
24843.151426110962,215076.8675557801
24851.188974312365,215117.21150712465
24856.317152840755,215153.06392620294
24864.3592961686,215157.2189226746
24865.931132452835,215211.37065282895
24866.301651750313,215253.75165254733
24871.794269936436,215280.40016460425
24889.668537105896,215296.37962932233
24890.392668179105,215309.2569198438
24899.05447944575,215326.71268016938
24910.173919081673,215358.72604928707
24910.477544154463,215377.50390619045
24912.441418647766,215400.4981489352
24932.98889902661,215406.43153088438
24935.92337519782,215451.85866674362
24937.82021304543,215452.00923132888
24939.244789634417,215460.98224369125
24948.541612488894,215494.21519333983
24948.988799810406,215505.19891147094
24951.482181855576,215511.71868727886
24953.840135710583,215544.17688473628
24969.320177725396,215553.32741834433
24972.417988640922,215558.042105283
24980.75788579668,215571.22709121014
24981.044819184724,215586.46064136713
24991.356693233756,215598.00612914562
24994.331398010254,215606.18309303693
25008.457336698266,215611.1761714391
25010.684721946716,215636.74364674097
25015.28633192607,215668.68872940534
25015.43557255609,215703.86110900965
25024.288619995135,215731.4155048388
25030.50994139057,215735.42312187795
25046.023769208383,215759.5562384811
25047.48246603354,215829.5146597198
25049.614785841546,215835.91821798263
25051.12082770892,215875.16174702987
25056.74571910926,215997.4383967009
25057.054452930228,216032.82359428064
25060.540806906603,216037.8250105892
25063.52329145161,216038.0620970045
25067.718066113288,216249.2405188593
25071.187272889252,216269.43032208516
25075.27835946424,216289.61963767666
25078.90568392614,216312.16654966562
25084.97524186543,216349.75629247935
25086.631110940652,216386.38159114972
25095.156687259678,216402.6540711607
25107.57989684173,216426.1380352548
25113.445701607623,216451.30928688392
25118.43904500345,216471.85334507047
25138.10487556457,216489.1253268122
25143.365407432815,216511.51500236994
25155.80641569409,216543.6703875576
25168.318773439947,216636.5680386168
25170.622056927,216637.03770955978
25179.529574666714,216665.03398471227
25182.007627487183,216674.6781828914
25184.293396132376,216690.82594815321
25184.783081974292,216705.45238271783
25184.783081974292,216745.73278754106
25208.69402945044,216812.66582420896
25219.155366284504,216816.7851287467
25227.249486991335,216870.67053062574
25230.00350155151,216871.45886445045
25232.731571521068,216872.29318174292
25235.308344381177,216889.40616886952
25237.62535762787,217018.41297820638
25240.331228307372,217046.53552705047
25242.564434596476,217060.37662449904
25242.69133489472,217091.06821758416
25244.3046753066,217101.71433132043
25260.66704460558,217109.35601100756
25265.801871418927,217123.26248916553
25275.669259445967,217141.3620080268
25282.136189699155,217153.8747556721
25283.805964742387,217186.27403654368
25317.016484022162,217230.25141372002
25320.290111660965,217342.13870414664
25320.677614212036,217345.34947371486
25325.147340774532,217346.03337851595
25327.3709498814,217352.29278269835
25327.544607741496,217412.6611446653
25330.2031700441,217427.1377461127
25331.0072176627,217490.48016391485
25336.322400263354,217513.47508547988
25337.504329511055,217521.60246141464
25347.395984513394,217528.1550879222
25347.708823450936,217530.19609309942
25358.55593940189,217544.19464213523
25368.17957905361,217560.6797908545
25371.565904157487,217585.8776003291
25376.95723474022,217610.8062252488
25380.504119259967,217614.0226343444
25390.42626188483,217637.75069388316
25392.80161946156,217685.35323866774
25394.000000000004,217708.14347394876
25400.02286618098,217711.87575003077
25417.219911541288,217744.3776869009
25423.260753801886,217745.23151540768
25427.516887937272,217757.76644868506
25429.67754159653,217830.0258986609
25431.349691271782,217878.47825249605
25431.93865622792,217922.56934096117
25444.803403581893,217927.44635816984
25445.907457896632,217940.57573882182
25450.214317015285,217956.0645370993
25462.774930340864,217961.1522395271
25463.52741229535,217965.674587931
25466.88261723521,217994.40389372618
25472.6837540865,218011.67652288493
25482.043281810642,218111.7795336416
25489.684227287773,218116.46430695057
25494.349114997043,218120.2277721167
25520.277573875006,218126.0306976352
25523.23990382466,218149.00583394087
25535.436476809657,218165.41925144196
25537.01007430897,218192.36880732432
25538.921925953466,218204.68300609937
25546.43602631773,218267.53555086686
25552.678774424956,218273.11349890928
25554.532246453422,218287.17081645562
25558.096933228655,218287.24699018677
25564.901092938017,218311.51147035178
25578.020578997464,218313.97178387642
25595.626365934142,218371.29448263987
25597.13132459774,218396.44876478397
25601.009704862307,218520.69878705905
25604.02534437184,218580.80969010078
25620.49873849324,218585.04101722577
25621.273345300127,218642.17015213633
25627.64619672299,218697.20153873292
25632.59561920166,218754.30456988316
25633.492607780867,218759.35078760557
25648.817392655787,218759.4279082928
25652.19037818913,218830.39267185755
25671.632668537786,218932.07330759076
25673.698102746694,218943.55253723683
25680.290020397704,218952.91657870155
25680.51801344328,218981.48081881655
25684.784708499952,218990.3459271022
25694.415351322747,219020.2691474898
25697.981992534238,219029.99651376682
25698.479177202495,219043.97312593448
25704.583577326375,219082.09123238482
25713.759154490064,219109.15262986935
25714.27477962628,219178.13304354466
25761.28553002223,219216.98436938
25783.700736045837,219237.57087473356
25800.424286024925,219279.0867192406
25806.66748648032,219322.52316890447
25807.43259688778,219446.6693312611
25834.377990995155,219495.38614201546
25840.120903696326,219497.15475560943
25856.026503017973,219501.13574189792
25857.369150919607,219525.62769572227
25857.51318992886,219552.0680816684
25863.52223968506,219559.63290410384
25864.87876064436,219613.9565130302
25900.487006459927,219620.84479980817
25902.1820449659,219620.99798449446
25903.16137969496,219675.30870016984
25909.351040158952,219678.4452923536
25910.0934891701,219725.67228203168
25918.73463627272,219754.95633482933
25938.03664016723,219847.03696179393
25942.59917449951,219871.2856153761
25958.189508948995,219893.22798161843
25971.661657452558,219929.56525271287
25976.78283429147,219940.49865218578
25980.52415289202,219957.58944230416
25982.631829227725,220003.23886087968
25992.831583091196,220019.7567482335
25994.55897348267,220043.7124992269
26010.499642406186,220055.30683733727
26012.313229220257,220078.70554738387
26027.980182511525,220091.64466874933
26042.33241852685,220146.36322120266
26056.84121063778,220173.86781326355
26057.73596564361,220175.73608669196
26063.325018780597,220183.16435943317
26071.100102322438,220226.34859502316
26073.293129171645,220245.33631552968
26073.779982328404,220254.03120367866
26079.64836512292,220292.68513524535
26097.24953229086,220335.3723892995
26097.4105986527,220346.5998213632
26102.427981512905,220358.33690852785
26108.03340768814,220361.12383131462
26121.610566207346,220416.87239511524
26130.135935715272,220440.89307294574
26148.330571310886,220456.0987675786
26169.8822184971,220552.5249226775
26170.504381656643,220566.05989502152
26171.567946570252,220587.65446754868
26191.29748155386,220652.82307178632
26207.371331334118,220689.06106717233
26207.647035854192,220721.85897684944
26223.62368558131,220733.33955347535
26223.767413241527,220762.52994670183
26226.24061478888,220860.3484127181
26228.51197096277,220957.02010699688
26231.60943600109,221010.12754591877
26236.920471191406,221013.1794574262
26243.13017598223,221023.05249711443
26257.143028599894,221050.55054668023
26262.48738384247,221169.8329835619
26264.213201318496,221188.73114708494
26267.722679359573,221213.36698266442
26269.525796992435,221234.8641224419
26275.973680836814,221287.2311507294
26278.39790473666,221308.94687322213
26278.73222265925,221319.5216455629
26290.839447600512,221350.1426295893
26297.390875952584,221365.28766793865
26312.241161346443,221366.99522885258
26325.173109327043,221388.36234797747
26325.905784640992,221391.42055777996
26335.24835043293,221404.27748531947
26338.972133977077,221424.82448454396
26338.985870940345,221426.37116975454
26339.151488746924,221472.6411712
26340.625100629695,221521.37882735048
26344.1370844075,221538.4812133398
26345.14433363515,221625.38174273286
26379.30028339796,221642.5051740323
26382.72647901944,221656.3114952701
26387.06939515048,221720.07610886433
26387.979984675134,221750.17987165286
26399.159931949223,221758.9207095929
26403.87931442261,221766.49190020555
26406.606503163064,221874.82946853127
26418.18820868221,221983.36988251566
26421.2932906832,222031.51362671168
26429.92750162735,222064.1972889389
26436.678661823284,222079.67673340027
26444.488757865754,222083.75101712774
26447.90739331926,222087.424466644
26447.98450871876,222121.78417133444
26453.334589992268,222129.83341461408
26454.120407921924,222132.05177065314
26455.420668772276,222132.94661089356
26465.68905292239,222140.31727198177
26469.47398647239,222145.3556768639
26472.16581845283,222161.7582500492
26472.823673316405,222189.39043501444
26473.857802493254,222201.3467440606
26474.681509154183,222237.42440933845
26481.543306844582,222326.40220183134
26484.19863871163,222345.71538593082
26488.926930189136,222362.20706880087
26488.926930189136,222387.77039628365
26503.895356876492,222403.10352708612
26511.278196845724,222411.71799707413
26515.07362490042,222413.31211687834
26525.227838192666,222454.96876704702
26546.682714172755,222455.97676970274
26548.52612183776,222478.8794093643
26555.938275473447,222492.6580046245
26562.58641760691,222565.6189245667
26572.849122745658,222572.2626983779
26577.409905876433,222611.3101146903
26597.94190638406,222638.03190755847
26600.61761147634,222646.93539438932
26600.740718569075,222690.27101742374
26612.175762006205,222697.30733925957
26621.786060469487,222710.10682455113
26632.310943603516,222755.48045669284
26648.945767402667,222758.18044808926
26649.594736133302,222771.52720987785
26654.967854159237,222792.07632008626
26655.77860638073,222809.28766210593
26660.028698512488,222826.5920199496
26668.38630989618,222870.2778663466
26672.065488466174,222891.0815259217
26682.37338917597,222964.98919066362
26687.311527115962,222965.8013143539
26688.78547472614,222971.71194156585
26688.998379332683,223031.70908201585
26694.946963889244,223038.34495798187
26698.08970853261,223064.86104326596
26700.420522281092,223072.74362524922
26705.709010396688,223224.05218674458
26707.095262323088,223269.05360136693
26707.981789793284,223274.28389797884
26708.34959411621,223284.48178069925
26714.301991394597,223286.01419988688
26715.487803731674,223291.70970000536
26716.63066135133,223331.77228755612
26721.750050510665,223481.47478008273
26729.504187175215,223500.90375399592
26738.811715177122,223524.67748761177
26760.306187697824,223567.11025746394
26780.061769042688,223571.5577885253
26785.324578557724,223652.2964753593
26786.868489299515,223686.26553247662
26791.204275097167,223687.24481310157
26792.298267228303,223687.30178976065
26798.453288418947,223761.31206663162
26801.03728486811,223793.4016636951
26802.566279820014,223798.33210165155
26815.969772509165,223843.98796086657
26816.99195582526,223888.72876523226
26822.277667692742,223889.42712553905
26825.051656620817,223919.81220820968
26826.91970007759,223962.23778857506
26826.91970007759,223993.84630368446
26839.81220802245,224006.5054232308
26844.284530707777,224012.69449877742
26854.528357573923,224034.2993326868
26863.184028897987,224043.05496093206
26868.10325404579,224057.65457631857
26875.671929972494,224093.2958243405
26876.508172307702,224107.13974041608
26882.881908672218,224139.20597117278
26891.721982785646,224196.13999903202
26893.210284914287,224208.83014966757
26899.458004951477,224239.77081043378
26918.50781185286,224306.31341043545
26929.66940225873,224332.74913634564
26930.490499087755,224443.171068464
26949.12138515706,224446.39321746142
26951.306190848347,224459.68115793806
26953.573078870766,224486.33392461715
26955.081377914972,224497.49660706526
26962.782207608216,224508.4751531483
26972.742978266317,224535.44290424255
26981.237039566033,224540.11595944004
26993.211028541824,224645.44473803035
26993.211028541824,224666.78132156818
26994.158231019996,224678.2387464047
27006.206751516896,224722.88626059465
27014.21152765406,224776.81433354958
27035.739098957616,224784.5500095912
27041.343580314067,224883.47445513523
27045.806903532564,224898.26434458996
27047.34625966209,224940.04334582595
27053.075429337317,224948.67406077046
27086.358031324,224973.09654460632
27087.245377583153,224999.0888178774
27148.974668383584,225053.82420287817
27149.667175582486,225066.16757883335
27150.567755239346,225080.12577777245
27151.256885766976,225083.00742162974
27160.55715000626,225083.87263097076
27161.14600792953,225097.06519527084
27162.80002122266,225137.71457387717
27168.856693880884,225144.9778756244
27176.240956374604,225159.4613112041
27182.82251576014,225176.0453326191
27201.968054192374,225185.9318773236
27212.58569897922,225216.48418158287
27237.610641479478,225285.25355415684
27244.78921008111,225330.6536036219
27251.317667092593,225364.37391776705
27253.45797446796,225386.0403155259
27255.811140928934,225449.0314918757
27257.669702257415,225452.37149568961
27258.743721655428,225462.11387213637
27275.042736019408,225527.5901717884
27289.592476401995,225583.3349907738
27333.22915185352,225599.46843290332
27336.97028849808,225618.34943316664
27345.040981769558,225628.8807612999
27348.054557527812,225642.2767890863
27390.390355587013,225709.77123333723
27391.056177037113,225726.57736645424
27392.2691737243,225727.6606021609
27415.393754788787,225760.39972494333
27418.868094512374,225864.35411563935
27430.305353573345,225893.4586594615
27431.18686512541,225932.16962650855
27434.83290157999,225942.16619491592
27435.599340166365,225954.00775216304
27438.564659833923,225966.86232055936
27440.270746878203,226019.88722833563
27446.83460521698,226020.15452374733
27450.655150311337,226026.73925463628
27452.18361972059,226035.10250849382
27460.22506652561,226076.20909808364
27466.13924646379,226079.27670298304
27470.181235551838,226130.3875753028
27485.061788133215,226130.51798581227
27485.100513253892,226152.27051705978
27485.186385563447,226161.60691261286
27502.88040413175,226186.7720415506
27506.736899495132,226250.1528684413
27510.399978450376,226256.43250977137
27513.94874216831,226278.19055475516
27524.398040567132,226287.5280590228
27543.670056274936,226293.90363366262
27547.106854983755,226324.51392933298
27548.215369837606,226344.6973518048
27549.360573904873,226349.12012602598
27556.22642297405,226374.1796417407
27574.64023602009,226393.21280963073
27583.80195452485,226402.7824133549
27584.06560061659,226419.97570112773
27588.44662152019,226529.69901556626
27594.954560824794,226587.12298568658
27612.56390374047,226638.38574848854
27619.737095969107,226663.93496080805
27621.425558737352,226731.1384422779
27622.138472642222,226733.8601688317
27625.861035994076,226758.558583796
27635.80003854207,226786.49500286582
27636.138438769747,226795.37324919022
27646.227314983094,226818.90951037407
27646.740084137236,226896.28907328006
27668.624174066972,226903.3166717803
27674.099068096722,226906.1920386211
27683.846598897668,226908.96041544844
27703.897230522958,227109.566902348
27708.045772280013,227124.18564156123
27715.684939520735,227143.15421489306
27716.684356638358,227178.1186162915
27720.21672882353,227181.9698620694
27733.636013661115,227192.72079026693
27748.931687559423,227204.25854120933
27751.635524562425,227247.62292901106
27751.91376582218,227251.393544725
27756.54915467328,227286.29101101833
27776.531986543112,227308.55544423216
27778.551137890165,227342.5896946532
27782.1131539515,227475.98489284515
27798.234740257245,227506.29470803056
27802.757362127264,227518.56032177384
27816.32950011323,227524.83967775956
27824.34861925669,227527.03251966403
27829.636521100994,227536.1814571108
27832.535866260532,227554.43827423037
27834.001986639843,227600.5903160061
27846.416873114496,227612.95088400165
27846.611063982768,227613.33704992707
27862.926433937893,227627.67281130384
27877.139717817303,227635.03889764205
27887.52033751353,227678.33976910793
27893.152331539546,227691.5256390059
27921.223124912794,227721.00766139367
27937.909798247474,227725.99543660023
27944.608452916127,227783.18964881555
27955.1258973224,227831.02070535923
27963.097335985723,227840.5868113722
27987.996568543564,227901.32438211777
27992.865706784396,227905.88284465246
27999.230996676863,227972.84405015188
28004.6130926098,227982.5994244303
28015.430968897672,227983.4752260958
28028.767512389564,228014.71944531373
28030.758444922292,228057.9087716171
28048.2450312546,228143.20806549265
28057.200794492477,228150.4569997021
28062.20253576549,228191.6284200123
28073.321609122406,228194.14423590043
28081.55535902297,228214.93901237415
28089.599237561233,228254.6291248629
28096.338984761915,228269.8375736135
28108.497650521145,228330.46727079988
28110.306228603637,228452.54009558476
28111.69586399629,228488.29441199126
28113.0,228506.71897322795
28117.207126072477,228520.6070590531
28134.313079016552,228526.8906551514
28134.998121389322,228530.23807406425
28145.182258759225,228538.5619104079
28150.564258056052,228538.77888614783
28162.13586854936,228555.84069728845
28180.27966640678,228560.41611305316
28202.335063934326,228604.3506592001
28210.88191410473,228632.772700812
28223.063898699616,228633.3913693427
28235.335514272963,228744.82841035293
28236.358971834175,228770.8344051157
28240.491757341824,228779.30183444705
28243.09263011389,228793.21610961636
28247.92349774499,228807.61268193385
28248.815551996195,228816.66413633304
28249.429294245583,228827.93966138366
28253.652674521712,228862.9464045252
28261.996541057335,228876.64933759827
28271.28807875087,228894.5428957087
28278.761492150177,228898.65289132937
28283.544180597564,228936.5487857036
28289.625195315923,228949.39545937948
28296.94272011519,228975.38165054144
28303.49383616447,228977.0272798198
28318.139048508237,228998.01020738058
28321.257246783793,229023.44578146926
28327.729023933418,229032.5344487854
28333.434207711904,229047.9963404623
28340.4120304925,229192.21945629793
28348.806744209323,229256.8170233965
28348.936525481055,229259.09142119548
28358.411031178053,229271.05931019777
28363.893351282404,229305.45226672717
28375.67959407399,229311.45419044155
28386.646203722295,229315.56423895695
28397.75422462397,229455.04089292453
28407.97314689841,229458.4366506339
28433.02581873959,229514.52144222602
28434.782345158725,229602.65491081984
28461.385736499513,229607.7383510896
28468.05738353729,229621.14863605154
28471.819111415298,229660.22179358336
28501.513649855373,229667.31223955326
28504.174909693844,229700.52082409186
28505.88961512704,229713.70067690103
28506.049430676867,229797.36012818143
28507.6790661471,229802.52029517718
28511.88681077964,229838.45739754607
28513.810127598896,229840.05006417213
28527.944086415435,229853.49637853238
28532.15843023572,229869.3596524171
28538.424901826027,229941.45874837472
28538.48990917205,229957.32768935815
28547.481955017363,230003.8520606074
28549.77945481029,230045.0832909176
28550.582640375414,230089.0517121554
28559.139671495977,230123.2922019022
28559.139671495977,230149.8901423047
28569.94922716279,230178.36076028008
28572.484164033587,230240.00161688667
28589.54270730709,230245.11741079597
28593.176408955023,230247.08418514056
28597.6416276523,230273.23911036766
28620.651026044572,230284.11498849725
28625.213746718044,230321.53266985063
28657.067885364806,230338.2657381807
28662.073225293792,230338.59656809052
28662.66584442334,230340.1333788463
28681.686786804872,230366.1260762214
28704.0863525867,230378.6381818908
28716.436985288357,230384.23277757847
28726.128359385904,230388.7778449228
28729.2639364515,230457.92900368146
28741.516892978125,230484.6640496169
28763.493518148185,230496.14594752452
28779.120972939934,230529.03628650733
28781.370423861918,230545.22378855105
28785.838493449348,230580.765301483
28793.004461901568,230663.75559115407
28796.697268417938,230705.64607936144
28816.501683277744,230727.683189324
28822.49766325953,230753.31022058203
28829.183006899704,230777.14688115456
28834.624170848303,230822.22283334384
28836.518474102024,230830.86297024152
28847.133319241664,230838.4100283128
28848.134414400367,230946.6816841875
28858.008066313607,230965.14584139414
28858.091520122125,231061.93757757125
28862.889199461264,231075.44650544444
28864.201363154818,231094.5054121528
28869.35608339313,231136.9787278006
28878.87991700852,231142.95091164112
28883.480998992924,231200.66047231635
28886.70508766176,231201.8157843266
28895.67250519142,231209.68742925778
28911.163330895553,231218.4623812608
28927.759193216145,231233.0347418275
28929.027038914814,231345.8653824839
28930.139542886223,231385.356378402
28953.72648763655,231393.65581368544
28957.123073271352,231398.7789706163
28960.140880346284,231417.65720528358
28960.697469711326,231462.62175413556
28961.509463242077,231463.60464658053
28969.6485820157,231483.55274139135
28972.35186065945,231584.73886923268
29012.16561983306,231604.77887948908
29023.715043459633,231609.337100642
29040.929973500144,231705.01964010508
29044.13015290668,231757.29184569628
29049.479745251796,231816.54788114346
29049.772824934567,231862.75876694062
29056.6067162241,231870.36309288227
29061.783305117056,231896.78510344034
29062.67130933491,231904.27772951138
29064.03554916382,231926.48886758942
29072.177855219197,231932.00807694037
29079.8931321076,231954.49826976232
29084.919999735695,231965.47337542256
29086.48701667785,232000.9993218865
29096.999999999996,232036.86628584354
29098.113528694423,232169.22887919628
29098.57969880101,232183.34434531414
29100.927273750312,232249.00140087935
29101.54184014457,232261.8197788852
29105.150179675657,232267.3750629085
29111.345731598987,232292.03561997414
29132.245723724365,232292.6949209399
29137.166355226727,232329.30526532442
29139.572923524036,232342.95029992715
29149.719933961118,232403.85016354494
29162.369605030337,232423.7131648064
29179.10347974299,232502.854125057
29182.813049435623,232516.88039667273
29183.334813867295,232540.2191312824
29190.287593841553,232576.54364408774
29202.396326303497,232603.49397535835
29221.219995226176,232623.29491124832
29224.416999902045,232664.62406003475
29228.10861105576,232675.42794997344
29229.01162058962,232683.2198912501
29234.204138585497,232755.58498583524
29237.528223514553,232763.94638672908
29254.35526517459,232785.40496310167
29254.465580020613,232825.86167068128
29255.98152548926,232836.16606817933
29270.5780834811,232877.0286777956
29270.772518617778,232981.98330843454
29294.491211141893,232989.09823748044
29304.419453109975,233009.29731073556
29308.4658203125,233014.63189901615
29308.6916609747,233052.29776976776
29314.32984008109,233081.16985954568
29319.62150318282,233085.50336594242
29322.51857520853,233138.2104631151
29326.436459047443,233148.93168582238
29328.86842525004,233269.92848238765
29332.258993080693,233273.49773677753
29352.269227572862,233273.79322017948
29352.524751986748,233297.83833061808
29370.066845297828,233303.67351584774
29375.465452466684,233311.49791501244
29377.309678861053,233331.25518333915
29380.217257022847,233404.09805769575
29386.473092283515,233470.50609200346
29394.705659355415,233513.69471321788
29407.937855090397,233582.7757524933
29434.452094435695,233598.0001675912
29447.99447447913,233607.05348512108
29457.98313335009,233623.07896545954
29461.066094330366,233640.93096378868
29477.538923331704,233648.73124837887
29478.013800757217,233652.1586414235
29484.944419656473,233756.04399756016
29506.587213856845,233778.77587173673
29509.248848915136,233793.50124640117
29516.166989598943,233848.87489213247
29520.427286148093,233910.301876562
29529.517386334242,233912.85859073908
29534.68183667319,233955.81865498004
29544.522604686892,233961.4004314201
29553.990077495633,233985.14368159437
29561.93458301681,234029.31625338114
29564.63367230554,234060.8185386316
29588.48218911034,234075.38055682188
29590.222875867556,234091.78173562454
29611.46402512277,234100.98920592244
29616.3799082722,234125.71812822134
29623.611275298255,234147.0495495285
29642.04248976705,234166.42227442772
29644.004374231612,234185.04585169046
29665.657353537434,234187.40014796602
29707.95904500148,234246.3643557515
29713.00037147319,234279.14434109413
29714.841624089633,234281.82272209448
29715.42392247062,234287.31329965597
29719.040015118437,234316.50585382327
29725.83487807009,234323.77352186615
29730.189453474108,234334.28992121562
29733.167226059093,234388.2378769943
29739.008008309764,234485.26554630487
29741.10559596334,234486.9452420644
29741.347897461466,234508.92237925532
29753.31683935434,234515.8851872087
29757.104163340184,234536.6215886557
29763.834457644378,234567.96986285294
29765.158186640052,234574.87253980967
29777.948135069404,234583.77971603186
29783.581546868598,234607.33574123043
29794.74570247104,234617.4487076316
29801.340887784947,234624.54747573833
29828.301124385463,234687.51806271082
29831.621739966522,234734.82142823088
29845.521435311864,234744.13451709072
29857.378538080615,234760.2787373236
29876.83885586262,234776.36816917144
29877.731585349356,234794.78246517695
29881.416459185737,234854.97140237267
29884.605239289154,234856.78879123065
29887.61735303061,234873.4301103184
29903.836564924044,234909.1279361759
29909.454278366953,234928.98837976798
29914.621874128068,234940.2285238675
29936.88171318601,235002.7223186834
29940.598753077622,235029.92107078002
29941.44783728462,235055.68232755992
29974.533227784297,235103.91980590142
29992.020733058453,235132.33216205667
29998.260750208574,235165.5537428855
30002.10880112651,235202.19636997167
30005.2112612724,235263.24360469403
30012.520327125312,235269.16038535323
30017.84387111663,235379.47686586197
30022.484397854125,235384.8869286095
30039.61406717974,235469.78061665804
30048.945324829645,235488.90418541437
30053.50304757699,235545.8147230999
30056.549032023984,235562.14044686733
30057.50262692994,235567.3024348702
30058.859948907586,235611.74606938017
30067.00314634183,235738.17293431083
30094.23148250579,235756.3704482658
30100.83032587597,235804.51410487725
30114.091044834688,235851.12923015008
30119.059154510505,235854.6590925541
30131.190198830194,235938.89078063623
30149.601374941245,235973.68816612448
30160.442217418124,235978.6844693422
30180.359551242465,235989.52183531006
30183.52057460374,236051.4269607322
30197.531451548854,236076.5363120692
30206.41511321067,236080.96942036488
30231.642482280782,236091.50897935464
30243.392611844083,236096.7376494748
30246.448839119515,236174.29197709908
30256.680944749274,236237.41084359374
30264.185632978177,236261.5349988427
30268.276089157363,236269.0669625146
30279.426244190814,236334.5465054001
30288.328086308073,236343.81956398475
30291.678788798214,236357.9943124056
30293.505397490106,236370.43731129172
30302.60264912673,236446.49492558412
30314.07557344436,236482.39162538733
30335.435132776,236502.9414716959
30346.048702257038,236551.60313638626
30349.66715402263,236558.67453794816
30366.106326562993,236586.2037877184
30366.978478329504,236587.26892064296
30368.51004978588,236622.26981748865
30374.73902927127,236648.56628940784
30390.731135436465,236743.03926559864
30401.475331647045,236752.2296935832
30406.188997268695,236833.78323864087
30442.711811031615,236851.3202741657
30453.994459101126,236868.08810256203
30461.995727539062,236931.27136909956
30490.110794595264,236998.42225246763
30496.390924692154,237017.54071746557
30511.337478194917,237020.02993363992
30522.651590755962,237032.9202089139
30532.5643788406,237039.5391161953
30533.350349749788,237073.63777935517
30541.014416319988,237148.3215673481
30550.76124964445,237153.18969563063
30562.24566800252,237188.65604661196
30571.952169418335,237287.68963142816
30582.077026775893,237290.44968287426
30595.27237515791,237333.32040510868
30613.375300645832,237344.7855484315
30613.950288891807,237355.31076572632
30614.907458748086,237419.82144446034
30616.403421027324,237449.9633421216
30618.15612966674,237454.45372174453
30625.58241098268,237487.03933031217
30632.969934463505,237497.5529875755
30637.03305946077,237587.64628079964
30638.57112257822,237687.6026400157
30648.572175094047,237756.72450485395
30659.272058776445,237785.35623133185
30666.559920276915,237791.27332588602
30675.52398228644,237877.5852158666
30690.7570084163,237901.00512974602
30702.209919112076,237901.89374039005
30721.28562634332,237957.02643207135
30729.32950076036,237961.0511390142
30732.97065162653,238049.39663061066
30750.678131103516,238051.30901244705
30755.623795492327,238064.4270236492
30766.555729627627,238082.979927608
30778.8375497886,238179.56934322626
30796.26838338376,238210.5153924057
30797.28302260807,238244.74386755063
30800.74163559504,238269.27928513283
30818.624362945575,238272.79396055426
30839.547953741894,238285.15520264415
30839.547953741894,238300.40222827013
30858.459501504927,238369.2280864886
30862.323985917224,238384.26284383022
30880.052465030123,238394.12219247644
30888.0069292954,238401.4759424245
30899.29700250287,238447.66242056212
30905.533939906523,238457.60600473202
30922.119324479783,238474.72903038774
30927.36100820133,238484.6529241118
30936.20484243119,238526.81188946113
30943.22257086212,238594.5793725422
30949.850161092654,238598.34282379487
30955.67896185603,238599.92193274837
30965.473315715783,238607.72110908368
30965.709264414676,238634.313174069
30992.180093969608,238674.21449850287
30999.389031427258,238689.72075608803
31030.302396263367,238741.41866837227
31043.831105164136,238767.73703493393
31047.72858347212,238792.60092872375
31073.806389212597,238844.51394746988
31086.79696628025,238849.97202582873
31087.17969294956,238850.62897386722
31092.80121948883,238866.2723018953
31095.151210171833,238997.9527499505
31119.123302085038,239007.5495818257
31125.625538195913,239010.54344243667
31132.91911588396,239016.09005798615
31144.4196473871,239019.6199137654
31150.058244892563,239034.89281788905
31152.25468378408,239039.75019107538
31174.78620952367,239039.92688756337
31196.501498256403,239139.0320381947
31213.398275545667,239144.71243153297
31228.284445694495,239152.38021200043
31233.001940046033,239176.9481842177
31251.397345406665,239201.91867503955
31254.259813802593,239265.68433252414
31282.575246572524,239277.53994703296
31289.473751919584,239328.6335152217
31303.440552507138,239334.01202951148
31318.46442088059,239465.34733871045
31333.55020150118,239482.40577147686
31336.061503819063,239601.62115993677
31342.939189757613,239685.7823682512
31360.829483117373,239715.70836903367
31361.95921788897,239791.26200754294
31371.71879887578,239822.15046203125
31381.99904864174,239867.63449759135
31406.45617921011,239898.87476757602
31408.62405541964,239906.23173395218
31409.2288839817,239914.70583610877
31432.00603883608,239990.02965484344
31439.62698061127,239992.9821665287
31440.890860795967,239999.9698482751
31464.291217701808,240033.57986322464
31483.448659351918,240073.14132046685
31487.953616619096,240119.62950585564
31489.574414951487,240161.69298623287
31491.07748809884,240211.4296052796
31497.94058093003,240219.7199438981
31502.055314881472,240270.04752354976
31524.36320434301,240327.22918754804
31534.146709527286,240358.017871414
31546.20350049223,240371.98430272506
31567.43750439368,240372.46348362303
31592.257171630878,240432.30564895703
31595.37782083237,240434.57110731938
31604.551945132836,240442.57929105428
31619.374429294046,240442.70722108224
31622.134282367566,240505.82772595552
31634.70481964521,240532.40889559468
31641.024914060326,240537.34357539235
31662.48984384539,240613.7736432723
31663.959768857276,240635.85824808903
31679.94972937448,240730.81356758732
31695.372983932473,240738.1692888055
31697.530024732834,240762.2603780541
31707.485715184885,240784.83471030847
31710.11504428729,240839.66085125715
31711.76474256171,240841.61128798546
31714.36456779075,240849.98454660192
31726.699645161607,240861.01794944494
31732.681740352084,240874.0630272285
31740.847944395908,240964.44578937115
31747.32721592702,240967.35607550835
31753.5995194912,240999.52146301942
31795.660311971376,241025.7291687386
31837.533278056537,241043.68040183614
31858.61374282837,241061.7146930694
31877.94113114901,241110.31684197704
31881.25047264782,241166.60877421923
31886.502288886542,241187.1021501848
31889.267570427495,241245.710034115
31892.51163290226,241252.78915865085
31903.008516039154,241283.58846390236
31920.07892990113,241287.47255848136
31944.164249692643,241306.7479692186
31952.623744215292,241311.88498692002
31962.205487864343,241326.10877487483
31982.018703630965,241431.8700050456
31988.18537793842,241457.79408260755
31989.984209384238,241478.97142524377
31992.92612930708,241560.59937461786
32001.582548703427,241663.6941259759
32009.539027418417,241805.40387964246
32023.21467651642,241828.57282040792
32029.03042110375,241833.1671417611
32036.825578485215,241840.2353044579
32050.215895788984,241892.617593314
32051.31186442714,241956.4526874167
32059.314422828793,241999.7573550429
32060.64004741396,242024.78153135942
32066.34008567673,242054.1357465898
32070.22525112969,242061.0650485584
32071.884950229083,242091.09008841863
32072.17935960632,242091.45785994193
32091.12302226676,242102.74975309204
32093.46705853939,242103.9587355001
32099.767753992783,242128.40153777605
32102.44278165267,242129.40470369378
32104.262959258904,242173.29171058122
32116.082801699635,242229.40907890451
32128.708222678706,242233.18606844975
32129.609068427744,242234.97420178994
32137.202973365806,242238.36017583104
32158.049313885815,242242.89973381592
32162.890280519296,242286.38778035127
32164.504205431276,242314.3525490931
32165.953267165576,242314.43080690072
32205.565710817067,242367.7211535147
32211.632384027762,242381.72307030653
32212.84689302104,242502.7968545471
32215.582065650364,242622.68299545572
32217.126280478085,242630.09270128177
32235.726565156667,242772.58552752231
32247.777893066406,242793.14409421166
32248.691179820453,242808.21628400264
32251.0200976474,242825.5941626685
32264.429973329832,242878.31167092512
32287.669817243303,242966.4464860899
32289.73977797369,242967.89625469284
32294.00876699176,243080.37728049926
32296.802648987068,243084.64433121664
32316.168232577184,243094.44744277003
32339.553895541605,243197.278580921
32339.64056430548,243240.7505214214
32343.167557648267,243252.78015034547
32347.30161436956,243290.25079441073
32357.168603692735,243305.0154199941
32361.255819184466,243402.91948151583
32362.04636492047,243442.97170320587
32363.511647088177,243522.2760198456
32367.46996332913,243523.56008134573
32368.873264891754,243593.49750456645
32375.619236511837,243620.7252836568
32379.78735024588,243628.81906334846
32384.451859474204,243640.7596565145
32396.396808351805,243683.31336665162
32406.356454151046,243683.9211774213
32413.129587514053,243695.32514039107
32428.027861288632,243740.17339297693
32434.644595214304,243785.96059557374
32452.12331803352,243789.0079786266
32453.88040099824,243810.8871766841
32458.34938178744,243888.57571794305
32464.602313475934,243896.66648161414
32465.865626198913,243915.23195852537
32489.798330034515,243988.14791854797
32514.82953289579,244004.09371742184
32515.758821725845,244058.22093498716
32521.310060705448,244106.83158177987
32527.572320529343,244112.78179229164
32533.939942581328,244129.75770952023
32540.614419528443,244144.69696296955
32543.465580463384,244145.33560000145
32548.808021783847,244161.12000080518
32566.230825628605,244177.14232441355
32575.055665629287,244265.02977912768
32576.62020214967,244296.19045734406
32579.90046140126,244297.76311103784
32584.89173991349,244351.03110424115
32592.422121524814,244370.6065980537
32622.82096890042,244390.87530693834
32625.16958618164,244392.62065536637
32625.640699659052,244400.38349950322
32653.884459972356,244489.25160946167
32656.027507918217,244515.53690992942
32656.73217831339,244532.38764343946
32662.337522796242,244651.95179205277
32675.089347669087,244672.7003062963
32682.928364481195,244684.4971439328
32685.509622471684,244730.08713575773
32706.124690566743,244747.70187863277
32714.638629845198,244804.87857214885
32716.202818342594,244808.48616177705
32719.56667205267,244814.24466453277
32756.3991067069,244824.49831276273
32791.690060002446,244853.18272977215
32792.695182187235,244944.6065626655
32793.148866585325,245003.4214498316
32793.35293643814,245007.2469980206
32800.035049029786,245078.78502387664
32808.816913332266,245108.93338676007
32821.248281410786,245127.42184080387
32852.51357357845,245167.25941075606
32861.57172993251,245168.02444308135
32865.5984495708,245171.79176192638
32869.29980230332,245199.6960373096
32883.65872580664,245208.66169811998
32922.1247109685,245274.87473676883
32923.52169018131,245388.0080275109
32933.89934539795,245467.64331015517
32935.81445506641,245469.11916552274
32955.89188929966,245479.07586572
32968.91649590219,245522.78088419783
32970.504571471945,245528.390650034
32982.75120317933,245560.17243603297
32988.419843128686,245620.69921420296
32991.3561928613,245623.50401365745
33006.47140669822,245753.76693127834
33008.930319360334,245763.81305672438
33011.470150334484,245777.210650376
33012.43485975264,245777.9110198532
33025.250108156884,245799.08165369715
33047.31128413335,245819.554411275
33058.75086685588,245952.57077477657
33058.76289010049,245964.2603479624
33071.678683042555,245983.6843576092
33082.765872767995,246045.14272367957
33096.50052022929,246085.28348284098
33097.872882195836,246102.1224879026
33099.665466308594,246126.30293199
33139.52417353216,246128.4018913167
33161.685598254204,246131.19218533376
33178.39347984109,246131.46384498067
33184.205461672354,246168.0929928933
33185.43603685925,246175.260308964
33186.69417224612,246300.6431821499
33199.82417619229,246309.25677378685
33228.24014520646,246317.23985396113
33238.56080480985,246394.07400390087
33248.64453323395,246433.84097439895
33271.073925299315,246454.67330001103
33288.234907116166,246460.8463668143
33301.17855232102,246532.4888991969
33319.459303208765,246550.35977240978
33336.40373475212,246553.8182121345
33390.1453350612,246663.39841599122
33398.990716423315,246672.1135270256
33399.56893805095,246674.43418552194
33415.50953415462,246678.54313223698
33419.69437563419,246728.4349458388
33433.03337693213,246795.7061322246
33462.44424557685,246804.83327642505
33471.274184022644,246824.6802981751
33499.47900470666,246886.76456848215
33513.1205197913,246902.09026736865
33518.891689641154,246910.25379606662
33525.197601045875,246931.07008012704
33542.81218917026,246994.01743147202
33548.74682062017,246997.86999729695
33584.66542693545,247000.91910638125
33586.22152904102,247003.24151911915
33592.162508317386,247046.97120069616
33606.24850421291,247061.03638213017
33610.240249582705,247093.80070843018
33611.99120732715,247163.62135643617
33614.2864324706,247194.18366018363
33617.48368196816,247240.26359699457
33623.814531326294,247312.51520826138
33626.608103105005,247321.4358432634
33639.936709267786,247335.21415054792
33643.152748244145,247342.83293498412
33645.0123090744,247411.00941692077
33646.03471592495,247467.93267452717
33649.10382757868,247488.67845715792
33649.51345934186,247609.68308334687
33665.54168224335,247629.61125579893
33683.25195670126,247645.74857274132
33704.66236901277,247650.13995029245
33722.70057358061,247693.86116414415
33731.50602994646,247771.4719012636
33732.89182545455,247915.791590861
33739.56171059607,247976.76354517255
33745.7375522682,248064.545747808
33747.73743578367,248074.0251731873
33763.354947805405,248137.69962781665
33770.747511778594,248195.95452397212
33776.2410696234,248227.30426976513
33779.02151846886,248234.33932220936
33787.41066452436,248281.69509538583
33793.61622871674,248285.54019962886
33797.226748738976,248292.60735104754
33798.88325922831,248388.36311733737
33800.62729125363,248411.45761452403
33816.14100279125,248448.07795665934
33827.53175680978,248448.97495301283
33839.09447411128,248477.7875008753
33843.52712275298,248580.9798362852
33847.484031677246,248585.36858807292
33851.88491385324,248597.47052618436
33875.817028011596,248612.50768024585
33883.35245060921,248651.0289367096
33912.4414396286,248652.48903140854
33926.16217807362,248671.38231379658
33938.25076597076,248719.46826674254
33961.0793949536,248778.0200692245
33961.11033369811,248790.77049251972
33964.31924222197,248793.2173532758
33980.15394333431,248818.6872952325
33982.75785703319,248841.64012500225
34008.10755709239,248862.8515314801
34011.35155008521,248916.63344562054
34014.06281130655,248946.68880878174
34027.026036645686,249098.51485376697
34032.45083887236,249134.09066884848
34065.15799440655,249185.4099944489
34077.880861861355,249232.5522918871
34094.2796643121,249235.41455553268
34094.44002767969,249276.52602025442
34112.81820290431,249279.66408921988
34130.80252282962,249293.5297753131
34133.95259571074,249356.08725529912
34136.25018237318,249358.16821771004
34157.40598792684,249388.95482223382
34175.135851298066,249390.64304270054
34197.51728207728,249410.86371331557
34212.62404377119,249480.9621817724
34214.04618617466,249538.55343088077
34229.78967727935,249541.41474819192
34237.49071524825,249649.04398114342
34254.118763327635,249706.34510348522
34258.3083489963,249738.95805493428
34260.637091364195,249752.91385393494
34266.514094880644,249777.50413913396
34268.822207859565,249781.79650400375
34271.64828845432,249853.7500313861
34280.536704642414,249886.21414422992
34287.82920878274,249905.8203932899
34287.94529461861,249922.6436470576
34296.6013382503,249936.6495826074
34372.66525699411,249942.5728106328
34372.87370954241,249948.43461099692
34385.13041693823,249989.83448725095
34391.84771660396,250000.3407616444
34403.005742515845,250056.61320354248
34411.49609497616,250217.55247422625
34425.96284457616,250308.10073089608
34452.59387394361,250332.09612756118
34457.19498312476,250339.11843778414
34468.38933873175,250347.2656653439
34477.85573010785,250377.1294163295
34488.374941638525,250414.2339757681
34519.10692036149,250464.18253576758
34524.707542283184,250529.61584218912
34542.620891366685,250564.99471224193
34562.14601680208,250588.741482428
34566.43051285404,250589.12819293563
34584.98796749114,250742.38543377613
34593.201647588176,250754.74776228832
34596.22244766781,250777.37206310895
34600.530402319775,250800.8200753415
34620.01815395697,250827.01106972346
34639.019074610296,250841.96709879802
34639.027677025144,250849.89871793988
34660.15265434129,250854.64240051157
34695.50998769488,250888.91178299702
34696.231452584274,250978.72190514632
34702.790144273225,251009.308596611
34706.64518318861,251115.015860532
34710.64940731867,251215.44685305862
34730.1796642712,251259.39855870188
34735.642575332095,251311.91889149803
34743.12672332354,251327.7259288344
34768.22857195991,251389.4756469727
34770.21004853929,251524.94118249416
34793.205205525686,251533.02972206898
34798.78314374173,251562.2793659398
34805.657732078005,251569.52253702714
34813.36917553627,251632.22137153143
34822.08173028066,251699.1271898235
34835.221520832594,251729.23521982756
34846.489212989865,251826.65893164696
34848.175200309015,251880.58110627107
34860.692829421576,251972.15593691374
34863.84032205173,251975.07726109022
34867.473628725325,251992.6942979949
34870.08071725708,252033.51623407437
34883.55860941747,252120.80022294185
34891.332679390915,252126.20923689433
34892.0544298717,252179.16964566708
34898.494306053435,252223.03903700624
34904.46505660669,252317.98586571222
34928.09107017518,252326.36557437692
34942.82746550866,252348.46395281388
34942.83444547651,252365.2138542618
34961.30104391913,252417.88752562666
34984.898923737645,252546.12205028522
34992.608323480374,252571.01976040436
34997.28157939228,252603.86206626863
34997.5381197589,252604.22026331088
35020.757038116455,252679.36000624724
35023.96460601261,252690.1983188222
35025.54139889988,252801.2069989273
35031.932312863224,252830.62681026128
35045.260128395945,252832.84950092869
35060.927615335975,252936.62781194277
35076.347148077824,252996.65379769463
35083.63865470888,253009.7821092436
35084.43507913181,253014.14807571686
35121.62635207176,253079.30690506523
35132.188554831926,253088.9437593391
35155.36002853939,253139.6679610014
35167.2675128494,253216.16065308018
35168.1392167636,253288.50759744638
35168.44492197036,253296.8171135101
35189.81355707988,253307.3133456026
35196.846038869466,253347.76044746808
35197.36713882856,253349.96248044283
35212.441191979815,253372.28508184626
35224.621177400855,253374.95756699366
35253.3235123498,253420.98863061838
35260.234809194335,253435.93162867008
35270.73451508797,253449.18256216403
35277.66924272266,253468.5956379686
35277.66924272266,253480.01171307906
35288.33116752759,253496.193319474
35299.21245220734,253525.9036152704
35318.66992187499,253579.93637464722
35337.72831443375,253704.58268771862
35354.82118800705,253738.84206826348
35375.48435022149,253739.07363646373
35376.50511254584,253760.2285226669
35384.51150897577,253775.07023406884
35425.50235223771,253836.42961009897
35434.72213346619,253836.48979260246
35443.84673670359,253890.70913038938
35451.46710938214,253910.99037111652
35469.55517118322,253937.65059928386
35488.34409298216,253938.69696639274
35502.70181264196,253982.9993093014
35506.972529479426,254006.97959561003
35506.972529479426,254126.49657673496
35528.41479723794,254127.03662352898
35537.54974569593,254131.26195812222
35544.201879876,254215.53976746963
35551.97524850709,254318.18105100736
35557.30872453962,254397.91717356438
35562.86530525342,254449.70171650825
35563.57141075825,254458.78521243163
35574.6787584169,254563.84477147035
35584.51628378458,254567.24502646926
35594.06942204066,254617.58887634112
35601.3502970423,254620.4621680294
35605.01978325843,254622.17247389897
35605.01978325843,254652.19998669624
35609.262423106615,254656.82787922438
35610.39231015954,254667.14078214345
35613.02307578495,254701.70043960641
35631.41657854833,254748.04512628476
35640.99003369467,254757.48118204734
35672.790869883116,254774.2637942519
35672.9771175044,254821.66722003056
35682.99760792938,254952.65596442565
35723.3338420051,254954.3435247966
35746.320909159534,255100.45265882352
35755.85925083501,255286.17119115597
35764.139596360066,255418.51164501056
35779.67560195924,255425.7058847461
35802.542657920305,255459.37175263686
35803.52798230307,255510.2336353745
35803.62628490585,255611.16573423997
35803.62628490585,255651.23777903832
35806.756362165725,255671.80883565973
35813.32800321918,255739.8607059036
35823.05611157421,255785.62551457534
35831.58806434699,255797.42865325714
35832.32547272954,255807.2446530802
35840.55008574894,255901.11955608643
35847.7086881229,255942.09341990948
35854.79428003514,256051.62549224918
35869.65285093444,256054.0369504009
35887.82865391459,256119.03179655754
35898.42814428469,256175.29016692296
35913.299959829885,256198.43746569334
35916.38829130783,256274.02596635476
35924.25132507934,256334.96502990383
35934.90606192176,256338.96144160203
35936.98131574906,256387.4862435374
35938.59862542153,256422.94322162872
35941.12424414501,256450.3634480834
35944.54362205101,256547.7472178765
35947.30587189543,256550.67380193292
35959.66419819422,256551.48807849217
35963.019688759465,256588.5633968796
36011.48980569842,256659.87093131876
36016.13055115087,256726.24221108644
36031.777967589245,256753.70273619046
36035.30908380238,256758.16963674332
36040.24863106865,256807.54403989663
36049.24222845686,256818.7932765314
36058.46192527666,256826.69451607973
36080.66804122928,256828.17591672286
36090.7407699993,256833.61694245687
36100.11670231815,256852.09265914984
36102.362453392554,256875.2396094629
36133.90891371455,256896.85393382827
36135.65765060698,256914.4336389047
36151.76627513342,256972.66457161732
36160.20034442633,257020.4073849916
36176.0065764359,257061.0502268927
36184.8255445276,257065.1036940131
36195.297506298346,257138.31674131332
36201.65843418664,257151.47839188576
36202.04029270582,257236.34031958232
36207.43561754906,257263.54176701818
36209.58341544015,257330.58258780406
36214.24211760932,257355.00033872464
36239.6494634833,257367.59555939262
36246.12946268488,257464.1587760449
36253.04778136524,257567.84536996912
36280.46695603642,257649.9825404202
36283.83575415608,257660.00287485123
36302.053636627534,257661.73941050255
36312.802561214965,257681.7897013938
36313.16755144946,257713.54568185122
36342.0499433279,257723.44106098582
36346.22939150674,257767.51560081754
36359.275689039976,257838.1578915459
36365.07829659322,257859.14209444175
36367.47437712122,257877.3427404505
36402.460533687045,257888.56671881667
36459.33589981285,257907.74406599998
36484.394911851196,257909.15996379513
36510.14215511933,257974.94464123246
36521.23371722019,257982.8479762587
36538.963750396404,258048.8477038571
36556.00500042097,258060.1513126408
36564.0,258079.77681235762
36610.39095681054,258086.6473191636
36647.98493477277,258096.2546070813
36656.69631413051,258180.510860988
36662.01892181806,258243.01397643762
36695.33582891738,258286.72259569165
36708.724067858275,258335.9854925871
36711.798914125975,258375.34497501174
36735.78736104285,258415.77895086145
36757.82235424861,258447.26764912272
36764.20850419996,258515.2515975746
36769.57947802538,258518.33863101673
36780.63128379413,258525.05675977463
36785.2457673039,258562.45488863328
36802.00318629403,258615.33088067596
36805.87650299072,258632.56695359095
36828.832063061855,258637.94065676408
36845.2724006176,258657.3293457202
36846.90717342922,258667.12915837765
36875.83542544504,258723.20456123346
36878.069852505425,258787.48097240925
36890.939677987764,258850.55509912118
36914.96890762875,258882.05977894575
36918.61823701856,258938.3850787878
36920.581697702415,258978.79283848824
36940.67019643105,259006.88360193797
36941.752088086956,259029.65143147536
36962.53569809026,259047.817933968
36967.16208784923,259067.31508011487
36973.41183427401,259120.44317197797
37007.09395946775,259156.96486826456
37012.01786989824,259169.3913810253
37037.64458608629,259205.21217073704
37039.22378104074,259218.6803665757
37039.48498644147,259254.6438942636
37061.49657213688,259433.4360160146
37077.60643127989,259475.21565376013
37078.70587675914,259569.84202703403
37085.08157021659,259597.37290523748
37107.47568206276,259646.45263355126
37109.18031810011,259702.8287439176
37135.840958016306,259729.04112367966
37154.11866801126,259756.51373924525
37172.41854005199,259792.9046242237
37175.713743465276,259815.23123642372
37179.534080437224,259858.39390781947
37184.97397913255,259883.73965122018
37190.49468973707,259896.2587203299
37210.56853655404,259975.64136560468
37223.65148530685,260026.93947630268
37229.199670791626,260032.6356925623
37236.9937084743,260060.34361083165
37254.71812003005,260101.3625999349
37292.48889212951,260233.11726786417
37309.30752682685,260241.66752360546
37310.34589879855,260257.13168088024
37320.95422281538,260259.67900036075
37354.871203695,260374.72210169688
37367.71232914921,260746.7358094453
37374.57877870969,260755.59686069825
37375.222960608386,260827.8696142605
37375.32644554553,260832.84176363255
37387.226711000745,260866.96864124713
37392.01552970067,260912.52360192372
37396.1742813587,260920.2090974365
37396.28836795265,260924.57277471694
37418.70056360109,260986.48958873743
37431.69129805903,261023.07436457698
37432.191919701465,261039.68124500327
37432.36749076846,261063.59536123282
37434.94042233059,261235.3914674861
37471.74893299172,261374.17949931967
37486.58694757731,261394.8969731757
37508.80782091618,261463.4819641965
37514.00216748034,261509.83772637165
37517.836441176245,261560.12641970604
37532.48256213326,261576.88734516065
37538.35820923533,261602.15184572776
37549.33639165334,261697.80914344094
37568.4694738729,261731.90063488478
37570.75030248506,261793.32540820318
37579.10919036182,261830.49964254245
37592.315255710055,261856.56650626662
37599.62826326915,261863.19210137636
37602.577268259876,261991.13678225456
37604.58772143296,261997.44183510542
37634.052611351035,262015.21868601872
37644.00160087857,262105.7795773063
37650.54301207407,262124.9105757646
37651.15737516541,262280.8409662927
37657.59023594854,262329.467849229
37665.315526553546,262359.721552985
37676.41746914385,262360.1077477081
37688.94074589865,262475.6568806
37689.083900485726,262478.34969758976
37691.525648525756,262501.01250639977
37744.86054325107,262534.64983332145
37747.42082485133,262537.176594615
37779.048884970834,262561.8825340782
37779.859792453935,262580.51058141683
37821.83295352124,262618.791336017
37822.833704795186,262625.84060180193
37835.540522107054,262649.41254883155
37841.38119472779,262681.28543419496
37855.645679456844,262765.1042418991
37868.78468922206,262835.29849585454
37892.891065597534,262859.6995809077
37924.37640898567,262861.36849595816
37947.05727992739,262864.9549410173
37960.10602515085,262929.33272310655
37985.038071308816,262946.7601659638
37999.663797242305,263007.1343683686
38010.244438852584,263011.00445028715
38031.29999869211,263063.461357287
38034.3995092767,263069.54667884123
38043.516050577164,263128.79455671995
38055.86503493783,263308.8829020858
38063.84791895321,263426.86214315885
38064.110876764564,263433.9352635826
38114.25772234374,263445.3540022714
38118.11348233904,263466.5697845392
38130.23553579194,263537.85319721693
38145.5026422909,263626.5851867369
38167.118562221614,263665.4584716729
38170.75375163552,263677.81841851975
38175.08690857888,263758.63161737577
38182.37834041452,263773.86259416176
38230.90190591127,263831.11995713203
38238.163531047976,263863.6928530845
38249.26689151358,263911.1768343959
38251.7726085867,263941.00022545876
38254.55081474777,263993.5696025577
38261.81710975511,264041.37996017927
38262.86602207593,264054.78295053757
38265.50053373403,264129.28322071687
38283.01529630589,264200.6385804244
38313.02341597421,264220.34641262464
38316.70122671129,264239.9267791341
38335.54754134587,264240.1374969142
38359.37822593961,264259.65809912333
38375.196362819,264264.7924403207
38378.835934468676,264279.0540633372
38390.73503003801,264304.9881988934
38405.2576506819,264418.99089089467
38416.25979694298,264447.63975388673
38421.868440951606,264524.396669507
38424.52690436157,264566.6068147762
38430.29340536251,264662.7400804928
38479.29660502504,264683.2595327413
38480.56161223137,264685.46405180846
38502.26632719381,264688.3783874342
38550.634019970865,264724.3829986538
38552.25035376209,264752.775855984
38621.99724992683,264762.85239340574
38624.21790930201,264765.8213148883
38650.08864910262,264778.3428961721
38650.42245084905,264810.97584178613
38658.98943669449,264876.80322546617
38665.55269241333,265012.90741906845
38697.96988681381,265081.01123946044
38707.25721740723,265140.44911307085
38709.856779371,265149.71931259974
38713.43912976129,265329.42501270794
38714.98182570933,265417.8381666797
38745.320586936796,265444.7741434744
38754.83793318274,265455.8146363328
38754.83793318274,265498.78666659765
38762.29970070293,265515.34502775327
38771.95543289183,265659.79541020736
38809.92162408146,265660.4320408447
38827.76337313651,265672.9285104616
38845.33904620579,265785.8209373014
38847.768783296866,265807.62023513654
38857.88507298066,265811.55898843484
38889.19425375123,265839.8020270892
38922.21077769146,265926.99515197106
38922.381750856155,265942.64835844724
38932.995571749554,266077.68308588443
38942.04260894233,266080.8452154057
38948.57081174851,266147.3649779472
38963.248518807544,266183.73292665824
38996.67731329374,266213.4283676743
39016.36852240563,266300.68810514035
39030.80969413689,266305.373176745
39047.79581211295,266376.7829916817
39052.77082562447,266381.18758222024
39075.72988120146,266422.9572977339
39076.39186375484,266423.528174179
39125.0,266451.49130374205
39164.479733977976,266466.02201124607
39169.20080924031,266522.80314036773
39190.432311568955,266565.19815538614
39202.862926755624,266625.3808755194
39227.534901721134,266676.2229098849
39242.72819495203,266757.45947273297
39244.81452178955,266803.1718303476
39247.507350206346,266951.1884499106
39268.37592523439,266983.5040261235
39281.774899125085,267051.6652559894
39303.78474133354,267142.0505799226
39313.75000890663,267178.10688625055
39316.96870095391,267185.7556954622
39338.81460939137,267243.8901804005
39340.234642744086,267281.5101338028
39341.77842657909,267293.0003337606
39367.06072031603,267496.77813884185
39401.22793448818,267502.88033061364
39424.7777593136,267575.40769686014
39428.136111097665,267650.1876180598
39434.77523623194,267696.8694764546
39436.142804282055,267761.03826652246
39445.88114987103,267790.170130934
39468.11890867775,267818.007750988
39481.36710980963,267824.10247038084
39483.882600716184,267882.8976116862
39484.97636403356,267904.44271358417
39487.51686477661,267908.62537307397
39490.159571153774,267909.33956864907
39501.372980151864,267934.2194011382
39525.106765474564,267967.4627745321
39529.53047408379,267982.93430926115
39533.92458425248,268023.69013668806
39588.85390911786,268137.54986474337
39602.56875440052,268157.74560461723
39606.61497763227,268186.40413342207
39614.6577473709,268246.3199924401
39627.82076930999,268361.97576286114
39659.707106556234,268411.9825296146
39682.90035993709,268450.96397551475
39744.95290723869,268470.2150513955
39763.69358675817,268487.30244386196
39764.03300132067,268525.3553715263
39767.58348444531,268567.28111164056
39787.14758566448,268576.24695272103
39790.88747423043,268619.80650556093
39811.644518000736,268642.4147626161
39815.883354033765,268729.0440106051
39821.62046142987,268790.48623109714
39829.85772926466,268822.09523375554
39844.15439270223,268832.88904058933
39861.08369902201,268859.44947089464
39888.99513185025,268868.12577916885
39907.839904751076,268887.26473246294
39915.29763909751,268896.6182358265
39931.50205174516,268963.8017239912
39982.38910790856,268995.9596840826
39988.79100057057,269006.1063745192
40024.15932679174,269042.91890861304
40024.24813379566,269057.2889920898
40090.823118141714,269090.44370232313
40092.836202638486,269121.898417788
40124.920615264404,269153.33425640216
40149.33427436011,269240.76050275564
40162.53724804946,269308.5033135584
40177.45574273376,269363.9650432042
40182.6720403944,269378.001638191
40190.70646914416,269416.8996392318
40199.30850694865,269457.2474524805
40216.52674082346,269674.908784151
40228.25184323105,269696.00072964607
40230.351721252686,269780.64139361033
40288.83320856096,269837.9900264229
40291.73730713979,269873.5256867579
40301.71761683048,269895.51285661967
40307.95853212901,269977.25107944006
40310.62202102794,270079.2685390542
40317.635852149535,270159.56107125967
40325.67127318044,270161.1151505794
40328.738499232684,270169.204522184
40329.47851869039,270181.77341633174
40332.31566279275,270251.39953696734
40391.54747213637,270281.66110292496
40411.66271223344,270313.74531207775
40432.39627844948,270336.6691820111
40440.521303858084,270349.238587652
40443.633586202355,270353.36245589604
40461.12008135655,270366.67008740566
40467.62733677448,270389.00267992704
40472.74233652864,270390.6645425472
40480.444488235895,270416.59467978135
40481.00528725558,270456.7931249312
40494.38456043175,270544.05713275506
40495.06370939527,270552.99298022484
40496.999999999985,270604.14572933735
40509.902614525425,270634.41769085615
40543.33010523661,270655.36412382976
40548.50861161096,270714.0644259963
40569.7438488007,270755.5460515022
40570.06334640299,270833.6856658971
40571.64627225058,270837.9201284137
40620.92432648795,270839.85584564717
40622.63494106704,270853.1354852575
40624.99571452822,270891.98450112354
40636.214976753516,270997.786649738
40643.06150456841,271003.9833798919
40647.873524529576,271130.2827505725
40651.87261978216,271183.68579063244
40655.99158860954,271287.0116079876
40672.82614765849,271304.353265592
40673.210840463624,271312.5861974443
40741.6420276165,271349.2919988972
40745.37818091255,271355.83598678454
40786.56178089549,271435.1755473955
40851.14216744901,271472.7714317101
40862.41656521389,271479.97989971295
40889.096339242795,271481.96382633294
40912.429588368934,271486.50996398076
40923.63744694849,271522.25705203845
40973.51774196969,271575.6307601588
40981.58724720136,271698.5883779185
40994.32361854826,271740.9405257191
41001.294807808794,271814.0911068831
41057.853344465984,271873.4634415848
41064.540650401774,271986.8135052068
41067.20539360389,272017.3877284868
41076.649562478065,272084.72116196173
41081.441322241524,272137.031986492
41084.40623870919,272201.9164636816
41084.58821637297,272264.4745868955
41084.82936372073,272437.26316928864
41086.858605521025,272547.88918478147
41091.245657512096,272560.312027548
41095.84297183582,272560.79922744207
41107.854053735755,272572.6266547099
41110.65232174739,272631.7710378682
41146.246632882525,272705.1232628652
41180.34465922635,272759.83584017423
41205.90633640969,272777.1897686123
41237.31899053714,272816.0427701473
41244.52132541793,272984.2389970678
41276.24220274174,273012.8875284877
41276.66156332832,273090.60008782154
41312.30269241333,273111.5361271245
41314.854557582345,273124.8164668595
41324.3398243359,273395.1779185193
41341.91592741018,273473.8900997127
41390.65819862912,273556.5983312129
41418.218972768096,273673.07971412793
41438.695297121994,273681.3847980158
41462.882197856896,273706.5382037845
41471.95836302213,273709.85695434455
41474.25682234763,273719.3553069318
41480.767834544204,273729.1544633763
41500.50754237175,273849.5116119896
41505.79817254203,273890.4257947547
41511.512600626265,273980.0843897377
41528.02009396896,273986.1203419822
41529.077269877685,274005.439658514
41530.178706850376,274100.92926899024
41590.912268195825,274110.16036696936
41593.34266260692,274143.28460555413
41622.88035661832,274181.07843719213
41626.91862651281,274226.8016485828
41718.737133928706,274266.50383276615
41745.35709193772,274296.6862438746
41755.888571671094,274306.88249348744
41820.64200219086,274313.57399473875
41848.829519833766,274388.97689751216
41866.17580548352,274406.3876335536
41893.719277245655,274412.66123134753
41900.43730313437,274478.74777301704
41909.61675511085,274542.8693186727
41912.080448559354,274573.29382415337
41914.89488431386,274574.275153143
41914.89488431386,274595.0877881391
41926.67606653488,274623.76430036343
41950.41577635492,274666.00934324943
41969.2130833353,274675.9953739814
41975.708073037014,274681.6400119919
42018.494993005486,274689.2596394421
42040.8376421077,274744.9281049797
42053.53079843524,274765.4350819588
42061.01206742014,274830.91084080073
42077.28318912642,274842.7671123573
42116.622620718816,274954.74917316425
42135.48389468871,274977.63782019273
42146.58203639301,275067.00749748084
42154.548597710476,275107.15102379664
42165.4970598221,275118.5433427265
42176.36142134665,275153.5088810665
42217.98621014186,275197.4142497097
42219.47418630125,275324.64587029396
42231.616352966856,275408.93034952023
42245.12539427622,275507.4123681955
42249.46226512536,275536.7962508542
42253.18938578877,275548.12294737785
42306.9630126953,275570.61245107674
42310.43753709113,275677.03711717477
42333.52858725616,275681.8958228315
42334.08857929708,275772.63320304663
42344.65868144373,275835.11471226404
42345.023484536585,275844.837678739
42387.89342468126,275906.68361776206
42410.897817202975,275915.06414617813
42420.49219151906,275998.23486093123
42429.89356051169,276023.5128524815
42445.74128288882,276113.16518063215
42448.84909762654,276239.46871779644
42450.89448138648,276302.6708966664
42468.261750630016,276320.6411882979
42496.0648148741,276365.130748851
42503.89533532523,276384.47589743126
42504.778036117554,276390.83866994723
42521.531593356805,276400.4568715947
42532.34698988712,276401.55241421284
42558.71914073401,276457.27907039435
42565.939671448294,276502.25024116045
42574.29437208176,276567.3827064974
42600.29582405092,276681.085779667
42631.223569512345,276703.48312132695
42681.878075327186,276766.33018469816
42682.68648057327,276766.70013088826
42684.22226786612,276903.58612418175
42687.387998529855,276945.8160548551
42706.616667100345,277007.1697623473
42725.08207321168,277009.29262813495
42729.28022742273,277020.4921622446
42733.01217944282,277062.7279325894
42736.10522130555,277130.88377676695
42749.750690051485,277158.80731758056
42760.63096441542,277172.7785549504
42778.577481048436,277181.01811669546
42795.19560018607,277188.69848556165
42830.66339157311,277239.1421672446
42836.54016796179,277312.14396728773
42897.839711189255,277328.21189035685
42904.702693462365,277370.89594603435
42905.73709838733,277426.1775789259
42927.77985061918,277467.8608839512
42949.94884851998,277474.25661918084
42950.49253790719,277583.3603942224
43021.09606545311,277625.7717926161
43028.26210182055,277682.124096053
43050.25500144278,277742.7756538901
43056.726477163225,277751.9598891565
43060.17360672778,277819.60499485896
43136.65334701538,277888.93792298017
43138.11899437223,277901.0760873556
43152.51655881744,277923.9571198821
43178.09397847313,277931.0450552191
43224.520945753364,278107.15294948634
43227.774853127325,278237.83545943664
43228.79421997076,278250.67573566095
43235.92480186054,278253.1037656069
43249.118208067746,278255.51947072573
43251.05795315336,278390.4853097882
43252.76085087229,278461.7112559932
43255.392781325725,278485.2863862855
43265.71627405711,278519.93560827634
43283.26174705366,278529.33042648865
43306.803849135125,278538.189604606
43336.29490676948,278567.2921950817
43340.62866737163,278602.2866407293
43341.68848463467,278615.4708158971
43358.358586021845,278638.4741028547
43361.696141106724,278652.85807967186
43373.650427137094,278673.29861860623
43373.982710906435,278688.7176522272
43388.81912274022,278710.92413567647
43418.5369012015,278775.62988596305
43460.610595192236,278786.1802365439
43473.34106097903,278803.0139035499
43497.91207786968,278818.2133873873
43529.33192859378,278888.5651433724
43529.36568699561,278971.7275514433
43534.23780918122,279010.7270049794
43572.025559238056,279046.7226150122
43581.782632419054,279050.75811198785
43598.0541376727,279116.7832309519
43601.426189490696,279199.69352393487
43612.680960893646,279219.60630839213
43679.53284607615,279301.2330223662
43742.03204945158,279318.47874071775
43743.51047188896,279700.28813162004
43748.453377655576,279743.9487578017
43750.96318769456,279812.12858625816
43787.51170878751,279822.30857239454
43821.608304364345,279853.30722524447
43855.050777639626,280036.43534250755
43867.14819513046,280212.6231002639
43872.01538739889,280281.8536534224
43902.657206194766,280316.5928223643
43928.089151109954,280363.21519930876
43940.75186903134,280508.9274318218
43975.18313640355,280522.5013860805
44001.97504319463,280528.27715158445
44010.973554270604,280616.7232119696
44025.90489461596,280638.8495988165
44042.35859787464,280697.9266365767
44045.4810152565,280700.1231230156
44046.695531606696,280724.92557542666
44068.910203984735,280742.90513546125
44087.786459309704,280747.84573153086
44112.48362357274,280768.73446399823
44124.33720670431,280820.89039613516
44125.17480943885,280860.9301960638
44125.17480943885,280872.2844680377
44125.65847807275,280936.7637565391
44173.96139882291,280981.51689434046
44174.61590015887,281123.532367587
44234.99707821434,281250.92671038426
44257.38350374358,281329.3956462655
44273.50249903546,281337.32231116295
44290.624884537305,281385.6567885451
44300.11277604103,281439.8343307461
44346.578514916575,281540.70154394425
44359.17314130917,281573.2104825804
44360.011926191226,281627.3291219728
44387.84371990815,281873.82620374643
44397.360241728165,281912.7063564998
44406.6024580172,281958.7843307939
44452.03972704068,282001.56934549124
44470.5776330403,282024.6669819866
44515.08871689865,282042.7502508845
44519.72910569397,282187.95043470175
44543.866364164016,282430.13168447354
44575.78643267492,282678.64861260145
44654.00677864892,282731.4453922339
44663.41611170769,282786.4260335989
44671.46626414565,282908.659988216
44674.605975696024,282928.8714626858
44692.79076814653,283081.5485140085
44761.82444422585,283148.50095740386
44774.54766689027,283166.30644854484
44779.85037657193,283195.4090491703
44786.79589125088,283270.5340946403
44799.31579674995,283298.76825896325
44810.284801551294,283302.7478163072
44819.30539151603,283474.16443167423
44828.14636257712,283522.4595310177
44914.26116194045,283617.4643922192
44922.237764222285,283623.393859608
44937.07299218858,283627.3597817591
44941.755776950304,283828.5066577707
44982.30451851232,283848.5948331443
44985.31233300477,283864.54308773787
45029.75508928304,283898.2998730114
45051.21517651422,284003.23136378196
45105.098175253195,284087.45136254176
45158.846421378024,284103.9941278696
45173.40046501161,284208.2497387103
45201.68358297008,284290.215062465
45238.16533197675,284345.2922159093
45242.600657991,284486.7188230072
45251.86226599557,284570.4830066903
45262.34919365813,284603.65138517105
45269.51568514963,284637.2674857717
45277.1419366428,284642.51505456655
45277.1419366428,284661.66409510374
45298.226051943675,284667.77725347446
45312.62884449958,284679.590219353
45318.086559363765,284777.627728343
45334.0011632102,284833.2742678863
45347.690154501404,284835.3163474629
45348.257993936546,284954.2982343435
45403.17661128726,285030.23917119845
45412.13738802501,285081.5020999909
45440.113294499286,285200.9105562568
45453.10674529412,285210.16241584497
45462.62564769812,285264.82033979904
45484.70459475688,285284.02288658277
45500.87071069649,285295.13654049806
45516.84081077576,285333.8675361361
45516.887385215094,285362.50581732823
45543.95241975787,285609.51363599306
45578.48609037062,285752.06033951894
45583.53339011336,285840.2382743188
45586.19356359755,285868.66263238015
45611.5418848991,285871.2344514982
45613.54405784607,285890.5217791794
45633.710517236264,285918.3728319917
45657.17329079764,285945.76354699465
45709.3356275899,285950.99034571653
45731.46780497687,285956.36262476444
45745.04609806197,286018.8692520004
45783.26659013542,286031.0058132155
45802.39703954972,286032.0604348353
45884.1470109735,286057.3321357796
45887.5986427835,286106.9414147821
45928.444014208646,286159.4839528799
45941.12406808989,286167.893104468
45947.37039685251,286225.71770660364
45950.16015219688,286305.58758080855
45953.845266682765,286349.0248300689
45967.74916989464,286370.8726044212
45976.15852614811,286383.7513511523
46019.6336712156,286422.6724524499
46029.28325361864,286533.0561327423
46039.037262780315,286545.29342320986
46050.78999983412,286600.29253440246
46065.35884804381,286602.6700015919
46065.906752671515,286693.6297264611
46071.02272582056,286708.0264350431
46071.02272582056,286741.27597757743
46093.857823252685,286760.6133971212
46107.81428555083,286848.8479056272
46151.00888599669,286950.10407476773
46181.81903042111,286989.3041993719
46201.15242816719,287087.7185272489
46245.644300699234,287097.84473236115
46257.8193150248,287099.7874377455
46272.84858328956,287109.7896737542
46286.22446496146,287139.5766284806
46310.651387282735,287245.6597070694
46335.944827556625,287256.86251645425
46340.018517357974,287346.537317838
46346.721416643704,287428.9678033931
46424.69432251792,287548.39301862026
46452.31043520997,287558.1252057381
46459.18269109725,287563.83550620085
46482.5549259867,287589.9169841835
46492.675101075845,287687.1363740308
46496.75209113531,287739.7811188528
46519.81724778242,287790.9445392403
46533.36034304753,287879.8113358361
46534.595305221446,287941.8240647231
46536.11401765687,287983.2881786312
46559.19880248818,288223.25464320177
46569.18831830363,288226.7026066184
46618.148193631874,288234.28832603357
46627.50662476675,288272.16323232657
46653.870034081556,288602.43156673235
46693.75325584412,288780.46201979264
46706.199732542016,288802.0203078475
46723.19782015256,289026.39591373707
46724.6478580066,289037.29544199375
46737.59452445168,289202.1051695347
46783.49600778308,289434.5337252276
46789.92896808895,289454.94187036576
46836.84422327784,289463.85329827224
46851.6798252719,289540.14511007926
46867.59171772002,289593.1791050093
46879.48792014805,289825.7509202957
46893.56567774499,289856.91731613025
46902.74762484006,289880.27940499777
46905.319115213,290069.1416025162
46924.502066484514,290083.88027196267
46949.01815199852,290140.8952973229
46958.232860360826,290145.44548825704
47039.16223284173,290188.27584698366
47091.36762424877,290460.91786827357
47095.180251428035,290530.86443235184
47103.78067917482,290691.9992359027
47106.96048361916,290798.8088758757
47175.86782595092,290835.23510456097
47195.63787014144,290990.55207039625
47199.52432847024,291031.9900584562
47203.43330476966,291095.17498744384
47206.93261139734,291143.78491896385
47236.66140615936,291202.2290970938
47282.699911935015,291247.4011424951
47297.67231497592,291393.09907734394
47305.56056937152,291411.9996626206
47313.842036519716,291414.336023501
47329.99667746679,291452.715979542
47368.3778452192,291530.45278355054
47392.33087069648,291561.51669626596
47401.77227629938,291569.8655292051
47404.301887205664,291621.7899055905
47435.06381317548,291670.82832660846
47437.39900776318,291699.8002432756
47483.15114935804,291732.3384113653
47507.65524385657,291816.1795451556
47510.43193738802,291846.1470167468
47516.82440989358,291886.9073904924
47519.607139928,291915.8722791331
47523.53618473666,292186.63288491115
47541.005125173506,292207.90210696636
47551.794585415315,292257.05647288065
47565.59991533414,292395.2135118416
47621.13112698281,292423.52050277166
47674.877661466584,292508.7394977467
47702.39116784505,292537.9143765484
47703.63639821326,292588.0006092191
47713.32732764312,292588.8801811764
47717.35660828867,292606.42276993813
47723.6911385059,292626.4567551954
47724.0500856127,292651.80253311567
47724.10891703195,292693.58479610516
47756.40563637868,292856.7103610209
47762.83952319625,292963.9535260882
47794.64672265736,293166.09732647456
47864.729455266686,293237.4708944218
47868.05131437095,293262.354570508
47878.346090384824,293284.9341448035
47915.2228610175,293331.13406770554
47918.593043736044,293574.7445139374
47941.246808852484,293582.36032915127
47942.61002390727,293868.3156901257
47986.952795624726,293939.5883897201
47997.21256472381,294001.06726702617
48024.672594615375,294018.65055059525
48035.155648742366,294065.45770161494
48072.21177537101,294110.9326297216
48104.192278197836,294127.8607667174
48106.696589504,294182.50381032063
48127.88138389592,294265.930901817
48185.450759410916,294314.0695402196
48193.895563806844,294361.6406155059
48238.49775402887,294558.52898642
48264.964495045795,294617.51416885003
48341.06512973987,294687.12862535886
48400.47707802908,294733.1453576514
48423.556091359635,294753.0411374483
48430.6368185452,294754.6489437988
48463.14875148875,294804.20869708917
48468.815046719144,294834.50646891765
48469.09516988483,294887.5392675909
48473.93296446117,295013.534534795
48479.967572314396,295013.61406035104
48502.91285940578,295016.5800137605
48518.91852896556,295076.71934769826
48578.01954753058,295151.0060417482
48625.837103417936,295233.59668050485
48628.28375387193,295341.58150422573
48639.889654942934,295426.9684554169
48707.89906987976,295432.3619662863
48745.884907041276,295436.3217744997
48746.9322410311,295524.98276247305
48815.10422883717,295590.0521572829
48815.76683003562,295662.9075088244
48845.699343136395,295762.6935397217
48849.52427012578,296145.6647851467
48874.16513831273,296257.1243425182
48897.78113698958,296271.2976217439
48926.17197630237,296338.09028799186
48938.85212748391,296343.64741405414
48969.91485943112,296381.8238892044
48978.50858541896,296443.1930700029
49005.11506887845,296623.5408278192
49104.94685433591,296657.1738885471
49151.146196075846,296726.4197319575
49200.28658619949,296733.5043935946
49218.058274643765,296820.8672818457
49275.439766066425,296855.77961192816
49282.42199378354,296974.0583321537
49290.71773617608,297015.48296472
49321.983762707,297025.87534219015
49334.41655158998,297074.1880363569
49414.83108200347,297248.95624887926
49444.29526361398,297263.22987761657
49478.96674396311,297294.1416284528
49505.925121886394,297305.1124971594
49535.57189634873,297342.7478928226
49585.053128991814,297420.41962317063
49609.07222454889,297447.7014858979
49631.76303812435,297460.30232054845
49636.53100161895,297463.6783374634
49636.867648976164,297473.66060890467
49711.694204671054,297495.7936787178
49718.23892354965,297532.5176329187
49723.3010693448,297596.62407658785
49754.321192077216,297651.3522660903
49798.751162307584,297960.6490669336
49802.19890912947,298033.5145742212
49822.67003965377,298110.73517228017
49857.58620899064,298114.31898353784
49889.213755743855,298129.11984574795
49897.57192373281,298267.5770794154
49898.56817386835,298343.6769601363
49914.505041028766,298351.0990457365
49964.12889875683,298407.00848667964
50010.77884008201,298424.08899223816
50022.03882401332,298455.18207894056
50032.035295248075,298674.08055159013
50081.39690712519,298798.07257549255
50126.58438267031,298857.37992489326
50160.044588020864,298876.4089926821
50162.89156229154,299002.39545588836
50172.73025301527,299002.7725841829
50192.17405503136,299033.6169439468
50192.17405503136,299035.3729046413
50203.68284995216,299142.7157592178
50221.10468748641,299185.59830943175
50223.12376632011,299220.445573449
50271.43012825082,299255.7129307984
50326.96148253338,299335.600729474
50356.72375552995,299377.1891568388
50374.91971208366,299419.4543450986
50405.03358295983,299427.55305205076
50414.376223547086,299531.31638622284
50419.43643743651,299643.5906981315
50435.91590636117,299680.0880764722
50438.73463099348,299695.13991902553
50450.007232666016,299748.83691627637
50462.39727723597,299768.6798802189
50505.0161389964,299837.80997606687
50530.84230201584,299882.5118541888
50596.25347539356,299953.8824157544
50656.73506384236,300003.6223402024
50762.920635768336,300124.95037926943
50828.699343136395,300142.36207699776
50839.997521264195,300195.184119974
50849.14018406188,300197.61954217305
50878.517368452885,300203.0760941675
50886.19766131465,300203.88153484894
50899.221422706316,300347.0697695697
50907.24232377324,300447.9090393952
50907.24232377324,300512.86962081696
50914.2064941951,300516.5335091949
50934.85919233729,300566.36213266855
50987.325241531646,300586.2150623117
51045.57790378152,300593.2436683008
51085.19366170678,300702.1870108332
51137.863176413965,300740.61288799555
51199.497877819194,300787.5891923223
51229.459858604845,300826.307598097
51247.80451972142,300897.04297161096
51251.74127098491,300941.42996529175
51267.73538081988,300983.3121327843
51277.92963102888,301004.674815791
51293.41582809176,301027.67470250814
51328.63679579322,301364.1904978412
51335.60765109746,301515.36910188204
51370.91462966374,301569.26426984585
51381.41067573001,301705.02349218295
51404.64149321831,301774.3813198889
51428.996630702684,301894.40129082534
51445.169449125024,302140.4812097038
51445.458202362046,302151.6162188138
51468.59486213752,302329.2414991345
51501.32604561534,302359.95397034724
51534.119109732725,302498.259160144
51543.56403429168,302524.7624232599
51595.07968057905,302539.92461221555
51610.84040408475,302546.676367368
51628.305832658516,302682.6524156417
51640.964569279124,302695.8060269526
51645.77566882543,302739.3402859483
51695.03433363777,302885.74416576116
51754.83812858378,303068.1522334303
51765.85290595467,303078.88616586576
51779.06543031761,303173.31771787576
51802.939243435765,303179.89730041364
51818.369191450736,303203.30490134447
51827.78422437396,303204.31171148154
51861.96965510503,303376.6647347552
51918.41657972335,303477.0319527047
51959.95716140954,303615.24162868084
51965.702845641536,303794.7473984276
51982.152852773674,303813.5761080298
52001.86714599812,303980.58707107813
52056.02203323162,304059.9361767597
52193.83923969952,304098.4197077836
52199.46611666683,304233.484616535
52201.464436599206,304267.7493708305
52204.34527560639,304269.97582783015
52235.382657732254,304286.74267464876
52271.34675199645,304331.1717901742
52288.32932118006,304368.10850279673
52297.35423893586,304579.00115299225
52304.238104139076,304645.884688207
52328.26214265825,304673.61784645496
52340.169985430555,304902.9037289194
52359.88562127524,304953.0759970802
52362.09127240521,304983.40615042613
52367.82544738905,305001.85389244545
52384.80881428717,305246.0441598807
52449.70623023172,305291.27541201457
52450.00994954789,305372.63215338334
52465.29380076272,305720.9781810215
52467.84434987819,305805.3010579348
52467.94388266972,305811.63353502745
52469.54120322637,305985.8099935396
52483.782514572165,306574.0419352566
52512.546073845464,306761.9243728263
52551.576930795454,306798.4152642574
52558.878670402955,306857.33680970327
52595.75659942631,306920.95577219554
52598.72242958204,306946.6141197254
52598.90696758884,306960.1984859535
52601.840894648005,306971.02497283055
52620.440391097734,306984.5007886803
52633.77839468207,306992.9713331972
52659.77686032222,307226.17925525573
52703.54868406908,307324.9809715237
52751.96828344891,307355.58320198755
52839.2314012221,307850.5185175111
52912.51502571789,307874.4385744164
52953.49274935043,307878.47255803854
53017.65085768699,307900.33131965564
53040.9288363627,308215.06688826426
53086.02291086739,308497.4328482236
53212.318311044146,308498.86164225
53319.02242929591,308555.4782165969
53368.559210913525,308558.0242270571
53503.480411631725,308743.66612355196
53513.563816240836,308806.1307578342
53521.12295927323,308954.701785292
53545.22332898209,309047.7379517555
53547.34320926667,309108.7610685484
53558.89605464252,309266.38800179964
53567.56216056006,309444.71332948556
53633.65902900696,309678.5954372712
53633.65902900696,309865.65384333476
53640.006475482674,309916.4819203615
53706.01997911926,309937.7653395279
53708.078500015385,309998.4707606349
53792.54231453794,310026.47597663733
53807.98763765608,310124.1444376026
53827.58780860902,310330.95511111186
53830.02854851321,310405.7954349349
53845.257186089235,310475.85161059245
53875.71846079826,310616.86932131235
53925.3507851192,310868.92982560396
53955.77394499097,310985.24438149587
53958.644087723325,311006.74574154615
53963.25033109529,311081.48834581894
54083.54402877604,311234.8905902761
54101.30926976886,311279.8918617452
54126.41855130878,311327.21448183054
54145.072960410806,311327.3126412971
54189.1870904139,311383.58561193943
54200.80123364928,311419.2720709613
54290.05076524191,311535.42328957154
54326.29074771062,311548.64156101434
54421.91716888973,311775.4585102115
54524.06767926898,311875.308281592
54537.97860366956,311965.94367463246
54542.008110029354,312009.28804031445
54544.27864837648,312218.19051037513
54573.496164151584,312316.13912635186
54576.84326052668,312391.3977838755
54591.967002170415,312398.1588094745
54633.380156040206,312538.8195172547
54681.00758389065,312622.7833037716
54785.19722410613,312852.7652801446
54799.171184420586,313053.20056500606
54835.20287769181,313110.60101036506
54938.36794503244,313262.80652952194
54959.0717987333,313319.8351630226
54959.65333309345,313744.8486529419
54988.68926526818,313750.69689624663
54995.34909929549,313926.6329570838
55066.892546968804,313946.65459167963
55166.42266062328,314090.2910491569
55199.31532250133,314202.33059116773
55214.11893480164,314217.9420787862
55219.088123559945,314230.7586421968
55276.05944579836,314358.88242953154
55344.08677540504,314366.7617002044
55359.55342810499,314379.4080152767
55385.130969149715,314569.2383730411
55389.11555746626,314672.99403585703
55393.22292920523,314803.980798236
55453.32237778391,314830.0514927421
55453.398277793596,314907.41608872585
55490.086335820815,314913.5085986257
55521.62902207889,314965.3836823021
55521.62902207889,314983.43224399426
55534.174405200145,315280.35535051144
55600.3719679032,315361.65376750054
55602.83693678038,315384.5091651508
55773.7258875711,315506.41191118094
55906.456806182854,315553.7678306273
55972.194311823165,315616.3151176913
55992.88248324394,315621.46918666374
56009.553988346015,315699.3574354649
56066.582387379225,315748.6858680419
56161.404485430045,315958.4991467339
56201.88161204543,316084.8494104149
56227.970245020806,316150.8100393158
56311.93124519076,316238.1867569345
56391.167421528284,316416.5200903076
56403.15042812489,316484.3961904049
56462.00959130696,316555.1833133101
56547.972017833185,316874.1091206074
56576.2294004985,316917.3022671257
56604.794350011005,316981.37581201957
56626.82866876466,317085.4773839201
56685.24450658899,317775.38281955034
56692.67757521356,317802.58629429346
56760.90654063227,317887.0968121033
56818.628622923585,318056.40400047816
56920.03258950372,318459.8426707131
56991.570349182395,318528.2248276642
56998.13286493506,318622.23230969056
57039.850947397106,318684.52382489614
57099.457329230674,318715.6762452977
57157.70153009889,318719.11806866096
57213.12754341534,318818.37963371613
57226.474097899016,318885.34691180504
57296.35585880269,318984.2943333218
57425.31800494876,319011.92083081166
57728.161443131314,319151.2269476226
57829.032676833005,319370.37907482043
57850.26910890853,319389.6227528709
57904.876171827316,319398.5005368677
57993.619690690706,319442.3400411946
57997.07845217845,319787.77316573693
58002.85390244208,319893.7797848838
58023.29832128119,320241.4914860385
58024.04539770739,320259.7977344479
58030.936718906654,320310.9943359409
58042.82983807155,320458.92341163324
58132.551062635015,320549.12526267767
58153.29671817166,320605.44679149566
58175.33688970975,320960.7532122305
58187.74817282815,321058.8032786846
58219.23721105712,321194.36359174765
58285.15253005708,321197.5491662876
58285.96036301341,321315.07977836486
58317.003726346156,321586.77000119863
58380.237290161014,321611.086619641
58381.09578752517,321622.45721588796
58386.385635444094,321895.3219935042
58398.42652525222,321995.57420481974
58536.34845842634,322000.5709668738
58536.47363445588,322095.85282051563
58588.0,322304.1983596427
58662.049299751,322391.4850502183
58735.38688605174,322414.5971168706
58812.3540472644,322597.12218875537
58960.91730395387,322615.9291459492
58961.33986725127,322628.79836014344
59057.170762913585,322838.3578473159
59098.197775023335,322949.45087991445
59177.65893564903,323033.0433434248
59217.61899035319,323059.3098479508
59307.46218476977,323076.2978385432
59320.6912338393,323184.03964453074
59407.382994379295,323265.9258309433
59408.80511527402,323356.88055624283
59439.680014542166,323409.432341482
59479.199137483316,323441.19473390916
59487.26794840605,323465.67463973595
59520.02659375327,323492.46198366396
59651.67173354965,323581.5751544918
59654.27419921331,323651.1438310317
59679.631846308715,323927.18595969677
59781.70270776747,324018.1150184699
59802.863098893846,324229.1218188746
59876.5397172996,324229.820384264
59922.88431705751,324346.7155564682
59935.81162241527,324542.64161120146
59941.84115576736,324563.5391370143
59953.1859132903,324908.8775195396
59973.74352192882,325001.87381487235
59998.26231895174,325011.89482436853
60085.954735832565,325048.40746212006
60150.52825920923,325196.99698092265
60177.11131157195,325320.9976068394
60181.304671185346,325404.64134459826
60263.23365701946,325461.8219444071
60363.51565148148,325718.1336911832
60470.24671429398,325736.0493444119
60494.16994469506,325843.7559762513
60540.66834245409,326024.92548250296
60543.66328746932,326469.000676717
60651.04249455248,326622.0893417257
60726.015133721485,326645.29509993107
60728.20753216741,326678.4983907341
60778.12094279699,326849.02789313433
60896.471613339,326850.5314454351
60984.58496904371,326927.2181071214
61025.92051030909,326991.9480802587
61031.69361165593,327026.85967256344
61050.206591844566,327376.7888223102
61083.821495550015,327477.90251118806
61087.065088765994,327545.7033968482
61102.606202159615,327572.26432900777
61179.77696480921,327600.40201706544
61203.206576142984,327641.9085769993
61288.423956326085,327712.20672585274
61338.00193669116,327779.3143408469
61486.59157873904,327886.7417789528
61560.51308206148,328139.7915867224
61638.47056232178,328491.0136765242
61648.08313944508,328522.9003694908
61652.644230502,328553.26975144655
61818.28580755847,328587.4622271657
61865.04573828836,328595.18651648937
61881.69596147536,328612.10465969366
62041.481495278196,329195.39238268987
62087.81708254134,329253.02474096837
62118.29511267797,329304.1959114246
62136.501270021705,329412.4258303812
62157.839412621084,329754.4395009706
62158.53007226334,329810.0691471612
62163.96718794959,329977.38762295246
62175.166374155466,330270.6320024217
62208.41061859472,330420.25676677906
62280.20013473718,330660.6165332112
62282.311090826974,330765.7502828155
62291.22016048433,331133.30997899594
62340.38189525266,331266.63509288855
62464.34226601465,331272.6254083088
62521.21570999282,331300.6710129125
62522.62785453451,331499.362902437
62533.93034272536,331636.913069691
62618.487642424465,331647.9095658914
62679.49247886457,331659.5974427546
62860.35534528325,331869.82204972
62872.0001192604,331886.7643466677
62945.3012442589,331939.160795314
63072.03535955292,332242.73887178744
63095.89895415306,332456.6105734791
63237.09575710978,332489.06219853665
63237.09575710978,332573.79363630497
63382.898165430335,332635.8442897372
63561.83793674196,332663.22573207103
63567.403902292295,332753.607027701
63579.18023804258,333099.99409896985
63669.49018784932,333103.1149675676
63717.91536310743,333122.22849433764
63735.701637114806,333172.318092244
63767.28211815021,333173.55260753626
63891.33501516073,333237.33912423684
63900.9984998022,333530.3811340076
63936.84148236686,333557.32196845324
63989.608229773396,333573.19355621515
64030.96424167494,333676.540287154
64047.38003383363,333695.5890921865
64080.341787576675,334021.53206166194
64187.415267944336,334053.8316080059
64203.32934754236,334431.40037991316
64263.59612228188,335493.7875574061
64287.00965772356,335679.60924742057
64365.44626944408,335729.1152982371
64425.66518935135,335968.08069724694
64461.840125356386,336137.56162302825
64498.47002719129,336208.24757768435
64510.562293972194,336310.2973567076
64569.844301666526,336390.25781832426
64572.11179978507,336422.4905360256
64624.735519230366,336540.170115573
64709.833967873004,337026.31362508016
64852.301796947235,337037.0552881275
65073.66360535791,337138.2326671396
65178.57339522663,337147.26342951396
65186.79453713556,337190.249420762
65331.88430261611,337239.1330393895
65380.768740177155,337331.7010040453
65414.36611621719,337355.52621894237
65449.53101888728,337448.68096283503
65495.89948913029,337643.63850674464
65617.39655997074,337700.73229694366
65632.27066571372,337806.2470663786
65655.17779125486,337904.2674202748
65683.19342497415,337927.53829697194
65704.10773444176,338671.6620481099
65722.85211365562,338684.0057737997
65739.7779391834,338696.8950630512
65771.75648294178,338750.64791089296
65828.11970416136,339192.1706917286
65832.61042567661,339317.9539531299
65933.54827703751,339402.52683881356
65970.07549682686,339713.4973330839
66002.93181143486,339823.3939432927
66175.28945282527,340353.7989018815
66187.86398422722,340508.9240797247
66244.79227729354,340859.0903388603
66314.39703450882,341100.69492261746
66362.11199705943,341106.0382961886
66398.63387434815,341398.12642312044
66419.7167775291,341456.05384155683
66426.50539483345,341680.25390814024
66542.74555724006,342301.9222664492
66670.46581063952,342446.09774844977
66670.46581063952,342906.06720265304
66756.46446187155,342981.61128927965
66759.05784072194,343022.70485446276
66770.17906216216,343320.1526169948
66839.05834892823,343375.82056777825
66923.28740957804,343429.2621833342
66926.80295184674,343950.89832290576
67046.63581521169,344005.34295228554
67158.69275757245,344353.0376036337
67176.22779430661,344468.1119876419
67472.06766717772,344501.2292832647
67811.41361876899,344616.31800346717
67906.01360940933,344637.7906734261
67943.56784425463,345101.20797533647
68041.80386803832,345182.25043319806
68112.10104147026,345189.5589189189
68202.56061489238,345223.491575854
68368.68651029043,345368.1731933696
68401.90177457675,345380.1843474083
68573.63984944137,345554.3900184632
68586.93919314654,345920.2283115216
68936.26463099886,346222.49326290406
68954.13477979388,346987.5510142531
68974.58813854626,347184.31601117336
69109.02522735935,347454.2423863497
69159.30016323496,347597.1492629732
69272.79661566878,347741.0829553774
69366.7161610808,347882.7445233719
69453.48141033309,347891.44032694615
69623.81144046786,347979.63719385007
69677.97016865869,348120.9473055601
69758.82685787336,348280.72300403455
69881.54960702999,348775.3915309225
70263.46037943022,348957.94833360397
70325.75274562836,349214.0832647257
70379.3648300512,349491.7697833606
70517.86937972478,349682.67726142064
70556.8564477137,349865.10781390313
70572.02695969172,350333.6297484296
70814.55129659177,350942.1076951538
70904.00202505928,351288.3607108763
70957.54062243871,351382.0432919094
71041.7511536394,351484.4643996443
71063.04549619133,351596.19357688085
71244.64995465963,352014.8518632821
71247.38090401037,352267.31945994927
71453.98057506766,352596.89506454143
71693.26971789765,352869.4177969693
71869.47996125903,353143.8906609843
71882.70492053029,353709.72500953503
71947.86301304611,353865.81939356675
72204.9034535544,354068.21094221727
72275.39386997905,354104.2755827223
72538.23718684058,354123.4321392945
72877.34110675538,355438.8993796791
73349.2432802745,355631.4067145587
73476.66102208407,355638.501802734
73866.56813052722,355738.586933681
73867.33281128747,355966.17648177495
73900.1887337821,356409.52818562306
74047.61547497343,356416.360191822
74050.57756141256,356568.0731025422
74247.50533562047,356767.0262203302
74294.06900862287,356903.3005466376
74465.1534734198,357027.4440305829
74492.7306429318,357132.01332713873
74493.37167789253,357346.3520863482
74718.71109613351,357542.66626046377
75171.73732859749,357612.1447688852
75568.83853554726,357876.06270205963
75627.56469235249,357924.13519293076
75713.59303467612,357950.35365251143
75714.95321471352,357976.63921413245
75842.54769631794,357982.73888635635
75931.75385328701,358249.14049378457
75994.82358644689,358778.852927804
76095.05505193984,358864.0806147031
76105.29389803749,358885.2689656531
76185.19103214568,359194.0868747574
76201.2257572753,359220.4822349377
76433.44234599386,359487.1773894174
76501.37724821056,359883.5826686792
76523.43868950434,360094.8716413804
76881.49027129583,360167.8214329651
76887.38413546763,360579.23886916466
76891.23683289118,360784.8342927949
76913.22015230986,360785.99407018936
77262.75331868445,360870.19898752647
77279.59828424455,360906.1640084641
77406.81283637456,361477.0440210275
77421.343923194,362284.07813454536
78925.19215750693,362789.7011565395
78945.5796998739,362794.8393238273
79212.2974677767,363072.6733284168
79766.4254856365,363425.3747788328
80077.71521152765,363538.8240425503
80304.05794872557,363803.0386807407
80306.46815461773,363851.2938651187
80420.18700494085,363889.27376050607
80490.65967267752,364071.66823576187
80555.01291735686,364544.9114329985
80639.43091174535,364764.962941306
80651.54234024459,365022.4622693062
80939.07458972928,365334.76625359047
81215.80545834132,365448.3528018679
81318.09478637148,365644.9270069174
81443.46589156559,366352.23005987925
81737.94152988707,366354.86869820533
81840.0961106505,366822.9539479527
81865.17970063003,367397.1070112161
82023.45666323387,367643.3812058653
82078.23040771483,368046.1884490933
82346.85185039043,368579.87159737514
82557.67596435545,368597.75437763747
82722.8676226821,368737.4333121776
83097.15293876611,368853.22120887885
83201.23410894189,368893.1199996982
83230.2334723132,369084.24488938705
83380.9701701062,371095.66241843347
83976.47841823102,371106.4386498248
84345.0,371521.4496068018
84557.57604564083,372266.83569095825
84592.93899750707,372325.8628269094
84843.81128842487,372369.97443911014
84976.07474728144,372750.15419839113
85332.81507120808,372787.1992962104
85381.4613953488,372822.6379446131
86796.4095878601,373437.70672896935
86871.61547497343,373500.90167168214
87027.49117313113,374382.26679107104
87198.17125252316,374630.3058691962
87252.28081917763,374636.97022770136
87340.02329652652,375011.0868072339
87435.36178711483,375735.5676598038
87477.81890585594,375825.9792269808
87511.47152294431,376481.69908828393
87636.61574765608,376565.09695269377
87721.03475339075,377459.83025709225
88340.1183667864,378019.1114744119
89321.38406264783,378298.1682067768
89787.11710837911,378595.6747521674
89833.33551914353,379433.92929862224
90113.18756622927,379560.0396270412
90177.57413101196,379842.8526941026
90645.52585860658,379975.96711070195
91019.94815444943,380198.28421718744
91036.22558423452,380437.11847507954
91140.92550575735,380633.363355347
91258.25404382603,380909.8964243531
91367.42808318138,380925.1263234105
92504.45531473841,380973.64324193343
92660.26292991638,381418.5225886446
92767.41467637675,381627.02965695533
93231.93902254108,382594.4922182135
93330.99570843155,383560.5294679657
93461.4909547397,383650.4748981339
93830.76754633016,384004.50666173856
93880.14370533395,384153.82377896993
94421.54436850545,384553.1020137243
94796.22132951872,384788.87561291456
94973.6217866625,384811.49502979004
95932.80095693043,385311.89460759505
95969.58134841919,385498.80198230065
96121.69773590565,385834.838654748
96240.74033330168,386239.3522249119
96346.38564133647,387198.4760810987
96999.7134687049,387561.5325985976
97141.83127505438,388313.4039905071
99583.6137880768,390625.086996649
100069.0,390794.6720586674
100069.0,391947.91147782124
100069.0,392444.54185433034
100069.0,392622.5536618914
100069.0,394481.94979578257
100119.38827191081,394688.85738030495
100986.44854555812,395272.8212632281
101041.1978055068,398981.60714919225
101137.91297728673,399623.6703324488
101893.5601728303,400204.97924201825
102486.58987186637,401250.45831441035
102835.08055433206,402170.37901038793
102921.51214027405,402910.7534697737
103694.68798208237,405655.7289050988
103935.8473795823,408116.598285394
104991.25309862409,409545.06107998744
105350.25586237223,409952.5492092542
106324.37775043928,410185.71073406085
106400.62071715081,410579.9273090533
107519.83917576923,410980.81035396043
108441.0916045734,414555.4887174198
108841.60255837439,417476.7448022536
110228.86092160424,418907.79649943963
110699.0972590787,420499.57346770586
112164.03581741024,420538.35887650074
112315.40647482872,422108.30087205337
112388.11566117831,422118.4378297159
112501.43698951171,423587.0340042626
114838.3950578485,423851.8743852377
115240.52127940317,424528.5253531592
118746.60074572054,424596.9892002004
118870.92831938605,426782.7553397928
119820.54763170645,429026.20477061614
120345.77732471062,431700.3934075492
122150.56941781724,432649.28676877706
124002.65427445514,434180.7406851564
125789.52607873507,439334.42991694395
129351.34039865219,447668.24151342246
131987.66848492622,459062.4281890647
132135.87834404196,466232.529848831
135073.42843260086,468081.2727896656
137155.55768232688,473851.1388687405
154540.09876976692,503661.5395657164
164726.4200287887,518873.97309914645
171790.61919631273,521133.5521273953
